step,tconv,GP2_s1_dCL,GP2_s1_dCD,GP2_s1_dCMz,GP2_s1_dCDp,GP2_s1_dCDv,GP2_s2_dCL,GP2_s2_dCD,GP2_s2_dCMz,GP2_s2_dCDp,GP2_s2_dCDv,NN2_s1_dCL,NN2_s1_dCD,NN2_s1_dCMz,NN2_s1_dCDp,NN2_s1_dCDv,NN2_s2_dCL,NN2_s2_dCD,NN2_s2_dCMz,NN2_s2_dCDp,NN2_s2_dCDv
2,2.000000000000e-04,0.000000000000e+00,0.000000000000e+00,0.000000000000e+00,0.000000000000e+00,0.000000000000e+00,0.000000000000e+00,0.000000000000e+00,0.000000000000e+00,0.000000000000e+00,0.000000000000e+00,0.000000000000e+00,0.000000000000e+00,0.000000000000e+00,0.000000000000e+00,0.000000000000e+00,0.000000000000e+00,0.000000000000e+00,0.000000000000e+00,0.000000000000e+00,0.000000000000e+00
3,3.000000000000e-04,0.000000000000e+00,0.000000000000e+00,0.000000000000e+00,0.000000000000e+00,0.000000000000e+00,0.000000000000e+00,0.000000000000e+00,0.000000000000e+00,0.000000000000e+00,0.000000000000e+00,0.000000000000e+00,0.000000000000e+00,0.000000000000e+00,0.000000000000e+00,0.000000000000e+00,0.000000000000e+00,0.000000000000e+00,0.000000000000e+00,0.000000000000e+00,0.000000000000e+00
4,4.000000000000e-04,0.000000000000e+00,0.000000000000e+00,0.000000000000e+00,0.000000000000e+00,0.000000000000e+00,0.000000000000e+00,0.000000000000e+00,0.000000000000e+00,0.000000000000e+00,0.000000000000e+00,0.000000000000e+00,0.000000000000e+00,0.000000000000e+00,0.000000000000e+00,0.000000000000e+00,0.000000000000e+00,0.000000000000e+00,0.000000000000e+00,0.000000000000e+00,0.000000000000e+00
5,5.000000000000e-04,0.000000000000e+00,0.000000000000e+00,0.000000000000e+00,0.000000000000e+00,0.000000000000e+00,0.000000000000e+00,0.000000000000e+00,0.000000000000e+00,0.000000000000e+00,0.000000000000e+00,0.000000000000e+00,0.000000000000e+00,0.000000000000e+00,0.000000000000e+00,0.000000000000e+00,0.000000000000e+00,0.000000000000e+00,0.000000000000e+00,0.000000000000e+00,0.000000000000e+00
6,6.000000000000e-04,0.000000000000e+00,0.000000000000e+00,0.000000000000e+00,0.000000000000e+00,0.000000000000e+00,0.000000000000e+00,0.000000000000e+00,0.000000000000e+00,0.000000000000e+00,0.000000000000e+00,0.000000000000e+00,0.000000000000e+00,0.000000000000e+00,0.000000000000e+00,0.000000000000e+00,0.000000000000e+00,0.000000000000e+00,0.000000000000e+00,0.000000000000e+00,0.000000000000e+00
7,7.000000000000e-04,0.000000000000e+00,0.000000000000e+00,0.000000000000e+00,0.000000000000e+00,0.000000000000e+00,0.000000000000e+00,0.000000000000e+00,0.000000000000e+00,0.000000000000e+00,0.000000000000e+00,0.000000000000e+00,0.000000000000e+00,0.000000000000e+00,0.000000000000e+00,0.000000000000e+00,0.000000000000e+00,0.000000000000e+00,0.000000000000e+00,0.000000000000e+00,0.000000000000e+00
8,8.000000000000e-04,0.000000000000e+00,0.000000000000e+00,0.000000000000e+00,0.000000000000e+00,0.000000000000e+00,0.000000000000e+00,0.000000000000e+00,0.000000000000e+00,0.000000000000e+00,0.000000000000e+00,0.000000000000e+00,0.000000000000e+00,0.000000000000e+00,0.000000000000e+00,0.000000000000e+00,0.000000000000e+00,0.000000000000e+00,0.000000000000e+00,0.000000000000e+00,0.000000000000e+00
9,9.000000000000e-04,0.000000000000e+00,0.000000000000e+00,0.000000000000e+00,0.000000000000e+00,0.000000000000e+00,0.000000000000e+00,0.000000000000e+00,0.000000000000e+00,0.000000000000e+00,0.000000000000e+00,0.000000000000e+00,0.000000000000e+00,0.000000000000e+00,0.000000000000e+00,0.000000000000e+00,0.000000000000e+00,0.000000000000e+00,0.000000000000e+00,0.000000000000e+00,0.000000000000e+00
10,1.000000000000e-03,1.768330000000e-05,3.097857000000e-05,2.099022000000e-05,3.092500000000e-05,5.453500000000e-08,3.124560000000e-05,3.368682000000e-05,5.144342000000e-05,3.368700000000e-05,3.126200000000e-09,1.687360000000e-05,3.242154000000e-05,2.081759000000e-05,3.236900000000e-05,5.401200000000e-08,3.338940000000e-05,3.471537000000e-05,5.842692000000e-05,3.471700000000e-05,1.541800000000e-09
11,1.100000000000e-03,2.852310000000e-05,4.777336000000e-05,2.423167000000e-05,4.767500000000e-05,1.005100000000e-07,1.021902000000e-04,5.445927000000e-05,7.655323000000e-05,5.443600000000e-05,2.866600000000e-08,3.127820000000e-05,4.913671000000e-05,2.441209000000e-05,4.903800000000e-05,1.012800000000e-07,9.902470000000e-05,5.384746000000e-05,7.748862000000e-05,5.382500000000e-05,2.768300000000e-08
12,1.200000000000e-03,1.642510000000e-05,4.347602000000e-05,-3.820393000000e-07,4.335700000000e-05,1.210300000000e-07,1.225889000000e-04,5.701979000000e-05,6.361664000000e-05,5.698700000000e-05,3.791800000000e-08,1.705810000000e-05,4.322750000000e-05,-6.652151000000e-07,4.310700000000e-05,1.228600000000e-07,1.236385000000e-04,5.646119000000e-05,6.266676000000e-05,5.643100000000e-05,3.622000000000e-08
13,1.300000000000e-03,1.436350000000e-05,3.523463000000e-05,-1.792169000000e-05,3.513000000000e-05,1.065600000000e-07,1.238193000000e-04,5.098752000000e-05,4.838357000000e-05,5.098000000000e-05,1.185200000000e-08,1.560820000000e-05,3.487735000000e-05,-1.680854000000e-05,3.477200000000e-05,1.072600000000e-07,1.300077000000e-04,5.220574000000e-05,4.899178000000e-05,5.220100000000e-05,9.672800000000e-09
14,1.400000000000e-03,2.284640000000e-05,3.126558000000e-05,-1.313541000000e-05,3.119700000000e-05,6.959000000000e-08,1.298174000000e-04,4.591498000000e-05,5.078381000000e-05,4.596300000000e-05,-4.417800000000e-08,2.733010000000e-05,3.152837000000e-05,-1.138084000000e-05,3.146000000000e-05,7.033800000000e-08,1.348535000000e-04,4.758461000000e-05,5.176271000000e-05,4.763600000000e-05,-4.633000000000e-08
15,1.500000000000e-03,2.799440000000e-05,3.177086000000e-05,-2.967319000000e-06,3.173700000000e-05,3.566900000000e-08,1.377747000000e-04,4.589984000000e-05,5.786593000000e-05,4.603900000000e-05,-1.357900000000e-07,3.445010000000e-05,3.250510000000e-05,-1.345509000000e-06,3.247100000000e-05,3.625900000000e-08,1.370133000000e-04,4.620913000000e-05,5.715563000000e-05,4.635000000000e-05,-1.362400000000e-07
16,1.600000000000e-03,3.018830000000e-05,3.472501000000e-05,2.376437000000e-06,3.472500000000e-05,1.570900000000e-09,1.426397000000e-04,4.982204000000e-05,6.116484000000e-05,5.004400000000e-05,-2.195700000000e-07,3.527570000000e-05,3.537855000000e-05,3.692974000000e-06,3.537600000000e-05,3.540500000000e-09,1.369599000000e-04,4.841662000000e-05,5.854126000000e-05,4.863900000000e-05,-2.189900000000e-07
17,1.700000000000e-03,2.955000000000e-05,3.807090000000e-05,1.002579000000e-06,3.809800000000e-05,-2.548400000000e-08,1.471305000000e-04,5.353891000000e-05,5.165383000000e-05,5.383900000000e-05,-2.985500000000e-07,3.052980000000e-05,3.793264000000e-05,1.558682000000e-06,3.795600000000e-05,-2.196700000000e-08,1.404537000000e-04,5.152048000000e-05,4.856369000000e-05,5.182000000000e-05,-2.966600000000e-07
18,1.800000000000e-03,3.634300000000e-05,4.102956000000e-05,2.219640000000e-06,4.107800000000e-05,-4.671900000000e-08,1.423527000000e-04,5.627793000000e-05,4.295329000000e-05,5.663300000000e-05,-3.535000000000e-07,3.422800000000e-05,3.999661000000e-05,1.717631000000e-06,4.004000000000e-05,-4.203200000000e-08,1.388497000000e-04,5.505311000000e-05,4.094782000000e-05,5.540600000000e-05,-3.502600000000e-07
19,1.900000000000e-03,5.488910000000e-05,4.346286000000e-05,1.176638000000e-05,4.353100000000e-05,-6.711700000000e-08,1.188824000000e-04,5.572389000000e-05,2.759766000000e-05,5.613100000000e-05,-4.065900000000e-07,5.222210000000e-05,4.214468000000e-05,1.067383000000e-05,4.221500000000e-05,-6.872000000000e-08,1.209380000000e-04,5.585232000000e-05,2.731758000000e-05,5.625600000000e-05,-4.019200000000e-07
20,2.000000000000e-03,2.288502000000e-04,5.287288000000e-05,9.714619000000e-05,5.296500000000e-05,-1.013600000000e-07,3.065590000000e-05,4.347418000000e-05,-4.496283000000e-05,4.393200000000e-05,-4.572000000000e-07,2.149245000000e-04,5.214453000000e-05,9.788367000000e-05,5.223200000000e-05,-9.764100000000e-08,1.752630000000e-05,4.526465000000e-05,-5.865452000000e-05,4.570800000000e-05,-4.414100000000e-07
21,2.100000000000e-03,3.938667000000e-04,6.924281000000e-05,1.803009000000e-04,6.930300000000e-05,-7.520600000000e-08,-3.306010000000e-05,4.474846000000e-05,-5.210834000000e-05,4.527200000000e-05,-5.242600000000e-07,3.779600000000e-04,6.609979000000e-05,1.778014000000e-04,6.614300000000e-05,-5.832900000000e-08,-3.503920000000e-05,4.586111000000e-05,-5.724868000000e-05,4.636400000000e-05,-5.036200000000e-07
22,2.200000000000e-03,4.693982000000e-04,8.137303000000e-05,2.056693000000e-04,8.137700000000e-05,-1.970900000000e-08,-8.103480000000e-05,4.043638000000e-05,-5.296783000000e-05,4.101900000000e-05,-5.851600000000e-07,4.585608000000e-04,8.069207000000e-05,2.036223000000e-04,8.066900000000e-05,7.321800000000e-09,-8.126660000000e-05,4.037202000000e-05,-5.264332000000e-05,4.092900000000e-05,-5.582000000000e-07
23,2.300000000000e-03,5.058511000000e-04,9.415777000000e-05,2.046493000000e-04,9.407400000000e-05,6.969900000000e-08,-1.053670000000e-04,4.087564000000e-05,-5.601686000000e-05,4.150000000000e-05,-6.254500000000e-07,5.104978000000e-04,9.828167000000e-05,2.064094000000e-04,9.816500000000e-05,1.029200000000e-07,-1.133784000000e-04,3.747935000000e-05,-5.564161000000e-05,3.807100000000e-05,-5.929600000000e-07
24,2.400000000000e-03,4.751803000000e-04,9.677065000000e-05,1.678864000000e-04,9.657200000000e-05,1.849200000000e-07,-1.397930000000e-04,3.933655000000e-05,-6.687871000000e-05,3.997900000000e-05,-6.440000000000e-07,4.884305000000e-04,1.019372000000e-04,1.723656000000e-04,1.016900000000e-04,2.330300000000e-07,-1.490142000000e-04,3.520811000000e-05,-6.779144000000e-05,3.581900000000e-05,-6.121600000000e-07
25,2.500000000000e-03,4.115252000000e-04,9.131438000000e-05,1.259494000000e-04,9.099900000000e-05,3.002100000000e-07,-1.672751000000e-04,3.744481000000e-05,-7.604155000000e-05,3.811500000000e-05,-6.717300000000e-07,4.277617000000e-04,9.528288000000e-05,1.298744000000e-04,9.493600000000e-05,3.317200000000e-07,-1.734403000000e-04,3.613479000000e-05,-7.627878000000e-05,3.677800000000e-05,-6.440800000000e-07
26,2.600000000000e-03,3.222949000000e-04,7.785338000000e-05,8.468807000000e-05,7.744300000000e-05,3.951600000000e-07,-1.647694000000e-04,3.706907000000e-05,-6.858483000000e-05,3.780000000000e-05,-7.324500000000e-07,3.327470000000e-04,8.087727000000e-05,8.706803000000e-05,8.043700000000e-05,4.257600000000e-07,-1.638529000000e-04,4.024136000000e-05,-6.696834000000e-05,4.095500000000e-05,-7.138600000000e-07
27,2.700000000000e-03,2.691856000000e-04,7.007010000000e-05,7.584724000000e-05,6.958100000000e-05,4.762200000000e-07,-1.205596000000e-04,4.141703000000e-05,-3.757444000000e-05,4.223700000000e-05,-8.189700000000e-07,2.786917000000e-04,7.429132000000e-05,7.734046000000e-05,7.377600000000e-05,5.014600000000e-07,-1.135558000000e-04,4.742200000000e-05,-3.429566000000e-05,4.823700000000e-05,-8.146400000000e-07
28,2.800000000000e-03,2.770451000000e-04,7.220178000000e-05,9.158913000000e-05,7.165500000000e-05,5.328100000000e-07,-4.297180000000e-05,5.043265000000e-05,5.439755000000e-06,5.137700000000e-05,-9.434100000000e-07,2.852001000000e-04,7.601246000000e-05,9.252178000000e-05,7.543000000000e-05,5.700100000000e-07,-3.267710000000e-05,5.575790000000e-05,9.240634000000e-06,5.671100000000e-05,-9.517200000000e-07
29,2.900000000000e-03,3.246820000000e-04,7.878617000000e-05,1.166943000000e-04,7.819900000000e-05,5.742600000000e-07,4.179310000000e-05,6.081427000000e-05,4.690134000000e-05,6.187300000000e-05,-1.058000000000e-06,3.278177000000e-04,8.025043000000e-05,1.164796000000e-04,7.964100000000e-05,5.966800000000e-07,5.223200000000e-05,6.328741000000e-05,4.983957000000e-05,6.435800000000e-05,-1.069500000000e-06
30,3.000000000000e-03,2.694073000000e-04,7.148363000000e-05,1.156256000000e-04,7.100000000000e-05,4.864600000000e-07,8.119440000000e-05,6.320394000000e-05,5.559798000000e-05,6.454500000000e-05,-1.338100000000e-06,2.541380000000e-04,7.115474000000e-05,1.103389000000e-04,7.067400000000e-05,4.841300000000e-07,7.959740000000e-05,5.747170000000e-05,5.412018000000e-05,5.883000000000e-05,-1.355100000000e-06
31,3.100000000000e-03,2.380780000000e-04,8.115421000000e-05,1.071839000000e-04,8.076300000000e-05,3.973700000000e-07,1.182239000000e-04,7.528334000000e-05,4.752071000000e-05,7.685500000000e-05,-1.567400000000e-06,2.289552000000e-04,7.884362000000e-05,1.008553000000e-04,7.847500000000e-05,3.743800000000e-07,1.224457000000e-04,7.185103000000e-05,4.554606000000e-05,7.344400000000e-05,-1.588900000000e-06
32,3.200000000000e-03,2.091674000000e-04,8.105100000000e-05,9.670526000000e-05,8.077300000000e-05,2.852900000000e-07,1.046215000000e-04,7.585859000000e-05,2.864511000000e-05,7.756300000000e-05,-1.699300000000e-06,2.188822000000e-04,7.944259000000e-05,1.036220000000e-04,7.919900000000e-05,2.506100000000e-07,1.186943000000e-04,7.671137000000e-05,3.038605000000e-05,7.843800000000e-05,-1.721800000000e-06
33,3.300000000000e-03,2.518612000000e-04,8.421980000000e-05,1.105974000000e-04,8.404000000000e-05,1.863600000000e-07,8.341040000000e-05,7.259363000000e-05,1.325807000000e-05,7.437800000000e-05,-1.780200000000e-06,2.625455000000e-04,8.289225000000e-05,1.232071000000e-04,8.275500000000e-05,1.438500000000e-07,9.638550000000e-05,7.779631000000e-05,1.575732000000e-05,7.962200000000e-05,-1.821000000000e-06
34,3.400000000000e-03,3.111924000000e-04,8.719520000000e-05,1.418523000000e-04,8.709400000000e-05,1.079300000000e-07,5.067720000000e-05,6.669750000000e-05,-8.097413000000e-07,6.852600000000e-05,-1.824200000000e-06,3.206308000000e-04,8.743861000000e-05,1.515286000000e-04,8.738200000000e-05,6.222000000000e-08,5.925030000000e-05,7.414284000000e-05,-1.498461000000e-07,7.600200000000e-05,-1.855100000000e-06
35,3.500000000000e-03,3.729607000000e-04,9.527420000000e-05,1.840831000000e-04,9.523400000000e-05,4.721600000000e-08,2.180500000000e-06,6.077465000000e-05,-2.112744000000e-05,6.260400000000e-05,-1.825100000000e-06,3.769419000000e-04,9.716504000000e-05,1.849799000000e-04,9.716800000000e-05,3.665600000000e-09,2.287600000000e-06,6.435624000000e-05,-2.134493000000e-05,6.621200000000e-05,-1.850900000000e-06
36,3.600000000000e-03,4.275309000000e-04,1.049684000000e-04,2.126370000000e-04,1.049700000000e-04,6.397700000000e-09,-5.236480000000e-05,5.383212000000e-05,-4.587090000000e-05,5.562100000000e-05,-1.783600000000e-06,4.217413000000e-04,1.071033000000e-04,2.060652000000e-04,1.071600000000e-04,-5.304200000000e-08,-5.660640000000e-05,5.254787000000e-05,-4.443323000000e-05,5.436000000000e-05,-1.808300000000e-06
37,3.700000000000e-03,4.526582000000e-04,1.097616000000e-04,2.106369000000e-04,1.097900000000e-04,-2.303400000000e-08,-1.144665000000e-04,4.574288000000e-05,-7.660073000000e-05,4.744600000000e-05,-1.699300000000e-06,4.358164000000e-04,1.106246000000e-04,1.999425000000e-04,1.107200000000e-04,-8.473000000000e-08,-1.124239000000e-04,4.235347000000e-05,-7.035190000000e-05,4.406900000000e-05,-1.710600000000e-06
38,3.800000000000e-03,4.300272000000e-04,1.066702000000e-04,1.785170000000e-04,1.067100000000e-04,-3.411200000000e-08,-1.830588000000e-04,3.668565000000e-05,-1.108755000000e-04,3.825500000000e-05,-1.564100000000e-06,3.987658000000e-04,1.044843000000e-04,1.626371000000e-04,1.045900000000e-04,-9.910000000000e-08,-1.806612000000e-04,3.330373000000e-05,-1.039084000000e-04,3.478000000000e-05,-1.472300000000e-06
39,3.900000000000e-03,3.610404000000e-04,9.577477000000e-05,1.298481000000e-04,9.578600000000e-05,-4.964500000000e-09,-2.418836000000e-04,3.028622000000e-05,-1.386542000000e-04,3.160700000000e-05,-1.316500000000e-06,3.142696000000e-04,8.974231000000e-05,1.098433000000e-04,8.982600000000e-05,-7.847200000000e-08,-2.418238000000e-04,2.744947000000e-05,-1.326465000000e-04,2.866300000000e-05,-1.210000000000e-06
40,4.000000000000e-03,2.704695000000e-04,7.864156000000e-05,6.623905000000e-05,7.848600000000e-05,1.566500000000e-07,-2.321376000000e-04,2.980293000000e-05,-8.706837000000e-05,3.067800000000e-05,-8.750200000000e-07,2.432342000000e-04,7.553745000000e-05,6.184890000000e-05,7.546200000000e-05,7.679500000000e-08,-2.310874000000e-04,3.144309000000e-05,-8.210620000000e-05,3.220800000000e-05,-7.650000000000e-07
41,4.100000000000e-03,2.143212000000e-04,7.795048000000e-05,6.926822000000e-05,7.754500000000e-05,4.056300000000e-07,-1.440615000000e-04,3.955577000000e-05,-1.203207000000e-05,3.996200000000e-05,-4.064300000000e-07,1.772269000000e-04,7.522293000000e-05,5.961134000000e-05,7.488200000000e-05,3.412300000000e-07,-1.539611000000e-04,4.144633000000e-05,-1.241989000000e-05,4.174300000000e-05,-2.974600000000e-07
42,4.200000000000e-03,1.513058000000e-04,6.346135000000e-05,4.920531000000e-05,6.275600000000e-05,7.051800000000e-07,-1.058907000000e-04,4.270500000000e-05,1.901740000000e-05,4.266200000000e-05,4.351900000000e-08,1.329800000000e-04,6.246451000000e-05,4.768231000000e-05,6.180500000000e-05,6.590100000000e-07,-1.135216000000e-04,4.331091000000e-05,1.582107000000e-05,4.316100000000e-05,1.494600000000e-07
43,4.300000000000e-03,1.286771000000e-04,5.598388000000e-05,4.613315000000e-05,5.506600000000e-05,9.170500000000e-07,-6.605190000000e-05,4.767080000000e-05,3.200131000000e-05,4.721700000000e-05,4.546200000000e-07,1.377768000000e-04,5.813550000000e-05,5.322844000000e-05,5.724600000000e-05,8.890600000000e-07,-6.931080000000e-05,4.783778000000e-05,3.023624000000e-05,4.728100000000e-05,5.568700000000e-07
44,4.400000000000e-03,1.685573000000e-04,6.200633000000e-05,6.913613000000e-05,6.088900000000e-05,1.116600000000e-06,-1.545410000000e-05,5.924649000000e-05,5.749212000000e-05,5.847900000000e-05,7.689300000000e-07,1.952607000000e-04,6.643225000000e-05,8.097137000000e-05,6.535900000000e-05,1.072500000000e-06,-5.121000000000e-06,6.130094000000e-05,5.905194000000e-05,6.042200000000e-05,8.798700000000e-07
45,4.500000000000e-03,2.411145000000e-04,7.227905000000e-05,9.788501000000e-05,7.103100000000e-05,1.247500000000e-06,3.998200000000e-05,7.225618000000e-05,8.540036000000e-05,7.127100000000e-05,9.854500000000e-07,2.709980000000e-04,7.639968000000e-05,1.090509000000e-04,7.517600000000e-05,1.223900000000e-06,6.779420000000e-05,7.651425000000e-05,9.103006000000e-05,7.543100000000e-05,1.083400000000e-06
46,4.600000000000e-03,3.055058000000e-04,7.989033000000e-05,1.181812000000e-04,7.851100000000e-05,1.380000000000e-06,8.517000000000e-05,8.153167000000e-05,1.065938000000e-04,8.037300000000e-05,1.159600000000e-06,3.254933000000e-04,8.236976000000e-05,1.247480000000e-04,8.099200000000e-05,1.377700000000e-06,1.198056000000e-04,8.551227000000e-05,1.139939000000e-04,8.428200000000e-05,1.231000000000e-06
47,4.700000000000e-03,3.279138000000e-04,8.091247000000e-05,1.197558000000e-04,7.939300000000e-05,1.519200000000e-06,9.668310000000e-05,8.315655000000e-05,1.099295000000e-04,8.192200000000e-05,1.236300000000e-06,3.318033000000e-04,8.044801000000e-05,1.179245000000e-04,7.886200000000e-05,1.585500000000e-06,1.398250000000e-04,8.658873000000e-05,1.203848000000e-04,8.528000000000e-05,1.310600000000e-06
48,4.800000000000e-03,2.969523000000e-04,7.518952000000e-05,9.613934000000e-05,7.353400000000e-05,1.655300000000e-06,9.188900000000e-05,8.074595000000e-05,9.696607000000e-05,7.946500000000e-05,1.282600000000e-06,2.891383000000e-04,7.263842000000e-05,8.942658000000e-05,7.087700000000e-05,1.760900000000e-06,1.377160000000e-04,8.302952000000e-05,1.127225000000e-04,8.167700000000e-05,1.354300000000e-06
49,4.900000000000e-03,2.195558000000e-04,6.470798000000e-05,5.110415000000e-05,6.291100000000e-05,1.796900000000e-06,7.431690000000e-05,7.437621000000e-05,7.953881000000e-05,7.307500000000e-05,1.303000000000e-06,2.054974000000e-04,6.176780000000e-05,4.490892000000e-05,5.986700000000e-05,1.900500000000e-06,1.201692000000e-04,7.698968000000e-05,9.866304000000e-05,7.562000000000e-05,1.371100000000e-06
50,5.000000000000e-03,9.177210000000e-05,5.481459000000e-05,-3.749836000000e-05,5.264400000000e-05,2.164400000000e-06,-2.761520000000e-05,6.262367000000e-05,1.474583000000e-05,6.136200000000e-05,1.270400000000e-06,8.225010000000e-05,5.530865000000e-05,-4.177439000000e-05,5.302800000000e-05,2.274300000000e-06,1.379660000000e-05,6.532161000000e-05,3.155994000000e-05,6.399700000000e-05,1.331900000000e-06
51,5.100000000000e-03,-9.029900000000e-06,3.872066000000e-05,-8.598807000000e-05,3.622900000000e-05,2.482700000000e-06,-1.145438000000e-04,5.062971000000e-05,-2.779884000000e-05,4.941700000000e-05,1.221100000000e-06,-8.024000000000e-06,3.887290000000e-05,-8.300064000000e-05,3.627600000000e-05,2.588300000000e-06,-9.221100000000e-05,5.075077000000e-05,-1.951000000000e-05,4.948900000000e-05,1.269200000000e-06
52,5.200000000000e-03,-2.128630000000e-05,3.945583000000e-05,-8.391414000000e-05,3.667200000000e-05,2.774200000000e-06,-1.769906000000e-04,3.721182000000e-05,-6.722932000000e-05,3.609100000000e-05,1.128000000000e-06,-1.168760000000e-05,4.300272000000e-05,-7.369502000000e-05,4.012000000000e-05,2.874000000000e-06,-1.695597000000e-04,3.699266000000e-05,-6.210583000000e-05,3.583200000000e-05,1.168200000000e-06
53,5.300000000000e-03,1.324400000000e-06,5.106500000000e-05,-5.919248000000e-05,4.796900000000e-05,3.087600000000e-06,-1.778549000000e-04,3.428200000000e-05,-7.232927000000e-05,3.326600000000e-05,1.023800000000e-06,1.299930000000e-05,5.571459000000e-05,-4.692178000000e-05,5.254200000000e-05,3.164000000000e-06,-1.944342000000e-04,3.154403000000e-05,-7.951486000000e-05,3.050800000000e-05,1.043800000000e-06
54,5.400000000000e-03,2.647690000000e-05,6.213447000000e-05,-3.842857000000e-05,5.871600000000e-05,3.410500000000e-06,-1.521435000000e-04,3.563941000000e-05,-5.868840000000e-05,3.472000000000e-05,9.270400000000e-07,3.164690000000e-05,6.402702000000e-05,-2.891244000000e-05,6.060200000000e-05,3.416900000000e-06,-1.846835000000e-04,3.148332000000e-05,-7.816724000000e-05,3.052800000000e-05,9.631700000000e-07
55,5.500000000000e-03,3.875950000000e-05,6.933548000000e-05,-3.006466000000e-05,6.566400000000e-05,3.663300000000e-06,-1.083480000000e-04,4.108056000000e-05,-4.734873000000e-05,4.019100000000e-05,8.972400000000e-07,4.033910000000e-05,6.872958000000e-05,-2.054265000000e-05,6.499700000000e-05,3.724500000000e-06,-1.464379000000e-04,3.525171000000e-05,-7.039267000000e-05,3.432900000000e-05,9.306300000000e-07
56,5.600000000000e-03,7.131400000000e-06,6.959099000000e-05,-3.971522000000e-05,6.570100000000e-05,3.880200000000e-06,-6.644890000000e-05,4.508470000000e-05,-3.892474000000e-05,4.419900000000e-05,8.938300000000e-07,1.417470000000e-05,6.872903000000e-05,-2.855223000000e-05,6.479700000000e-05,3.923900000000e-06,-1.041970000000e-04,3.924388000000e-05,-5.946792000000e-05,3.833000000000e-05,9.224300000000e-07
57,5.700000000000e-03,-4.518430000000e-05,6.673053000000e-05,-5.449754000000e-05,6.267000000000e-05,4.052300000000e-06,-5.159880000000e-05,4.606497000000e-05,-3.626209000000e-05,4.517500000000e-05,8.981000000000e-07,-2.858970000000e-05,6.639416000000e-05,-4.267224000000e-05,6.231400000000e-05,4.072300000000e-06,-9.110170000000e-05,3.989655000000e-05,-5.549330000000e-05,3.898300000000e-05,9.209500000000e-07
58,5.800000000000e-03,-8.950070000000e-05,6.307558000000e-05,-5.896622000000e-05,5.890300000000e-05,4.164800000000e-06,-6.207270000000e-05,4.580986000000e-05,-4.045039000000e-05,4.492000000000e-05,8.967800000000e-07,-6.386480000000e-05,6.393626000000e-05,-4.793005000000e-05,5.972600000000e-05,4.201600000000e-06,-1.006101000000e-04,3.974175000000e-05,-5.718014000000e-05,3.883600000000e-05,9.129900000000e-07
59,5.900000000000e-03,-1.019494000000e-04,6.147433000000e-05,-4.781702000000e-05,5.721200000000e-05,4.254600000000e-06,-9.233820000000e-05,4.410894000000e-05,-4.905988000000e-05,4.322700000000e-05,8.889300000000e-07,-7.533520000000e-05,6.143296000000e-05,-4.093444000000e-05,5.716300000000e-05,4.262500000000e-06,-1.292957000000e-04,3.872556000000e-05,-6.347864000000e-05,3.783700000000e-05,8.963100000000e-07
60,6.000000000000e-03,-3.314200000000e-05,5.875224000000e-05,3.411163000000e-05,5.448800000000e-05,4.259700000000e-06,-1.222825000000e-04,4.190301000000e-05,-4.847562000000e-05,4.075700000000e-05,1.136100000000e-06,-1.798590000000e-05,6.354709000000e-05,3.998733000000e-05,5.929300000000e-05,4.249100000000e-06,-1.606472000000e-04,4.738271000000e-05,-5.047751000000e-05,4.625000000000e-05,1.123200000000e-06
61,6.100000000000e-03,4.172500000000e-05,6.976130000000e-05,1.029380000000e-04,6.551600000000e-05,4.238100000000e-06,-1.867681000000e-04,4.716459000000e-05,-4.463560000000e-05,4.580800000000e-05,1.341200000000e-06,4.047530000000e-05,7.268946000000e-05,1.013151000000e-04,6.846500000000e-05,4.217400000000e-06,-1.934030000000e-04,5.934510000000e-05,-4.356823000000e-05,5.803500000000e-05,1.294900000000e-06
62,6.200000000000e-03,5.477320000000e-05,6.232411000000e-05,7.469912000000e-05,5.815000000000e-05,4.166000000000e-06,-2.118178000000e-04,5.191245000000e-05,-3.823902000000e-05,5.044000000000e-05,1.456700000000e-06,5.759890000000e-05,6.429573000000e-05,7.381307000000e-05,6.015000000000e-05,4.138800000000e-06,-1.947883000000e-04,6.107679000000e-05,-4.024957000000e-05,5.966100000000e-05,1.399800000000e-06
63,6.300000000000e-03,8.467550000000e-05,5.673874000000e-05,4.893700000000e-05,5.269000000000e-05,4.039800000000e-06,-1.742699000000e-04,6.025894000000e-05,-3.028447000000e-05,5.869500000000e-05,1.547500000000e-06,8.780270000000e-05,5.890268000000e-05,5.356243000000e-05,5.488300000000e-05,4.012100000000e-06,-1.652675000000e-04,6.164534000000e-05,-3.121249000000e-05,6.015400000000e-05,1.476000000000e-06
64,6.400000000000e-03,1.471730000000e-04,5.810640000000e-05,6.370092000000e-05,5.419300000000e-05,3.905000000000e-06,-1.137149000000e-04,7.287916000000e-05,-2.150432000000e-05,7.124400000000e-05,1.618300000000e-06,1.513361000000e-04,6.298729000000e-05,6.948134000000e-05,5.910300000000e-05,3.875900000000e-06,-1.186943000000e-04,7.164541000000e-05,-1.800382000000e-05,7.008600000000e-05,1.543500000000e-06
65,6.500000000000e-03,2.448962000000e-04,6.367888000000e-05,1.104555000000e-04,5.987900000000e-05,3.791500000000e-06,-9.617940000000e-05,8.069934000000e-05,-2.598161000000e-05,7.895800000000e-05,1.724500000000e-06,2.547907000000e-04,6.892170000000e-05,1.134875000000e-04,6.516200000000e-05,3.751900000000e-06,-1.054192000000e-04,8.038123000000e-05,-2.275118000000e-05,7.875000000000e-05,1.615700000000e-06
66,6.600000000000e-03,3.879807000000e-04,7.598713000000e-05,1.791262000000e-04,7.232200000000e-05,3.657100000000e-06,-1.202184000000e-04,8.135351000000e-05,-4.660926000000e-05,7.955600000000e-05,1.781600000000e-06,3.926767000000e-04,7.156042000000e-05,1.714899000000e-04,6.792200000000e-05,3.630800000000e-06,-1.423906000000e-04,8.146593000000e-05,-4.448804000000e-05,7.976600000000e-05,1.683700000000e-06
67,6.700000000000e-03,5.370656000000e-04,8.714584000000e-05,2.391642000000e-04,8.361600000000e-05,3.521600000000e-06,-1.695922000000e-04,7.804273000000e-05,-6.981756000000e-05,7.615600000000e-05,1.870000000000e-06,5.315851000000e-04,7.716321000000e-05,2.313736000000e-04,7.365600000000e-05,3.498800000000e-06,-2.016318000000e-04,7.552377000000e-05,-7.197952000000e-05,7.371200000000e-05,1.796100000000e-06
68,6.800000000000e-03,6.378158000000e-04,9.245139000000e-05,2.642977000000e-04,8.913200000000e-05,3.310400000000e-06,-2.084117000000e-04,7.484373000000e-05,-8.074837000000e-05,7.288500000000e-05,1.943600000000e-06,6.291529000000e-04,8.622626000000e-05,2.637515000000e-04,8.293800000000e-05,3.280100000000e-06,-2.509639000000e-04,6.891280000000e-05,-9.029917000000e-05,6.703600000000e-05,1.862000000000e-06
69,6.900000000000e-03,6.675612000000e-04,9.423949000000e-05,2.488939000000e-04,9.109700000000e-05,3.133700000000e-06,-2.154842000000e-04,7.298751000000e-05,-7.207035000000e-05,7.094300000000e-05,2.028400000000e-06,6.618240000000e-04,9.188403000000e-05,2.563493000000e-04,8.875300000000e-05,3.121500000000e-06,-2.655225000000e-04,6.457009000000e-05,-9.124937000000e-05,6.262100000000e-05,1.932600000000e-06
70,7.000000000000e-03,5.109549000000e-04,6.734319000000e-05,1.100543000000e-04,6.464900000000e-05,2.699800000000e-06,-8.631100000000e-05,6.716017000000e-05,1.815677000000e-05,6.518200000000e-05,1.961100000000e-06,5.109126000000e-04,7.173757000000e-05,1.329770000000e-04,6.906500000000e-05,2.678800000000e-06,-1.521225000000e-04,5.793058000000e-05,-1.059193000000e-05,5.601500000000e-05,1.899100000000e-06
71,7.100000000000e-03,3.255112000000e-04,5.747393000000e-05,4.782696000000e-05,5.514000000000e-05,2.343400000000e-06,1.794590000000e-05,6.716274000000e-05,7.648858000000e-05,6.523000000000e-05,1.918800000000e-06,2.945145000000e-04,5.351888000000e-05,4.109458000000e-05,5.123000000000e-05,2.299500000000e-06,-7.975100000000e-06,6.288941000000e-05,5.742952000000e-05,6.097500000000e-05,1.900500000000e-06
72,7.200000000000e-03,1.569366000000e-04,4.307216000000e-05,9.690947000000e-07,4.100100000000e-05,2.080700000000e-06,4.977420000000e-05,6.337655000000e-05,8.132409000000e-05,6.142500000000e-05,1.938700000000e-06,1.187560000000e-04,3.479277000000e-05,-2.265204000000e-05,3.281200000000e-05,1.991100000000e-06,3.720150000000e-05,6.069272000000e-05,7.511631000000e-05,5.870800000000e-05,1.971200000000e-06
73,7.300000000000e-03,2.231240000000e-05,3.296691000000e-05,-3.740454000000e-05,3.106100000000e-05,1.915900000000e-06,7.818400000000e-05,6.628206000000e-05,8.297969000000e-05,6.425400000000e-05,2.015300000000e-06,-1.184330000000e-05,2.342090000000e-05,-6.742414000000e-05,2.165200000000e-05,1.779000000000e-06,6.516010000000e-05,6.396127000000e-05,7.643078000000e-05,6.186100000000e-05,2.086600000000e-06
74,7.400000000000e-03,-6.900090000000e-05,3.033219000000e-05,-6.680294000000e-05,2.857200000000e-05,1.769800000000e-06,1.051057000000e-04,6.832394000000e-05,8.797436000000e-05,6.625100000000e-05,2.060600000000e-06,-1.110660000000e-04,1.942083000000e-05,-1.035533000000e-04,1.782200000000e-05,1.608200000000e-06,8.687400000000e-05,6.737583000000e-05,7.548270000000e-05,6.517300000000e-05,2.189900000000e-06
75,7.500000000000e-03,-1.395048000000e-04,2.751628000000e-05,-9.552259000000e-05,2.585900000000e-05,1.666700000000e-06,1.426242000000e-04,7.101846000000e-05,1.010785000000e-04,6.896300000000e-05,2.043100000000e-06,-1.767232000000e-04,2.205424000000e-05,-1.258151000000e-04,2.057900000000e-05,1.485200000000e-06,1.255551000000e-04,7.211266000000e-05,8.618837000000e-05,6.989200000000e-05,2.207400000000e-06
76,7.600000000000e-03,-1.858899000000e-04,2.821674000000e-05,-1.154869000000e-04,2.666100000000e-05,1.564900000000e-06,2.036395000000e-04,7.668556000000e-05,1.273771000000e-04,7.468400000000e-05,1.990400000000e-06,-2.202684000000e-04,2.451905000000e-05,-1.382057000000e-04,2.314700000000e-05,1.382500000000e-06,1.910655000000e-04,7.738874000000e-05,1.125539000000e-04,7.519200000000e-05,2.183800000000e-06
77,7.700000000000e-03,-2.210009000000e-04,3.032936000000e-05,-1.285378000000e-04,2.887100000000e-05,1.467900000000e-06,2.655130000000e-04,8.294962000000e-05,1.508871000000e-04,8.109100000000e-05,1.847400000000e-06,-2.480099000000e-04,2.480522000000e-05,-1.458611000000e-04,2.359100000000e-05,1.223200000000e-06,2.613707000000e-04,8.255205000000e-05,1.435131000000e-04,8.046100000000e-05,2.079200000000e-06
78,7.800000000000e-03,-2.474807000000e-04,3.188394000000e-05,-1.360781000000e-04,3.052000000000e-05,1.374000000000e-06,2.970428000000e-04,8.534870000000e-05,1.574788000000e-04,8.358300000000e-05,1.754200000000e-06,-2.677811000000e-04,2.418492000000e-05,-1.510740000000e-04,2.305400000000e-05,1.140000000000e-06,3.153366000000e-04,8.516227000000e-05,1.619171000000e-04,8.315400000000e-05,1.996400000000e-06
79,7.900000000000e-03,-2.647180000000e-04,3.158431000000e-05,-1.381965000000e-04,3.036500000000e-05,1.228800000000e-06,2.841754000000e-04,8.333590000000e-05,1.387620000000e-04,8.164300000000e-05,1.680900000000e-06,-2.668194000000e-04,2.660903000000e-05,-1.419656000000e-04,2.555800000000e-05,1.060700000000e-06,3.151553000000e-04,8.549367000000e-05,1.549387000000e-04,8.355200000000e-05,1.930200000000e-06
80,8.000000000000e-03,-1.297410000000e-05,4.765693000000e-05,5.510200000000e-05,4.663900000000e-05,1.019800000000e-06,1.848014000000e-04,7.173483000000e-05,8.649822000000e-05,7.036100000000e-05,1.378700000000e-06,-1.751230000000e-05,4.502463000000e-05,5.820218000000e-05,4.414800000000e-05,8.783800000000e-07,2.096845000000e-04,7.331978000000e-05,1.077551000000e-04,7.166400000000e-05,1.659100000000e-06
81,8.100000000000e-03,2.220447000000e-04,7.254281000000e-05,1.843234000000e-04,7.171500000000e-05,8.283700000000e-07,6.329310000000e-05,5.612099000000e-05,1.328751000000e-05,5.495000000000e-05,1.177600000000e-06,1.722755000000e-04,6.208694000000e-05,1.633629000000e-04,6.136300000000e-05,7.245200000000e-07,9.735430000000e-05,5.916028000000e-05,3.461015000000e-05,5.768200000000e-05,1.484500000000e-06
82,8.200000000000e-03,3.633003000000e-04,8.995945000000e-05,2.153473000000e-04,8.933900000000e-05,6.220000000000e-07,-9.476040000000e-05,3.235292000000e-05,-7.673531000000e-05,3.129500000000e-05,1.063400000000e-06,2.943936000000e-04,7.748971000000e-05,1.850199000000e-04,7.692700000000e-05,5.643700000000e-07,-5.455170000000e-05,3.919757000000e-05,-5.913812000000e-05,3.782400000000e-05,1.379300000000e-06
83,8.300000000000e-03,4.150238000000e-04,9.617676000000e-05,1.977593000000e-04,9.576200000000e-05,4.156400000000e-07,-2.224952000000e-04,1.344322000000e-05,-1.335164000000e-04,1.243500000000e-05,1.012800000000e-06,3.481665000000e-04,8.541145000000e-05,1.701814000000e-04,8.501400000000e-05,3.996300000000e-07,-1.971854000000e-04,1.911824000000e-05,-1.263792000000e-04,1.778000000000e-05,1.342400000000e-06
84,8.400000000000e-03,4.051175000000e-04,9.271123000000e-05,1.643104000000e-04,9.247300000000e-05,2.400400000000e-07,-2.835211000000e-04,3.697580000000e-06,-1.482008000000e-04,2.685200000000e-06,1.017400000000e-06,3.617523000000e-04,8.779615000000e-05,1.512194000000e-04,8.751200000000e-05,2.854700000000e-07,-2.857983000000e-04,4.824880000000e-06,-1.503403000000e-04,3.479400000000e-06,1.350300000000e-06
85,8.500000000000e-03,3.467830000000e-04,8.327457000000e-05,1.285511000000e-04,8.309900000000e-05,1.780200000000e-07,-3.120565000000e-04,1.162150000000e-06,-1.482597000000e-04,1.092300000000e-07,1.057100000000e-06,3.386665000000e-04,8.479849000000e-05,1.325961000000e-04,8.456800000000e-05,2.331200000000e-07,-3.321735000000e-04,-5.092900000000e-07,-1.529437000000e-04,-1.890800000000e-06,1.386500000000e-06
86,8.600000000000e-03,2.686622000000e-04,7.110448000000e-05,9.875648000000e-05,7.094100000000e-05,1.660900000000e-07,-3.340070000000e-04,8.935400000000e-07,-1.578036000000e-04,-2.231800000000e-07,1.120500000000e-06,3.092035000000e-04,7.922397000000e-05,1.231660000000e-04,7.899100000000e-05,2.354300000000e-07,-3.543176000000e-04,2.669800000000e-07,-1.589753000000e-04,-1.165000000000e-06,1.435600000000e-06
87,8.700000000000e-03,2.258499000000e-04,6.453385000000e-05,9.385716000000e-05,6.433600000000e-05,2.006700000000e-07,-3.542738000000e-04,2.701460000000e-06,-1.716061000000e-04,1.520500000000e-06,1.183900000000e-06,2.901085000000e-04,7.413646000000e-05,1.297045000000e-04,7.386100000000e-05,2.780000000000e-07,-3.626110000000e-04,4.339360000000e-06,-1.667808000000e-04,2.850700000000e-06,1.492200000000e-06
88,8.800000000000e-03,2.471411000000e-04,6.727273000000e-05,1.173796000000e-04,6.698900000000e-05,2.861700000000e-07,-3.706390000000e-04,4.234660000000e-06,-1.792747000000e-04,2.984300000000e-06,1.254500000000e-06,3.115738000000e-04,7.653139000000e-05,1.562886000000e-04,7.614300000000e-05,3.907700000000e-07,-3.621640000000e-04,8.829860000000e-06,-1.689188000000e-04,7.246800000000e-06,1.585800000000e-06
89,8.900000000000e-03,3.051130000000e-04,7.466444000000e-05,1.511030000000e-04,7.423300000000e-05,4.334500000000e-07,-3.764497000000e-04,6.332310000000e-06,-1.751583000000e-04,5.010900000000e-06,1.324400000000e-06,3.590728000000e-04,8.407128000000e-05,1.864462000000e-04,8.352900000000e-05,5.444500000000e-07,-3.612789000000e-04,1.037520000000e-05,-1.654489000000e-04,8.730200000000e-06,1.648000000000e-06
90,9.000000000000e-03,1.356793000000e-04,5.818164000000e-05,1.103028000000e-05,5.733000000000e-05,8.590800000000e-07,-3.254290000000e-04,1.095600000000e-05,-1.393604000000e-04,9.506900000000e-06,1.446400000000e-06,1.815373000000e-04,6.341400000000e-05,3.634966000000e-05,6.245200000000e-05,9.682100000000e-07,-3.112070000000e-04,8.323170000000e-06,-1.307119000000e-04,6.590800000000e-06,1.729300000000e-06
91,9.100000000000e-03,1.935190000000e-05,4.576294000000e-05,-4.596077000000e-05,4.447200000000e-05,1.299100000000e-06,-2.453651000000e-04,3.971781000000e-05,-4.750337000000e-05,3.822600000000e-05,1.489900000000e-06,4.736980000000e-05,4.961155000000e-05,-4.105685000000e-05,4.820100000000e-05,1.417700000000e-06,-2.299913000000e-04,3.555457000000e-05,-4.074222000000e-05,3.380800000000e-05,1.744000000000e-06
92,9.200000000000e-03,-9.676390000000e-05,3.493386000000e-05,-6.984589000000e-05,3.316900000000e-05,1.771400000000e-06,-1.583047000000e-04,5.836362000000e-05,5.552169000000e-06,5.688800000000e-05,1.474200000000e-06,-9.409660000000e-05,3.538731000000e-05,-7.776050000000e-05,3.350200000000e-05,1.891400000000e-06,-1.420861000000e-04,5.650226000000e-05,1.042907000000e-05,5.478500000000e-05,1.715500000000e-06
93,9.300000000000e-03,-1.651847000000e-04,3.302844000000e-05,-8.023964000000e-05,3.078000000000e-05,2.254500000000e-06,-8.094050000000e-05,6.348565000000e-05,1.833299000000e-05,6.207000000000e-05,1.416400000000e-06,-1.913332000000e-04,2.720697000000e-05,-1.003955000000e-04,2.483800000000e-05,2.374700000000e-06,-6.089880000000e-05,6.465409000000e-05,2.736699000000e-05,6.301000000000e-05,1.642700000000e-06
94,9.400000000000e-03,-1.707435000000e-04,3.311901000000e-05,-8.657371000000e-05,3.048600000000e-05,2.640400000000e-06,-2.888630000000e-05,6.656857000000e-05,2.381116000000e-05,6.522900000000e-05,1.337700000000e-06,-2.158823000000e-04,2.443371000000e-05,-1.084733000000e-04,2.170300000000e-05,2.736900000000e-06,-8.535100000000e-06,7.009829000000e-05,3.692607000000e-05,6.853900000000e-05,1.559400000000e-06
95,9.500000000000e-03,-1.393400000000e-04,3.206343000000e-05,-8.590340000000e-05,2.915200000000e-05,2.918900000000e-06,-3.940450000000e-05,6.343086000000e-05,1.987960000000e-05,6.213300000000e-05,1.297000000000e-06,-1.677622000000e-04,2.705256000000e-05,-9.427851000000e-05,2.405500000000e-05,3.003600000000e-06,-1.295890000000e-05,6.851298000000e-05,3.292799000000e-05,6.701000000000e-05,1.502000000000e-06
96,9.600000000000e-03,-8.859290000000e-05,3.342748000000e-05,-7.227519000000e-05,3.021600000000e-05,3.218000000000e-06,-6.199290000000e-05,6.014213000000e-05,1.596136000000e-05,5.887400000000e-05,1.267100000000e-06,-7.514080000000e-05,3.420710000000e-05,-5.913384000000e-05,3.101300000000e-05,3.200700000000e-06,-3.785600000000e-05,6.441541000000e-05,2.332553000000e-05,6.295600000000e-05,1.457800000000e-06
97,9.700000000000e-03,-2.911950000000e-05,3.770317000000e-05,-5.218021000000e-05,3.428800000000e-05,3.421400000000e-06,-7.791260000000e-05,5.701808000000e-05,1.434386000000e-05,5.577900000000e-05,1.237100000000e-06,2.615010000000e-05,4.258673000000e-05,-2.091859000000e-05,3.922200000000e-05,3.371000000000e-06,-6.411300000000e-05,5.892933000000e-05,1.420893000000e-05,5.750300000000e-05,1.424100000000e-06
98,9.800000000000e-03,1.718510000000e-05,4.203222000000e-05,-3.716425000000e-05,3.849600000000e-05,3.543500000000e-06,-6.727000000000e-05,5.716486000000e-05,2.105347000000e-05,5.595200000000e-05,1.212000000000e-06,1.030633000000e-04,4.963996000000e-05,4.930076000000e-06,4.612900000000e-05,3.517800000000e-06,-6.402650000000e-05,5.742154000000e-05,1.703763000000e-05,5.602500000000e-05,1.394700000000e-06
99,9.900000000000e-03,4.724710000000e-05,4.529681000000e-05,-2.653070000000e-05,4.163200000000e-05,3.671900000000e-06,-3.365230000000e-05,6.074700000000e-05,3.460696000000e-05,5.954300000000e-05,1.202400000000e-06,1.474123000000e-04,5.463051000000e-05,1.375916000000e-05,5.100300000000e-05,3.632800000000e-06,-4.227020000000e-05,5.958415000000e-05,2.730778000000e-05,5.824700000000e-05,1.335500000000e-06
100,1.000000000000e-02,1.718786000000e-04,6.896238000000e-05,2.777343000000e-05,6.509300000000e-05,3.861900000000e-06,-1.279090000000e-05,5.384829000000e-05,3.047228000000e-05,5.266700000000e-05,1.183600000000e-06,2.302574000000e-04,7.947676000000e-05,4.883184000000e-05,7.566900000000e-05,3.800900000000e-06,-6.737830000000e-05,4.849590000000e-05,5.601931000000e-06,4.722500000000e-05,1.273000000000e-06
101,1.010000000000e-02,2.167023000000e-04,7.415718000000e-05,5.139839000000e-05,7.017800000000e-05,3.970100000000e-06,-5.594430000000e-05,4.339276000000e-05,1.715760000000e-05,4.223600000000e-05,1.156400000000e-06,2.442710000000e-04,7.787748000000e-05,6.080841000000e-05,7.398500000000e-05,3.883800000000e-06,-1.010911000000e-04,4.255631000000e-05,2.390470000000e-07,4.134700000000e-05,1.209300000000e-06
102,1.020000000000e-02,2.230887000000e-04,7.224342000000e-05,4.666059000000e-05,6.820100000000e-05,4.034000000000e-06,-1.361939000000e-04,2.448370000000e-05,-2.731059000000e-05,2.337800000000e-05,1.104700000000e-06,2.164995000000e-04,7.478501000000e-05,4.547255000000e-05,7.084600000000e-05,3.930800000000e-06,-1.588076000000e-04,2.578358000000e-05,-3.275107000000e-05,2.466000000000e-05,1.122400000000e-06
103,1.030000000000e-02,1.996861000000e-04,6.974329000000e-05,4.116951000000e-05,6.566400000000e-05,4.071300000000e-06,-1.982081000000e-04,1.688844000000e-05,-5.249033000000e-05,1.583600000000e-05,1.052100000000e-06,1.462748000000e-04,6.618933000000e-05,2.311718000000e-05,6.222600000000e-05,3.955100000000e-06,-1.998496000000e-04,1.869695000000e-05,-5.134910000000e-05,1.765700000000e-05,1.038700000000e-06
104,1.040000000000e-02,1.673982000000e-04,7.074608000000e-05,3.740774000000e-05,6.663400000000e-05,4.103000000000e-06,-2.459351000000e-04,1.949460000000e-05,-6.172268000000e-05,1.846500000000e-05,1.027600000000e-06,9.390600000000e-05,6.242905000000e-05,1.172831000000e-05,5.844300000000e-05,3.977600000000e-06,-2.383435000000e-04,1.950255000000e-05,-6.020562000000e-05,1.850800000000e-05,9.944600000000e-07
105,1.050000000000e-02,1.226758000000e-04,7.096335000000e-05,2.634550000000e-05,6.682800000000e-05,4.126500000000e-06,-2.570419000000e-04,2.833639000000e-05,-5.821269000000e-05,2.728900000000e-05,1.046900000000e-06,3.806570000000e-05,5.976712000000e-05,-4.127045000000e-07,5.576400000000e-05,3.994300000000e-06,-2.519571000000e-04,2.409078000000e-05,-6.217518000000e-05,2.308700000000e-05,1.004200000000e-06
106,1.060000000000e-02,9.568810000000e-05,7.272998000000e-05,2.103420000000e-05,6.857700000000e-05,4.142800000000e-06,-2.442897000000e-04,3.396589000000e-05,-5.482303000000e-05,3.286000000000e-05,1.106700000000e-06,1.303760000000e-05,6.249212000000e-05,-3.184715000000e-06,5.848500000000e-05,3.997000000000e-06,-2.341960000000e-04,2.921075000000e-05,-5.832917000000e-05,2.816700000000e-05,1.044900000000e-06
107,1.070000000000e-02,8.205930000000e-05,7.370411000000e-05,1.990286000000e-05,6.955000000000e-05,4.143900000000e-06,-2.206500000000e-04,3.550885000000e-05,-4.761660000000e-05,3.432800000000e-05,1.182000000000e-06,1.929200000000e-06,6.604331000000e-05,-1.703438000000e-06,6.205300000000e-05,3.980900000000e-06,-2.076794000000e-04,3.081927000000e-05,-4.789910000000e-05,2.971700000000e-05,1.103500000000e-06
108,1.080000000000e-02,7.882540000000e-05,7.345012000000e-05,1.725215000000e-05,6.932700000000e-05,4.113200000000e-06,-2.015686000000e-04,3.647314000000e-05,-2.753816000000e-05,3.522300000000e-05,1.251700000000e-06,1.212470000000e-05,6.795918000000e-05,3.313207000000e-07,6.402000000000e-05,3.929600000000e-06,-1.792254000000e-04,3.469085000000e-05,-2.351815000000e-05,3.352800000000e-05,1.164500000000e-06
109,1.090000000000e-02,9.380250000000e-05,7.973351000000e-05,3.071287000000e-05,7.563000000000e-05,4.094300000000e-06,-1.923885000000e-04,3.680781000000e-05,-1.449330000000e-05,3.550100000000e-05,1.308100000000e-06,3.166920000000e-05,7.394455000000e-05,1.631587000000e-05,7.004100000000e-05,3.893200000000e-06,-1.621486000000e-04,3.958738000000e-05,-7.546664000000e-06,3.836600000000e-05,1.223600000000e-06
110,1.100000000000e-02,-6.095770000000e-05,3.703311000000e-05,-2.534482000000e-05,3.314400000000e-05,3.896900000000e-06,-8.546580000000e-05,4.777597000000e-05,7.001182000000e-05,4.632400000000e-05,1.443700000000e-06,-1.310693000000e-04,2.824413000000e-05,-3.976684000000e-05,2.458800000000e-05,3.662300000000e-06,-5.948340000000e-05,5.391139000000e-05,7.514309000000e-05,5.254500000000e-05,1.359800000000e-06
111,1.110000000000e-02,-1.025401000000e-04,4.792812000000e-05,-1.064278000000e-05,4.417100000000e-05,3.766100000000e-06,1.086484000000e-04,7.458892000000e-05,1.507533000000e-04,7.301500000000e-05,1.564100000000e-06,-1.626665000000e-04,4.272154000000e-05,-1.935958000000e-05,3.921800000000e-05,3.512100000000e-06,1.409072000000e-04,8.022813000000e-05,1.573165000000e-04,7.873500000000e-05,1.483400000000e-06
112,1.120000000000e-02,-1.324955000000e-04,5.184512000000e-05,-2.942761000000e-05,4.823100000000e-05,3.623100000000e-06,1.984423000000e-04,8.256706000000e-05,1.592540000000e-04,8.087700000000e-05,1.680600000000e-06,-1.609538000000e-04,5.170564000000e-05,-2.919361000000e-05,4.835800000000e-05,3.356000000000e-06,2.444739000000e-04,9.104844000000e-05,1.675546000000e-04,8.942900000000e-05,1.609700000000e-06
113,1.130000000000e-02,-1.371705000000e-04,4.912246000000e-05,-5.981905000000e-05,4.565500000000e-05,3.475800000000e-06,2.676848000000e-04,8.447194000000e-05,1.607813000000e-04,8.267300000000e-05,1.790600000000e-06,-1.531951000000e-04,5.016903000000e-05,-5.165674000000e-05,4.697300000000e-05,3.204400000000e-06,3.292725000000e-04,9.412902000000e-05,1.769523000000e-04,9.238000000000e-05,1.740300000000e-06
114,1.140000000000e-02,-9.839300000000e-05,4.781200000000e-05,-6.603614000000e-05,4.450000000000e-05,3.321500000000e-06,3.422958000000e-04,7.480182000000e-05,1.815783000000e-04,7.293600000000e-05,1.856600000000e-06,-1.345773000000e-04,4.750681000000e-05,-6.171709000000e-05,4.446500000000e-05,3.050700000000e-06,4.111084000000e-04,8.569834000000e-05,1.991266000000e-04,8.385200000000e-05,1.837800000000e-06
115,1.150000000000e-02,-6.428760000000e-05,4.645078000000e-05,-5.818066000000e-05,4.327200000000e-05,3.188700000000e-06,4.191876000000e-04,6.001443000000e-05,2.129394000000e-04,5.812900000000e-05,1.876100000000e-06,-1.173214000000e-04,4.722484000000e-05,-5.330895000000e-05,4.430500000000e-05,2.927900000000e-06,4.765616000000e-04,7.141514000000e-05,2.285550000000e-04,6.950500000000e-05,1.901500000000e-06
116,1.160000000000e-02,-1.392050000000e-05,4.894981000000e-05,-2.929403000000e-05,4.588900000000e-05,3.069100000000e-06,4.932262000000e-04,4.881942000000e-05,2.459449000000e-04,4.691600000000e-05,1.894800000000e-06,-1.046254000000e-04,3.929665000000e-05,-4.645680000000e-05,3.647200000000e-05,2.833300000000e-06,5.323222000000e-04,6.274437000000e-05,2.520959000000e-04,6.076000000000e-05,1.975300000000e-06
117,1.170000000000e-02,2.998190000000e-05,4.947402000000e-05,-5.282000000000e-10,4.653300000000e-05,2.950300000000e-06,5.598474000000e-04,4.891773000000e-05,2.679917000000e-04,4.697100000000e-05,1.937600000000e-06,-5.299360000000e-05,3.203074000000e-05,-2.765037000000e-05,2.928900000000e-05,2.750500000000e-06,5.858952000000e-04,6.641985000000e-05,2.679563000000e-04,6.432500000000e-05,2.086600000000e-06
118,1.180000000000e-02,1.071561000000e-04,5.211695000000e-05,2.563570000000e-05,4.929300000000e-05,2.831900000000e-06,6.074724000000e-04,6.187367000000e-05,2.779098000000e-04,5.985000000000e-05,2.016100000000e-06,3.627540000000e-05,3.453012000000e-05,7.436686000000e-06,3.186600000000e-05,2.673700000000e-06,6.241411000000e-04,7.889194000000e-05,2.734100000000e-04,7.663200000000e-05,2.251900000000e-06
119,1.190000000000e-02,2.058339000000e-04,5.900958000000e-05,4.588421000000e-05,5.631300000000e-05,2.705000000000e-06,6.302781000000e-04,7.708954000000e-05,2.699490000000e-04,7.494600000000e-05,2.137300000000e-06,1.572551000000e-04,4.518872000000e-05,4.880367000000e-05,4.260900000000e-05,2.589100000000e-06,6.535828000000e-04,9.045292000000e-05,2.687897000000e-04,8.797000000000e-05,2.477800000000e-06
120,1.200000000000e-02,3.582593000000e-04,7.856185000000e-05,1.120361000000e-04,7.601900000000e-05,2.543700000000e-06,3.934319000000e-04,7.242171000000e-05,9.112613000000e-05,7.028100000000e-05,2.150900000000e-06,3.555122000000e-04,7.404269000000e-05,1.441711000000e-04,7.157200000000e-05,2.471600000000e-06,3.980491000000e-04,8.550988000000e-05,1.019856000000e-04,8.290300000000e-05,2.617400000000e-06
121,1.210000000000e-02,1.875383000000e-04,7.914697000000e-05,3.782969000000e-05,7.683300000000e-05,2.312700000000e-06,1.281189000000e-04,7.889230000000e-05,-3.867715000000e-05,7.660800000000e-05,2.300700000000e-06,2.196400000000e-04,7.756637000000e-05,6.952208000000e-05,7.528800000000e-05,2.277900000000e-06,1.354154000000e-04,8.914497000000e-05,-3.168775000000e-05,8.624900000000e-05,2.913400000000e-06
122,1.220000000000e-02,7.541260000000e-05,6.947829000000e-05,-4.139603000000e-06,6.737700000000e-05,2.101300000000e-06,5.054100000000e-05,8.035667000000e-05,-3.036835000000e-05,7.771100000000e-05,2.667400000000e-06,1.087995000000e-04,7.285956000000e-05,1.119895000000e-05,7.076300000000e-05,2.096200000000e-06,8.665670000000e-05,8.859857000000e-05,-1.882159000000e-05,8.517700000000e-05,3.443600000000e-06
123,1.230000000000e-02,7.980350000000e-05,6.920221000000e-05,-7.130373000000e-07,6.727900000000e-05,1.924800000000e-06,7.252200000000e-05,7.520736000000e-05,2.806181000000e-05,7.198100000000e-05,3.252600000000e-06,1.036485000000e-04,7.420068000000e-05,7.983106000000e-06,7.225000000000e-05,1.951600000000e-06,9.390600000000e-05,8.073948000000e-05,3.186041000000e-05,7.657200000000e-05,4.195200000000e-06
124,1.240000000000e-02,1.727388000000e-04,6.803518000000e-05,5.478935000000e-05,6.627600000000e-05,1.761200000000e-06,1.553017000000e-04,7.267080000000e-05,8.467022000000e-05,6.863000000000e-05,4.071700000000e-06,1.763568000000e-04,7.203581000000e-05,5.552741000000e-05,7.021600000000e-05,1.820800000000e-06,1.563512000000e-04,7.486140000000e-05,8.058245000000e-05,6.971600000000e-05,5.177200000000e-06
125,1.250000000000e-02,2.525209000000e-04,6.899534000000e-05,8.215078000000e-05,6.737500000000e-05,1.622300000000e-06,2.902225000000e-04,8.108479000000e-05,1.439954000000e-04,7.597600000000e-05,5.143800000000e-06,2.177545000000e-04,7.110840000000e-05,7.507424000000e-05,6.940000000000e-05,1.710400000000e-06,2.759374000000e-04,8.021005000000e-05,1.357885000000e-04,7.384600000000e-05,6.399400000000e-06
126,1.260000000000e-02,3.188990000000e-04,7.327846000000e-05,8.863635000000e-05,7.172900000000e-05,1.555300000000e-06,4.362174000000e-04,9.323636000000e-05,2.039138000000e-04,8.682900000000e-05,6.443100000000e-06,2.605150000000e-04,7.377284000000e-05,7.474536000000e-05,7.211600000000e-05,1.661400000000e-06,4.168022000000e-04,9.034481000000e-05,1.980977000000e-04,8.260700000000e-05,7.773200000000e-06
127,1.270000000000e-02,4.025199000000e-04,7.838756000000e-05,1.219997000000e-04,7.680400000000e-05,1.591800000000e-06,5.003108000000e-04,9.861314000000e-05,2.199991000000e-04,9.084900000000e-05,7.797100000000e-06,3.472880000000e-04,8.011306000000e-05,1.073004000000e-04,7.842200000000e-05,1.698300000000e-06,4.731250000000e-04,9.334197000000e-05,2.105832000000e-04,8.416900000000e-05,9.205100000000e-06
128,1.280000000000e-02,4.849542000000e-04,8.315220000000e-05,1.692730000000e-04,8.139500000000e-05,1.769600000000e-06,4.858752000000e-04,9.567483000000e-05,2.019853000000e-04,8.651300000000e-05,9.185800000000e-06,4.458855000000e-04,8.532978000000e-05,1.520136000000e-04,8.349600000000e-05,1.843600000000e-06,4.484449000000e-04,8.895952000000e-05,1.867094000000e-04,7.819800000000e-05,1.078500000000e-05
129,1.290000000000e-02,5.707228000000e-04,8.638073000000e-05,2.167023000000e-04,8.428300000000e-05,2.112200000000e-06,3.921797000000e-04,8.835992000000e-05,1.504702000000e-04,7.789200000000e-05,1.048000000000e-05,5.446008000000e-04,8.942111000000e-05,2.005868000000e-04,8.727900000000e-05,2.154300000000e-06,3.574706000000e-04,8.195905000000e-05,1.366511000000e-04,6.984500000000e-05,1.212500000000e-05
130,1.300000000000e-02,7.490495000000e-04,8.766629000000e-05,3.088637000000e-04,8.490700000000e-05,2.775000000000e-06,2.443008000000e-04,6.717666000000e-05,8.793262000000e-05,5.549500000000e-05,1.167900000000e-05,7.079955000000e-04,9.141607000000e-05,2.990867000000e-04,8.867000000000e-05,2.759500000000e-06,2.020664000000e-04,7.015384000000e-05,7.222203000000e-05,5.678800000000e-05,1.336200000000e-05
131,1.310000000000e-02,8.265579000000e-04,9.869696000000e-05,3.357584000000e-04,9.508900000000e-05,3.620700000000e-06,2.518520000000e-05,4.531703000000e-05,1.019477000000e-06,3.277400000000e-05,1.252800000000e-05,7.782108000000e-04,9.658052000000e-05,3.258085000000e-04,9.306400000000e-05,3.526300000000e-06,-2.712700000000e-06,4.671364000000e-05,-5.179682000000e-06,3.248600000000e-05,1.421300000000e-05
132,1.320000000000e-02,7.258241000000e-04,8.997104000000e-05,2.654093000000e-04,8.548700000000e-05,4.490900000000e-06,-2.515653000000e-04,2.628574000000e-05,-1.145034000000e-04,1.338800000000e-05,1.287200000000e-05,6.903642000000e-04,8.756059000000e-05,2.543091000000e-04,8.322300000000e-05,4.343400000000e-06,-2.281628000000e-04,3.168424000000e-05,-1.018325000000e-04,1.712900000000e-05,1.452900000000e-05
133,1.330000000000e-02,5.290921000000e-04,7.271422000000e-05,1.495060000000e-04,6.742900000000e-05,5.286400000000e-06,-4.618976000000e-04,1.417161000000e-05,-2.130463000000e-04,1.451600000000e-06,1.268600000000e-05,5.035157000000e-04,7.327844000000e-05,1.338402000000e-04,6.826200000000e-05,5.016400000000e-06,-4.083553000000e-04,1.636493000000e-05,-1.898223000000e-04,2.045300000000e-06,1.428600000000e-05
134,1.340000000000e-02,3.282194000000e-04,5.674609000000e-05,5.046783000000e-05,5.085800000000e-05,5.883400000000e-06,-5.627314000000e-04,4.974230000000e-06,-2.534694000000e-04,-7.192200000000e-06,1.212800000000e-05,3.048222000000e-04,5.811875000000e-05,2.160196000000e-05,5.249800000000e-05,5.615300000000e-06,-4.750009000000e-04,9.630220000000e-06,-2.149935000000e-04,-3.968700000000e-06,1.356000000000e-05
135,1.350000000000e-02,1.607791000000e-04,4.391276000000e-05,-1.594025000000e-05,3.763100000000e-05,6.272700000000e-06,-5.501984000000e-04,5.669000000000e-06,-2.311306000000e-04,-5.713700000000e-06,1.134300000000e-05,1.222537000000e-04,4.179906000000e-05,-6.019905000000e-05,3.584700000000e-05,5.941900000000e-06,-4.581935000000e-04,1.443196000000e-05,-1.877909000000e-04,1.752100000000e-06,1.264000000000e-05
136,1.360000000000e-02,7.538560000000e-05,3.587111000000e-05,-3.807486000000e-05,2.941100000000e-05,6.445900000000e-06,-4.746644000000e-04,1.470504000000e-05,-1.667498000000e-04,4.267100000000e-06,1.040200000000e-05,-1.062190000000e-05,2.882064000000e-05,-9.429562000000e-05,2.273700000000e-05,6.069400000000e-06,-3.692172000000e-04,2.868176000000e-05,-1.277114000000e-04,1.699300000000e-05,1.165200000000e-05
137,1.370000000000e-02,9.468040000000e-05,4.178335000000e-05,-1.010070000000e-05,3.538200000000e-05,6.384900000000e-06,-3.284984000000e-04,3.415902000000e-05,-8.363569000000e-05,2.471800000000e-05,9.409300000000e-06,-4.407960000000e-05,2.760557000000e-05,-7.288449000000e-05,2.157500000000e-05,6.014300000000e-06,-2.449365000000e-04,4.451681000000e-05,-6.051012000000e-05,3.377300000000e-05,1.071100000000e-05
138,1.380000000000e-02,1.915210000000e-04,6.052450000000e-05,5.066688000000e-05,5.439200000000e-05,6.114900000000e-06,-1.649837000000e-04,5.652247000000e-05,-1.116792000000e-05,4.790800000000e-05,8.586300000000e-06,3.074130000000e-05,3.882694000000e-05,-1.247635000000e-05,3.314000000000e-05,5.669900000000e-06,-1.198815000000e-04,5.788003000000e-05,-8.591976000000e-06,4.802700000000e-05,9.824200000000e-06
139,1.390000000000e-02,3.274798000000e-04,7.832642000000e-05,1.156642000000e-04,7.261300000000e-05,5.698800000000e-06,-4.300760000000e-05,7.175184000000e-05,2.521069000000e-05,6.387400000000e-05,7.853500000000e-06,1.686333000000e-04,5.801929000000e-05,5.862992000000e-05,5.266700000000e-05,5.336800000000e-06,-1.013260000000e-05,7.175383000000e-05,2.340122000000e-05,6.276300000000e-05,8.965400000000e-06
140,1.400000000000e-02,2.951870000000e-04,7.921524000000e-05,1.020764000000e-04,7.399600000000e-05,5.207800000000e-06,1.266900000000e-06,7.249683000000e-05,1.899284000000e-05,6.561600000000e-05,6.860900000000e-06,1.652954000000e-04,7.054037000000e-05,8.478436000000e-05,6.572100000000e-05,4.808300000000e-06,2.974210000000e-05,7.208816000000e-05,1.542865000000e-05,6.426600000000e-05,7.803300000000e-06
141,1.410000000000e-02,2.548680000000e-04,7.997546000000e-05,9.598334000000e-05,7.526900000000e-05,4.698400000000e-06,-2.201180000000e-05,7.932064000000e-05,1.905524000000e-05,7.321900000000e-05,6.080300000000e-06,2.151728000000e-04,8.454855000000e-05,9.841401000000e-05,8.028800000000e-05,4.252200000000e-06,1.780180000000e-05,7.912635000000e-05,2.436948000000e-05,7.225800000000e-05,6.848300000000e-06
142,1.420000000000e-02,1.998218000000e-04,7.211422000000e-05,7.263800000000e-05,6.785200000000e-05,4.255200000000e-06,-9.635660000000e-05,7.064161000000e-05,-8.862227000000e-06,6.510100000000e-05,5.519700000000e-06,2.539000000000e-04,8.844819000000e-05,9.555296000000e-05,8.468000000000e-05,3.761700000000e-06,-2.177610000000e-05,7.889184000000e-05,1.193097000000e-05,7.277400000000e-05,6.098000000000e-06
143,1.430000000000e-02,1.557108000000e-04,6.275459000000e-05,4.899538000000e-05,5.878400000000e-05,3.965200000000e-06,-1.198435000000e-04,6.232700000000e-05,-1.573011000000e-05,5.726200000000e-05,5.046400000000e-06,2.480503000000e-04,8.053612000000e-05,7.886537000000e-05,7.711400000000e-05,3.415900000000e-06,-5.374560000000e-05,7.211581000000e-05,4.219252000000e-06,6.656100000000e-05,5.537200000000e-06
144,1.440000000000e-02,9.651440000000e-05,5.560314000000e-05,2.915149000000e-05,5.183500000000e-05,3.761100000000e-06,-1.003274000000e-04,6.005656000000e-05,3.026287000000e-06,5.541400000000e-05,4.627700000000e-06,2.054486000000e-04,7.161371000000e-05,6.536920000000e-05,6.846000000000e-05,3.148600000000e-06,-6.969040000000e-05,6.528703000000e-05,1.474317000000e-05,6.027800000000e-05,4.994000000000e-06
145,1.450000000000e-02,3.245640000000e-05,4.943355000000e-05,8.269919000000e-06,4.583600000000e-05,3.591800000000e-06,-4.890910000000e-05,6.377303000000e-05,3.900293000000e-05,5.950300000000e-05,4.258100000000e-06,1.328446000000e-04,6.235282000000e-05,4.184686000000e-05,5.941300000000e-05,2.935600000000e-06,-6.580210000000e-05,5.999271000000e-05,3.030190000000e-05,5.547800000000e-05,4.501800000000e-06
146,1.460000000000e-02,-1.161340000000e-05,4.356743000000e-05,-7.915601000000e-06,4.009900000000e-05,3.463300000000e-06,2.230920000000e-05,7.540926000000e-05,7.232028000000e-05,7.144700000000e-05,3.951300000000e-06,8.680790000000e-05,5.660411000000e-05,2.493667000000e-05,5.383900000000e-05,2.761700000000e-06,-3.876430000000e-05,6.360375000000e-05,4.746737000000e-05,5.958900000000e-05,4.004500000000e-06
147,1.470000000000e-02,-7.607900000000e-06,4.368257000000e-05,-2.061753000000e-06,4.039400000000e-05,3.283100000000e-06,6.279590000000e-05,8.261765000000e-05,8.105507000000e-05,7.893600000000e-05,3.671900000000e-06,8.119110000000e-05,5.536688000000e-05,2.615898000000e-05,5.273800000000e-05,2.625500000000e-06,-2.255350000000e-05,6.763789000000e-05,4.634280000000e-05,6.401100000000e-05,3.617400000000e-06
148,1.480000000000e-02,4.196770000000e-05,5.041812000000e-05,2.431841000000e-05,4.723200000000e-05,3.181800000000e-06,6.325590000000e-05,8.532464000000e-05,6.802430000000e-05,8.191200000000e-05,3.404400000000e-06,1.103196000000e-04,5.954172000000e-05,4.436153000000e-05,5.702700000000e-05,2.512400000000e-06,-2.117870000000e-05,6.796713000000e-05,3.269438000000e-05,6.464600000000e-05,3.312900000000e-06
149,1.490000000000e-02,1.152191000000e-04,6.063190000000e-05,5.639424000000e-05,5.754400000000e-05,3.084600000000e-06,3.566990000000e-05,8.539747000000e-05,4.370583000000e-05,8.239800000000e-05,2.991800000000e-06,1.703904000000e-04,6.815486000000e-05,7.698551000000e-05,6.574000000000e-05,2.414100000000e-06,-3.718840000000e-05,6.632856000000e-05,1.676085000000e-05,6.327400000000e-05,3.045800000000e-06
150,1.500000000000e-02,1.805690000000e-04,6.875614000000e-05,9.777089000000e-05,6.594400000000e-05,2.811500000000e-06,-8.155910000000e-05,7.106354000000e-05,1.409170000000e-06,6.855000000000e-05,2.510000000000e-06,1.815512000000e-04,6.489321000000e-05,1.113766000000e-04,6.272500000000e-05,2.168900000000e-06,-1.459475000000e-04,6.094141000000e-05,-1.468364000000e-05,5.845200000000e-05,2.486400000000e-06
151,1.510000000000e-02,1.932862000000e-04,6.756572000000e-05,9.726295000000e-05,6.494100000000e-05,2.625700000000e-06,-1.796185000000e-04,4.351793000000e-05,-3.579756000000e-05,4.141100000000e-05,2.105200000000e-06,1.763222000000e-04,6.372389000000e-05,1.147475000000e-04,6.168800000000e-05,2.038000000000e-06,-1.733845000000e-04,4.893944000000e-05,-2.606122000000e-05,4.691500000000e-05,2.023800000000e-06
152,1.520000000000e-02,1.633623000000e-04,5.629106000000e-05,6.528395000000e-05,5.382900000000e-05,2.464000000000e-06,-2.869117000000e-04,1.850742000000e-05,-7.541926000000e-05,1.673300000000e-05,1.773300000000e-06,1.534547000000e-04,5.489473000000e-05,9.262667000000e-05,5.294900000000e-05,1.947900000000e-06,-2.210021000000e-04,3.097428000000e-05,-5.333356000000e-05,2.932200000000e-05,1.650900000000e-06
153,1.530000000000e-02,1.089058000000e-04,4.658498000000e-05,3.323919000000e-05,4.424700000000e-05,2.338700000000e-06,-3.500033000000e-04,7.651870000000e-06,-1.103807000000e-04,6.124700000000e-06,1.526000000000e-06,1.226265000000e-04,4.900797000000e-05,6.001838000000e-05,4.711500000000e-05,1.894800000000e-06,-2.641496000000e-04,1.887565000000e-05,-8.676229000000e-05,1.749400000000e-05,1.380200000000e-06
154,1.540000000000e-02,8.176560000000e-05,4.648166000000e-05,1.916529000000e-05,4.424200000000e-05,2.240700000000e-06,-3.487202000000e-04,1.389649000000e-05,-1.160918000000e-04,1.252100000000e-05,1.374900000000e-06,8.827040000000e-05,5.069918000000e-05,3.485495000000e-05,4.878200000000e-05,1.920200000000e-06,-2.980581000000e-04,1.424775000000e-05,-1.125504000000e-04,1.303000000000e-05,1.217300000000e-06
155,1.550000000000e-02,7.072360000000e-05,5.029045000000e-05,2.425599000000e-05,4.807800000000e-05,2.213100000000e-06,-3.032678000000e-04,2.519969000000e-05,-1.011633000000e-04,2.390800000000e-05,1.291100000000e-06,4.948440000000e-05,5.208113000000e-05,2.203546000000e-05,5.010200000000e-05,1.982300000000e-06,-3.139209000000e-04,1.680611000000e-05,-1.201805000000e-04,1.567800000000e-05,1.127900000000e-06
156,1.560000000000e-02,9.374150000000e-05,5.929639000000e-05,4.960900000000e-05,5.707700000000e-05,2.221300000000e-06,-2.575993000000e-04,3.177653000000e-05,-7.837555000000e-05,3.053800000000e-05,1.238900000000e-06,3.071110000000e-05,5.203609000000e-05,2.665797000000e-05,4.997600000000e-05,2.062200000000e-06,-3.061235000000e-04,2.390593000000e-05,-1.026756000000e-04,2.282900000000e-05,1.076700000000e-06
157,1.570000000000e-02,1.482567000000e-04,7.181754000000e-05,8.856553000000e-05,6.958200000000e-05,2.237600000000e-06,-2.117835000000e-04,3.687697000000e-05,-5.344875000000e-05,3.570300000000e-05,1.173700000000e-06,4.249490000000e-05,5.430148000000e-05,4.764878000000e-05,5.212300000000e-05,2.180600000000e-06,-2.678387000000e-04,3.328764000000e-05,-8.255099000000e-05,3.227500000000e-05,1.012000000000e-06
158,1.580000000000e-02,2.001900000000e-04,8.230404000000e-05,1.195614000000e-04,8.005900000000e-05,2.247000000000e-06,-1.763911000000e-04,4.057896000000e-05,-3.971407000000e-05,3.947500000000e-05,1.104400000000e-06,7.039740000000e-05,5.789718000000e-05,6.939155000000e-05,5.556000000000e-05,2.339700000000e-06,-2.095376000000e-04,4.240950000000e-05,-6.699998000000e-05,4.146400000000e-05,9.457900000000e-07
159,1.590000000000e-02,2.299245000000e-04,8.829144000000e-05,1.283959000000e-04,8.604400000000e-05,2.249400000000e-06,-1.564612000000e-04,4.290090000000e-05,-4.302478000000e-05,4.185600000000e-05,1.044800000000e-06,8.611890000000e-05,5.995661000000e-05,7.553614000000e-05,5.755400000000e-05,2.404300000000e-06,-1.645888000000e-04,4.730264000000e-05,-5.843745000000e-05,4.640500000000e-05,8.978500000000e-07
160,1.600000000000e-02,1.851295000000e-04,7.483587000000e-05,6.373096000000e-05,7.254300000000e-05,2.296600000000e-06,6.611510000000e-05,6.162318000000e-05,7.056499000000e-05,6.064000000000e-05,9.785100000000e-07,3.432050000000e-05,4.807332000000e-05,1.778085000000e-05,4.553800000000e-05,2.538600000000e-06,8.884010000000e-05,7.041609000000e-05,9.042281000000e-05,6.958100000000e-05,8.311700000000e-07
161,1.610000000000e-02,1.371273000000e-04,6.707763000000e-05,5.057826000000e-05,6.473400000000e-05,2.348600000000e-06,1.237692000000e-04,7.024082000000e-05,1.154636000000e-04,6.935200000000e-05,8.834200000000e-07,2.457390000000e-05,4.882221000000e-05,2.102048000000e-05,4.618400000000e-05,2.642100000000e-06,1.801383000000e-04,7.777921000000e-05,1.477813000000e-04,7.704900000000e-05,7.256600000000e-07
162,1.620000000000e-02,8.419610000000e-05,6.209026000000e-05,4.130035000000e-05,5.967800000000e-05,2.416800000000e-06,1.366175000000e-04,6.803910000000e-05,1.080440000000e-04,6.730300000000e-05,7.312600000000e-07,3.715700000000e-05,5.494223000000e-05,3.551550000000e-05,5.221500000000e-05,2.730700000000e-06,2.141960000000e-04,7.646782000000e-05,1.406353000000e-04,7.590000000000e-05,5.629000000000e-07
163,1.630000000000e-02,5.496620000000e-05,5.880883000000e-05,3.237631000000e-05,5.634100000000e-05,2.471500000000e-06,1.422199000000e-04,6.620303000000e-05,9.100166000000e-05,6.566500000000e-05,5.325200000000e-07,5.790810000000e-05,5.579691000000e-05,4.259353000000e-05,5.302000000000e-05,2.781000000000e-06,2.291572000000e-04,7.429525000000e-05,1.268475000000e-04,7.393600000000e-05,3.539800000000e-07
164,1.640000000000e-02,6.143710000000e-05,5.941342000000e-05,2.999881000000e-05,5.691200000000e-05,2.505600000000e-06,1.464227000000e-04,6.709833000000e-05,8.429910000000e-05,6.679000000000e-05,3.031700000000e-07,9.910710000000e-05,5.794530000000e-05,5.084109000000e-05,5.517200000000e-05,2.776900000000e-06,2.240357000000e-04,7.202791000000e-05,1.110093000000e-04,7.190200000000e-05,1.211800000000e-07
165,1.650000000000e-02,7.816380000000e-05,6.002805000000e-05,2.898134000000e-05,5.750600000000e-05,2.525600000000e-06,1.699458000000e-04,7.085908000000e-05,9.690341000000e-05,7.076000000000e-05,9.562600000000e-08,1.235777000000e-04,5.968945000000e-05,4.712735000000e-05,5.695300000000e-05,2.740100000000e-06,1.924604000000e-04,7.137970000000e-05,9.701028000000e-05,7.148500000000e-05,-1.088000000000e-07
166,1.660000000000e-02,7.187200000000e-05,5.681227000000e-05,1.334988000000e-05,5.427700000000e-05,2.537800000000e-06,2.120175000000e-04,7.480062000000e-05,1.222762000000e-04,7.489800000000e-05,-1.003600000000e-07,1.080321000000e-04,5.686506000000e-05,2.338623000000e-05,5.417300000000e-05,2.695000000000e-06,1.674905000000e-04,7.060437000000e-05,8.765104000000e-05,7.091500000000e-05,-3.128500000000e-07
167,1.670000000000e-02,3.859680000000e-05,5.000958000000e-05,-1.402130000000e-05,4.746100000000e-05,2.550600000000e-06,2.534242000000e-04,7.589383000000e-05,1.458359000000e-04,7.617600000000e-05,-2.833600000000e-07,5.956190000000e-05,4.825609000000e-05,-1.294781000000e-05,4.561800000000e-05,2.640700000000e-06,1.479718000000e-04,6.952279000000e-05,8.852514000000e-05,6.999900000000e-05,-4.776400000000e-07
168,1.680000000000e-02,-4.712300000000e-06,4.347218000000e-05,-4.244447000000e-05,4.090700000000e-05,2.566800000000e-06,3.040866000000e-04,7.825120000000e-05,1.649290000000e-04,7.871100000000e-05,-4.604400000000e-07,2.674800000000e-06,3.791698000000e-05,-4.589816000000e-05,3.532700000000e-05,2.591900000000e-06,1.403982000000e-04,6.713271000000e-05,8.154546000000e-05,6.773000000000e-05,-5.988700000000e-07
169,1.690000000000e-02,-2.502510000000e-05,4.066305000000e-05,-5.508439000000e-05,3.807700000000e-05,2.587500000000e-06,3.542226000000e-04,8.129692000000e-05,1.801612000000e-04,8.194900000000e-05,-6.534900000000e-07,-3.159960000000e-05,3.222685000000e-05,-6.237535000000e-05,2.968100000000e-05,2.546700000000e-06,1.422115000000e-04,6.352621000000e-05,7.793556000000e-05,6.419800000000e-05,-6.736000000000e-07
170,1.700000000000e-02,-3.714900000000e-05,2.224290000000e-05,-5.059456000000e-05,1.960700000000e-05,2.634800000000e-06,2.404830000000e-04,7.001151000000e-05,1.026242000000e-04,7.087500000000e-05,-8.615300000000e-07,-6.146390000000e-05,1.667469000000e-05,-6.470670000000e-05,1.416400000000e-05,2.509500000000e-06,3.162760000000e-05,4.712286000000e-05,-2.988879000000e-06,4.786600000000e-05,-7.427800000000e-07
171,1.710000000000e-02,-1.285960000000e-05,3.293226000000e-05,-8.840175000000e-06,3.024800000000e-05,2.682800000000e-06,2.378583000000e-04,8.723428000000e-05,9.473199000000e-05,8.823500000000e-05,-9.988900000000e-07,-5.466570000000e-05,2.293297000000e-05,-2.550305000000e-05,2.044700000000e-05,2.484600000000e-06,7.618280000000e-05,6.589837000000e-05,2.359980000000e-05,6.663600000000e-05,-7.360800000000e-07
172,1.720000000000e-02,1.067250000000e-05,4.000488000000e-05,9.021132000000e-06,3.726800000000e-05,2.735000000000e-06,1.972897000000e-04,8.343409000000e-05,7.751578000000e-05,8.450300000000e-05,-1.066500000000e-06,-4.306460000000e-05,2.737698000000e-05,-8.575949000000e-06,2.490200000000e-05,2.472600000000e-06,1.065744000000e-04,7.116946000000e-05,5.183533000000e-05,7.183800000000e-05,-6.665800000000e-07
173,1.730000000000e-02,3.955380000000e-05,4.226737000000e-05,1.361957000000e-05,3.946600000000e-05,2.800100000000e-06,1.265123000000e-04,7.400017000000e-05,6.268760000000e-05,7.504000000000e-05,-1.036700000000e-06,-1.549980000000e-05,2.955868000000e-05,-1.025185000000e-05,2.707700000000e-05,2.480600000000e-06,1.289382000000e-04,7.430892000000e-05,8.240963000000e-05,7.484100000000e-05,-5.280600000000e-07
174,1.740000000000e-02,9.250250000000e-05,4.702468000000e-05,2.960327000000e-05,4.415900000000e-05,2.865600000000e-06,5.626430000000e-05,6.434007000000e-05,4.943689000000e-05,6.527300000000e-05,-9.281300000000e-07,2.765160000000e-05,3.480119000000e-05,-2.233733000000e-06,3.229900000000e-05,2.503100000000e-06,1.552686000000e-04,8.026267000000e-05,1.150510000000e-04,8.057000000000e-05,-3.021800000000e-07
175,1.750000000000e-02,1.532277000000e-04,5.433398000000e-05,4.735573000000e-05,5.141400000000e-05,2.919700000000e-06,-2.082200000000e-06,5.798479000000e-05,3.467718000000e-05,5.872300000000e-05,-7.339200000000e-07,6.481370000000e-05,3.958363000000e-05,6.965734000000e-06,3.705800000000e-05,2.525400000000e-06,1.745819000000e-04,8.347078000000e-05,1.282127000000e-04,8.356200000000e-05,-8.548300000000e-08
176,1.760000000000e-02,1.988781000000e-04,6.294876000000e-05,6.332154000000e-05,5.996400000000e-05,2.985900000000e-06,-6.328920000000e-05,5.053359000000e-05,4.543356000000e-06,5.096900000000e-05,-4.301600000000e-07,8.217340000000e-05,4.358587000000e-05,1.510528000000e-05,4.103600000000e-05,2.550600000000e-06,1.461849000000e-04,7.892412000000e-05,1.086083000000e-04,7.877000000000e-05,1.587200000000e-07
177,1.770000000000e-02,2.163347000000e-04,6.905840000000e-05,7.656867000000e-05,6.601100000000e-05,3.048100000000e-06,-1.338092000000e-04,3.812675000000e-05,-3.818690000000e-05,3.832800000000e-05,-1.971200000000e-07,8.605030000000e-05,4.648566000000e-05,2.043154000000e-05,4.390700000000e-05,2.579200000000e-06,7.544200000000e-05,6.790563000000e-05,5.718745000000e-05,6.752800000000e-05,3.821700000000e-07
178,1.780000000000e-02,2.087176000000e-04,6.836361000000e-05,7.662016000000e-05,6.526500000000e-05,3.099700000000e-06,-2.091445000000e-04,2.779977000000e-05,-7.492103000000e-05,2.774800000000e-05,5.587800000000e-08,8.431870000000e-05,4.763608000000e-05,2.286138000000e-05,4.502100000000e-05,2.616400000000e-06,-2.410730000000e-05,5.260327000000e-05,-5.958267000000e-06,5.200000000000e-05,6.084600000000e-07
179,1.790000000000e-02,1.892731000000e-04,6.180784000000e-05,6.778475000000e-05,5.866200000000e-05,3.148400000000e-06,-2.633811000000e-04,2.069584000000e-05,-9.895614000000e-05,2.030800000000e-05,3.915400000000e-07,8.606320000000e-05,4.725135000000e-05,2.529930000000e-05,4.459400000000e-05,2.658800000000e-06,-1.166616000000e-04,4.018291000000e-05,-4.998136000000e-05,3.922900000000e-05,9.577700000000e-07
180,1.800000000000e-02,2.170217000000e-04,6.136197000000e-05,7.895467000000e-05,5.810300000000e-05,3.253400000000e-06,-1.361279000000e-04,3.379456000000e-05,-8.000383000000e-06,3.307600000000e-05,7.221800000000e-07,1.354828000000e-04,5.388631000000e-05,4.374732000000e-05,5.111100000000e-05,2.770000000000e-06,-5.950550000000e-05,4.165801000000e-05,1.992373000000e-05,4.036200000000e-05,1.300900000000e-06
181,1.810000000000e-02,1.983094000000e-04,5.951298000000e-05,7.178016000000e-05,5.616700000000e-05,3.340400000000e-06,-1.197524000000e-04,3.948454000000e-05,3.362946000000e-05,3.849000000000e-05,9.976700000000e-07,1.537946000000e-04,5.816620000000e-05,5.295365000000e-05,5.528900000000e-05,2.870700000000e-06,-6.371910000000e-05,4.629932000000e-05,5.387859000000e-05,4.471300000000e-05,1.589600000000e-06
182,1.820000000000e-02,2.162988000000e-04,6.077288000000e-05,6.727444000000e-05,5.735900000000e-05,3.408900000000e-06,-5.961160000000e-05,5.160120000000e-05,6.892077000000e-05,5.043500000000e-05,1.167800000000e-06,1.916201000000e-04,6.178624000000e-05,5.472700000000e-05,5.883800000000e-05,2.942200000000e-06,-1.357040000000e-05,5.962972000000e-05,8.272223000000e-05,5.785600000000e-05,1.777600000000e-06
183,1.830000000000e-02,2.796259000000e-04,7.018370000000e-05,8.051484000000e-05,6.673600000000e-05,3.442400000000e-06,1.087146000000e-04,7.119694000000e-05,1.270920000000e-04,7.002000000000e-05,1.177400000000e-06,2.490173000000e-04,6.926039000000e-05,6.284084000000e-05,6.628100000000e-05,2.973600000000e-06,1.296518000000e-04,7.422017000000e-05,1.310875000000e-04,7.240900000000e-05,1.812800000000e-06
184,1.840000000000e-02,3.356579000000e-04,7.578462000000e-05,9.443608000000e-05,7.234900000000e-05,3.430700000000e-06,2.873516000000e-04,8.670476000000e-05,1.793064000000e-04,8.567600000000e-05,1.028600000000e-06,2.901577000000e-04,7.593603000000e-05,7.669225000000e-05,7.297400000000e-05,2.956300000000e-06,2.928512000000e-04,8.844226000000e-05,1.747208000000e-04,8.673900000000e-05,1.703100000000e-06
185,1.850000000000e-02,3.558389000000e-04,7.764100000000e-05,9.896761000000e-05,7.424900000000e-05,3.387100000000e-06,4.251683000000e-04,9.937983000000e-05,2.166848000000e-04,9.856200000000e-05,8.169300000000e-07,2.984206000000e-04,7.841675000000e-05,7.932937000000e-05,7.551500000000e-05,2.896100000000e-06,4.221637000000e-04,9.989679000000e-05,2.031773000000e-04,9.843400000000e-05,1.461100000000e-06
186,1.860000000000e-02,3.398475000000e-04,7.491717000000e-05,8.403750000000e-05,7.159300000000e-05,3.319000000000e-06,5.000646000000e-04,1.086562000000e-04,2.326194000000e-04,1.081000000000e-04,5.591000000000e-07,2.873399000000e-04,7.666553000000e-05,6.550503000000e-05,7.389400000000e-05,2.765300000000e-06,4.937070000000e-04,1.080637000000e-04,2.194705000000e-04,1.067900000000e-04,1.276800000000e-06
187,1.870000000000e-02,3.101540000000e-04,6.969333000000e-05,6.178567000000e-05,6.645500000000e-05,3.233900000000e-06,5.314528000000e-04,1.150137000000e-04,2.357145000000e-04,1.146700000000e-04,3.421500000000e-07,2.777980000000e-04,7.386576000000e-05,5.480401000000e-05,7.119700000000e-05,2.663400000000e-06,5.233942000000e-04,1.136117000000e-04,2.278276000000e-04,1.125200000000e-04,1.088400000000e-06
188,1.880000000000e-02,2.936715000000e-04,6.754658000000e-05,5.507335000000e-05,6.442000000000e-05,3.122100000000e-06,5.390635000000e-04,1.170137000000e-04,2.351384000000e-04,1.168700000000e-04,1.454700000000e-07,2.832287000000e-04,7.136604000000e-05,5.199976000000e-05,6.881200000000e-05,2.549900000000e-06,5.423301000000e-04,1.166563000000e-04,2.333200000000e-04,1.159300000000e-04,7.248500000000e-07
189,1.890000000000e-02,3.026382000000e-04,7.024183000000e-05,6.180074000000e-05,6.726300000000e-05,2.975100000000e-06,5.377906000000e-04,1.164461000000e-04,2.392368000000e-04,1.165300000000e-04,-8.727600000000e-08,2.984956000000e-04,7.190120000000e-05,6.120412000000e-05,6.949300000000e-05,2.404800000000e-06,5.588543000000e-04,1.166644000000e-04,2.403827000000e-04,1.161400000000e-04,5.216300000000e-07
190,1.900000000000e-02,2.322856000000e-04,4.704311000000e-05,4.030157000000e-05,4.441400000000e-05,2.636400000000e-06,2.938425000000e-04,7.658261000000e-05,9.770290000000e-05,7.704300000000e-05,-4.573900000000e-07,2.242947000000e-04,4.936059000000e-05,4.071502000000e-05,4.727600000000e-05,2.092800000000e-06,3.431253000000e-04,7.916807000000e-05,1.035686000000e-04,7.907400000000e-05,9.793800000000e-08
191,1.910000000000e-02,1.638962000000e-04,4.130091000000e-05,2.788357000000e-05,3.894500000000e-05,2.364400000000e-06,1.938516000000e-04,6.512940000000e-05,5.826037000000e-05,6.591800000000e-05,-7.851400000000e-07,1.534556000000e-04,4.104773000000e-05,3.160282000000e-05,3.919600000000e-05,1.861000000000e-06,2.264991000000e-04,6.305585000000e-05,6.352577000000e-05,6.337900000000e-05,-3.184100000000e-07
192,1.920000000000e-02,5.542240000000e-05,3.167103000000e-05,-1.461809000000e-05,2.954000000000e-05,2.138900000000e-06,1.197379000000e-04,5.492115000000e-05,2.571208000000e-05,5.599600000000e-05,-1.069900000000e-06,6.046090000000e-05,3.319794000000e-05,-8.295365000000e-07,3.152300000000e-05,1.683600000000e-06,1.235046000000e-04,5.278006000000e-05,3.013335000000e-05,5.348500000000e-05,-6.999300000000e-07
193,1.930000000000e-02,-9.224400000000e-06,3.134843000000e-05,-4.591354000000e-05,2.939600000000e-05,1.960100000000e-06,4.795250000000e-05,4.946100000000e-05,-1.141434000000e-05,5.076100000000e-05,-1.294100000000e-06,1.444830000000e-05,3.794124000000e-05,-2.492461000000e-05,3.639300000000e-05,1.555800000000e-06,3.761200000000e-05,5.055854000000e-05,-1.209289000000e-05,5.157000000000e-05,-1.006400000000e-06
194,1.940000000000e-02,-2.993550000000e-05,3.734278000000e-05,-5.927797000000e-05,3.550600000000e-05,1.844200000000e-06,-3.456520000000e-05,4.686227000000e-05,-4.599771000000e-05,4.829400000000e-05,-1.426400000000e-06,7.828400000000e-06,4.528262000000e-05,-3.092513000000e-05,4.380200000000e-05,1.488600000000e-06,-4.832400000000e-05,4.526365000000e-05,-5.185826000000e-05,4.645600000000e-05,-1.187400000000e-06
195,1.950000000000e-02,-4.860600000000e-05,4.047486000000e-05,-6.704698000000e-05,3.871000000000e-05,1.772900000000e-06,-1.189967000000e-04,4.370672000000e-05,-8.055191000000e-05,4.520500000000e-05,-1.493300000000e-06,9.894000000000e-06,5.017730000000e-05,-3.137908000000e-05,4.872400000000e-05,1.461100000000e-06,-1.190658000000e-04,3.903944000000e-05,-7.864156000000e-05,4.035100000000e-05,-1.306300000000e-06
196,1.960000000000e-02,-4.002950000000e-05,4.851904000000e-05,-6.316220000000e-05,4.681200000000e-05,1.714500000000e-06,-1.915387000000e-04,3.813404000000e-05,-1.143563000000e-04,3.967200000000e-05,-1.533100000000e-06,2.572820000000e-05,5.726789000000e-05,-2.889024000000e-05,5.582100000000e-05,1.454800000000e-06,-1.788933000000e-04,3.696024000000e-05,-9.955173000000e-05,3.834300000000e-05,-1.377300000000e-06
197,1.970000000000e-02,-1.993620000000e-05,5.560231000000e-05,-4.846925000000e-05,5.394800000000e-05,1.662200000000e-06,-2.500773000000e-04,3.241181000000e-05,-1.401758000000e-04,3.399900000000e-05,-1.582900000000e-06,3.729720000000e-05,6.190761000000e-05,-2.214035000000e-05,6.045600000000e-05,1.459400000000e-06,-2.165961000000e-04,3.496749000000e-05,-1.138449000000e-04,3.640200000000e-05,-1.429400000000e-06
198,1.980000000000e-02,1.942000000000e-07,5.858930000000e-05,-2.496952000000e-05,5.698000000000e-05,1.616400000000e-06,-2.884660000000e-04,2.906377000000e-05,-1.495491000000e-04,3.067300000000e-05,-1.606300000000e-06,3.837670000000e-05,6.482516000000e-05,-8.873615000000e-06,6.336700000000e-05,1.465300000000e-06,-2.171213000000e-04,3.442498000000e-05,-1.103781000000e-04,3.591300000000e-05,-1.484500000000e-06
199,1.990000000000e-02,1.537970000000e-05,6.058788000000e-05,-5.404423000000e-06,5.902700000000e-05,1.568800000000e-06,-2.946926000000e-04,2.894952000000e-05,-1.363638000000e-04,3.057200000000e-05,-1.618700000000e-06,2.865440000000e-05,6.664789000000e-05,-1.678286000000e-06,6.518900000000e-05,1.465900000000e-06,-1.913869000000e-04,3.732305000000e-05,-8.847549000000e-05,3.883500000000e-05,-1.508000000000e-06
200,2.000000000000e-02,1.473045000000e-04,9.707681000000e-05,8.674535000000e-05,9.546500000000e-05,1.607200000000e-06,-2.461993000000e-04,1.781624000000e-05,-6.852906000000e-05,1.941100000000e-05,-1.592200000000e-06,1.132503000000e-04,1.019215000000e-04,7.363139000000e-05,1.003300000000e-04,1.589600000000e-06,-1.154130000000e-04,3.415123000000e-05,-1.845680000000e-05,3.565000000000e-05,-1.495000000000e-06
201,2.010000000000e-02,2.132573000000e-04,1.124444000000e-04,1.393638000000e-04,1.108500000000e-04,1.583400000000e-06,-2.090002000000e-04,2.218762000000e-05,-8.377293000000e-06,2.370900000000e-05,-1.520700000000e-06,1.729188000000e-04,1.118339000000e-04,1.239732000000e-04,1.102000000000e-04,1.627700000000e-06,-1.019026000000e-04,3.737445000000e-05,2.048573000000e-05,3.880600000000e-05,-1.429100000000e-06
202,2.020000000000e-02,2.584532000000e-04,1.208871000000e-04,1.679739000000e-04,1.193700000000e-04,1.508500000000e-06,-1.685733000000e-04,3.460791000000e-05,1.178238000000e-05,3.603400000000e-05,-1.424200000000e-06,2.101651000000e-04,1.130362000000e-04,1.525501000000e-04,1.114300000000e-04,1.598600000000e-06,-7.535110000000e-05,4.877960000000e-05,2.648305000000e-05,5.012200000000e-05,-1.341000000000e-06
203,2.030000000000e-02,2.608542000000e-04,1.170956000000e-04,1.576016000000e-04,1.156900000000e-04,1.396600000000e-06,-9.938720000000e-05,4.733854000000e-05,1.970649000000e-05,4.865600000000e-05,-1.315400000000e-06,2.210864000000e-04,1.079409000000e-04,1.486740000000e-04,1.064100000000e-04,1.521000000000e-06,-4.066050000000e-05,6.023187000000e-05,2.426024000000e-05,6.147000000000e-05,-1.237200000000e-06
204,2.040000000000e-02,2.279127000000e-04,1.061788000000e-04,1.291913000000e-04,1.048900000000e-04,1.282500000000e-06,-5.159140000000e-05,5.204512000000e-05,1.715020000000e-05,5.326000000000e-05,-1.213600000000e-06,2.096961000000e-04,1.011084000000e-04,1.344143000000e-04,9.969000000000e-05,1.408600000000e-06,-2.454890000000e-05,6.047248000000e-05,6.555028000000e-06,6.160600000000e-05,-1.132200000000e-06
205,2.050000000000e-02,1.836368000000e-04,9.635988000000e-05,1.086531000000e-04,9.516500000000e-05,1.185900000000e-06,-2.532180000000e-05,5.111649000000e-05,2.248404000000e-05,5.223500000000e-05,-1.116500000000e-06,1.677276000000e-04,9.227872000000e-05,1.186464000000e-04,9.096700000000e-05,1.301500000000e-06,-3.186510000000e-05,5.366299000000e-05,-9.883779000000e-06,5.471000000000e-05,-1.045500000000e-06
206,2.060000000000e-02,1.072794000000e-04,8.499584000000e-05,8.279081000000e-05,8.387100000000e-05,1.114600000000e-06,5.549600000000e-06,5.328781000000e-05,4.172092000000e-05,5.427200000000e-05,-9.817700000000e-07,1.150492000000e-04,8.529397000000e-05,9.867354000000e-05,8.406700000000e-05,1.216400000000e-06,-2.625860000000e-05,5.167672000000e-05,-2.171796000000e-06,5.263600000000e-05,-9.570000000000e-07
207,2.070000000000e-02,5.391050000000e-05,7.789691000000e-05,5.746937000000e-05,7.681700000000e-05,1.070500000000e-06,4.878340000000e-05,5.943184000000e-05,6.833214000000e-05,6.032400000000e-05,-8.902500000000e-07,7.401240000000e-05,7.540080000000e-05,6.510496000000e-05,7.422100000000e-05,1.168900000000e-06,-4.358700000000e-06,5.559453000000e-05,2.128067000000e-05,5.647600000000e-05,-8.801500000000e-07
208,2.080000000000e-02,3.003580000000e-05,7.438794000000e-05,4.165479000000e-05,7.334000000000e-05,1.037600000000e-06,9.121620000000e-05,6.715186000000e-05,8.781732000000e-05,6.796400000000e-05,-8.094400000000e-07,4.044720000000e-05,6.861063000000e-05,4.669401000000e-05,6.746300000000e-05,1.136700000000e-06,4.309000000000e-05,6.384014000000e-05,4.963270000000e-05,6.466100000000e-05,-8.187000000000e-07
209,2.090000000000e-02,3.347410000000e-05,7.245120000000e-05,4.038437000000e-05,7.143300000000e-05,1.007900000000e-06,1.280779000000e-04,7.217577000000e-05,9.623055000000e-05,7.289300000000e-05,-7.134200000000e-07,3.195070000000e-05,6.801689000000e-05,4.087111000000e-05,6.689800000000e-05,1.108600000000e-06,1.003055000000e-04,7.456484000000e-05,7.474855000000e-05,7.534100000000e-05,-7.748200000000e-07
210,2.100000000000e-02,-2.856240000000e-05,4.173731000000e-05,-3.322321000000e-05,4.081100000000e-05,9.230000000000e-07,3.397190000000e-05,5.211345000000e-05,2.076509000000e-05,5.280200000000e-05,-6.814600000000e-07,-1.444040000000e-05,4.444885000000e-05,-2.859671000000e-05,4.341100000000e-05,1.034200000000e-06,2.443500000000e-06,6.233909000000e-05,2.285995000000e-05,6.313400000000e-05,-7.892900000000e-07
211,2.110000000000e-02,-2.935450000000e-05,4.280534000000e-05,-3.995850000000e-05,4.194200000000e-05,8.620900000000e-07,-1.097350000000e-05,5.165409000000e-05,7.214961000000e-06,5.233000000000e-05,-6.689800000000e-07,-3.579170000000e-05,4.534298000000e-05,-4.742847000000e-05,4.435800000000e-05,9.833400000000e-07,-8.505100000000e-06,6.443893000000e-05,2.900883000000e-05,6.530100000000e-05,-8.544100000000e-07
212,2.120000000000e-02,-3.748250000000e-05,3.905667000000e-05,-3.703637000000e-05,3.823400000000e-05,8.223700000000e-07,-5.374440000000e-05,4.414084000000e-05,-1.289452000000e-05,4.478400000000e-05,-6.357200000000e-07,-6.488930000000e-05,3.896663000000e-05,-5.212162000000e-05,3.801800000000e-05,9.473300000000e-07,-2.512700000000e-05,5.452487000000e-05,8.753278000000e-06,5.543800000000e-05,-9.063300000000e-07
213,2.130000000000e-02,-2.564070000000e-05,4.178163000000e-05,-2.269537000000e-05,4.095100000000e-05,8.302000000000e-07,-7.369030000000e-05,4.484610000000e-05,-2.538803000000e-05,4.541500000000e-05,-5.629500000000e-07,-5.042230000000e-05,4.202251000000e-05,-3.272080000000e-05,4.105600000000e-05,9.658300000000e-07,-4.978410000000e-05,4.678535000000e-05,-1.936478000000e-05,4.770200000000e-05,-9.106500000000e-07
214,2.140000000000e-02,2.030160000000e-05,5.180703000000e-05,2.101814000000e-06,5.093300000000e-05,8.733900000000e-07,-1.126141000000e-04,4.193399000000e-05,-5.770141000000e-05,4.243500000000e-05,-4.949400000000e-07,1.371640000000e-05,5.718385000000e-05,4.524442000000e-06,5.615500000000e-05,1.028300000000e-06,-8.979280000000e-05,4.006631000000e-05,-5.214568000000e-05,4.097000000000e-05,-8.964900000000e-07
215,2.150000000000e-02,8.165440000000e-05,6.292701000000e-05,3.094803000000e-05,6.197600000000e-05,9.512900000000e-07,-1.792808000000e-04,3.371801000000e-05,-1.070690000000e-04,3.417800000000e-05,-4.542900000000e-07,8.814090000000e-05,7.205065000000e-05,3.324744000000e-05,7.092900000000e-05,1.121600000000e-06,-1.657154000000e-04,2.849546000000e-05,-9.981115000000e-05,2.938400000000e-05,-8.833900000000e-07
216,2.160000000000e-02,1.359153000000e-04,7.221633000000e-05,5.944324000000e-05,7.121900000000e-05,9.971900000000e-07,-2.613378000000e-04,2.229323000000e-05,-1.587199000000e-04,2.273700000000e-05,-4.393000000000e-07,1.516786000000e-04,8.176179000000e-05,5.118087000000e-05,8.053800000000e-05,1.224200000000e-06,-2.556324000000e-04,1.318607000000e-05,-1.504263000000e-04,1.405600000000e-05,-8.634800000000e-07
217,2.170000000000e-02,1.839675000000e-04,8.077477000000e-05,8.016760000000e-05,7.969400000000e-05,1.081500000000e-06,-3.277066000000e-04,1.362805000000e-05,-1.909959000000e-04,1.406600000000e-05,-4.324700000000e-07,1.877487000000e-04,8.834681000000e-05,6.170964000000e-05,8.697500000000e-05,1.372200000000e-06,-3.466947000000e-04,-2.045750000000e-06,-1.901791000000e-04,-1.220000000000e-06,-8.196100000000e-07
218,2.180000000000e-02,1.979476000000e-04,8.691068000000e-05,8.235436000000e-05,8.578000000000e-05,1.131800000000e-06,-3.992658000000e-04,3.504800000000e-06,-2.124934000000e-04,3.924100000000e-06,-4.148400000000e-07,1.726490000000e-04,8.684177000000e-05,5.669785000000e-05,8.530900000000e-05,1.534000000000e-06,-4.377323000000e-04,-1.341378000000e-05,-2.203131000000e-04,-1.267900000000e-05,-7.292700000000e-07
219,2.190000000000e-02,1.652768000000e-04,8.701220000000e-05,6.059353000000e-05,8.577000000000e-05,1.242500000000e-06,-4.813118000000e-04,-7.951930000000e-06,-2.366090000000e-04,-7.569500000000e-06,-3.792900000000e-07,1.116740000000e-04,8.046024000000e-05,3.246365000000e-05,7.877400000000e-05,1.687300000000e-06,-5.143677000000e-04,-1.983269000000e-05,-2.431094000000e-04,-1.920600000000e-05,-6.217800000000e-07
220,2.200000000000e-02,8.477480000000e-05,7.676576000000e-05,7.925678000000e-05,7.544600000000e-05,1.316500000000e-06,-4.469941000000e-04,5.823680000000e-06,-1.585552000000e-04,6.062200000000e-06,-2.419400000000e-07,-6.179300000000e-06,7.346303000000e-05,4.077665000000e-05,7.156100000000e-05,1.898800000000e-06,-4.648170000000e-04,5.631080000000e-06,-1.618254000000e-04,6.030600000000e-06,-4.031400000000e-07
221,2.210000000000e-02,4.841970000000e-05,7.386923000000e-05,6.654886000000e-05,7.244200000000e-05,1.425200000000e-06,-4.164199000000e-04,1.105145000000e-05,-1.265928000000e-04,1.111300000000e-05,-6.943700000000e-08,-6.505660000000e-05,6.299404000000e-05,2.133017000000e-05,6.085400000000e-05,2.137200000000e-06,-3.780288000000e-04,2.085260000000e-05,-1.135184000000e-04,2.100800000000e-05,-1.631300000000e-07
222,2.220000000000e-02,2.022730000000e-05,7.017928000000e-05,4.828922000000e-05,6.863200000000e-05,1.544000000000e-06,-3.258401000000e-04,2.592886000000e-05,-9.215467000000e-05,2.578600000000e-05,1.335400000000e-07,-9.310750000000e-05,5.633882000000e-05,3.146717000000e-06,5.396400000000e-05,2.372800000000e-06,-2.278268000000e-04,4.216350000000e-05,-6.803491000000e-05,4.207300000000e-05,8.221000000000e-08
223,2.230000000000e-02,3.305900000000e-05,7.406187000000e-05,4.896866000000e-05,7.241200000000e-05,1.647900000000e-06,-2.116422000000e-04,4.583878000000e-05,-4.152155000000e-05,4.549300000000e-05,3.367100000000e-07,-7.673440000000e-05,5.804185000000e-05,-1.089859000000e-06,5.546400000000e-05,2.576700000000e-06,-9.116820000000e-05,6.085646000000e-05,-1.817077000000e-05,6.057200000000e-05,2.764000000000e-07
224,2.240000000000e-02,5.487570000000e-05,7.844382000000e-05,4.469220000000e-05,7.673700000000e-05,1.704900000000e-06,-1.118992000000e-04,5.979657000000e-05,6.435384000000e-06,5.927300000000e-05,5.158100000000e-07,-6.569220000000e-05,6.239456000000e-05,-1.364902000000e-05,5.968200000000e-05,2.710300000000e-06,8.795400000000e-06,7.464668000000e-05,3.249556000000e-05,7.418800000000e-05,4.503400000000e-07
225,2.250000000000e-02,7.784490000000e-05,8.128618000000e-05,2.963918000000e-05,7.956700000000e-05,1.716900000000e-06,-3.771890000000e-05,7.200953000000e-05,4.836789000000e-05,7.131000000000e-05,6.916900000000e-07,-6.364910000000e-05,6.205036000000e-05,-3.746471000000e-05,5.926400000000e-05,2.785100000000e-06,6.746630000000e-05,8.688263000000e-05,7.271685000000e-05,8.630600000000e-05,5.684800000000e-07
226,2.260000000000e-02,6.978620000000e-05,7.474637000000e-05,1.181674000000e-06,7.304800000000e-05,1.695700000000e-06,3.782600000000e-06,8.315847000000e-05,7.045231000000e-05,8.224300000000e-05,9.077300000000e-07,-7.708260000000e-05,5.572621000000e-05,-6.161698000000e-05,5.290200000000e-05,2.821900000000e-06,8.357560000000e-05,9.399005000000e-05,9.328166000000e-05,9.326000000000e-05,7.223200000000e-07
227,2.270000000000e-02,5.958700000000e-05,6.954032000000e-05,-1.105692000000e-05,6.790800000000e-05,1.630000000000e-06,1.549260000000e-05,8.822642000000e-05,7.135861000000e-05,8.706300000000e-05,1.155000000000e-06,-8.347580000000e-05,5.279643000000e-05,-6.724439000000e-05,4.996900000000e-05,2.824600000000e-06,6.068800000000e-05,9.327757000000e-05,8.704020000000e-05,9.242400000000e-05,8.468900000000e-07
228,2.280000000000e-02,3.992780000000e-05,6.677109000000e-05,-1.369693000000e-05,6.519100000000e-05,1.577700000000e-06,1.448500000000e-06,8.793624000000e-05,6.239393000000e-05,8.656600000000e-05,1.364000000000e-06,-6.519970000000e-05,5.562353000000e-05,-5.209503000000e-05,5.281400000000e-05,2.807500000000e-06,9.435100000000e-06,8.753075000000e-05,6.480582000000e-05,8.654300000000e-05,9.813100000000e-07
229,2.290000000000e-02,4.480120000000e-05,6.856554000000e-05,-6.540607000000e-07,6.703500000000e-05,1.528000000000e-06,-3.295840000000e-05,8.446133000000e-05,4.195612000000e-05,8.292100000000e-05,1.533400000000e-06,-2.178370000000e-05,5.899110000000e-05,-2.642259000000e-05,5.620700000000e-05,2.781300000000e-06,-3.788880000000e-05,8.100646000000e-05,4.080291000000e-05,7.987300000000e-05,1.125600000000e-06
230,2.300000000000e-02,4.455600000000e-06,5.859614000000e-05,-1.199626000000e-05,5.705100000000e-05,1.548000000000e-06,-1.194231000000e-04,7.225422000000e-05,-1.377232000000e-06,7.052900000000e-05,1.712200000000e-06,-3.921000000000e-06,5.674251000000e-05,-5.611071000000e-06,5.395700000000e-05,2.787500000000e-06,-9.018940000000e-05,7.356724000000e-05,1.730310000000e-05,7.229100000000e-05,1.263000000000e-06
231,2.310000000000e-02,-3.066810000000e-05,4.923835000000e-05,-1.936033000000e-05,4.772400000000e-05,1.516900000000e-06,-1.737659000000e-04,6.634407000000e-05,-2.326124000000e-05,6.447900000000e-05,1.852000000000e-06,8.031400000000e-06,5.745697000000e-05,1.242488000000e-05,5.474900000000e-05,2.712000000000e-06,-1.407188000000e-04,6.586856000000e-05,-1.118537000000e-05,6.448600000000e-05,1.370200000000e-06
232,2.320000000000e-02,-3.760820000000e-05,4.538331000000e-05,-2.524631000000e-05,4.394100000000e-05,1.445700000000e-06,-2.084169000000e-04,5.781503000000e-05,-3.788672000000e-05,5.591600000000e-05,1.887300000000e-06,6.360620000000e-05,6.238735000000e-05,3.489320000000e-05,5.981200000000e-05,2.578600000000e-06,-1.515914000000e-04,5.938060000000e-05,-2.461856000000e-05,5.799100000000e-05,1.379100000000e-06
233,2.330000000000e-02,-2.099900000000e-06,4.709963000000e-05,-8.418679000000e-06,4.577800000000e-05,1.324000000000e-06,-1.867375000000e-04,5.562581000000e-05,-3.513556000000e-05,5.377000000000e-05,1.844300000000e-06,1.217987000000e-04,6.352257000000e-05,5.121964000000e-05,6.114800000000e-05,2.378000000000e-06,-1.196273000000e-04,5.795877000000e-05,-1.977030000000e-05,5.663000000000e-05,1.317800000000e-06
234,2.340000000000e-02,5.382740000000e-05,5.421126000000e-05,2.265829000000e-05,5.304700000000e-05,1.167600000000e-06,-1.386755000000e-04,5.789041000000e-05,-2.871176000000e-05,5.608400000000e-05,1.795900000000e-06,1.638258000000e-04,6.739867000000e-05,7.131597000000e-05,6.520900000000e-05,2.194200000000e-06,-8.259440000000e-05,5.814577000000e-05,-1.650619000000e-05,5.687500000000e-05,1.260800000000e-06
235,2.350000000000e-02,1.057353000000e-04,6.142417000000e-05,4.896343000000e-05,6.038900000000e-05,1.038400000000e-06,-8.009080000000e-05,6.378798000000e-05,-2.251613000000e-05,6.200800000000e-05,1.769600000000e-06,1.872391000000e-04,7.094784000000e-05,8.404314000000e-05,6.893100000000e-05,2.020100000000e-06,-5.124050000000e-05,5.893481000000e-05,-1.526391000000e-05,5.767800000000e-05,1.247800000000e-06
236,2.360000000000e-02,1.362019000000e-04,6.759230000000e-05,6.290092000000e-05,6.664800000000e-05,9.485000000000e-07,-1.860360000000e-05,7.011639000000e-05,-9.571384000000e-06,6.834600000000e-05,1.761600000000e-06,1.955886000000e-04,7.463559000000e-05,8.975822000000e-05,7.277000000000e-05,1.870000000000e-06,-1.995770000000e-05,6.010799000000e-05,-9.430165000000e-06,5.883000000000e-05,1.270200000000e-06
237,2.370000000000e-02,1.199464000000e-04,6.693009000000e-05,5.350419000000e-05,6.605200000000e-05,8.817600000000e-07,4.736840000000e-05,7.491059000000e-05,1.230147000000e-05,7.314100000000e-05,1.759700000000e-06,1.681649000000e-04,7.378030000000e-05,7.800773000000e-05,7.209200000000e-05,1.692200000000e-06,1.581200000000e-05,6.266042000000e-05,6.974887000000e-06,6.134400000000e-05,1.308400000000e-06
238,2.380000000000e-02,7.885890000000e-05,6.244096000000e-05,3.490581000000e-05,6.159300000000e-05,8.518100000000e-07,1.188814000000e-04,7.948274000000e-05,4.192992000000e-05,7.771600000000e-05,1.757000000000e-06,1.266629000000e-04,7.069624000000e-05,5.717857000000e-05,6.913000000000e-05,1.569600000000e-06,7.317510000000e-05,6.670008000000e-05,3.134211000000e-05,6.535400000000e-05,1.337000000000e-06
239,2.390000000000e-02,4.655310000000e-05,5.758893000000e-05,2.384104000000e-05,5.674300000000e-05,8.495600000000e-07,1.827875000000e-04,8.313477000000e-05,7.008528000000e-05,8.137100000000e-05,1.754500000000e-06,8.672070000000e-05,6.756726000000e-05,4.100536000000e-05,6.607600000000e-05,1.495900000000e-06,1.357728000000e-04,6.871760000000e-05,5.752898000000e-05,6.734300000000e-05,1.366500000000e-06
240,2.400000000000e-02,5.214300000000e-05,6.315070000000e-05,7.651320000000e-06,6.235500000000e-05,8.012100000000e-07,2.736204000000e-04,6.860579000000e-05,1.021776000000e-04,6.680300000000e-05,1.791700000000e-06,4.735930000000e-05,5.959629000000e-05,-5.339881000000e-06,5.825700000000e-05,1.346800000000e-06,2.275292000000e-04,5.547628000000e-05,1.016204000000e-04,5.399500000000e-05,1.470400000000e-06
241,2.410000000000e-02,2.608020000000e-05,7.383269000000e-05,1.367862000000e-05,7.297200000000e-05,8.685700000000e-07,3.269487000000e-04,7.090534000000e-05,1.400012000000e-04,6.901300000000e-05,1.880700000000e-06,1.911970000000e-05,6.420384000000e-05,-5.975571000000e-07,6.290900000000e-05,1.302500000000e-06,2.888109000000e-04,5.863212000000e-05,1.389193000000e-04,5.700300000000e-05,1.617600000000e-06
242,2.420000000000e-02,4.384000000000e-07,6.707368000000e-05,-1.213606000000e-05,6.606100000000e-05,1.020200000000e-06,3.058017000000e-04,7.449464000000e-05,1.476161000000e-04,7.247800000000e-05,2.005700000000e-06,-2.621310000000e-05,5.825106000000e-05,-3.377108000000e-05,5.692200000000e-05,1.336600000000e-06,2.963664000000e-04,6.453344000000e-05,1.474439000000e-04,6.272700000000e-05,1.796000000000e-06
243,2.430000000000e-02,-2.739730000000e-05,5.615378000000e-05,-3.835627000000e-05,5.494200000000e-05,1.219600000000e-06,3.315247000000e-04,8.576363000000e-05,1.515786000000e-04,8.359800000000e-05,2.155400000000e-06,-7.277510000000e-05,4.841922000000e-05,-6.203364000000e-05,4.700700000000e-05,1.419800000000e-06,3.057597000000e-04,6.966388000000e-05,1.459699000000e-04,6.765700000000e-05,1.996900000000e-06
244,2.440000000000e-02,-5.061850000000e-05,5.312569000000e-05,-5.299705000000e-05,5.171800000000e-05,1.415300000000e-06,3.821992000000e-04,9.682371000000e-05,1.645887000000e-04,9.451300000000e-05,2.300700000000e-06,-8.834370000000e-05,4.790904000000e-05,-6.596912000000e-05,4.641400000000e-05,1.501900000000e-06,3.399737000000e-04,7.472940000000e-05,1.547490000000e-04,7.252500000000e-05,2.195900000000e-06
245,2.450000000000e-02,-9.473540000000e-05,5.318696000000e-05,-7.150477000000e-05,5.158600000000e-05,1.606700000000e-06,4.254084000000e-04,1.059201000000e-04,1.821126000000e-04,1.035100000000e-04,2.396300000000e-06,-1.050556000000e-04,5.142238000000e-05,-6.605100000000e-05,4.988000000000e-05,1.548700000000e-06,3.959404000000e-04,7.904901000000e-05,1.851441000000e-04,7.668600000000e-05,2.354400000000e-06
246,2.460000000000e-02,-1.433755000000e-04,5.571489000000e-05,-8.917192000000e-05,5.397600000000e-05,1.743800000000e-06,4.685040000000e-04,1.131984000000e-04,1.981547000000e-04,1.107100000000e-04,2.482700000000e-06,-1.309748000000e-04,5.481933000000e-05,-7.428189000000e-05,5.327200000000e-05,1.552800000000e-06,4.710237000000e-04,8.454537000000e-05,2.293807000000e-04,8.202600000000e-05,2.512100000000e-06
247,2.470000000000e-02,-1.772705000000e-04,5.669386000000e-05,-1.111003000000e-04,5.483500000000e-05,1.863400000000e-06,5.037441000000e-04,1.190787000000e-04,2.072038000000e-04,1.165000000000e-04,2.567500000000e-06,-1.458048000000e-04,5.645713000000e-05,-8.503900000000e-05,5.494600000000e-05,1.515800000000e-06,5.315963000000e-04,9.016989000000e-05,2.629176000000e-04,8.751700000000e-05,2.645100000000e-06
248,2.480000000000e-02,-1.912821000000e-04,5.880032000000e-05,-1.164928000000e-04,5.687100000000e-05,1.932300000000e-06,5.008485000000e-04,1.199920000000e-04,2.039291000000e-04,1.173300000000e-04,2.648700000000e-06,-1.520444000000e-04,5.740235000000e-05,-8.653776000000e-05,5.595500000000e-05,1.451900000000e-06,5.658493000000e-04,9.386682000000e-05,2.714495000000e-04,9.107400000000e-05,2.784900000000e-06
249,2.490000000000e-02,-1.812600000000e-04,6.193348000000e-05,-1.009206000000e-04,5.996900000000e-05,1.968700000000e-06,4.777500000000e-04,1.139796000000e-04,1.936733000000e-04,1.112100000000e-04,2.765000000000e-06,-1.591315000000e-04,5.689357000000e-05,-8.125470000000e-05,5.551700000000e-05,1.381400000000e-06,5.670096000000e-04,9.534248000000e-05,2.567164000000e-04,9.232700000000e-05,3.007900000000e-06
250,2.500000000000e-02,-1.568681000000e-04,4.850642000000e-05,-4.065315000000e-05,4.651700000000e-05,1.992900000000e-06,2.669613000000e-04,7.839650000000e-05,8.237294000000e-05,7.547800000000e-05,2.918300000000e-06,-1.513564000000e-04,4.768976000000e-05,-1.754677000000e-05,4.641000000000e-05,1.283600000000e-06,3.055423000000e-04,7.004805000000e-05,6.220215000000e-05,6.685800000000e-05,3.193600000000e-06
251,2.510000000000e-02,-9.161960000000e-05,4.945952000000e-05,-2.711890000000e-06,4.747500000000e-05,1.985700000000e-06,6.473390000000e-05,6.452598000000e-05,4.552973000000e-05,6.139500000000e-05,3.135900000000e-06,-7.936490000000e-05,5.050556000000e-05,1.009876000000e-05,4.932700000000e-05,1.181200000000e-06,7.477020000000e-05,6.980667000000e-05,-2.085156000000e-05,6.638300000000e-05,3.431800000000e-06
252,2.520000000000e-02,-5.371780000000e-05,4.609867000000e-05,7.368313000000e-06,4.414700000000e-05,1.953200000000e-06,-8.611810000000e-05,5.465035000000e-05,3.601470000000e-07,5.126500000000e-05,3.389800000000e-06,-4.422190000000e-05,4.941706000000e-05,9.441584000000e-06,4.832700000000e-05,1.092000000000e-06,-9.761880000000e-05,5.917906000000e-05,-5.269794000000e-05,5.544800000000e-05,3.739700000000e-06
253,2.530000000000e-02,-4.155880000000e-05,4.648664000000e-05,1.977694000000e-05,4.456500000000e-05,1.923500000000e-06,-1.943245000000e-04,4.540019000000e-05,-4.726971000000e-05,4.176800000000e-05,3.634500000000e-06,-4.626750000000e-05,4.851620000000e-05,1.765362000000e-06,4.747900000000e-05,1.039700000000e-06,-1.740597000000e-04,4.314840000000e-05,-5.424447000000e-05,3.906100000000e-05,4.096200000000e-06
254,2.540000000000e-02,-4.690830000000e-05,4.853171000000e-05,2.581925000000e-05,4.661500000000e-05,1.917400000000e-06,-2.579455000000e-04,4.106263000000e-05,-8.127440000000e-05,3.723200000000e-05,3.831400000000e-06,-7.949360000000e-05,4.786219000000e-05,-9.005678000000e-06,4.682500000000e-05,1.038200000000e-06,-1.977992000000e-04,3.123461000000e-05,-6.121305000000e-05,2.674100000000e-05,4.502100000000e-06
255,2.550000000000e-02,-4.955540000000e-05,5.234961000000e-05,2.852420000000e-05,5.040900000000e-05,1.942900000000e-06,-3.033051000000e-04,4.095794000000e-05,-1.043797000000e-04,3.696700000000e-05,3.988500000000e-06,-1.143456000000e-04,4.766942000000e-05,-1.846376000000e-05,4.656300000000e-05,1.108400000000e-06,-1.844539000000e-04,3.188207000000e-05,-5.498538000000e-05,2.696300000000e-05,4.926100000000e-06
256,2.560000000000e-02,-4.380900000000e-05,5.668853000000e-05,2.957842000000e-05,5.470900000000e-05,1.981200000000e-06,-3.382508000000e-04,4.083766000000e-05,-1.181794000000e-04,3.670900000000e-05,4.124100000000e-06,-1.252461000000e-04,4.913730000000e-05,-2.592320000000e-05,4.793600000000e-05,1.203100000000e-06,-1.626662000000e-04,4.035217000000e-05,-4.984100000000e-05,3.493800000000e-05,5.416800000000e-06
257,2.570000000000e-02,-3.020210000000e-05,5.973112000000e-05,3.025162000000e-05,5.771700000000e-05,2.015700000000e-06,-3.959509000000e-04,3.349720000000e-05,-1.374585000000e-04,2.928100000000e-05,4.210200000000e-06,-1.220760000000e-04,4.949797000000e-05,-3.054980000000e-05,4.819900000000e-05,1.301200000000e-06,-2.073358000000e-04,4.194794000000e-05,-7.104860000000e-05,3.607400000000e-05,5.870100000000e-06
258,2.580000000000e-02,-4.622660000000e-05,5.899302000000e-05,2.152487000000e-05,5.695400000000e-05,2.040900000000e-06,-4.842842000000e-04,2.343362000000e-05,-1.616351000000e-04,1.922200000000e-05,4.204600000000e-06,-1.366802000000e-04,4.913211000000e-05,-3.436567000000e-05,4.774000000000e-05,1.394400000000e-06,-3.464340000000e-04,3.020643000000e-05,-1.396080000000e-04,2.400200000000e-05,6.193500000000e-06
259,2.590000000000e-02,-8.913050000000e-05,5.703322000000e-05,-5.367131000000e-07,5.497900000000e-05,2.056200000000e-06,-5.584499000000e-04,1.734123000000e-05,-1.808463000000e-04,1.322200000000e-05,4.111700000000e-06,-1.769953000000e-04,4.821270000000e-05,-4.645824000000e-05,4.672900000000e-05,1.485400000000e-06,-5.444521000000e-04,1.585223000000e-05,-2.239464000000e-04,9.509700000000e-06,6.326300000000e-06
260,2.600000000000e-02,-1.277396000000e-04,5.471336000000e-05,-1.722616000000e-05,5.261400000000e-05,2.100100000000e-06,-4.966896000000e-04,3.342484000000e-05,-1.041996000000e-04,2.959300000000e-05,3.830700000000e-06,-2.019370000000e-04,4.929072000000e-05,-5.282973000000e-05,4.764400000000e-05,1.647500000000e-06,-6.343322000000e-04,2.178044000000e-05,-2.022436000000e-04,1.562000000000e-05,6.146900000000e-06
261,2.610000000000e-02,-1.785131000000e-04,5.685297000000e-05,-4.318135000000e-05,5.476400000000e-05,2.089200000000e-06,-3.649285000000e-04,6.363238000000e-05,-2.971609000000e-05,6.003400000000e-05,3.598700000000e-06,-2.414486000000e-04,5.104910000000e-05,-6.455418000000e-05,4.930300000000e-05,1.745900000000e-06,-6.484537000000e-04,3.335994000000e-05,-1.921051000000e-04,2.751200000000e-05,5.833200000000e-06
262,2.620000000000e-02,-2.761888000000e-04,4.469523000000e-05,-1.015827000000e-04,4.266300000000e-05,2.031700000000e-06,-2.799639000000e-04,6.712743000000e-05,-1.847379000000e-05,6.374400000000e-05,3.384100000000e-06,-3.145571000000e-04,4.488781000000e-05,-9.687421000000e-05,4.310900000000e-05,1.778200000000e-06,-6.156773000000e-04,3.178018000000e-05,-1.794654000000e-04,2.638000000000e-05,5.386900000000e-06
263,2.630000000000e-02,-3.470205000000e-04,3.726114000000e-05,-1.316569000000e-04,3.533100000000e-05,1.929500000000e-06,-1.629988000000e-04,6.824085000000e-05,5.040939000000e-06,6.502100000000e-05,3.219800000000e-06,-3.354106000000e-04,4.384030000000e-05,-1.115728000000e-04,4.210000000000e-05,1.739500000000e-06,-4.546201000000e-04,3.776082000000e-05,-1.102393000000e-04,3.280800000000e-05,4.943100000000e-06
264,2.640000000000e-02,-3.322798000000e-04,4.286879000000e-05,-1.155547000000e-04,4.112900000000e-05,1.741500000000e-06,-4.424770000000e-05,7.322594000000e-05,4.473393000000e-05,7.012800000000e-05,3.098400000000e-06,-3.241631000000e-04,4.340944000000e-05,-1.021929000000e-04,4.179800000000e-05,1.611600000000e-06,-2.185867000000e-04,5.534094000000e-05,-8.106156000000e-06,5.074000000000e-05,4.593700000000e-06
265,2.650000000000e-02,-2.618454000000e-04,4.982860000000e-05,-7.130420000000e-05,4.837200000000e-05,1.456800000000e-06,3.566300000000e-05,8.043770000000e-05,8.108981000000e-05,7.742400000000e-05,3.013700000000e-06,-2.683995000000e-04,4.780990000000e-05,-6.219312000000e-05,4.638500000000e-05,1.425000000000e-06,-1.297140000000e-05,7.528034000000e-05,8.027649000000e-05,7.095700000000e-05,4.316400000000e-06
266,2.660000000000e-02,-1.530706000000e-04,5.967818000000e-05,-1.854227000000e-05,5.854900000000e-05,1.131100000000e-06,6.704680000000e-05,8.478043000000e-05,9.264275000000e-05,8.183600000000e-05,2.944000000000e-06,-1.789428000000e-04,5.533862000000e-05,-1.715594000000e-05,5.422200000000e-05,1.117600000000e-06,1.045326000000e-04,8.841661000000e-05,1.186733000000e-04,8.433500000000e-05,4.075700000000e-06
267,2.670000000000e-02,-4.056640000000e-05,7.204472000000e-05,2.790025000000e-05,7.130800000000e-05,7.379400000000e-07,4.013890000000e-05,8.166566000000e-05,6.975551000000e-05,7.880600000000e-05,2.859100000000e-06,-6.772570000000e-05,6.625330000000e-05,2.585453000000e-05,6.540800000000e-05,8.461600000000e-07,1.205817000000e-04,9.050464000000e-05,1.045259000000e-04,8.662300000000e-05,3.875800000000e-06
268,2.680000000000e-02,7.290010000000e-05,8.717419000000e-05,6.310047000000e-05,8.672600000000e-05,4.504400000000e-07,-2.506630000000e-05,7.237059000000e-05,2.720709000000e-05,6.957700000000e-05,2.793400000000e-06,4.897000000000e-05,7.870257000000e-05,6.122281000000e-05,7.818700000000e-05,5.172300000000e-07,6.591750000000e-05,8.354922000000e-05,5.983233000000e-05,7.985900000000e-05,3.685400000000e-06
269,2.690000000000e-02,1.688886000000e-04,9.952889000000e-05,8.865939000000e-05,9.935200000000e-05,1.793200000000e-07,-1.014104000000e-04,6.073199000000e-05,-1.928124000000e-05,5.803900000000e-05,2.693000000000e-06,1.421358000000e-04,8.869629000000e-05,8.452630000000e-05,8.841500000000e-05,2.833400000000e-07,-1.726550000000e-05,7.185537000000e-05,1.094012000000e-05,6.837700000000e-05,3.474000000000e-06
270,2.700000000000e-02,1.909773000000e-04,9.420979000000e-05,1.024164000000e-04,9.430300000000e-05,-9.545000000000e-08,-1.706887000000e-04,4.229841000000e-05,-8.579576000000e-05,3.964600000000e-05,2.648000000000e-06,1.684626000000e-04,8.353498000000e-05,1.189788000000e-04,8.357100000000e-05,-3.809900000000e-08,-1.011366000000e-04,5.163693000000e-05,-4.419538000000e-05,4.840100000000e-05,3.228100000000e-06
271,2.710000000000e-02,1.894953000000e-04,8.524662000000e-05,1.266180000000e-04,8.550400000000e-05,-2.607300000000e-07,-1.834742000000e-04,4.051891000000e-05,-8.016304000000e-05,3.792500000000e-05,2.588600000000e-06,1.762900000000e-04,7.732481000000e-05,1.424470000000e-04,7.760100000000e-05,-2.796100000000e-07,-1.249717000000e-04,4.535233000000e-05,-5.056747000000e-05,4.235100000000e-05,2.992800000000e-06
272,2.720000000000e-02,1.303318000000e-04,7.445935000000e-05,1.127363000000e-04,7.478000000000e-05,-3.249500000000e-07,-1.788347000000e-04,3.918194000000e-05,-7.493101000000e-05,3.660900000000e-05,2.567900000000e-06,1.496021000000e-04,7.315635000000e-05,1.427337000000e-04,7.359200000000e-05,-4.400600000000e-07,-1.146165000000e-04,4.357956000000e-05,-4.353020000000e-05,4.075700000000e-05,2.816300000000e-06
273,2.730000000000e-02,9.487960000000e-05,7.023862000000e-05,8.676649000000e-05,7.053800000000e-05,-3.026700000000e-07,-1.605295000000e-04,4.360185000000e-05,-6.654121000000e-05,4.101400000000e-05,2.583300000000e-06,1.543765000000e-04,7.603525000000e-05,1.375130000000e-04,7.654400000000e-05,-5.124800000000e-07,-8.874780000000e-05,4.635232000000e-05,-3.546741000000e-05,4.365300000000e-05,2.693600000000e-06
274,2.740000000000e-02,7.241660000000e-05,6.807880000000e-05,5.771717000000e-05,6.825900000000e-05,-1.839100000000e-07,-1.237669000000e-04,4.999680000000e-05,-5.000982000000e-05,4.740100000000e-05,2.591000000000e-06,1.684006000000e-04,7.938290000000e-05,1.199588000000e-04,7.990500000000e-05,-5.259400000000e-07,-7.300730000000e-05,5.119159000000e-05,-2.768235000000e-05,4.861100000000e-05,2.574900000000e-06
275,2.750000000000e-02,6.313250000000e-05,6.717685000000e-05,3.722194000000e-05,6.721900000000e-05,-4.647800000000e-08,-7.245230000000e-05,5.709205000000e-05,-2.609046000000e-05,5.451800000000e-05,2.570100000000e-06,1.605314000000e-04,7.705355000000e-05,9.100492000000e-05,7.754300000000e-05,-4.933000000000e-07,-5.652600000000e-05,5.718208000000e-05,-2.105971000000e-05,5.471500000000e-05,2.461500000000e-06
276,2.760000000000e-02,5.264990000000e-05,6.338681000000e-05,2.767539000000e-05,6.316900000000e-05,2.132700000000e-07,-1.567430000000e-05,6.287365000000e-05,-6.769690000000e-06,6.035400000000e-05,2.514900000000e-06,1.331662000000e-04,7.168979000000e-05,6.643761000000e-05,7.211500000000e-05,-4.306700000000e-07,-3.277420000000e-05,6.059717000000e-05,-2.048212000000e-05,5.824400000000e-05,2.347400000000e-06
277,2.770000000000e-02,6.626060000000e-05,6.339784000000e-05,3.669268000000e-05,6.294000000000e-05,4.530200000000e-07,4.228800000000e-05,6.831212000000e-05,6.833186000000e-06,6.589400000000e-05,2.415300000000e-06,1.060544000000e-04,6.794886000000e-05,5.972024000000e-05,6.829800000000e-05,-3.536200000000e-07,-7.364600000000e-06,5.995746000000e-05,-2.554309000000e-05,5.773900000000e-05,2.213500000000e-06
278,2.780000000000e-02,1.077906000000e-04,7.004955000000e-05,6.460426000000e-05,6.938700000000e-05,6.568100000000e-07,9.142040000000e-05,7.100353000000e-05,1.557830000000e-05,6.867800000000e-05,2.321900000000e-06,1.010738000000e-04,6.809413000000e-05,6.986247000000e-05,6.836400000000e-05,-2.754100000000e-07,2.288300000000e-05,5.787667000000e-05,-2.267199000000e-05,5.578800000000e-05,2.083900000000e-06
279,2.790000000000e-02,1.702585000000e-04,8.025585000000e-05,1.021997000000e-04,7.941500000000e-05,8.357100000000e-07,1.381896000000e-04,7.184682000000e-05,2.900779000000e-05,6.962600000000e-05,2.220100000000e-06,1.220601000000e-04,7.204112000000e-05,8.919836000000e-05,7.223400000000e-05,-1.986100000000e-07,6.566020000000e-05,5.815469000000e-05,-1.750273000000e-06,5.620000000000e-05,1.950700000000e-06
280,2.800000000000e-02,1.870545000000e-04,7.425076000000e-05,1.061466000000e-04,7.323400000000e-05,1.011400000000e-06,1.404859000000e-04,6.484888000000e-05,-4.404541000000e-06,6.290600000000e-05,1.949400000000e-06,1.199760000000e-04,6.234914000000e-05,7.670602000000e-05,6.246600000000e-05,-1.211700000000e-07,6.900300000000e-05,5.212950000000e-05,-3.146152000000e-05,5.049500000000e-05,1.640100000000e-06
281,2.810000000000e-02,2.216608000000e-04,8.602431000000e-05,1.170534000000e-04,8.489600000000e-05,1.123400000000e-06,1.245847000000e-04,6.761177000000e-05,3.034957000000e-06,6.593300000000e-05,1.687600000000e-06,1.103510000000e-04,6.929960000000e-05,8.063489000000e-05,6.936900000000e-05,-7.319900000000e-08,5.676490000000e-05,6.164388000000e-05,-2.348561000000e-05,6.028800000000e-05,1.363900000000e-06
282,2.820000000000e-02,1.671520000000e-04,7.699813000000e-05,7.702289000000e-05,7.585700000000e-05,1.135900000000e-06,6.827490000000e-05,5.697086000000e-05,-4.660660000000e-06,5.556300000000e-05,1.415900000000e-06,3.479220000000e-05,5.717591000000e-05,4.309982000000e-05,5.726900000000e-05,-9.781800000000e-08,4.502010000000e-05,6.228801000000e-05,-1.633300000000e-05,6.120600000000e-05,1.090600000000e-06
283,2.830000000000e-02,6.816620000000e-05,6.072756000000e-05,1.216548000000e-05,5.969000000000e-05,1.032700000000e-06,4.247740000000e-05,5.607396000000e-05,-2.566070000000e-06,5.495400000000e-05,1.130000000000e-06,-6.317880000000e-05,4.360149000000e-05,-1.600026000000e-05,4.379500000000e-05,-1.986400000000e-07,5.644690000000e-05,6.422288000000e-05,-4.966917000000e-06,6.341800000000e-05,8.131800000000e-07
284,2.840000000000e-02,-5.472790000000e-05,4.451948000000e-05,-5.335086000000e-05,4.362500000000e-05,8.883700000000e-07,2.477250000000e-05,6.023698000000e-05,-3.117751000000e-06,5.934300000000e-05,9.019900000000e-07,-1.653777000000e-04,3.263623000000e-05,-7.266460000000e-05,3.296100000000e-05,-3.292300000000e-07,4.985770000000e-05,6.915418000000e-05,-3.345803000000e-06,6.856100000000e-05,6.025500000000e-07
285,2.850000000000e-02,-1.643279000000e-04,3.490577000000e-05,-9.002950000000e-05,3.419700000000e-05,7.044500000000e-07,-1.627330000000e-05,6.032595000000e-05,-2.165521000000e-05,5.967700000000e-05,6.574700000000e-07,-2.439989000000e-04,2.712576000000e-05,-1.006539000000e-04,2.757300000000e-05,-4.519000000000e-07,9.161000000000e-06,6.961234000000e-05,-2.472326000000e-05,6.919600000000e-05,4.253100000000e-07
286,2.860000000000e-02,-2.206633000000e-04,3.337138000000e-05,-9.542058000000e-05,3.280700000000e-05,5.605000000000e-07,-8.136570000000e-05,5.539343000000e-05,-5.097215000000e-05,5.486400000000e-05,5.383600000000e-07,-2.909117000000e-04,2.362198000000e-05,-1.028923000000e-04,2.414100000000e-05,-5.227900000000e-07,-6.906840000000e-05,6.125768000000e-05,-5.948575000000e-05,6.096200000000e-05,3.041200000000e-07
287,2.870000000000e-02,-2.203465000000e-04,3.683672000000e-05,-7.675240000000e-05,3.640300000000e-05,4.304600000000e-07,-1.432084000000e-04,5.093111000000e-05,-7.438867000000e-05,5.049000000000e-05,4.489200000000e-07,-2.775967000000e-04,2.531421000000e-05,-7.806509000000e-05,2.586500000000e-05,-5.542400000000e-07,-1.566733000000e-04,5.204408000000e-05,-8.712412000000e-05,5.183100000000e-05,2.224300000000e-07
288,2.880000000000e-02,-1.950496000000e-04,3.877624000000e-05,-5.304778000000e-05,3.840400000000e-05,3.697200000000e-07,-1.764541000000e-04,5.165973000000e-05,-8.038634000000e-05,5.127400000000e-05,3.941400000000e-07,-2.352664000000e-04,3.114872000000e-05,-4.499800000000e-05,3.170000000000e-05,-5.541600000000e-07,-2.195270000000e-04,4.798842000000e-05,-9.792831000000e-05,4.782100000000e-05,1.766000000000e-07
289,2.890000000000e-02,-1.645124000000e-04,4.008821000000e-05,-3.395575000000e-05,3.975700000000e-05,3.286700000000e-07,-1.832354000000e-04,5.692183000000e-05,-7.324236000000e-05,5.657400000000e-05,3.570100000000e-07,-1.924931000000e-04,3.860685000000e-05,-1.892320000000e-05,3.913400000000e-05,-5.297600000000e-07,-2.430728000000e-04,5.073484000000e-05,-9.334372000000e-05,5.059400000000e-05,1.491200000000e-07
290,2.900000000000e-02,-1.206586000000e-04,3.925546000000e-05,1.304087000000e-06,3.906900000000e-05,1.891900000000e-07,-1.034995000000e-04,5.986026000000e-05,2.421198000000e-05,5.954600000000e-05,3.131500000000e-07,-1.409903000000e-04,4.236200000000e-05,9.537071000000e-06,4.293900000000e-05,-5.763600000000e-07,-1.597966000000e-04,5.420483000000e-05,8.066811000000e-06,5.406600000000e-05,1.382500000000e-07
291,2.910000000000e-02,-5.745600000000e-05,4.850841000000e-05,4.671360000000e-05,4.840100000000e-05,1.103500000000e-07,-4.401000000000e-07,6.880587000000e-05,8.462505000000e-05,6.850300000000e-05,3.000700000000e-07,-9.160950000000e-05,4.733464000000e-05,2.786030000000e-05,4.790000000000e-05,-5.625300000000e-07,-1.976340000000e-05,6.479293000000e-05,8.038036000000e-05,6.463100000000e-05,1.591000000000e-07
292,2.920000000000e-02,-4.888050000000e-05,5.300716000000e-05,4.435468000000e-05,5.292500000000e-05,8.596300000000e-08,6.944270000000e-05,8.178607000000e-05,1.102388000000e-04,8.149700000000e-05,2.866500000000e-07,-1.084618000000e-04,4.499063000000e-05,6.889292000000e-06,4.550300000000e-05,-5.098900000000e-07,6.158780000000e-05,7.765218000000e-05,1.082652000000e-04,7.747400000000e-05,1.767100000000e-07
293,2.930000000000e-02,-5.430500000000e-05,5.560838000000e-05,3.025872000000e-05,5.550000000000e-05,1.125000000000e-07,1.010331000000e-04,8.406957000000e-05,9.719448000000e-05,8.377800000000e-05,2.893100000000e-07,-1.404274000000e-04,4.460285000000e-05,-1.245555000000e-05,4.502100000000e-05,-4.156800000000e-07,1.019375000000e-04,8.147415000000e-05,9.824199000000e-05,8.126700000000e-05,2.049800000000e-07
294,2.940000000000e-02,-7.750460000000e-05,5.375879000000e-05,2.718524000000e-05,5.359500000000e-05,1.680000000000e-07,1.001608000000e-04,7.424628000000e-05,8.307396000000e-05,7.389100000000e-05,3.546700000000e-07,-1.689676000000e-04,4.382387000000e-05,-2.007786000000e-05,4.412200000000e-05,-2.952700000000e-07,1.128654000000e-04,7.509974000000e-05,8.865300000000e-05,7.480400000000e-05,2.947200000000e-07
295,2.950000000000e-02,-8.814760000000e-05,5.389894000000e-05,2.774975000000e-05,5.363400000000e-05,2.698500000000e-07,9.018810000000e-05,6.942720000000e-05,9.141337000000e-05,6.894300000000e-05,4.844000000000e-07,-1.785077000000e-04,4.437978000000e-05,-2.518387000000e-05,4.455000000000e-05,-1.675300000000e-07,1.215109000000e-04,7.573753000000e-05,1.069718000000e-04,7.531400000000e-05,4.226500000000e-07
296,2.960000000000e-02,-9.560970000000e-05,5.219059000000e-05,1.622238000000e-05,5.185300000000e-05,3.413300000000e-07,7.251760000000e-05,7.008533000000e-05,1.046063000000e-04,6.947800000000e-05,6.077200000000e-07,-1.771819000000e-04,4.531975000000e-05,-3.401430000000e-05,4.532600000000e-05,-3.199500000000e-09,1.321928000000e-04,8.161128000000e-05,1.292203000000e-04,8.103000000000e-05,5.814500000000e-07
297,2.970000000000e-02,-1.196576000000e-04,4.639848000000e-05,-1.120080000000e-05,4.601100000000e-05,3.906400000000e-07,7.397680000000e-05,7.355031000000e-05,1.142508000000e-04,7.279200000000e-05,7.583000000000e-07,-1.774384000000e-04,4.508257000000e-05,-4.769372000000e-05,4.497100000000e-05,1.144600000000e-07,1.497293000000e-04,8.809003000000e-05,1.464402000000e-04,8.738800000000e-05,7.013400000000e-07
298,2.980000000000e-02,-1.602032000000e-04,3.980637000000e-05,-3.993174000000e-05,3.938400000000e-05,4.248300000000e-07,7.946380000000e-05,7.525962000000e-05,1.122481000000e-04,7.439300000000e-05,8.670500000000e-07,-1.844853000000e-04,4.346184000000e-05,-6.082991000000e-05,4.329700000000e-05,1.669200000000e-07,1.540934000000e-04,9.056493000000e-05,1.457391000000e-04,8.974800000000e-05,8.167100000000e-07
299,2.990000000000e-02,-1.978758000000e-04,3.498994000000e-05,-6.280067000000e-05,3.454900000000e-05,4.435700000000e-07,6.918130000000e-05,7.354229000000e-05,9.050100000000e-05,7.256200000000e-05,9.806700000000e-07,-1.897597000000e-04,4.162610000000e-05,-6.778867000000e-05,4.140000000000e-05,2.278000000000e-07,1.385046000000e-04,8.601984000000e-05,1.252403000000e-04,8.508600000000e-05,9.336400000000e-07
300,3.000000000000e-02,-1.774993000000e-04,3.284927000000e-05,-5.472523000000e-05,3.235400000000e-05,4.958200000000e-07,1.036480000000e-05,5.709492000000e-05,4.225244000000e-05,5.586800000000e-05,1.225400000000e-06,-1.926554000000e-04,4.146122000000e-05,-4.806572000000e-05,4.111400000000e-05,3.464800000000e-07,5.256050000000e-05,6.633919000000e-05,6.813785000000e-05,6.513200000000e-05,1.205700000000e-06
301,3.010000000000e-02,-1.408374000000e-04,3.995736000000e-05,-1.874045000000e-05,3.938500000000e-05,5.711100000000e-07,-1.105534000000e-04,4.631599000000e-05,1.759068000000e-06,4.486400000000e-05,1.449500000000e-06,-1.536665000000e-04,4.541478000000e-05,-4.152886000000e-06,4.493800000000e-05,4.757200000000e-07,-6.400740000000e-05,5.404226000000e-05,2.370435000000e-05,5.256800000000e-05,1.473100000000e-06
302,3.020000000000e-02,-5.973430000000e-05,4.813186000000e-05,1.606757000000e-05,4.746800000000e-05,6.625800000000e-07,-2.193215000000e-04,3.331191000000e-05,-4.288521000000e-05,3.168100000000e-05,1.628300000000e-06,-6.312090000000e-05,5.371325000000e-05,3.193431000000e-05,5.311200000000e-05,5.995500000000e-07,-1.678098000000e-04,3.880305000000e-05,-2.687039000000e-05,3.706500000000e-05,1.734900000000e-06
303,3.030000000000e-02,3.414380000000e-05,5.313618000000e-05,4.055390000000e-05,5.238900000000e-05,7.455800000000e-07,-3.013414000000e-04,2.353022000000e-05,-8.166500000000e-05,2.175500000000e-05,1.772500000000e-06,3.659230000000e-05,6.176014000000e-05,5.330487000000e-05,6.105500000000e-05,7.034100000000e-07,-2.683519000000e-04,2.555423000000e-05,-7.122279000000e-05,2.357400000000e-05,1.977100000000e-06
304,3.040000000000e-02,1.015467000000e-04,5.737928000000e-05,6.003261000000e-05,5.656600000000e-05,8.123600000000e-07,-3.323547000000e-04,2.346630000000e-05,-9.306951000000e-05,2.153800000000e-05,1.925300000000e-06,1.020940000000e-04,6.499710000000e-05,6.833845000000e-05,6.418200000000e-05,8.141300000000e-07,-3.142687000000e-04,2.437904000000e-05,-8.981616000000e-05,2.221500000000e-05,2.160600000000e-06
305,3.050000000000e-02,1.430630000000e-04,6.295926000000e-05,7.129622000000e-05,6.208200000000e-05,8.759500000000e-07,-3.054189000000e-04,2.940957000000e-05,-8.068760000000e-05,2.737800000000e-05,2.028500000000e-06,1.416212000000e-04,6.736236000000e-05,7.616091000000e-05,6.647100000000e-05,8.898800000000e-07,-2.844856000000e-04,3.175192000000e-05,-8.257786000000e-05,2.945700000000e-05,2.290800000000e-06
306,3.060000000000e-02,1.652920000000e-04,6.870611000000e-05,7.993901000000e-05,6.776000000000e-05,9.451600000000e-07,-2.354526000000e-04,3.639174000000e-05,-5.062100000000e-05,3.430400000000e-05,2.084100000000e-06,1.716298000000e-04,7.347749000000e-05,8.594831000000e-05,7.249800000000e-05,9.790700000000e-07,-2.254428000000e-04,3.596996000000e-05,-6.524849000000e-05,3.360800000000e-05,2.358400000000e-06
307,3.070000000000e-02,1.909863000000e-04,7.632317000000e-05,9.114589000000e-05,7.528500000000e-05,1.036600000000e-06,-1.373582000000e-04,4.580019000000e-05,-1.030722000000e-05,4.372600000000e-05,2.069900000000e-06,2.023056000000e-04,8.297751000000e-05,1.022936000000e-04,8.182900000000e-05,1.148300000000e-06,-1.493974000000e-04,4.023709000000e-05,-3.272023000000e-05,3.786300000000e-05,2.371000000000e-06
308,3.080000000000e-02,2.041866000000e-04,8.152497000000e-05,9.813213000000e-05,8.040000000000e-05,1.124100000000e-06,-3.524540000000e-05,5.688677000000e-05,3.356483000000e-05,5.484800000000e-05,2.035500000000e-06,2.326661000000e-04,9.001088000000e-05,1.091945000000e-04,8.876500000000e-05,1.245500000000e-06,-7.620450000000e-05,4.694588000000e-05,7.329238000000e-06,4.459600000000e-05,2.347800000000e-06
309,3.090000000000e-02,1.842189000000e-04,7.893023000000e-05,8.316612000000e-05,7.771800000000e-05,1.212000000000e-06,5.863950000000e-05,6.954589000000e-05,7.492528000000e-05,6.756300000000e-05,1.979800000000e-06,2.213479000000e-04,8.825344000000e-05,9.228068000000e-05,8.691900000000e-05,1.334000000000e-06,2.583900000000e-06,5.736353000000e-05,5.297512000000e-05,5.505300000000e-05,2.306900000000e-06
310,3.100000000000e-02,9.737950000000e-05,6.894263000000e-05,3.725952000000e-05,6.749200000000e-05,1.444300000000e-06,5.807220000000e-05,7.088146000000e-05,6.461297000000e-05,6.909800000000e-05,1.783600000000e-06,1.030008000000e-04,8.423011000000e-05,5.022314000000e-05,8.264600000000e-05,1.578400000000e-06,4.732600000000e-06,6.203414000000e-05,6.102725000000e-05,5.988100000000e-05,2.152900000000e-06
311,3.110000000000e-02,3.586100000000e-06,6.210374000000e-05,2.397123000000e-05,6.053800000000e-05,1.558200000000e-06,2.394360000000e-05,6.999372000000e-05,7.125422000000e-05,6.842600000000e-05,1.569400000000e-06,2.664790000000e-05,7.186630000000e-05,5.213357000000e-05,7.013800000000e-05,1.720500000000e-06,2.760840000000e-05,7.065203000000e-05,7.900588000000e-05,6.867100000000e-05,1.981500000000e-06
312,3.120000000000e-02,-5.318620000000e-05,5.985815000000e-05,2.069103000000e-05,5.820600000000e-05,1.644300000000e-06,-1.431040000000e-05,6.146845000000e-05,6.695448000000e-05,6.013200000000e-05,1.337000000000e-06,-6.416500000000e-06,6.742127000000e-05,5.900838000000e-05,6.557300000000e-05,1.841400000000e-06,2.284250000000e-05,6.498655000000e-05,7.473346000000e-05,6.320300000000e-05,1.784000000000e-06
313,3.130000000000e-02,-1.239760000000e-05,6.941232000000e-05,4.659271000000e-05,6.769300000000e-05,1.712900000000e-06,1.189920000000e-05,6.159417000000e-05,8.068352000000e-05,6.052600000000e-05,1.069200000000e-06,4.117940000000e-05,7.805828000000e-05,8.038319000000e-05,7.611900000000e-05,1.932600000000e-06,8.135240000000e-05,6.874874000000e-05,9.679201000000e-05,6.719800000000e-05,1.551300000000e-06
314,3.140000000000e-02,9.425790000000e-05,8.516458000000e-05,9.579751000000e-05,8.340800000000e-05,1.750200000000e-06,5.822190000000e-05,6.406691000000e-05,9.660410000000e-05,6.323900000000e-05,8.295000000000e-07,1.382850000000e-04,9.474506000000e-05,1.214982000000e-04,9.275600000000e-05,1.981000000000e-06,1.445288000000e-04,7.518185000000e-05,1.212281000000e-04,7.387000000000e-05,1.312700000000e-06
315,3.150000000000e-02,2.203758000000e-04,9.962216000000e-05,1.484650000000e-04,9.785300000000e-05,1.761800000000e-06,8.945440000000e-05,6.528460000000e-05,1.038198000000e-04,6.474300000000e-05,5.425800000000e-07,2.508008000000e-04,1.086181000000e-04,1.674374000000e-04,1.066100000000e-04,1.997200000000e-06,1.652189000000e-04,7.736837000000e-05,1.275622000000e-04,7.629100000000e-05,1.078500000000e-06
316,3.160000000000e-02,3.560816000000e-04,1.129605000000e-04,1.979180000000e-04,1.112100000000e-04,1.740300000000e-06,9.185580000000e-05,6.662199000000e-05,1.017848000000e-04,6.637800000000e-05,2.446400000000e-07,3.670013000000e-04,1.189413000000e-04,2.064977000000e-04,1.169600000000e-04,1.979400000000e-06,1.711761000000e-04,8.145135000000e-05,1.224140000000e-04,8.067500000000e-05,7.776700000000e-07
317,3.170000000000e-02,4.697484000000e-04,1.221082000000e-04,2.312314000000e-04,1.204600000000e-04,1.643800000000e-06,7.097520000000e-05,6.676786000000e-05,8.690771000000e-05,6.681200000000e-05,-4.293400000000e-08,4.640170000000e-04,1.240376000000e-04,2.305826000000e-04,1.221200000000e-04,1.905900000000e-06,1.396242000000e-04,7.847730000000e-05,9.695175000000e-05,7.800800000000e-05,4.706000000000e-07
318,3.180000000000e-02,5.481020000000e-04,1.268607000000e-04,2.474963000000e-04,1.252800000000e-04,1.579000000000e-06,4.233820000000e-05,6.242141000000e-05,6.312837000000e-05,6.273400000000e-05,-3.118000000000e-07,5.289938000000e-04,1.241445000000e-04,2.383740000000e-04,1.223200000000e-04,1.823700000000e-06,9.942730000000e-05,7.189542000000e-05,6.316522000000e-05,7.165700000000e-05,2.395100000000e-07
319,3.190000000000e-02,5.801488000000e-04,1.258372000000e-04,2.438108000000e-04,1.243100000000e-04,1.522000000000e-06,1.253340000000e-05,5.402676000000e-05,3.927902000000e-05,5.459800000000e-05,-5.709000000000e-07,5.500231000000e-04,1.191008000000e-04,2.299113000000e-04,1.173500000000e-04,1.746400000000e-06,4.825190000000e-05,6.306436000000e-05,2.792686000000e-05,6.305700000000e-05,8.310200000000e-09
320,3.200000000000e-02,3.450090000000e-04,8.448515000000e-05,1.191853000000e-04,8.311700000000e-05,1.369400000000e-06,1.104430000000e-05,4.881386000000e-05,2.722934000000e-05,4.979700000000e-05,-9.830400000000e-07,3.417204000000e-04,7.892883000000e-05,1.142142000000e-04,7.738300000000e-05,1.545600000000e-06,-3.264250000000e-05,4.401456000000e-05,-1.153728000000e-05,4.446100000000e-05,-4.459000000000e-07
321,3.210000000000e-02,2.038917000000e-04,6.594810000000e-05,4.447876000000e-05,6.467600000000e-05,1.274400000000e-06,8.086780000000e-05,5.373438000000e-05,5.526942000000e-05,5.509200000000e-05,-1.357000000000e-06,1.802918000000e-04,5.670165000000e-05,3.189657000000e-05,5.529600000000e-05,1.408300000000e-06,2.162100000000e-06,4.287084000000e-05,2.365926000000e-05,4.375700000000e-05,-8.851300000000e-07
322,3.220000000000e-02,-1.051300000000e-06,3.676997000000e-05,-4.221694000000e-05,3.556000000000e-05,1.213100000000e-06,6.118630000000e-05,4.984433000000e-05,3.697698000000e-05,5.151800000000e-05,-1.673400000000e-06,-1.647020000000e-05,2.968359000000e-05,-5.041785000000e-05,2.837200000000e-05,1.315100000000e-06,-5.975890000000e-05,3.303228000000e-05,-7.654744000000e-07,3.431000000000e-05,-1.276800000000e-06
323,3.230000000000e-02,-1.770306000000e-04,1.320676000000e-05,-1.090283000000e-04,1.203100000000e-05,1.178800000000e-06,3.140330000000e-05,5.074507000000e-05,1.625195000000e-05,5.268600000000e-05,-1.941600000000e-06,-1.864149000000e-04,9.443520000000e-06,-1.124666000000e-04,8.189400000000e-06,1.257800000000e-06,-1.138103000000e-04,2.881482000000e-05,-3.792068000000e-05,3.041600000000e-05,-1.600200000000e-06
324,3.240000000000e-02,-2.947169000000e-04,-1.930560000000e-06,-1.529300000000e-04,-3.093000000000e-06,1.166100000000e-06,-1.730140000000e-05,4.974464000000e-05,-4.557383000000e-06,5.190600000000e-05,-2.161800000000e-06,-3.122557000000e-04,-3.972540000000e-06,-1.552361000000e-04,-5.195800000000e-06,1.226300000000e-06,-1.389290000000e-04,2.906754000000e-05,-5.613644000000e-05,3.091900000000e-05,-1.852000000000e-06
325,3.250000000000e-02,-3.608875000000e-04,-9.157710000000e-06,-1.798165000000e-04,-1.032500000000e-05,1.170600000000e-06,-6.556890000000e-05,4.550351000000e-05,-1.999940000000e-05,4.785000000000e-05,-2.348100000000e-06,-3.826928000000e-04,-1.013705000000e-05,-1.795559000000e-04,-1.134700000000e-05,1.214000000000e-06,-1.478512000000e-04,3.076370000000e-05,-5.380639000000e-05,3.281100000000e-05,-2.047900000000e-06
326,3.260000000000e-02,-3.908093000000e-04,-1.022378000000e-05,-1.940504000000e-04,-1.140500000000e-05,1.184600000000e-06,-8.744180000000e-05,4.073277000000e-05,-2.901680000000e-05,4.326700000000e-05,-2.535700000000e-06,-4.096424000000e-04,-1.090743000000e-05,-1.911936000000e-04,-1.211800000000e-05,1.213900000000e-06,-1.300443000000e-04,3.514001000000e-05,-3.689655000000e-05,3.736300000000e-05,-2.223800000000e-06
327,3.270000000000e-02,-4.130201000000e-04,-9.244070000000e-06,-2.022792000000e-04,-1.044500000000e-05,1.204400000000e-06,-6.733500000000e-05,3.866048000000e-05,-2.620001000000e-05,4.132300000000e-05,-2.664400000000e-06,-4.263088000000e-04,-1.019495000000e-05,-1.978694000000e-04,-1.141300000000e-05,1.220800000000e-06,-9.844720000000e-05,4.013453000000e-05,-2.071769000000e-05,4.254600000000e-05,-2.412900000000e-06
328,3.280000000000e-02,-4.346078000000e-04,-8.634250000000e-06,-2.041837000000e-04,-9.856900000000e-06,1.224600000000e-06,-4.912500000000e-06,4.051962000000e-05,-1.232962000000e-05,4.327600000000e-05,-2.758400000000e-06,-4.357780000000e-04,-8.001160000000e-06,-1.965658000000e-04,-9.229800000000e-06,1.231800000000e-06,-4.800830000000e-05,4.769761000000e-05,-5.319821000000e-06,5.021700000000e-05,-2.521000000000e-06
329,3.290000000000e-02,-4.513150000000e-04,-8.246020000000e-06,-2.008058000000e-04,-9.488500000000e-06,1.244600000000e-06,1.042026000000e-04,4.735535000000e-05,1.088649000000e-05,5.015600000000e-05,-2.802700000000e-06,-4.395455000000e-04,-4.855350000000e-06,-1.898645000000e-04,-6.110300000000e-06,1.257700000000e-06,2.421270000000e-05,5.567355000000e-05,1.577963000000e-05,5.826000000000e-05,-2.588500000000e-06
330,3.300000000000e-02,-4.607369000000e-04,-1.586397000000e-05,-2.136108000000e-04,-1.712600000000e-05,1.269000000000e-06,-3.874020000000e-05,1.651905000000e-05,4.567773000000e-05,1.946100000000e-05,-2.941000000000e-06,-4.763981000000e-04,-1.411879000000e-05,-2.059580000000e-04,-1.537600000000e-05,1.264000000000e-06,-1.376585000000e-04,2.343722000000e-05,-1.526523000000e-05,2.611600000000e-05,-2.678000000000e-06
331,3.310000000000e-02,-4.697678000000e-04,-4.765590000000e-06,-2.048412000000e-04,-6.049000000000e-06,1.290000000000e-06,-4.108536000000e-04,2.100011000000e-05,-1.613429000000e-04,2.403300000000e-05,-3.031200000000e-06,-4.901418000000e-04,-6.279730000000e-06,-2.033019000000e-04,-7.542800000000e-06,1.270600000000e-06,-3.429746000000e-04,2.698907000000e-05,-1.226079000000e-04,2.970700000000e-05,-2.716500000000e-06
332,3.320000000000e-02,-4.771597000000e-04,3.745890000000e-06,-2.099596000000e-04,2.476700000000e-06,1.276100000000e-06,-5.925778000000e-04,2.326522000000e-05,-2.441015000000e-04,2.633600000000e-05,-3.068600000000e-06,-4.832388000000e-04,3.694200000000e-06,-2.078916000000e-04,2.441400000000e-06,1.259600000000e-06,-4.214198000000e-04,4.076257000000e-05,-1.564575000000e-04,4.347900000000e-05,-2.714400000000e-06
333,3.330000000000e-02,-4.480840000000e-04,1.536238000000e-05,-1.996753000000e-04,1.413500000000e-05,1.234000000000e-06,-5.714565000000e-04,1.997378000000e-05,-1.987134000000e-04,2.304800000000e-05,-3.069600000000e-06,-4.485760000000e-04,1.712318000000e-05,-1.980285000000e-04,1.590800000000e-05,1.222000000000e-06,-4.025232000000e-04,4.446983000000e-05,-1.329704000000e-04,4.715400000000e-05,-2.680500000000e-06
334,3.340000000000e-02,-3.993324000000e-04,2.994280000000e-05,-1.757661000000e-04,2.877500000000e-05,1.173400000000e-06,-4.902535000000e-04,2.274854000000e-05,-1.489523000000e-04,2.584200000000e-05,-3.087600000000e-06,-4.087402000000e-04,3.108180000000e-05,-1.767107000000e-04,2.992800000000e-05,1.161100000000e-06,-3.722795000000e-04,4.289892000000e-05,-1.208392000000e-04,4.556200000000e-05,-2.658300000000e-06
335,3.350000000000e-02,-3.549949000000e-04,4.052364000000e-05,-1.503055000000e-04,3.941900000000e-05,1.110100000000e-06,-4.313804000000e-04,3.227408000000e-05,-1.388340000000e-04,3.542200000000e-05,-3.142100000000e-06,-3.734451000000e-04,3.988427000000e-05,-1.553969000000e-04,3.877500000000e-05,1.114300000000e-06,-3.823071000000e-04,4.031310000000e-05,-1.398928000000e-04,4.298900000000e-05,-2.671200000000e-06
336,3.360000000000e-02,-3.034852000000e-04,4.802160000000e-05,-1.184194000000e-04,4.698600000000e-05,1.041300000000e-06,-4.120692000000e-04,4.071486000000e-05,-1.478499000000e-04,4.395900000000e-05,-3.237900000000e-06,-3.168691000000e-04,4.666990000000e-05,-1.231883000000e-04,4.561200000000e-05,1.062800000000e-06,-4.257794000000e-04,3.779549000000e-05,-1.675746000000e-04,4.052300000000e-05,-2.723700000000e-06
337,3.370000000000e-02,-2.336909000000e-04,5.537405000000e-05,-7.676613000000e-05,5.440600000000e-05,9.725600000000e-07,-4.051161000000e-04,4.606492000000e-05,-1.562825000000e-04,4.940600000000e-05,-3.334000000000e-06,-2.349139000000e-04,5.482102000000e-05,-7.950310000000e-05,5.382500000000e-05,1.001400000000e-06,-4.613722000000e-04,3.520260000000e-05,-1.787973000000e-04,3.802100000000e-05,-2.813600000000e-06
338,3.380000000000e-02,-1.450936000000e-04,6.560389000000e-05,-3.052673000000e-05,6.470100000000e-05,9.080800000000e-07,-3.939251000000e-04,4.843862000000e-05,-1.504871000000e-04,5.184200000000e-05,-3.396600000000e-06,-1.403905000000e-04,6.628948000000e-05,-3.160169000000e-05,6.534900000000e-05,9.462100000000e-07,-4.614607000000e-04,3.529139000000e-05,-1.670203000000e-04,3.820400000000e-05,-2.907600000000e-06
339,3.390000000000e-02,-6.931810000000e-05,7.594684000000e-05,5.270051000000e-06,7.510700000000e-05,8.448000000000e-07,-3.538344000000e-04,5.015709000000e-05,-1.224812000000e-04,5.360800000000e-05,-3.440800000000e-06,-6.436870000000e-05,7.711534000000e-05,5.697793000000e-06,7.622800000000e-05,8.929000000000e-07,-4.242259000000e-04,3.864591000000e-05,-1.374510000000e-04,4.171800000000e-05,-3.065900000000e-06
340,3.400000000000e-02,4.500680000000e-05,8.779261000000e-05,9.133349000000e-05,8.708700000000e-05,7.059800000000e-07,-2.207709000000e-04,5.277494000000e-05,-2.442853000000e-05,5.625800000000e-05,-3.476600000000e-06,4.728270000000e-05,9.402262000000e-05,9.741579000000e-05,9.324800000000e-05,7.749500000000e-07,-3.076936000000e-04,4.246495000000e-05,-4.708321000000e-05,4.570300000000e-05,-3.234700000000e-06
341,3.410000000000e-02,1.346521000000e-04,1.098687000000e-04,1.429565000000e-04,1.092400000000e-04,6.270600000000e-07,-1.229715000000e-04,5.463271000000e-05,6.678158000000e-05,5.807000000000e-05,-3.431700000000e-06,1.282268000000e-04,1.136875000000e-04,1.454583000000e-04,1.129800000000e-04,7.057200000000e-07,-1.847516000000e-04,4.954758000000e-05,4.505721000000e-05,5.293800000000e-05,-3.387800000000e-06
342,3.420000000000e-02,1.499508000000e-04,1.157366000000e-04,1.395435000000e-04,1.151600000000e-04,5.766400000000e-07,-5.624900000000e-05,6.033691000000e-05,8.792465000000e-05,6.367700000000e-05,-3.333900000000e-06,1.361244000000e-04,1.154294000000e-04,1.384754000000e-04,1.147800000000e-04,6.515700000000e-07,-1.048772000000e-04,5.289978000000e-05,7.123146000000e-05,5.645100000000e-05,-3.547700000000e-06
343,3.430000000000e-02,1.306243000000e-04,1.082445000000e-04,1.054240000000e-04,1.077000000000e-04,5.452000000000e-07,8.837700000000e-06,6.989274000000e-05,8.519651000000e-05,7.307700000000e-05,-3.177600000000e-06,1.134365000000e-04,1.054250000000e-04,1.045660000000e-04,1.048200000000e-04,6.045500000000e-07,-3.681190000000e-05,5.997839000000e-05,7.210408000000e-05,6.365800000000e-05,-3.675800000000e-06
344,3.440000000000e-02,8.860230000000e-05,9.517243000000e-05,6.308859000000e-05,9.462900000000e-05,5.421800000000e-07,3.525080000000e-05,7.150848000000e-05,6.762407000000e-05,7.447200000000e-05,-2.956100000000e-06,7.627950000000e-05,9.191184000000e-05,6.335393000000e-05,9.133000000000e-05,5.807600000000e-07,7.058000000000e-07,6.100769000000e-05,6.856610000000e-05,6.473000000000e-05,-3.718100000000e-06
345,3.450000000000e-02,4.438010000000e-05,8.445475000000e-05,2.923216000000e-05,8.389100000000e-05,5.627500000000e-07,1.757010000000e-05,6.559569000000e-05,4.630722000000e-05,6.830700000000e-05,-2.707400000000e-06,3.769360000000e-05,8.225297000000e-05,2.731545000000e-05,8.166700000000e-05,5.851800000000e-07,1.779110000000e-05,5.806951000000e-05,7.047063000000e-05,6.176000000000e-05,-3.687800000000e-06
346,3.460000000000e-02,-4.438000000000e-07,7.640225000000e-05,5.915429000000e-06,7.579600000000e-05,6.062200000000e-07,-2.817980000000e-05,5.796386000000e-05,2.293253000000e-05,6.030100000000e-05,-2.336700000000e-06,-5.310600000000e-06,7.471699000000e-05,-2.339816000000e-06,7.408600000000e-05,6.308600000000e-07,1.568950000000e-05,5.432468000000e-05,7.205417000000e-05,5.792500000000e-05,-3.597300000000e-06
347,3.470000000000e-02,-3.292300000000e-05,6.968252000000e-05,-1.345028000000e-05,6.897500000000e-05,7.069700000000e-07,-7.006120000000e-05,5.325997000000e-05,4.433142000000e-06,5.535500000000e-05,-2.096000000000e-06,-2.795390000000e-05,7.347145000000e-05,-6.260151000000e-06,7.278200000000e-05,6.897200000000e-07,4.191000000000e-07,5.178879000000e-05,6.611522000000e-05,5.526900000000e-05,-3.479000000000e-06
348,3.480000000000e-02,-3.616750000000e-05,6.812735000000e-05,-9.344150000000e-06,6.732500000000e-05,8.034700000000e-07,-1.054542000000e-04,5.156769000000e-05,-1.513134000000e-05,5.347600000000e-05,-1.911600000000e-06,-4.512760000000e-05,7.166785000000e-05,-7.239372000000e-06,7.090800000000e-05,7.601500000000e-07,-2.808010000000e-05,4.902158000000e-05,4.791082000000e-05,5.236300000000e-05,-3.341500000000e-06
349,3.490000000000e-02,-2.273020000000e-05,6.799913000000e-05,1.196639000000e-07,6.710300000000e-05,8.970500000000e-07,-1.266402000000e-04,5.101444000000e-05,-3.188000000000e-05,5.278300000000e-05,-1.772500000000e-06,-4.667670000000e-05,7.087623000000e-05,-1.728704000000e-06,7.003500000000e-05,8.419300000000e-07,-6.421560000000e-05,4.521555000000e-05,2.097078000000e-05,4.842600000000e-05,-3.210100000000e-06
350,3.500000000000e-02,1.055530000000e-04,7.080371000000e-05,9.289333000000e-05,6.971900000000e-05,1.082100000000e-06,-8.541150000000e-05,4.191119000000e-05,-3.621920000000e-05,4.355000000000e-05,-1.644900000000e-06,8.773770000000e-05,7.200684000000e-05,8.183961000000e-05,7.098500000000e-05,1.020400000000e-06,-4.262900000000e-05,4.408763000000e-05,-1.154451000000e-05,4.706700000000e-05,-2.979800000000e-06
351,3.510000000000e-02,2.490793000000e-04,8.440393000000e-05,1.735770000000e-04,8.316800000000e-05,1.230800000000e-06,-5.579750000000e-05,5.041067000000e-05,-3.256215000000e-06,5.198100000000e-05,-1.575900000000e-06,2.352687000000e-04,8.581369000000e-05,1.709821000000e-04,8.462600000000e-05,1.182900000000e-06,-2.327540000000e-05,4.965094000000e-05,-1.190561000000e-06,5.239600000000e-05,-2.747200000000e-06
352,3.520000000000e-02,3.323753000000e-04,9.383802000000e-05,1.863008000000e-04,9.245100000000e-05,1.381000000000e-06,-8.075690000000e-05,4.586259000000e-05,3.630000000000e-07,4.734000000000e-05,-1.483900000000e-06,3.333479000000e-04,9.451217000000e-05,1.856341000000e-04,9.315200000000e-05,1.353600000000e-06,-4.610280000000e-05,4.432801000000e-05,-2.547663000000e-06,4.680700000000e-05,-2.480800000000e-06
353,3.530000000000e-02,3.950185000000e-04,1.034512000000e-04,1.815476000000e-04,1.019200000000e-04,1.522000000000e-06,-5.487950000000e-05,4.465732000000e-05,6.839186000000e-07,4.602100000000e-05,-1.370800000000e-06,3.978317000000e-04,1.018853000000e-04,1.779806000000e-04,1.003600000000e-04,1.515200000000e-06,-2.992270000000e-05,4.282851000000e-05,5.598199000000e-06,4.505800000000e-05,-2.232700000000e-06
354,3.540000000000e-02,4.493254000000e-04,1.108908000000e-04,1.848504000000e-04,1.092400000000e-04,1.642500000000e-06,-1.403770000000e-05,4.683077000000e-05,9.206100000000e-06,4.811100000000e-05,-1.286700000000e-06,4.550246000000e-04,1.092208000000e-04,1.796262000000e-04,1.075500000000e-04,1.664600000000e-06,9.084300000000e-06,4.602333000000e-05,2.436244000000e-05,4.807200000000e-05,-2.051800000000e-06
355,3.550000000000e-02,4.718664000000e-04,1.115028000000e-04,1.896678000000e-04,1.097500000000e-04,1.743000000000e-06,1.040370000000e-05,4.917800000000e-05,1.419966000000e-05,5.042000000000e-05,-1.249800000000e-06,4.702858000000e-04,1.100649000000e-04,1.849891000000e-04,1.082700000000e-04,1.784400000000e-06,3.329370000000e-05,4.825277000000e-05,3.487026000000e-05,5.016400000000e-05,-1.914700000000e-06
356,3.560000000000e-02,4.623026000000e-04,1.078906000000e-04,1.915914000000e-04,1.060400000000e-04,1.842100000000e-06,9.187200000000e-06,5.033570000000e-05,1.042961000000e-05,5.160400000000e-05,-1.275700000000e-06,4.511836000000e-04,1.055803000000e-04,1.883064000000e-04,1.036700000000e-04,1.904900000000e-06,4.643890000000e-05,5.046489000000e-05,3.637845000000e-05,5.231200000000e-05,-1.850200000000e-06
357,3.570000000000e-02,4.433719000000e-04,1.076760000000e-04,1.880272000000e-04,1.057500000000e-04,1.917500000000e-06,4.383000000000e-06,5.243985000000e-05,1.048680000000e-05,5.374400000000e-05,-1.309900000000e-06,4.235049000000e-04,1.031325000000e-04,1.871882000000e-04,1.011300000000e-04,1.993400000000e-06,5.779550000000e-05,5.342238000000e-05,3.680807000000e-05,5.526000000000e-05,-1.841400000000e-06
358,3.580000000000e-02,4.344201000000e-04,1.123212000000e-04,1.817748000000e-04,1.103500000000e-04,1.969500000000e-06,8.397300000000e-06,5.607926000000e-05,2.254723000000e-05,5.741200000000e-05,-1.338100000000e-06,4.201130000000e-04,1.069058000000e-04,1.826289000000e-04,1.048700000000e-04,2.032100000000e-06,7.970800000000e-05,5.900200000000e-05,4.679443000000e-05,6.083600000000e-05,-1.836800000000e-06
359,3.590000000000e-02,4.397687000000e-04,1.148903000000e-04,1.715010000000e-04,1.129000000000e-04,1.983400000000e-06,2.655990000000e-05,6.212701000000e-05,4.536905000000e-05,6.350800000000e-05,-1.385500000000e-06,4.421397000000e-04,1.098564000000e-04,1.742855000000e-04,1.078100000000e-04,2.041800000000e-06,1.099994000000e-04,6.866269000000e-05,7.149353000000e-05,7.049100000000e-05,-1.831200000000e-06
360,3.600000000000e-02,2.900181000000e-04,8.842447000000e-05,8.138898000000e-05,8.646200000000e-05,1.966600000000e-06,1.613670000000e-05,6.869743000000e-05,3.582133000000e-05,7.003700000000e-05,-1.343200000000e-06,2.974875000000e-04,8.064067000000e-05,8.749254000000e-05,7.864000000000e-05,2.005300000000e-06,1.314520000000e-04,8.438667000000e-05,8.201524000000e-05,8.611700000000e-05,-1.731900000000e-06
361,3.610000000000e-02,1.470286000000e-04,6.113815000000e-05,1.819415000000e-05,5.916100000000e-05,1.982500000000e-06,8.744000000000e-07,7.032080000000e-05,4.062178000000e-05,7.167700000000e-05,-1.360400000000e-06,1.385689000000e-04,5.442692000000e-05,2.299318000000e-05,5.243600000000e-05,1.996400000000e-06,9.381820000000e-05,8.136738000000e-05,7.099643000000e-05,8.306200000000e-05,-1.697300000000e-06
362,3.620000000000e-02,-3.652060000000e-05,2.991705000000e-05,-4.035367000000e-05,2.788300000000e-05,2.039300000000e-06,-2.800260000000e-05,6.521281000000e-05,3.185387000000e-05,6.661000000000e-05,-1.401300000000e-06,-4.375610000000e-05,2.710916000000e-05,-3.683794000000e-05,2.509000000000e-05,2.024200000000e-06,3.136560000000e-05,6.620501000000e-05,4.491077000000e-05,6.790400000000e-05,-1.702000000000e-06
363,3.630000000000e-02,-1.474290000000e-04,1.788018000000e-05,-7.128534000000e-05,1.575500000000e-05,2.130300000000e-06,-5.925330000000e-05,6.237061000000e-05,1.956849000000e-05,6.381300000000e-05,-1.444700000000e-06,-1.478299000000e-04,1.745083000000e-05,-7.090713000000e-05,1.536900000000e-05,2.087400000000e-06,-2.053170000000e-05,5.946455000000e-05,2.699772000000e-05,6.117900000000e-05,-1.716100000000e-06
364,3.640000000000e-02,-1.784102000000e-04,2.007345000000e-05,-7.680670000000e-05,1.785200000000e-05,2.226400000000e-06,-6.875490000000e-05,6.889849000000e-05,2.333608000000e-05,7.034400000000e-05,-1.448700000000e-06,-1.791972000000e-04,1.898187000000e-05,-8.556113000000e-05,1.682600000000e-05,2.161600000000e-06,-3.512780000000e-05,6.617986000000e-05,2.493231000000e-05,6.787400000000e-05,-1.697200000000e-06
365,3.650000000000e-02,-1.801099000000e-04,2.575295000000e-05,-7.798497000000e-05,2.339200000000e-05,2.366600000000e-06,-4.124960000000e-05,7.899674000000e-05,3.978032000000e-05,8.040900000000e-05,-1.415000000000e-06,-1.849683000000e-04,2.400867000000e-05,-8.938853000000e-05,2.175400000000e-05,2.260300000000e-06,-3.525080000000e-05,7.120111000000e-05,2.256248000000e-05,7.283800000000e-05,-1.639500000000e-06
366,3.660000000000e-02,-1.650913000000e-04,3.121082000000e-05,-7.622577000000e-05,2.872900000000e-05,2.486200000000e-06,4.355600000000e-06,8.634870000000e-05,5.931116000000e-05,8.769000000000e-05,-1.343600000000e-06,-1.858727000000e-04,2.828420000000e-05,-8.971501000000e-05,2.594100000000e-05,2.347600000000e-06,-4.557400000000e-06,7.695515000000e-05,3.440824000000e-05,7.850600000000e-05,-1.552500000000e-06
367,3.670000000000e-02,-1.594428000000e-04,3.274310000000e-05,-7.942911000000e-05,3.011800000000e-05,2.629400000000e-06,4.100370000000e-05,9.152002000000e-05,7.737890000000e-05,9.272900000000e-05,-1.210200000000e-06,-1.806994000000e-04,3.169223000000e-05,-9.030845000000e-05,2.922500000000e-05,2.471100000000e-06,1.578950000000e-05,8.042596000000e-05,5.127665000000e-05,8.187800000000e-05,-1.453700000000e-06
368,3.680000000000e-02,-1.639964000000e-04,3.411131000000e-05,-7.250782000000e-05,3.132400000000e-05,2.790600000000e-06,4.555760000000e-05,9.270624000000e-05,7.908028000000e-05,9.381300000000e-05,-1.107900000000e-06,-1.809996000000e-04,3.438927000000e-05,-8.236376000000e-05,3.183400000000e-05,2.559000000000e-06,2.281770000000e-05,8.293718000000e-05,5.944975000000e-05,8.428900000000e-05,-1.352700000000e-06
369,3.690000000000e-02,-1.636230000000e-04,3.755431000000e-05,-5.689229000000e-05,3.466500000000e-05,2.893200000000e-06,1.244990000000e-05,8.835153000000e-05,5.627741000000e-05,8.933800000000e-05,-9.869200000000e-07,-1.628233000000e-04,3.904312000000e-05,-6.145001000000e-05,3.640400000000e-05,2.642500000000e-06,-3.042300000000e-06,8.036738000000e-05,4.730548000000e-05,8.161200000000e-05,-1.245400000000e-06
370,3.700000000000e-02,-1.274251000000e-04,4.511438000000e-05,-2.912526000000e-05,4.203600000000e-05,3.077700000000e-06,-1.015853000000e-04,7.936208000000e-05,-1.334329000000e-05,8.024300000000e-05,-8.760900000000e-07,-9.959420000000e-05,5.551060000000e-05,-1.907654000000e-05,5.269700000000e-05,2.812100000000e-06,-1.171388000000e-04,7.395469000000e-05,-6.406190000000e-06,7.512400000000e-05,-1.165200000000e-06
371,3.710000000000e-02,-4.152420000000e-05,6.370698000000e-05,3.577990000000e-05,6.048700000000e-05,3.220200000000e-06,-2.267613000000e-04,6.548480000000e-05,-7.996263000000e-05,6.614100000000e-05,-6.499100000000e-07,-7.787500000000e-06,6.967431000000e-05,4.785468000000e-05,6.673300000000e-05,2.941100000000e-06,-2.218647000000e-04,6.387427000000e-05,-7.159325000000e-05,6.486300000000e-05,-9.831100000000e-07
372,3.720000000000e-02,-2.475600000000e-06,6.575048000000e-05,3.831744000000e-05,6.241500000000e-05,3.336500000000e-06,-2.830589000000e-04,5.207929000000e-05,-9.726654000000e-05,5.245700000000e-05,-3.729700000000e-07,4.261050000000e-05,7.122124000000e-05,5.396561000000e-05,6.816000000000e-05,3.061600000000e-06,-2.803993000000e-04,5.015686000000e-05,-1.006841000000e-04,5.092300000000e-05,-7.601800000000e-07
373,3.730000000000e-02,-1.592000000000e-07,5.941874000000e-05,1.252812000000e-05,5.595000000000e-05,3.469600000000e-06,-2.895207000000e-04,4.724878000000e-05,-7.183810000000e-05,4.737100000000e-05,-1.155900000000e-07,3.924240000000e-05,6.518638000000e-05,2.693781000000e-05,6.202400000000e-05,3.163200000000e-06,-3.015675000000e-04,4.435962000000e-05,-8.894520000000e-05,4.489700000000e-05,-5.301100000000e-07
374,3.740000000000e-02,-3.458550000000e-05,5.217592000000e-05,-1.680083000000e-05,4.859300000000e-05,3.584000000000e-06,-2.183284000000e-04,5.525411000000e-05,-2.423913000000e-05,5.502800000000e-05,2.329700000000e-07,-1.230120000000e-05,5.583907000000e-05,-7.069274000000e-06,5.257200000000e-05,3.267200000000e-06,-2.518839000000e-04,5.153751000000e-05,-5.243464000000e-05,5.176500000000e-05,-2.209800000000e-07
375,3.750000000000e-02,-7.277620000000e-05,4.698973000000e-05,-2.769359000000e-05,4.327300000000e-05,3.717900000000e-06,-8.774420000000e-05,7.230929000000e-05,2.515778000000e-05,7.185700000000e-05,4.582600000000e-07,-6.727020000000e-05,4.997121000000e-05,-2.688578000000e-05,4.652000000000e-05,3.451600000000e-06,-1.386952000000e-04,6.554870000000e-05,-7.105393000000e-06,6.557600000000e-05,-2.124800000000e-08
376,3.760000000000e-02,-8.505620000000e-05,4.526614000000e-05,-1.890255000000e-05,4.139600000000e-05,3.871600000000e-06,4.374580000000e-05,9.258342000000e-05,6.232055000000e-05,9.182100000000e-05,7.669400000000e-07,-8.885840000000e-05,4.949591000000e-05,-2.745206000000e-05,4.583000000000e-05,3.666500000000e-06,-5.271300000000e-06,8.406784000000e-05,3.772355000000e-05,8.384300000000e-05,2.305300000000e-07
377,3.770000000000e-02,-5.344510000000e-05,4.921637000000e-05,5.167371000000e-06,4.510700000000e-05,4.110800000000e-06,1.251298000000e-04,1.064084000000e-04,7.385840000000e-05,1.053800000000e-04,1.037400000000e-06,-6.004230000000e-05,5.456330000000e-05,-8.152853000000e-06,5.073600000000e-05,3.828700000000e-06,9.377840000000e-05,9.841923000000e-05,6.367940000000e-05,9.794300000000e-05,4.810300000000e-07
378,3.780000000000e-02,1.662690000000e-05,5.829987000000e-05,3.875004000000e-05,5.408600000000e-05,4.215900000000e-06,1.392139000000e-04,1.069716000000e-04,6.213295000000e-05,1.058000000000e-04,1.171700000000e-06,1.130600000000e-05,6.413142000000e-05,2.879146000000e-05,6.018500000000e-05,3.947400000000e-06,1.397871000000e-04,1.048695000000e-04,6.451948000000e-05,1.042300000000e-04,6.433700000000e-07
379,3.790000000000e-02,9.542550000000e-05,6.905076000000e-05,7.049140000000e-05,6.475400000000e-05,4.298800000000e-06,1.010219000000e-04,9.838348000000e-05,3.837958000000e-05,9.710200000000e-05,1.286100000000e-06,1.017625000000e-04,7.712336000000e-05,6.933080000000e-05,7.307300000000e-05,4.051200000000e-06,1.279826000000e-04,1.012480000000e-04,4.786435000000e-05,1.003900000000e-04,8.668600000000e-07
380,3.800000000000e-02,5.583770000000e-05,6.204866000000e-05,4.617390000000e-05,5.763300000000e-05,4.423400000000e-06,2.176000000000e-05,6.563430000000e-05,-9.095371000000e-06,6.402200000000e-05,1.613600000000e-06,6.061370000000e-05,7.034277000000e-05,5.446003000000e-05,6.619100000000e-05,4.159000000000e-06,3.683030000000e-05,6.816253000000e-05,1.809115000000e-06,6.698300000000e-05,1.181500000000e-06
381,3.810000000000e-02,-2.053400000000e-06,5.466757000000e-05,1.548077000000e-05,5.013300000000e-05,4.543400000000e-06,-5.432610000000e-05,5.408773000000e-05,-6.031685000000e-06,5.218900000000e-05,1.900200000000e-06,1.325240000000e-05,6.457945000000e-05,2.928414000000e-05,6.032400000000e-05,4.263700000000e-06,-4.340590000000e-05,5.649097000000e-05,-3.821861000000e-06,5.503300000000e-05,1.459900000000e-06
382,3.820000000000e-02,-4.901530000000e-05,4.465843000000e-05,-9.142446000000e-06,4.003200000000e-05,4.633400000000e-06,-1.259787000000e-04,4.393833000000e-05,-2.935303000000e-05,4.182600000000e-05,2.113600000000e-06,-3.939270000000e-05,5.222080000000e-05,4.527074000000e-06,4.788800000000e-05,4.340700000000e-06,-8.481660000000e-05,5.249334000000e-05,-1.790674000000e-05,5.081900000000e-05,1.675600000000e-06
383,3.830000000000e-02,-6.100370000000e-05,4.338548000000e-05,-2.042570000000e-05,3.868900000000e-05,4.703500000000e-06,-1.316917000000e-04,4.292570000000e-05,-4.070611000000e-05,4.065200000000e-05,2.273300000000e-06,-4.709010000000e-05,4.802620000000e-05,-6.375648000000e-06,4.363200000000e-05,4.401000000000e-06,-7.745190000000e-05,5.442694000000e-05,-2.223798000000e-05,5.257500000000e-05,1.852000000000e-06
384,3.840000000000e-02,-7.212190000000e-05,4.370618000000e-05,-3.279413000000e-05,3.896200000000e-05,4.751500000000e-06,-9.562440000000e-05,4.797819000000e-05,-2.764395000000e-05,4.557500000000e-05,2.402400000000e-06,-3.555200000000e-05,5.209503000000e-05,-1.255379000000e-05,4.766700000000e-05,4.435300000000e-06,-5.072790000000e-05,5.610822000000e-05,-1.438573000000e-05,5.408100000000e-05,2.026700000000e-06
385,3.850000000000e-02,-9.044880000000e-05,4.220886000000e-05,-5.233588000000e-05,3.745700000000e-05,4.758400000000e-06,-4.816750000000e-05,5.323014000000e-05,-8.287073000000e-06,5.069900000000e-05,2.529700000000e-06,-1.573160000000e-05,6.104386000000e-05,-2.221409000000e-05,5.665000000000e-05,4.400700000000e-06,-4.930900000000e-06,6.257117000000e-05,3.859997000000e-06,6.036200000000e-05,2.209400000000e-06
386,3.860000000000e-02,-9.551830000000e-05,4.651679000000e-05,-6.923023000000e-05,4.184300000000e-05,4.680300000000e-06,-7.583700000000e-06,5.816227000000e-05,5.788725000000e-06,5.552900000000e-05,2.632200000000e-06,5.913300000000e-06,6.860680000000e-05,-3.076163000000e-05,6.428800000000e-05,4.325000000000e-06,3.432840000000e-05,7.004813000000e-05,1.848779000000e-05,6.770300000000e-05,2.345800000000e-06
387,3.870000000000e-02,-8.885050000000e-05,5.105470000000e-05,-8.392023000000e-05,4.649200000000e-05,4.568400000000e-06,3.429040000000e-05,6.836346000000e-05,2.290241000000e-05,6.565100000000e-05,2.712400000000e-06,-3.564700000000e-06,6.640016000000e-05,-4.771018000000e-05,6.216000000000e-05,4.246400000000e-06,4.680970000000e-05,7.462220000000e-05,2.564017000000e-05,7.216600000000e-05,2.456100000000e-06
388,3.880000000000e-02,-9.674860000000e-05,5.134007000000e-05,-9.341247000000e-05,4.686200000000e-05,4.482700000000e-06,7.584490000000e-05,8.046872000000e-05,3.876958000000e-05,7.770400000000e-05,2.763900000000e-06,-3.276250000000e-05,5.828205000000e-05,-6.841033000000e-05,5.410700000000e-05,4.180000000000e-06,3.787810000000e-05,7.501353000000e-05,2.289724000000e-05,7.245800000000e-05,2.554900000000e-06
389,3.890000000000e-02,-1.209905000000e-04,4.515618000000e-05,-1.033015000000e-04,4.074800000000e-05,4.413100000000e-06,7.296830000000e-05,8.290919000000e-05,4.556669000000e-05,8.011600000000e-05,2.793400000000e-06,-7.426620000000e-05,4.865126000000e-05,-8.397286000000e-05,4.452100000000e-05,4.135700000000e-06,1.655160000000e-05,7.183656000000e-05,1.466139000000e-05,6.920500000000e-05,2.631900000000e-06
390,3.900000000000e-02,-1.646537000000e-04,2.477265000000e-05,-1.004985000000e-04,2.058600000000e-05,4.185200000000e-06,8.271670000000e-05,8.035779000000e-05,7.986236000000e-05,7.764200000000e-05,2.715700000000e-06,-1.634136000000e-04,1.703783000000e-05,-8.976252000000e-05,1.308400000000e-05,3.952600000000e-06,1.747860000000e-05,6.720010000000e-05,4.415206000000e-05,6.461400000000e-05,2.586000000000e-06
391,3.910000000000e-02,-1.738876000000e-04,2.079393000000e-05,-6.507069000000e-05,1.683000000000e-05,3.963000000000e-06,8.857120000000e-05,8.612628000000e-05,9.739625000000e-05,8.346700000000e-05,2.660600000000e-06,-1.756378000000e-04,1.544141000000e-05,-6.121425000000e-05,1.165900000000e-05,3.782000000000e-06,6.596880000000e-05,8.094753000000e-05,9.242199000000e-05,7.840800000000e-05,2.539300000000e-06
392,3.920000000000e-02,-1.943744000000e-04,1.228077000000e-05,-6.036220000000e-05,8.530900000000e-06,3.751200000000e-06,4.323460000000e-05,8.567445000000e-05,8.608565000000e-05,8.305800000000e-05,2.617900000000e-06,-2.013266000000e-04,1.180853000000e-05,-6.476232000000e-05,8.210700000000e-06,3.600500000000e-06,6.845860000000e-05,8.649207000000e-05,1.039563000000e-04,8.401600000000e-05,2.477400000000e-06
393,3.930000000000e-02,-1.663204000000e-04,1.265021000000e-05,-5.482510000000e-05,9.105400000000e-06,3.546300000000e-06,-1.614140000000e-05,8.227515000000e-05,5.972014000000e-05,7.968000000000e-05,2.595800000000e-06,-1.747273000000e-04,1.298151000000e-05,-6.274214000000e-05,9.576400000000e-06,3.406500000000e-06,6.335350000000e-05,8.862006000000e-05,1.002399000000e-04,8.620300000000e-05,2.417300000000e-06
394,3.940000000000e-02,-1.107462000000e-04,1.971473000000e-05,-3.767649000000e-05,1.635700000000e-05,3.359800000000e-06,-1.108308000000e-04,7.119542000000e-05,3.088579000000e-06,6.859000000000e-05,2.605900000000e-06,-1.338874000000e-04,1.656279000000e-05,-5.411542000000e-05,1.332200000000e-05,3.242000000000e-06,4.367180000000e-05,8.898735000000e-05,8.324604000000e-05,8.662100000000e-05,2.367100000000e-06
395,3.950000000000e-02,-7.996150000000e-05,2.570550000000e-05,-2.723129000000e-05,2.260900000000e-05,3.098400000000e-06,-2.434740000000e-04,5.300363000000e-05,-7.099609000000e-05,5.036300000000e-05,2.640700000000e-06,-1.276159000000e-04,1.708071000000e-05,-5.342848000000e-05,1.403800000000e-05,3.044400000000e-06,-2.999200000000e-06,8.554661000000e-05,5.484953000000e-05,8.320200000000e-05,2.345500000000e-06
396,3.960000000000e-02,-9.634040000000e-05,2.628723000000e-05,-3.633110000000e-05,2.337800000000e-05,2.911000000000e-06,-3.620773000000e-04,3.964190000000e-05,-1.327841000000e-04,3.693500000000e-05,2.706100000000e-06,-1.413624000000e-04,1.883082000000e-05,-5.954018000000e-05,1.599100000000e-05,2.841800000000e-06,-8.350150000000e-05,7.799002000000e-05,1.076592000000e-05,7.565700000000e-05,2.333000000000e-06
397,3.970000000000e-02,-1.400750000000e-04,2.398613000000e-05,-5.974139000000e-05,2.127400000000e-05,2.713500000000e-06,-4.282368000000e-04,3.459345000000e-05,-1.576673000000e-04,3.183400000000e-05,2.759300000000e-06,-1.709448000000e-04,1.998936000000e-05,-7.215751000000e-05,1.732200000000e-05,2.669100000000e-06,-1.740173000000e-04,6.671054000000e-05,-3.813304000000e-05,6.438700000000e-05,2.323800000000e-06
398,3.980000000000e-02,-1.988716000000e-04,2.044772000000e-05,-8.529359000000e-05,1.792200000000e-05,2.526900000000e-06,-4.069347000000e-04,3.792454000000e-05,-1.330459000000e-04,3.512200000000e-05,2.801300000000e-06,-2.023058000000e-04,2.077517000000e-05,-8.410574000000e-05,1.828700000000e-05,2.491000000000e-06,-2.567674000000e-04,5.448043000000e-05,-7.334004000000e-05,5.216300000000e-05,2.317500000000e-06
399,3.990000000000e-02,-2.492224000000e-04,1.805787000000e-05,-9.833232000000e-05,1.567400000000e-05,2.387700000000e-06,-3.060528000000e-04,4.683559000000e-05,-7.088900000000e-05,4.400100000000e-05,2.834400000000e-06,-2.206718000000e-04,2.187140000000e-05,-8.767460000000e-05,1.952600000000e-05,2.348700000000e-06,-2.932476000000e-04,4.667014000000e-05,-8.105886000000e-05,4.435900000000e-05,2.310500000000e-06
