step,tconv,GP2_s1_dCL,GP2_s1_dCD,GP2_s1_dCMz,GP2_s1_dCDp,GP2_s1_dCDv,GP2_s2_dCL,GP2_s2_dCD,GP2_s2_dCMz,GP2_s2_dCDp,GP2_s2_dCDv,NN2_s1_dCL,NN2_s1_dCD,NN2_s1_dCMz,NN2_s1_dCDp,NN2_s1_dCDv,NN2_s2_dCL,NN2_s2_dCD,NN2_s2_dCMz,NN2_s2_dCDp,NN2_s2_dCDv
2,2.000000000000e-04,0.000000000000e+00,0.000000000000e+00,0.000000000000e+00,0.000000000000e+00,0.000000000000e+00,0.000000000000e+00,0.000000000000e+00,0.000000000000e+00,0.000000000000e+00,0.000000000000e+00,0.000000000000e+00,0.000000000000e+00,0.000000000000e+00,0.000000000000e+00,0.000000000000e+00,0.000000000000e+00,0.000000000000e+00,0.000000000000e+00,0.000000000000e+00,0.000000000000e+00
3,3.000000000000e-04,0.000000000000e+00,0.000000000000e+00,0.000000000000e+00,0.000000000000e+00,0.000000000000e+00,0.000000000000e+00,0.000000000000e+00,0.000000000000e+00,0.000000000000e+00,0.000000000000e+00,0.000000000000e+00,0.000000000000e+00,0.000000000000e+00,0.000000000000e+00,0.000000000000e+00,0.000000000000e+00,0.000000000000e+00,0.000000000000e+00,0.000000000000e+00,0.000000000000e+00
4,4.000000000000e-04,0.000000000000e+00,0.000000000000e+00,0.000000000000e+00,0.000000000000e+00,0.000000000000e+00,0.000000000000e+00,0.000000000000e+00,0.000000000000e+00,0.000000000000e+00,0.000000000000e+00,0.000000000000e+00,0.000000000000e+00,0.000000000000e+00,0.000000000000e+00,0.000000000000e+00,0.000000000000e+00,0.000000000000e+00,0.000000000000e+00,0.000000000000e+00,0.000000000000e+00
5,5.000000000000e-04,0.000000000000e+00,0.000000000000e+00,0.000000000000e+00,0.000000000000e+00,0.000000000000e+00,0.000000000000e+00,0.000000000000e+00,0.000000000000e+00,0.000000000000e+00,0.000000000000e+00,0.000000000000e+00,0.000000000000e+00,0.000000000000e+00,0.000000000000e+00,0.000000000000e+00,0.000000000000e+00,0.000000000000e+00,0.000000000000e+00,0.000000000000e+00,0.000000000000e+00
6,6.000000000000e-04,0.000000000000e+00,0.000000000000e+00,0.000000000000e+00,0.000000000000e+00,0.000000000000e+00,0.000000000000e+00,0.000000000000e+00,0.000000000000e+00,0.000000000000e+00,0.000000000000e+00,0.000000000000e+00,0.000000000000e+00,0.000000000000e+00,0.000000000000e+00,0.000000000000e+00,0.000000000000e+00,0.000000000000e+00,0.000000000000e+00,0.000000000000e+00,0.000000000000e+00
7,7.000000000000e-04,0.000000000000e+00,0.000000000000e+00,0.000000000000e+00,0.000000000000e+00,0.000000000000e+00,0.000000000000e+00,0.000000000000e+00,0.000000000000e+00,0.000000000000e+00,0.000000000000e+00,0.000000000000e+00,0.000000000000e+00,0.000000000000e+00,0.000000000000e+00,0.000000000000e+00,0.000000000000e+00,0.000000000000e+00,0.000000000000e+00,0.000000000000e+00,0.000000000000e+00
8,8.000000000000e-04,0.000000000000e+00,0.000000000000e+00,0.000000000000e+00,0.000000000000e+00,0.000000000000e+00,0.000000000000e+00,0.000000000000e+00,0.000000000000e+00,0.000000000000e+00,0.000000000000e+00,0.000000000000e+00,0.000000000000e+00,0.000000000000e+00,0.000000000000e+00,0.000000000000e+00,0.000000000000e+00,0.000000000000e+00,0.000000000000e+00,0.000000000000e+00,0.000000000000e+00
9,9.000000000000e-04,0.000000000000e+00,0.000000000000e+00,0.000000000000e+00,0.000000000000e+00,0.000000000000e+00,0.000000000000e+00,0.000000000000e+00,0.000000000000e+00,0.000000000000e+00,0.000000000000e+00,0.000000000000e+00,0.000000000000e+00,0.000000000000e+00,0.000000000000e+00,0.000000000000e+00,0.000000000000e+00,0.000000000000e+00,0.000000000000e+00,0.000000000000e+00,0.000000000000e+00
10,1.000000000000e-03,-2.380320000000e-05,2.826114000000e-05,-1.486887000000e-06,2.817600000000e-05,9.222400000000e-08,2.284470000000e-05,3.291392000000e-05,4.943113000000e-05,3.291000000000e-05,9.278300000000e-09,-2.599160000000e-05,2.928807000000e-05,-3.626053000000e-06,2.920500000000e-05,9.113800000000e-08,2.722350000000e-05,3.414697000000e-05,5.665557000000e-05,3.414400000000e-05,8.982800000000e-09
11,1.100000000000e-03,-4.422200000000e-05,4.277020000000e-05,-1.549510000000e-05,4.261800000000e-05,1.601400000000e-07,1.013418000000e-04,5.467882000000e-05,8.139410000000e-05,5.466400000000e-05,2.002400000000e-08,-4.201340000000e-05,4.388779000000e-05,-1.600778000000e-05,4.373600000000e-05,1.598900000000e-07,1.008248000000e-04,5.437144000000e-05,8.336753000000e-05,5.435700000000e-05,2.011600000000e-08
12,1.200000000000e-03,-6.298320000000e-05,3.910136000000e-05,-4.223844000000e-05,3.891400000000e-05,1.936600000000e-07,1.130606000000e-04,5.536717000000e-05,6.316483000000e-05,5.533200000000e-05,3.951100000000e-08,-6.164840000000e-05,3.916744000000e-05,-4.184622000000e-05,3.898000000000e-05,1.944100000000e-07,1.172556000000e-04,5.511737000000e-05,6.403491000000e-05,5.508300000000e-05,3.929900000000e-08
13,1.300000000000e-03,-6.399820000000e-05,3.156267000000e-05,-5.550180000000e-05,3.138800000000e-05,1.812900000000e-07,1.116211000000e-04,5.289048000000e-05,4.428261000000e-05,5.287200000000e-05,2.252600000000e-08,-6.273140000000e-05,3.119745000000e-05,-5.442524000000e-05,3.102100000000e-05,1.835100000000e-07,1.212538000000e-04,5.433609000000e-05,4.655587000000e-05,5.431900000000e-05,2.167300000000e-08
14,1.400000000000e-03,-5.775210000000e-05,2.739783000000e-05,-4.898289000000e-05,2.729300000000e-05,1.121900000000e-07,1.201550000000e-04,5.203135000000e-05,4.260091000000e-05,5.211200000000e-05,-7.720800000000e-08,-5.173730000000e-05,2.787464000000e-05,-4.642847000000e-05,2.776600000000e-05,1.156200000000e-07,1.286269000000e-04,5.403630000000e-05,4.456320000000e-05,5.411800000000e-05,-7.842400000000e-08
15,1.500000000000e-03,-5.346260000000e-05,2.785342000000e-05,-3.749107000000e-05,2.786200000000e-05,-3.100500000000e-09,1.280432000000e-04,5.447804000000e-05,4.905436000000e-05,5.471700000000e-05,-2.363200000000e-07,-4.507570000000e-05,2.885759000000e-05,-3.488714000000e-05,2.886200000000e-05,1.744300000000e-09,1.298097000000e-04,5.491393000000e-05,4.883170000000e-05,5.515300000000e-05,-2.365600000000e-07
16,1.600000000000e-03,-4.493840000000e-05,3.225926000000e-05,-2.804227000000e-05,3.240000000000e-05,-1.358400000000e-07,1.181955000000e-04,5.658917000000e-05,4.094807000000e-05,5.698900000000e-05,-3.974400000000e-07,-3.845050000000e-05,3.319145000000e-05,-2.632270000000e-05,3.332700000000e-05,-1.291500000000e-07,1.139595000000e-04,5.528069000000e-05,3.847601000000e-05,5.567800000000e-05,-3.961400000000e-07
17,1.700000000000e-03,-3.080040000000e-05,3.773981000000e-05,-2.154089000000e-05,3.801700000000e-05,-2.706100000000e-07,8.807890000000e-05,5.533547000000e-05,1.494981000000e-05,5.587300000000e-05,-5.352900000000e-07,-2.897380000000e-05,3.791541000000e-05,-2.127256000000e-05,3.818400000000e-05,-2.623500000000e-07,8.297290000000e-05,5.344103000000e-05,1.263066000000e-05,5.397600000000e-05,-5.324600000000e-07
18,1.800000000000e-03,-7.752800000000e-06,4.236386000000e-05,-1.268391000000e-05,4.277800000000e-05,-4.076300000000e-07,6.088910000000e-05,5.502403000000e-05,-9.347950000000e-08,5.569000000000e-05,-6.638900000000e-07,-9.469100000000e-06,4.146005000000e-05,-1.356238000000e-05,4.186500000000e-05,-3.985600000000e-07,5.925320000000e-05,5.397073000000e-05,-1.175596000000e-06,5.463300000000e-05,-6.598500000000e-07
19,1.900000000000e-03,1.912900000000e-05,4.552946000000e-05,1.654094000000e-07,4.608500000000e-05,-5.488000000000e-07,4.526490000000e-05,5.568590000000e-05,-6.073203000000e-06,5.649100000000e-05,-8.024600000000e-07,1.610210000000e-05,4.403699000000e-05,-1.676180000000e-06,4.458300000000e-05,-5.394400000000e-07,5.020320000000e-05,5.618064000000e-05,-5.157143000000e-06,5.698000000000e-05,-7.971100000000e-07
20,2.000000000000e-03,2.044486000000e-04,5.485676000000e-05,9.171088000000e-05,5.559100000000e-05,-7.452300000000e-07,-4.199610000000e-05,4.084459000000e-05,-6.779324000000e-05,4.172200000000e-05,-8.689400000000e-07,1.862750000000e-04,5.362088000000e-05,9.084491000000e-05,5.434700000000e-05,-7.364000000000e-07,-5.025240000000e-05,4.389473000000e-05,-7.940764000000e-05,4.475600000000e-05,-8.529200000000e-07
21,2.100000000000e-03,3.484300000000e-04,6.836937000000e-05,1.687487000000e-04,6.918800000000e-05,-8.352000000000e-07,-1.429833000000e-04,3.341588000000e-05,-8.547663000000e-05,3.441500000000e-05,-9.924900000000e-07,3.326028000000e-04,6.622769000000e-05,1.670822000000e-04,6.703500000000e-05,-8.243900000000e-07,-1.328954000000e-04,3.692603000000e-05,-8.726204000000e-05,3.790700000000e-05,-9.747400000000e-07
22,2.200000000000e-03,3.949591000000e-04,7.636518000000e-05,1.836162000000e-04,7.724600000000e-05,-8.980900000000e-07,-2.254333000000e-04,2.229785000000e-05,-1.060340000000e-04,2.341900000000e-05,-1.116500000000e-06,3.873350000000e-04,7.692109000000e-05,1.817097000000e-04,7.779100000000e-05,-8.863500000000e-07,-2.121172000000e-04,2.410680000000e-05,-1.045416000000e-04,2.520400000000e-05,-1.093900000000e-06
23,2.300000000000e-03,3.714290000000e-04,8.194816000000e-05,1.609766000000e-04,8.286100000000e-05,-9.295400000000e-07,-2.754310000000e-04,1.793514000000e-05,-1.320167000000e-04,1.913000000000e-05,-1.192100000000e-06,3.745880000000e-04,8.467480000000e-05,1.624584000000e-04,8.557300000000e-05,-9.152900000000e-07,-2.558705000000e-04,2.274818000000e-05,-1.199497000000e-04,2.391400000000e-05,-1.163900000000e-06
24,2.400000000000e-03,3.034662000000e-04,8.065081000000e-05,1.154592000000e-04,8.154600000000e-05,-9.102400000000e-07,-3.201653000000e-04,1.855462000000e-05,-1.462453000000e-04,1.977700000000e-05,-1.219900000000e-06,3.139754000000e-04,8.291535000000e-05,1.197617000000e-04,8.379400000000e-05,-8.940800000000e-07,-3.007828000000e-04,2.399583000000e-05,-1.360922000000e-04,2.518600000000e-05,-1.187800000000e-06
25,2.500000000000e-03,2.144640000000e-04,6.957465000000e-05,6.692285000000e-05,7.042000000000e-05,-8.597900000000e-07,-3.554292000000e-04,1.959602000000e-05,-1.467814000000e-04,2.081900000000e-05,-1.220600000000e-06,2.225469000000e-04,7.055691000000e-05,6.944929000000e-05,7.138500000000e-05,-8.431400000000e-07,-3.225021000000e-04,2.738154000000e-05,-1.401795000000e-04,2.856800000000e-05,-1.183300000000e-06
26,2.600000000000e-03,1.373119000000e-04,5.547568000000e-05,3.948516000000e-05,5.627800000000e-05,-8.158200000000e-07,-3.570484000000e-04,2.016511000000e-05,-1.410482000000e-04,2.138200000000e-05,-1.212600000000e-06,1.390049000000e-04,5.567948000000e-05,3.894633000000e-05,5.646500000000e-05,-7.991400000000e-07,-3.117226000000e-04,3.178830000000e-05,-1.295326000000e-04,3.296100000000e-05,-1.169200000000e-06
27,2.700000000000e-03,1.047317000000e-04,4.610214000000e-05,4.092552000000e-05,4.687900000000e-05,-7.920400000000e-07,-2.927740000000e-04,2.628705000000e-05,-1.082313000000e-04,2.749800000000e-05,-1.207700000000e-06,1.064656000000e-04,4.772736000000e-05,3.992889000000e-05,4.848600000000e-05,-7.741500000000e-07,-2.443048000000e-04,4.013938000000e-05,-9.178814000000e-05,4.129800000000e-05,-1.155300000000e-06
28,2.800000000000e-03,1.316917000000e-04,4.814726000000e-05,6.508767000000e-05,4.891700000000e-05,-7.840000000000e-07,-1.816705000000e-04,3.832977000000e-05,-5.036513000000e-05,3.954100000000e-05,-1.209200000000e-06,1.369409000000e-04,5.174867000000e-05,6.472319000000e-05,5.249800000000e-05,-7.633700000000e-07,-1.344816000000e-04,5.165240000000e-05,-3.408916000000e-05,5.280200000000e-05,-1.145500000000e-06
29,2.900000000000e-03,2.128048000000e-04,6.140271000000e-05,1.002881000000e-04,6.217600000000e-05,-7.884900000000e-07,-7.517780000000e-05,5.192269000000e-05,4.241896000000e-06,5.313700000000e-05,-1.211900000000e-06,2.183246000000e-04,6.489026000000e-05,1.012214000000e-04,6.563900000000e-05,-7.638800000000e-07,-3.705050000000e-05,6.086486000000e-05,1.439188000000e-05,6.200000000000e-05,-1.132000000000e-06
30,3.000000000000e-03,1.875713000000e-04,6.317132000000e-05,1.066598000000e-04,6.410200000000e-05,-9.302700000000e-07,-5.350110000000e-05,4.775604000000e-05,1.216106000000e-06,4.907500000000e-05,-1.317400000000e-06,1.806121000000e-04,6.505372000000e-05,1.071940000000e-04,6.595300000000e-05,-8.986500000000e-07,-3.630650000000e-05,4.669416000000e-05,7.146464000000e-07,4.790500000000e-05,-1.209400000000e-06
31,3.100000000000e-03,1.804836000000e-04,7.414373000000e-05,9.272898000000e-05,7.518900000000e-05,-1.039800000000e-06,-5.823130000000e-05,5.697011000000e-05,-2.220869000000e-05,5.834300000000e-05,-1.369000000000e-06,1.889806000000e-04,7.642940000000e-05,9.725073000000e-05,7.744400000000e-05,-1.009000000000e-06,-6.063670000000e-05,5.289742000000e-05,-2.712940000000e-05,5.412400000000e-05,-1.222400000000e-06
32,3.200000000000e-03,1.466845000000e-04,7.090644000000e-05,7.440796000000e-05,7.208000000000e-05,-1.168200000000e-06,-1.257891000000e-04,5.725029000000e-05,-6.540925000000e-05,5.863400000000e-05,-1.380000000000e-06,1.556469000000e-04,6.983425000000e-05,7.775760000000e-05,7.097600000000e-05,-1.137200000000e-06,-1.265473000000e-04,5.501336000000e-05,-6.552218000000e-05,5.621600000000e-05,-1.198000000000e-06
33,3.300000000000e-03,1.602399000000e-04,7.042315000000e-05,8.444654000000e-05,7.172100000000e-05,-1.294300000000e-06,-1.920825000000e-04,5.064528000000e-05,-1.078534000000e-04,5.203500000000e-05,-1.386500000000e-06,1.661411000000e-04,6.751338000000e-05,8.766679000000e-05,6.878200000000e-05,-1.265500000000e-06,-2.052035000000e-04,5.025550000000e-05,-1.098164000000e-04,5.143700000000e-05,-1.177300000000e-06
34,3.400000000000e-03,1.979413000000e-04,7.445287000000e-05,1.156871000000e-04,7.584300000000e-05,-1.386400000000e-06,-2.356543000000e-04,4.115829000000e-05,-1.264136000000e-04,4.255800000000e-05,-1.395300000000e-06,1.997012000000e-04,7.218106000000e-05,1.168179000000e-04,7.354800000000e-05,-1.363300000000e-06,-2.515848000000e-04,4.199921000000e-05,-1.267633000000e-04,4.317200000000e-05,-1.167000000000e-06
35,3.500000000000e-03,2.289284000000e-04,8.187034000000e-05,1.445659000000e-04,8.330100000000e-05,-1.427400000000e-06,-2.397692000000e-04,3.768133000000e-05,-1.118649000000e-04,3.909600000000e-05,-1.411000000000e-06,2.294598000000e-04,8.206818000000e-05,1.442631000000e-04,8.348300000000e-05,-1.411100000000e-06,-2.431955000000e-04,3.810018000000e-05,-1.080754000000e-04,3.927200000000e-05,-1.167900000000e-06
36,3.600000000000e-03,2.351722000000e-04,8.775902000000e-05,1.456434000000e-04,8.919800000000e-05,-1.436000000000e-06,-2.038415000000e-04,4.097879000000e-05,-7.981082000000e-05,4.241600000000e-05,-1.432200000000e-06,2.376597000000e-04,8.999412000000e-05,1.448859000000e-04,9.142500000000e-05,-1.428100000000e-06,-1.914031000000e-04,3.984935000000e-05,-7.180619000000e-05,4.103200000000e-05,-1.178400000000e-06
37,3.700000000000e-03,2.083364000000e-04,8.664487000000e-05,1.150677000000e-04,8.808900000000e-05,-1.441000000000e-06,-1.503855000000e-04,4.724895000000e-05,-5.059800000000e-05,4.870300000000e-05,-1.449700000000e-06,2.134967000000e-04,8.964381000000e-05,1.147957000000e-04,9.109000000000e-05,-1.444000000000e-06,-1.240180000000e-04,4.646656000000e-05,-3.954800000000e-05,4.765700000000e-05,-1.186500000000e-06
38,3.800000000000e-03,1.473586000000e-04,7.754972000000e-05,6.276185000000e-05,7.900700000000e-05,-1.453600000000e-06,-9.567580000000e-05,5.465034000000e-05,-2.832372000000e-05,5.610700000000e-05,-1.450900000000e-06,1.509649000000e-04,7.923002000000e-05,6.537263000000e-05,8.070100000000e-05,-1.468400000000e-06,-6.973210000000e-05,5.358379000000e-05,-2.165281000000e-05,5.476500000000e-05,-1.176900000000e-06
39,3.900000000000e-03,6.308810000000e-05,6.341948000000e-05,9.152499000000e-06,6.488000000000e-05,-1.458700000000e-06,-5.415800000000e-05,6.108622000000e-05,-1.505349000000e-05,6.250600000000e-05,-1.414500000000e-06,6.055420000000e-05,6.339235000000e-05,1.464632000000e-05,6.487900000000e-05,-1.484000000000e-06,-3.294800000000e-05,5.989616000000e-05,-1.314595000000e-05,6.105800000000e-05,-1.157000000000e-06
40,4.000000000000e-03,-3.609650000000e-05,4.626100000000e-05,-3.954430000000e-05,4.770800000000e-05,-1.446300000000e-06,2.710110000000e-05,6.884369000000e-05,5.176754000000e-05,7.019300000000e-05,-1.350000000000e-06,-1.624000000000e-05,4.735281000000e-05,-2.575636000000e-05,4.883800000000e-05,-1.484900000000e-06,3.814910000000e-05,6.953144000000e-05,5.579485000000e-05,7.066500000000e-05,-1.134200000000e-06
41,4.100000000000e-03,-6.282920000000e-05,5.341528000000e-05,-1.204039000000e-05,5.480300000000e-05,-1.387500000000e-06,1.145706000000e-04,7.962467000000e-05,1.171374000000e-04,8.089200000000e-05,-1.267200000000e-06,-4.947400000000e-05,5.484150000000e-05,-7.252950000000e-06,5.626800000000e-05,-1.426500000000e-06,1.257432000000e-04,8.150398000000e-05,1.219620000000e-04,8.262500000000e-05,-1.122300000000e-06
42,4.200000000000e-03,-6.661450000000e-05,5.098933000000e-05,-1.172023000000e-05,5.223900000000e-05,-1.248500000000e-06,1.081661000000e-04,7.645348000000e-05,9.762521000000e-05,7.763600000000e-05,-1.183200000000e-06,-4.975650000000e-05,5.385121000000e-05,-4.396379000000e-06,5.513700000000e-05,-1.284800000000e-06,1.403427000000e-04,8.063109000000e-05,1.182247000000e-04,8.176500000000e-05,-1.133600000000e-06
43,4.300000000000e-03,-2.179940000000e-05,5.216654000000e-05,-5.791860000000e-08,5.326300000000e-05,-1.095300000000e-06,5.706520000000e-05,7.163085000000e-05,5.897931000000e-05,7.270600000000e-05,-1.074400000000e-06,-2.861200000000e-06,5.544581000000e-05,8.650310000000e-06,5.657200000000e-05,-1.125200000000e-06,1.197520000000e-04,7.898093000000e-05,9.602569000000e-05,8.011600000000e-05,-1.134600000000e-06
44,4.400000000000e-03,6.136220000000e-05,6.273654000000e-05,3.833126000000e-05,6.374300000000e-05,-1.004900000000e-06,2.145700000000e-06,7.520306000000e-05,3.691151000000e-05,7.615500000000e-05,-9.511000000000e-07,8.474350000000e-05,6.595822000000e-05,4.448393000000e-05,6.698800000000e-05,-1.029400000000e-06,8.674970000000e-05,8.574903000000e-05,8.222376000000e-05,8.688300000000e-05,-1.132800000000e-06
45,4.500000000000e-03,1.487652000000e-04,7.734039000000e-05,7.912751000000e-05,7.832000000000e-05,-9.797000000000e-07,-4.187850000000e-05,7.935558000000e-05,2.579382000000e-05,8.019200000000e-05,-8.354700000000e-07,1.753810000000e-04,7.950753000000e-05,8.447550000000e-05,8.050500000000e-05,-9.973400000000e-07,4.800070000000e-05,9.084046000000e-05,6.714061000000e-05,9.198300000000e-05,-1.142100000000e-06
46,4.600000000000e-03,2.085308000000e-04,8.741476000000e-05,9.865774000000e-05,8.836400000000e-05,-9.508100000000e-07,-6.174130000000e-05,7.913510000000e-05,2.298683000000e-05,7.988400000000e-05,-7.478000000000e-07,2.343559000000e-04,8.824102000000e-05,1.051302000000e-04,8.919900000000e-05,-9.588500000000e-07,1.747720000000e-05,8.843688000000e-05,5.280477000000e-05,8.961100000000e-05,-1.172300000000e-06
47,4.700000000000e-03,2.118099000000e-04,8.607310000000e-05,8.642938000000e-05,8.694000000000e-05,-8.689100000000e-07,-6.400270000000e-05,7.995982000000e-05,3.705028000000e-05,8.066700000000e-05,-7.063200000000e-07,2.297488000000e-04,8.572669000000e-05,9.325853000000e-05,8.659300000000e-05,-8.677200000000e-07,-1.188990000000e-05,8.418856000000e-05,5.212068000000e-05,8.542100000000e-05,-1.230800000000e-06
48,4.800000000000e-03,1.572124000000e-04,7.651710000000e-05,5.286713000000e-05,7.725400000000e-05,-7.386200000000e-07,-4.297290000000e-05,8.327841000000e-05,5.406038000000e-05,8.399200000000e-05,-7.113500000000e-07,1.599425000000e-04,7.516772000000e-05,5.631701000000e-05,7.589700000000e-05,-7.308000000000e-07,-3.121700000000e-05,8.115026000000e-05,5.255291000000e-05,8.246600000000e-05,-1.313200000000e-06
49,4.900000000000e-03,7.642000000000e-05,6.579184000000e-05,1.544926000000e-05,6.638400000000e-05,-5.939900000000e-07,-2.720110000000e-05,8.409114000000e-05,5.678698000000e-05,8.483500000000e-05,-7.424600000000e-07,6.578520000000e-05,6.405258000000e-05,1.255019000000e-05,6.463300000000e-05,-5.819600000000e-07,-5.602460000000e-05,7.728542000000e-05,4.218133000000e-05,7.868500000000e-05,-1.397100000000e-06
50,5.000000000000e-03,-3.232210000000e-05,5.609814000000e-05,-4.980821000000e-05,5.645600000000e-05,-3.664600000000e-07,-7.918600000000e-05,7.563088000000e-05,1.727551000000e-05,7.647100000000e-05,-8.333200000000e-07,-5.065110000000e-05,5.639089000000e-05,-6.324772000000e-05,5.673000000000e-05,-3.474600000000e-07,-1.366719000000e-04,6.686928000000e-05,-5.545907000000e-07,6.838400000000e-05,-1.506900000000e-06
51,5.100000000000e-03,-6.711730000000e-05,4.658931000000e-05,-6.942165000000e-05,4.674100000000e-05,-1.635900000000e-07,-2.028264000000e-04,5.375653000000e-05,-3.981934000000e-05,5.467600000000e-05,-9.135900000000e-07,-9.459450000000e-05,4.493686000000e-05,-8.337628000000e-05,4.506600000000e-05,-1.421800000000e-07,-2.713816000000e-04,4.340065000000e-05,-6.749058000000e-05,4.499100000000e-05,-1.584400000000e-06
52,5.200000000000e-03,-4.425250000000e-05,5.219135000000e-05,-3.888522000000e-05,5.216700000000e-05,1.228800000000e-08,-3.092617000000e-04,3.215485000000e-05,-9.082996000000e-05,3.318100000000e-05,-1.020800000000e-06,-6.749160000000e-05,5.135497000000e-05,-4.863538000000e-05,5.131000000000e-05,3.228500000000e-08,-3.827757000000e-04,2.310850000000e-05,-1.228391000000e-04,2.478200000000e-05,-1.667900000000e-06
53,5.300000000000e-03,-1.569560000000e-05,6.124192000000e-05,-1.282834000000e-05,6.103400000000e-05,1.965800000000e-07,-3.545173000000e-04,2.405981000000e-05,-1.181192000000e-04,2.521800000000e-05,-1.153200000000e-06,-3.998780000000e-05,6.141509000000e-05,-2.031196000000e-05,6.119500000000e-05,2.088100000000e-07,-4.292885000000e-04,1.561913000000e-05,-1.498339000000e-04,1.739000000000e-05,-1.765300000000e-06
54,5.400000000000e-03,-1.578460000000e-05,6.836584000000e-05,-1.271234000000e-05,6.790900000000e-05,4.465900000000e-07,-3.552410000000e-04,2.389633000000e-05,-1.217345000000e-04,2.515800000000e-05,-1.255500000000e-06,-4.131700000000e-05,6.872283000000e-05,-2.207246000000e-05,6.826400000000e-05,4.483600000000e-07,-4.227566000000e-04,1.496098000000e-05,-1.497463000000e-04,1.679200000000e-05,-1.826100000000e-06
55,5.500000000000e-03,-6.517930000000e-05,6.965501000000e-05,-4.110303000000e-05,6.887800000000e-05,7.661000000000e-07,-3.202481000000e-04,2.607648000000e-05,-1.021903000000e-04,2.739700000000e-05,-1.314200000000e-06,-8.425890000000e-05,6.865853000000e-05,-5.141089000000e-05,6.789100000000e-05,7.569800000000e-07,-3.729688000000e-04,1.865776000000e-05,-1.265622000000e-04,2.049800000000e-05,-1.834600000000e-06
56,5.600000000000e-03,-1.581686000000e-04,6.267749000000e-05,-8.474390000000e-05,6.155100000000e-05,1.114300000000e-06,-2.574715000000e-04,3.124587000000e-05,-7.804133000000e-05,3.254800000000e-05,-1.296800000000e-06,-1.628680000000e-04,6.044304000000e-05,-9.191710000000e-05,5.933600000000e-05,1.094400000000e-06,-2.961120000000e-04,2.587665000000e-05,-9.432648000000e-05,2.766700000000e-05,-1.786100000000e-06
57,5.700000000000e-03,-2.540522000000e-04,5.377274000000e-05,-1.139931000000e-04,5.229900000000e-05,1.462700000000e-06,-2.022010000000e-04,3.671810000000e-05,-6.012808000000e-05,3.797600000000e-05,-1.252600000000e-06,-2.488133000000e-04,4.992970000000e-05,-1.184112000000e-04,4.848700000000e-05,1.431800000000e-06,-2.243861000000e-04,3.379342000000e-05,-6.658840000000e-05,3.550600000000e-05,-1.708300000000e-06
58,5.800000000000e-03,-3.155196000000e-04,4.887538000000e-05,-1.134546000000e-04,4.706200000000e-05,1.802400000000e-06,-1.789564000000e-04,4.057795000000e-05,-5.732395000000e-05,4.171700000000e-05,-1.134500000000e-06,-3.073851000000e-04,4.459612000000e-05,-1.185626000000e-04,4.282900000000e-05,1.756400000000e-06,-1.893077000000e-04,4.025917000000e-05,-5.693025000000e-05,4.183200000000e-05,-1.568000000000e-06
59,5.900000000000e-03,-3.146145000000e-04,5.028981000000e-05,-9.022326000000e-05,4.815700000000e-05,2.124400000000e-06,-1.895150000000e-04,4.278134000000e-05,-6.501403000000e-05,4.384400000000e-05,-1.057600000000e-06,-3.065654000000e-04,4.763060000000e-05,-9.744734000000e-05,4.556200000000e-05,2.059300000000e-06,-1.918733000000e-04,4.505365000000e-05,-6.192769000000e-05,4.648900000000e-05,-1.430700000000e-06
60,6.000000000000e-03,-2.058197000000e-04,5.689125000000e-05,1.911603000000e-05,5.447700000000e-05,2.404900000000e-06,-2.024796000000e-04,5.006486000000e-05,-6.516418000000e-05,5.074200000000e-05,-6.850700000000e-07,-2.101991000000e-04,6.202339000000e-05,1.961373000000e-05,5.969000000000e-05,2.323600000000e-06,-2.469218000000e-04,5.150640000000e-05,-7.164315000000e-05,5.248200000000e-05,-9.828100000000e-07
61,6.100000000000e-03,-1.106169000000e-04,6.646893000000e-05,8.273784000000e-05,6.379900000000e-05,2.657600000000e-06,-2.297479000000e-04,6.324864000000e-05,-4.153490000000e-05,6.360500000000e-05,-3.704100000000e-07,-1.202070000000e-04,7.246221000000e-05,7.999592000000e-05,6.988100000000e-05,2.569300000000e-06,-2.720469000000e-04,6.217550000000e-05,-5.172895000000e-05,6.276000000000e-05,-5.984200000000e-07
62,6.200000000000e-03,-4.224400000000e-05,7.060327000000e-05,8.527763000000e-05,6.773000000000e-05,2.860800000000e-06,-2.348139000000e-04,6.950448000000e-05,-1.804227000000e-05,6.958300000000e-05,-9.622800000000e-08,-4.165840000000e-05,7.723479000000e-05,8.475565000000e-05,7.444800000000e-05,2.773700000000e-06,-2.820047000000e-04,6.579790000000e-05,-3.254220000000e-05,6.604400000000e-05,-2.630800000000e-07
63,6.300000000000e-03,2.064420000000e-05,7.024337000000e-05,6.510399000000e-05,6.726200000000e-05,2.967800000000e-06,-2.294702000000e-04,6.913280000000e-05,-1.557488000000e-05,6.899200000000e-05,1.232900000000e-07,1.677330000000e-05,7.538948000000e-05,6.133934000000e-05,7.248600000000e-05,2.890100000000e-06,-2.793931000000e-04,6.481569000000e-05,-2.958892000000e-05,6.481600000000e-05,-1.761200000000e-08
64,6.400000000000e-03,1.132501000000e-04,7.567650000000e-05,8.276238000000e-05,7.270300000000e-05,2.960000000000e-06,-2.297636000000e-04,7.048231000000e-05,-2.915149000000e-05,7.021700000000e-05,2.472700000000e-07,9.305670000000e-05,7.788620000000e-05,7.382359000000e-05,7.497900000000e-05,2.893200000000e-06,-2.658227000000e-04,6.843513000000e-05,-3.729622000000e-05,6.827300000000e-05,1.450700000000e-07
65,6.500000000000e-03,2.346478000000e-04,8.177938000000e-05,1.305476000000e-04,7.889300000000e-05,2.871700000000e-06,-2.407822000000e-04,7.578948000000e-05,-5.232225000000e-05,7.542500000000e-05,3.483700000000e-07,1.943031000000e-04,8.043037000000e-05,1.148095000000e-04,7.759700000000e-05,2.818800000000e-06,-2.661549000000e-04,7.523600000000e-05,-5.670586000000e-05,7.491300000000e-05,3.058700000000e-07
66,6.600000000000e-03,3.764636000000e-04,8.993569000000e-05,1.968400000000e-04,8.717400000000e-05,2.747600000000e-06,-2.757473000000e-04,7.677972000000e-05,-8.346979000000e-05,7.631200000000e-05,4.505200000000e-07,3.364292000000e-04,8.618377000000e-05,1.825953000000e-04,8.345700000000e-05,2.712400000000e-06,-2.956272000000e-04,7.667904000000e-05,-8.767797000000e-05,7.625200000000e-05,4.095900000000e-07
67,6.700000000000e-03,5.077043000000e-04,9.922571000000e-05,2.512067000000e-04,9.660600000000e-05,2.606000000000e-06,-3.158612000000e-04,7.350780000000e-05,-1.093419000000e-04,7.297900000000e-05,5.125200000000e-07,4.742835000000e-04,9.378234000000e-05,2.416692000000e-04,9.117500000000e-05,2.593200000000e-06,-3.376653000000e-04,7.262833000000e-05,-1.160239000000e-04,7.214300000000e-05,4.691400000000e-07
68,6.800000000000e-03,5.995968000000e-04,1.075680000000e-04,2.747322000000e-04,1.051100000000e-04,2.443000000000e-06,-3.454066000000e-04,7.044171000000e-05,-1.163757000000e-04,6.988600000000e-05,5.395600000000e-07,5.725417000000e-04,1.033411000000e-04,2.696900000000e-04,1.008700000000e-04,2.460400000000e-06,-3.698881000000e-04,6.804597000000e-05,-1.242650000000e-04,6.752300000000e-05,5.061300000000e-07
69,6.900000000000e-03,6.265038000000e-04,1.100330000000e-04,2.634759000000e-04,1.077500000000e-04,2.264800000000e-06,-3.522774000000e-04,6.955475000000e-05,-1.060634000000e-04,6.899000000000e-05,5.484700000000e-07,6.078632000000e-04,1.092035000000e-04,2.624692000000e-04,1.068700000000e-04,2.318900000000e-06,-3.710791000000e-04,6.634084000000e-05,-1.113772000000e-04,6.579700000000e-05,5.260300000000e-07
70,7.000000000000e-03,4.148880000000e-04,7.022790000000e-05,9.723977000000e-05,6.836400000000e-05,1.866300000000e-06,-2.244900000000e-04,6.277382000000e-05,-1.582682000000e-05,6.235600000000e-05,3.957900000000e-07,3.998465000000e-04,7.272185000000e-05,9.660213000000e-05,7.076600000000e-05,1.957000000000e-06,-2.629421000000e-04,5.683491000000e-05,-2.598521000000e-05,5.643000000000e-05,3.831300000000e-07
71,7.100000000000e-03,1.607134000000e-04,4.849699000000e-05,-8.873420000000e-06,4.691500000000e-05,1.591600000000e-06,-1.141487000000e-04,6.150000000000e-05,5.371907000000e-05,6.123100000000e-05,2.501100000000e-07,1.644110000000e-04,5.106583000000e-05,-1.837055000000e-07,4.936400000000e-05,1.712500000000e-06,-1.223249000000e-04,5.729660000000e-05,5.237687000000e-05,5.704100000000e-05,2.364200000000e-07
72,7.200000000000e-03,-7.644090000000e-05,2.101554000000e-05,-9.022721000000e-05,1.964300000000e-05,1.383300000000e-06,-5.852460000000e-05,6.041118000000e-05,6.713655000000e-05,6.028600000000e-05,1.083600000000e-07,-3.546880000000e-05,2.485277000000e-05,-6.700381000000e-05,2.333200000000e-05,1.531100000000e-06,-4.190420000000e-05,6.038374000000e-05,7.505829000000e-05,6.028100000000e-05,8.526200000000e-08
73,7.300000000000e-03,-2.514450000000e-04,5.350540000000e-06,-1.427830000000e-04,4.099500000000e-06,1.262000000000e-06,-2.419340000000e-05,6.593305000000e-05,6.836817000000e-05,6.588800000000e-05,2.971100000000e-08,-1.847938000000e-04,9.891956000000e-06,-1.103016000000e-04,8.467500000000e-06,1.434600000000e-06,1.096800000000e-06,6.819907000000e-05,7.933182000000e-05,6.819000000000e-05,-7.210900000000e-09
74,7.400000000000e-03,-3.563363000000e-04,3.325274000000e-06,-1.688930000000e-04,2.111400000000e-06,1.224600000000e-06,1.875470000000e-05,7.287435000000e-05,8.045821000000e-05,7.284500000000e-05,1.335000000000e-08,-2.820018000000e-04,8.568608000000e-06,-1.340717000000e-04,7.158800000000e-06,1.419500000000e-06,4.063480000000e-05,7.719488000000e-05,8.713463000000e-05,7.721600000000e-05,-3.712800000000e-08
75,7.500000000000e-03,-4.119560000000e-04,5.554022000000e-06,-1.820712000000e-04,4.331700000000e-06,1.232400000000e-06,8.514550000000e-05,8.523530000000e-05,1.019385000000e-04,8.523000000000e-05,-9.948800000000e-09,-3.401393000000e-04,1.275885000000e-05,-1.478668000000e-04,1.132800000000e-05,1.441600000000e-06,1.074119000000e-04,9.019272000000e-05,1.079515000000e-04,9.024700000000e-05,-6.957200000000e-08
76,7.600000000000e-03,-4.120118000000e-04,1.296398000000e-05,-1.759437000000e-04,1.172100000000e-05,1.252600000000e-06,1.655754000000e-04,9.556046000000e-05,1.400666000000e-04,9.561900000000e-05,-7.400700000000e-08,-3.467028000000e-04,2.037679000000e-05,-1.429795000000e-04,1.891700000000e-05,1.468600000000e-06,1.857754000000e-04,9.890108000000e-05,1.462675000000e-04,9.902200000000e-05,-1.365500000000e-07
77,7.700000000000e-03,-3.743231000000e-04,2.372739000000e-05,-1.505100000000e-04,2.249800000000e-05,1.238400000000e-06,2.375378000000e-04,1.006994000000e-04,1.744845000000e-04,1.008400000000e-04,-1.590300000000e-07,-3.216065000000e-04,2.799607000000e-05,-1.231077000000e-04,2.652800000000e-05,1.476700000000e-06,2.497009000000e-04,1.015406000000e-04,1.783914000000e-04,1.017400000000e-04,-2.191600000000e-07
78,7.800000000000e-03,-3.259750000000e-04,3.372864000000e-05,-1.188010000000e-04,3.252900000000e-05,1.210200000000e-06,2.721762000000e-04,1.037559000000e-04,1.814776000000e-04,1.039700000000e-04,-2.325700000000e-07,-2.849114000000e-04,3.386120000000e-05,-9.942406000000e-05,3.241800000000e-05,1.452800000000e-06,2.779589000000e-04,1.018035000000e-04,1.852002000000e-04,1.020700000000e-04,-2.866700000000e-07
79,7.900000000000e-03,-2.710884000000e-04,4.265913000000e-05,-9.145184000000e-05,4.151100000000e-05,1.157600000000e-06,2.457512000000e-04,1.023077000000e-04,1.551265000000e-04,1.025700000000e-04,-2.749900000000e-07,-2.436929000000e-04,3.781667000000e-05,-7.798240000000e-05,3.641300000000e-05,1.412800000000e-06,2.428289000000e-04,9.752125000000e-05,1.562327000000e-04,9.782600000000e-05,-3.218600000000e-07
80,8.000000000000e-03,6.132160000000e-05,6.950614000000e-05,1.369070000000e-04,6.846800000000e-05,1.038000000000e-06,6.070250000000e-05,7.036975000000e-05,3.961113000000e-05,7.085200000000e-05,-4.820700000000e-07,9.631990000000e-05,6.591835000000e-05,1.558207000000e-04,6.463800000000e-05,1.279400000000e-06,3.578120000000e-05,6.474669000000e-05,3.797401000000e-05,6.527500000000e-05,-5.272500000000e-07
81,8.100000000000e-03,3.395617000000e-04,1.011725000000e-04,2.673566000000e-04,1.002600000000e-04,9.107500000000e-07,-1.336229000000e-04,4.495742000000e-05,-6.383981000000e-05,4.554200000000e-05,-5.813300000000e-07,3.613914000000e-04,9.706690000000e-05,2.793348000000e-04,9.592400000000e-05,1.139800000000e-06,-1.574323000000e-04,4.128239000000e-05,-6.955403000000e-05,4.191100000000e-05,-6.253000000000e-07
82,8.200000000000e-03,4.729543000000e-04,1.137314000000e-04,2.936595000000e-04,1.129800000000e-04,7.504200000000e-07,-3.763366000000e-04,1.126908000000e-05,-1.761648000000e-04,1.186800000000e-05,-5.944200000000e-07,4.904494000000e-04,1.114792000000e-04,3.027089000000e-04,1.105200000000e-04,9.608800000000e-07,-3.934642000000e-04,9.251886000000e-06,-1.805388000000e-04,9.893600000000e-06,-6.380100000000e-07
83,8.300000000000e-03,5.186338000000e-04,1.208348000000e-04,2.804695000000e-04,1.203000000000e-04,5.356000000000e-07,-5.347693000000e-04,-8.363040000000e-06,-2.380947000000e-04,-7.840400000000e-06,-5.187600000000e-07,5.326457000000e-04,1.183195000000e-04,2.851000000000e-04,1.176000000000e-04,7.199200000000e-07,-5.742831000000e-04,-1.361263000000e-05,-2.456983000000e-04,-1.304900000000e-05,-5.599300000000e-07
84,8.400000000000e-03,5.165536000000e-04,1.221109000000e-04,2.551106000000e-04,1.218300000000e-04,2.754900000000e-07,-6.062832000000e-04,-1.922319000000e-05,-2.567144000000e-04,-1.885600000000e-05,-3.635600000000e-07,5.209731000000e-04,1.173587000000e-04,2.471088000000e-04,1.169300000000e-04,4.302400000000e-07,-6.564745000000e-04,-2.413968000000e-05,-2.684180000000e-04,-2.373500000000e-05,-4.014600000000e-07
85,8.500000000000e-03,4.774450000000e-04,1.162290000000e-04,2.296260000000e-04,1.161800000000e-04,5.177400000000e-08,-6.102892000000e-04,-2.129579000000e-05,-2.519170000000e-04,-2.114400000000e-05,-1.491400000000e-07,4.728477000000e-04,1.113713000000e-04,2.224262000000e-04,1.112000000000e-04,1.697300000000e-07,-6.473556000000e-04,-2.058652000000e-05,-2.554525000000e-04,-2.039700000000e-05,-1.866000000000e-07
86,8.600000000000e-03,4.198414000000e-04,1.063108000000e-04,2.061801000000e-04,1.063900000000e-04,-7.510300000000e-08,-5.690428000000e-04,-1.226398000000e-05,-2.261578000000e-04,-1.235400000000e-05,9.281700000000e-08,3.997898000000e-04,1.004701000000e-04,1.957018000000e-04,1.004500000000e-04,1.842500000000e-08,-5.966584000000e-04,-8.508699000000e-06,-2.295344000000e-04,-8.565100000000e-06,5.832400000000e-08
87,8.700000000000e-03,3.443307000000e-04,9.418765000000e-05,1.741820000000e-04,9.433200000000e-05,-1.446700000000e-07,-5.067380000000e-04,2.115961000000e-06,-1.942608000000e-04,1.770300000000e-06,3.466000000000e-07,3.197231000000e-04,8.927811000000e-05,1.658185000000e-04,8.934400000000e-05,-6.585000000000e-08,-5.171113000000e-04,5.700062000000e-06,-2.011031000000e-04,5.436400000000e-06,2.643000000000e-07
88,8.800000000000e-03,2.524465000000e-04,8.118534000000e-05,1.307991000000e-04,8.136600000000e-05,-1.803200000000e-07,-4.371465000000e-04,1.719164000000e-05,-1.609126000000e-04,1.661600000000e-05,5.764600000000e-07,2.353705000000e-04,7.863691000000e-05,1.292386000000e-04,7.874900000000e-05,-1.103900000000e-07,-4.450297000000e-04,1.730981000000e-05,-1.700215000000e-04,1.685000000000e-05,4.603900000000e-07
89,8.900000000000e-03,1.546959000000e-04,6.751570000000e-05,8.117130000000e-05,6.770000000000e-05,-1.833300000000e-07,-3.863671000000e-04,2.717397000000e-05,-1.386484000000e-04,2.643000000000e-05,7.442800000000e-07,1.559350000000e-04,6.832040000000e-05,8.903450000000e-05,6.844800000000e-05,-1.276800000000e-07,-3.975648000000e-04,2.454981000000e-05,-1.420189000000e-04,2.398300000000e-05,5.668600000000e-07
90,9.000000000000e-03,-2.170219000000e-04,2.852065000000e-05,-1.661023000000e-04,2.856900000000e-05,-3.614200000000e-08,-3.380946000000e-04,2.741392000000e-05,-1.227909000000e-04,2.652000000000e-05,8.879800000000e-07,-1.920310000000e-04,2.847683000000e-05,-1.479817000000e-04,2.851500000000e-05,-2.626700000000e-08,-3.389926000000e-04,2.262747000000e-05,-1.082530000000e-04,2.195000000000e-05,6.717200000000e-07
91,9.100000000000e-03,-4.550036000000e-04,1.143754000000e-06,-2.668162000000e-04,1.031400000000e-06,1.228900000000e-07,-2.941890000000e-04,4.680975000000e-05,-4.946246000000e-05,4.591700000000e-05,8.878800000000e-07,-4.087907000000e-04,3.901803000000e-06,-2.550790000000e-04,3.811100000000e-06,1.028700000000e-07,-2.664784000000e-04,4.566576000000e-05,-2.024879000000e-05,4.503800000000e-05,6.226100000000e-07
92,9.200000000000e-03,-5.320987000000e-04,-3.516334000000e-06,-2.417015000000e-04,-3.879500000000e-06,3.726300000000e-07,-2.638071000000e-04,5.612995000000e-05,-6.801163000000e-06,5.534000000000e-05,7.851900000000e-07,-4.909827000000e-04,-1.974758000000e-06,-2.399985000000e-04,-2.274400000000e-06,3.096400000000e-07,-1.921155000000e-04,6.204064000000e-05,3.829415000000e-05,6.157800000000e-05,4.578200000000e-07
93,9.300000000000e-03,-4.592851000000e-04,1.117388000000e-05,-1.650872000000e-04,1.046900000000e-05,7.135000000000e-07,-2.111241000000e-04,6.346833000000e-05,1.164379000000e-05,6.289200000000e-05,5.727400000000e-07,-4.391687000000e-04,1.062119000000e-05,-1.679617000000e-04,1.002600000000e-05,6.043800000000e-07,-1.182887000000e-04,7.287558000000e-05,6.604304000000e-05,7.269000000000e-05,1.832100000000e-07
94,9.400000000000e-03,-2.868999000000e-04,3.394397000000e-05,-7.774066000000e-05,3.287100000000e-05,1.081400000000e-06,-1.567343000000e-04,7.037432000000e-05,2.411419000000e-05,7.011900000000e-05,2.533500000000e-07,-2.888314000000e-04,3.036314000000e-05,-8.367113000000e-05,2.943600000000e-05,9.359200000000e-07,-5.763390000000e-05,8.157199000000e-05,8.099201000000e-05,8.174800000000e-05,-1.779600000000e-07
95,9.500000000000e-03,-1.003856000000e-04,5.427476000000e-05,-1.029792000000e-05,5.291100000000e-05,1.372200000000e-06,-1.148938000000e-04,7.380090000000e-05,4.117599000000e-05,7.391200000000e-05,-1.124800000000e-07,-1.127540000000e-04,4.768115000000e-05,-1.489488000000e-05,4.648100000000e-05,1.208800000000e-06,-4.335770000000e-05,8.276177000000e-05,7.758910000000e-05,8.332300000000e-05,-5.624900000000e-07
96,9.600000000000e-03,2.706900000000e-05,6.632475000000e-05,2.094125000000e-05,6.479200000000e-05,1.540100000000e-06,-8.739820000000e-05,7.453557000000e-05,6.311433000000e-05,7.500600000000e-05,-4.722400000000e-07,3.024380000000e-05,6.111122000000e-05,2.573193000000e-05,5.974000000000e-05,1.378700000000e-06,-7.629130000000e-05,7.611302000000e-05,6.008987000000e-05,7.702800000000e-05,-9.166100000000e-07
97,9.700000000000e-03,7.128170000000e-05,6.887238000000e-05,1.503317000000e-05,6.726000000000e-05,1.620000000000e-06,-5.738960000000e-05,7.599242000000e-05,8.556572000000e-05,7.679700000000e-05,-8.063600000000e-07,8.302350000000e-05,6.514802000000e-05,2.482281000000e-05,6.367600000000e-05,1.479200000000e-06,-1.262555000000e-04,6.828166000000e-05,3.572189000000e-05,6.950100000000e-05,-1.221700000000e-06
98,9.800000000000e-03,4.053920000000e-05,6.397160000000e-05,-1.747960000000e-05,6.232300000000e-05,1.656300000000e-06,-1.668530000000e-05,8.098086000000e-05,9.314826000000e-05,8.207900000000e-05,-1.100200000000e-06,4.649530000000e-05,5.899196000000e-05,-9.642032000000e-06,5.744500000000e-05,1.554300000000e-06,-1.687882000000e-04,6.453347000000e-05,6.637044000000e-06,6.600300000000e-05,-1.471200000000e-06
99,9.900000000000e-03,-3.139750000000e-05,5.671435000000e-05,-5.316111000000e-05,5.506400000000e-05,1.657900000000e-06,-9.536100000000e-06,8.329762000000e-05,7.569820000000e-05,8.463100000000e-05,-1.334500000000e-06,-2.615680000000e-05,5.142716000000e-05,-4.738159000000e-05,4.982900000000e-05,1.605700000000e-06,-2.087686000000e-04,6.087978000000e-05,-2.349033000000e-05,6.253200000000e-05,-1.655000000000e-06
100,1.000000000000e-02,-3.027240000000e-05,6.055832000000e-05,-4.880907000000e-05,5.882500000000e-05,1.724600000000e-06,-4.285650000000e-05,7.102912000000e-05,4.800387000000e-05,7.253300000000e-05,-1.503500000000e-06,-5.516170000000e-05,5.690501000000e-05,-5.666662000000e-05,5.515800000000e-05,1.738800000000e-06,-2.819159000000e-04,4.183220000000e-05,-5.863243000000e-05,4.360700000000e-05,-1.774400000000e-06
101,1.010000000000e-02,-6.030920000000e-05,5.448566000000e-05,-3.823148000000e-05,5.275600000000e-05,1.720000000000e-06,-1.996434000000e-04,4.550290000000e-05,-1.422505000000e-05,4.708700000000e-05,-1.587000000000e-06,-9.127940000000e-05,4.648459000000e-05,-5.144146000000e-05,4.468800000000e-05,1.787400000000e-06,-3.865339000000e-04,2.518923000000e-05,-8.541037000000e-05,2.700100000000e-05,-1.814700000000e-06
102,1.020000000000e-02,-1.205980000000e-04,4.452789000000e-05,-5.131609000000e-05,4.284100000000e-05,1.677900000000e-06,-3.747770000000e-04,1.798704000000e-05,-1.041309000000e-04,1.959300000000e-05,-1.609800000000e-06,-1.540061000000e-04,4.061446000000e-05,-6.210239000000e-05,3.881000000000e-05,1.795600000000e-06,-4.686198000000e-04,1.106308000000e-05,-1.235566000000e-04,1.287200000000e-05,-1.813600000000e-06
103,1.030000000000e-02,-1.543776000000e-04,4.503396000000e-05,-6.368905000000e-05,4.341500000000e-05,1.609000000000e-06,-4.919060000000e-04,4.024811000000e-06,-1.586899000000e-04,5.619400000000e-06,-1.598900000000e-06,-2.096496000000e-04,4.080999000000e-05,-7.659961000000e-05,3.903500000000e-05,1.765700000000e-06,-4.937156000000e-04,8.161989000000e-06,-1.397729000000e-04,9.946700000000e-06,-1.790000000000e-06
104,1.040000000000e-02,-1.694393000000e-04,5.224773000000e-05,-6.635744000000e-05,5.071800000000e-05,1.520600000000e-06,-5.336218000000e-04,5.734160000000e-06,-1.611243000000e-04,7.261100000000e-06,-1.532200000000e-06,-2.337578000000e-04,4.797712000000e-05,-8.425134000000e-05,4.626100000000e-05,1.706900000000e-06,-4.828882000000e-04,1.480182000000e-05,-1.323749000000e-04,1.651400000000e-05,-1.717000000000e-06
105,1.050000000000e-02,-1.701705000000e-04,5.914182000000e-05,-6.333915000000e-05,5.769400000000e-05,1.437300000000e-06,-5.242199000000e-04,1.431231000000e-05,-1.354501000000e-04,1.568900000000e-05,-1.381200000000e-06,-2.293391000000e-04,5.567664000000e-05,-9.019393000000e-05,5.402100000000e-05,1.646200000000e-06,-4.779145000000e-04,1.931260000000e-05,-1.225144000000e-04,2.087400000000e-05,-1.567400000000e-06
106,1.060000000000e-02,-1.468919000000e-04,6.523425000000e-05,-4.801273000000e-05,6.386300000000e-05,1.360800000000e-06,-4.825095000000e-04,2.395500000000e-05,-1.130333000000e-04,2.510100000000e-05,-1.150500000000e-06,-2.096594000000e-04,6.080224000000e-05,-8.328601000000e-05,5.920400000000e-05,1.586700000000e-06,-4.649706000000e-04,2.248794000000e-05,-1.193995000000e-04,2.382800000000e-05,-1.345100000000e-06
107,1.070000000000e-02,-1.029064000000e-04,7.347263000000e-05,-1.712412000000e-05,7.219400000000e-05,1.267200000000e-06,-4.523871000000e-04,2.663376000000e-05,-1.059289000000e-04,2.749300000000e-05,-8.635900000000e-07,-1.805279000000e-04,6.355415000000e-05,-6.199672000000e-05,6.204100000000e-05,1.502400000000e-06,-4.766360000000e-04,1.935676000000e-05,-1.279695000000e-04,2.042800000000e-05,-1.076200000000e-06
108,1.080000000000e-02,-5.802620000000e-05,8.324913000000e-05,1.521610000000e-05,8.209100000000e-05,1.147700000000e-06,-4.379185000000e-04,2.637371000000e-05,-1.001928000000e-04,2.692000000000e-05,-5.500500000000e-07,-1.486336000000e-04,7.160284000000e-05,-3.260651000000e-05,7.021200000000e-05,1.379600000000e-06,-4.867144000000e-04,1.810616000000e-05,-1.274771000000e-04,1.888800000000e-05,-7.857800000000e-07
109,1.090000000000e-02,-3.076560000000e-05,8.929156000000e-05,2.825049000000e-05,8.824900000000e-05,1.031800000000e-06,-4.372576000000e-04,2.327950000000e-05,-9.953169000000e-05,2.351800000000e-05,-2.413800000000e-07,-1.301130000000e-04,7.995895000000e-05,-1.657192000000e-05,7.870100000000e-05,1.247700000000e-06,-4.947170000000e-04,1.774004000000e-05,-1.251998000000e-04,1.823000000000e-05,-4.930000000000e-07
110,1.100000000000e-02,-1.199442000000e-04,5.286988000000e-05,-3.084973000000e-06,5.217000000000e-05,7.007700000000e-07,-3.728677000000e-04,2.382366000000e-05,-4.836108000000e-05,2.371100000000e-05,1.018900000000e-07,-2.322588000000e-04,4.151111000000e-05,-4.144376000000e-05,4.063000000000e-05,8.817800000000e-07,-4.452753000000e-04,2.127314000000e-05,-7.358271000000e-05,2.142000000000e-05,-1.561500000000e-07
111,1.110000000000e-02,-2.075785000000e-04,5.447510000000e-05,-1.034382000000e-05,5.395600000000e-05,5.222100000000e-07,-2.077653000000e-04,4.829889000000e-05,3.242740000000e-05,4.786400000000e-05,4.249000000000e-07,-2.589090000000e-04,5.224130000000e-05,-2.561170000000e-05,5.156900000000e-05,6.763100000000e-07,-2.665870000000e-04,4.472957000000e-05,2.072630000000e-05,4.455000000000e-05,1.694800000000e-07
112,1.120000000000e-02,-2.922184000000e-04,5.324994000000e-05,-5.203906000000e-05,5.283700000000e-05,4.171200000000e-07,-8.372100000000e-05,6.562834000000e-05,7.230369000000e-05,6.491400000000e-05,7.056500000000e-07,-2.740392000000e-04,5.714880000000e-05,-3.508806000000e-05,5.657100000000e-05,5.823400000000e-07,-1.265620000000e-04,5.883251000000e-05,6.722962000000e-05,5.835900000000e-05,4.651600000000e-07
113,1.130000000000e-02,-3.555867000000e-04,4.459810000000e-05,-1.017521000000e-04,4.425000000000e-05,3.544600000000e-07,3.088320000000e-05,7.442344000000e-05,1.085523000000e-04,7.345100000000e-05,9.650500000000e-07,-2.737564000000e-04,5.551398000000e-05,-5.113626000000e-05,5.501600000000e-05,5.046800000000e-07,3.816110000000e-05,6.749075000000e-05,1.181821000000e-04,6.673000000000e-05,7.526600000000e-07
114,1.140000000000e-02,-4.011309000000e-04,3.484566000000e-05,-1.360672000000e-04,3.456300000000e-05,2.882600000000e-07,1.982152000000e-04,7.332745000000e-05,1.736086000000e-04,7.215800000000e-05,1.162000000000e-06,-2.709888000000e-04,5.362549000000e-05,-6.785992000000e-05,5.323600000000e-05,3.950100000000e-07,2.414306000000e-04,6.951054000000e-05,2.002087000000e-04,6.851800000000e-05,9.851400000000e-07
115,1.150000000000e-02,-4.141804000000e-04,3.003821000000e-05,-1.423571000000e-04,2.980800000000e-05,2.356400000000e-07,3.740950000000e-04,6.499640000000e-05,2.465192000000e-04,6.374800000000e-05,1.242300000000e-06,-2.731674000000e-04,5.113013000000e-05,-8.463459000000e-05,5.083300000000e-05,3.053900000000e-07,4.315420000000e-04,6.927258000000e-05,2.809628000000e-04,6.816000000000e-05,1.105000000000e-06
116,1.160000000000e-02,-4.135743000000e-04,2.741691000000e-05,-1.374634000000e-04,2.720900000000e-05,2.141800000000e-07,5.119534000000e-04,6.278709000000e-05,3.000755000000e-04,6.156500000000e-05,1.216100000000e-06,-2.884571000000e-04,4.423589000000e-05,-9.698657000000e-05,4.397100000000e-05,2.718200000000e-07,5.473187000000e-04,7.466563000000e-05,3.154630000000e-04,7.353600000000e-05,1.123300000000e-06
117,1.170000000000e-02,-4.077075000000e-04,2.665358000000e-05,-1.313835000000e-04,2.644500000000e-05,2.157000000000e-07,5.571943000000e-04,7.688705000000e-05,2.913064000000e-04,7.575900000000e-05,1.123400000000e-06,-3.124866000000e-04,3.688014000000e-05,-1.051210000000e-04,3.660900000000e-05,2.790800000000e-07,5.741935000000e-04,9.038615000000e-05,2.890495000000e-04,8.931600000000e-05,1.065300000000e-06
118,1.180000000000e-02,-3.800339000000e-04,2.951177000000e-05,-1.213796000000e-04,2.929700000000e-05,2.208200000000e-07,5.273163000000e-04,1.031726000000e-04,2.483180000000e-04,1.022000000000e-04,9.626600000000e-07,-3.117228000000e-04,3.417439000000e-05,-1.010501000000e-04,3.388900000000e-05,2.922700000000e-07,5.332806000000e-04,1.114075000000e-04,2.373373000000e-04,1.104700000000e-04,9.288200000000e-07
119,1.190000000000e-02,-3.342477000000e-04,3.366115000000e-05,-1.029665000000e-04,3.346200000000e-05,2.048000000000e-07,4.027851000000e-04,1.261348000000e-04,1.719533000000e-04,1.253600000000e-04,7.683400000000e-07,-2.768674000000e-04,3.745671000000e-05,-8.556895000000e-05,3.718400000000e-05,2.773900000000e-07,3.973832000000e-04,1.240411000000e-04,1.689778000000e-04,1.232700000000e-04,7.649200000000e-07
120,1.200000000000e-02,-1.378070000000e-04,5.865100000000e-05,7.635309000000e-06,5.848600000000e-05,1.632000000000e-07,2.002816000000e-04,1.185187000000e-04,5.167384000000e-05,1.180000000000e-04,5.279400000000e-07,-8.678640000000e-05,6.889012000000e-05,2.238433000000e-05,6.864000000000e-05,2.484100000000e-07,1.494515000000e-04,1.076304000000e-04,4.828613000000e-05,1.070700000000e-04,5.683600000000e-07
121,1.210000000000e-02,-2.293130000000e-05,6.183239000000e-05,5.699890000000e-05,6.175000000000e-05,7.893500000000e-08,8.129050000000e-05,1.023228000000e-04,4.031834000000e-05,1.018000000000e-04,5.368200000000e-07,2.901000000000e-05,7.513657000000e-05,7.093993000000e-05,7.492500000000e-05,2.086100000000e-07,-1.560900000000e-05,8.423004000000e-05,1.573094000000e-05,8.362500000000e-05,6.188200000000e-07
122,1.220000000000e-02,6.882610000000e-05,6.482989000000e-05,8.088084000000e-05,6.479600000000e-05,3.072000000000e-08,-1.236810000000e-05,7.459117000000e-05,2.633336000000e-05,7.373300000000e-05,8.731400000000e-07,1.182011000000e-04,7.713255000000e-05,9.954797000000e-05,7.692900000000e-05,2.011200000000e-07,-1.155586000000e-04,5.795602000000e-05,-3.481572000000e-06,5.699900000000e-05,9.720500000000e-07
123,1.230000000000e-02,1.470840000000e-04,7.281168000000e-05,9.536317000000e-05,7.276700000000e-05,4.194700000000e-08,-6.971260000000e-05,5.296297000000e-05,1.544198000000e-05,5.150800000000e-05,1.472700000000e-06,2.030636000000e-04,8.840796000000e-05,1.116981000000e-04,8.815600000000e-05,2.490500000000e-07,-1.634297000000e-04,3.863508000000e-05,-2.518250000000e-05,3.707900000000e-05,1.574300000000e-06
124,1.240000000000e-02,1.829205000000e-04,7.680792000000e-05,9.824771000000e-05,7.672400000000e-05,8.023200000000e-08,-1.225733000000e-04,4.122024000000e-05,-8.661568000000e-07,3.895400000000e-05,2.284200000000e-06,2.476734000000e-04,9.533626000000e-05,1.149063000000e-04,9.501300000000e-05,3.196700000000e-07,-2.182946000000e-04,2.548266000000e-05,-5.368984000000e-05,2.311700000000e-05,2.384100000000e-06
125,1.250000000000e-02,2.024957000000e-04,7.916471000000e-05,1.007956000000e-04,7.904300000000e-05,1.178800000000e-07,-2.270457000000e-04,3.133462000000e-05,-5.370413000000e-05,2.806500000000e-05,3.285600000000e-06,2.615974000000e-04,9.696009000000e-05,1.150545000000e-04,9.655400000000e-05,4.024700000000e-07,-3.199442000000e-04,1.775203000000e-05,-1.023455000000e-04,1.438200000000e-05,3.386800000000e-06
126,1.260000000000e-02,2.145815000000e-04,8.188306000000e-05,1.021653000000e-04,8.174200000000e-05,1.381200000000e-07,-3.472584000000e-04,2.086643000000e-05,-1.134993000000e-04,1.646000000000e-05,4.418000000000e-06,2.696762000000e-04,9.574030000000e-05,1.142490000000e-04,9.529300000000e-05,4.450100000000e-07,-4.043377000000e-04,1.479526000000e-05,-1.433777000000e-04,1.030100000000e-05,4.505600000000e-06
127,1.270000000000e-02,2.241037000000e-04,8.167922000000e-05,9.845301000000e-05,8.153500000000e-05,1.420200000000e-07,-4.901582000000e-04,1.078768000000e-05,-1.887555000000e-04,5.233900000000e-06,5.557300000000e-06,2.653030000000e-04,9.038214000000e-05,1.059859000000e-04,8.989700000000e-05,4.831800000000e-07,-5.075168000000e-04,1.286922000000e-05,-1.991032000000e-04,7.241200000000e-06,5.631200000000e-06
128,1.280000000000e-02,2.100239000000e-04,7.747650000000e-05,8.391265000000e-05,7.733400000000e-05,1.412800000000e-07,-6.052592000000e-04,6.646209000000e-06,-2.426969000000e-04,2.724600000000e-08,6.614700000000e-06,2.324027000000e-04,8.257592000000e-05,8.135865000000e-05,8.204500000000e-05,5.297000000000e-07,-5.753580000000e-04,1.402111000000e-05,-2.263122000000e-04,7.353600000000e-06,6.663400000000e-06
129,1.290000000000e-02,1.652506000000e-04,7.004268000000e-05,5.553410000000e-05,6.987300000000e-05,1.678100000000e-07,-6.813611000000e-04,9.422527000000e-06,-2.746056000000e-04,1.959600000000e-06,7.449800000000e-06,1.676897000000e-04,7.190712000000e-05,4.854281000000e-05,7.131300000000e-05,5.927200000000e-07,-6.394560000000e-04,1.837785000000e-05,-2.466027000000e-04,1.093600000000e-05,7.427500000000e-06
130,1.300000000000e-02,1.309708000000e-04,4.732456000000e-05,3.614090000000e-05,4.703000000000e-05,2.966600000000e-07,-6.943498000000e-04,6.061244000000e-06,-2.560040000000e-04,-1.816100000000e-06,7.846600000000e-06,1.084991000000e-04,5.575711000000e-05,3.583326000000e-05,5.495200000000e-05,8.081900000000e-07,-6.603114000000e-04,2.184685000000e-05,-2.346103000000e-04,1.410600000000e-05,7.708900000000e-06
131,1.310000000000e-02,1.152414000000e-04,5.179433000000e-05,4.193399000000e-05,5.137100000000e-05,4.266300000000e-07,-6.738689000000e-04,1.055307000000e-05,-2.357254000000e-04,2.662800000000e-06,7.857000000000e-06,1.090741000000e-04,5.775846000000e-05,4.667259000000e-05,5.671400000000e-05,1.048200000000e-06,-6.683037000000e-04,2.165875000000e-05,-2.186593000000e-04,1.404900000000e-05,7.577100000000e-06
132,1.320000000000e-02,4.644240000000e-05,5.106683000000e-05,1.301696000000e-05,5.053900000000e-05,5.297000000000e-07,-6.591267000000e-04,2.561722000000e-05,-2.081563000000e-04,1.816500000000e-05,7.418900000000e-06,6.209400000000e-05,5.521369000000e-05,2.269645000000e-05,5.393200000000e-05,1.283000000000e-06,-6.851924000000e-04,2.779020000000e-05,-2.131982000000e-04,2.077400000000e-05,6.983700000000e-06
133,1.330000000000e-02,1.036370000000e-05,5.292919000000e-05,-1.417869000000e-05,5.232000000000e-05,6.096100000000e-07,-5.742985000000e-04,4.416860000000e-05,-1.668939000000e-04,3.756800000000e-05,6.570800000000e-06,4.293130000000e-05,5.585967000000e-05,7.473618000000e-06,5.437800000000e-05,1.483200000000e-06,-6.172188000000e-04,4.123198000000e-05,-1.845593000000e-04,3.521500000000e-05,5.987300000000e-06
134,1.340000000000e-02,3.715930000000e-05,6.040778000000e-05,-5.219755000000e-06,5.974300000000e-05,6.648200000000e-07,-4.628308000000e-04,5.717191000000e-05,-1.250059000000e-04,5.150400000000e-05,5.641400000000e-06,7.817850000000e-05,6.304463000000e-05,2.070339000000e-05,6.141100000000e-05,1.633400000000e-06,-4.987117000000e-04,5.676131000000e-05,-1.364804000000e-04,5.182900000000e-05,4.906800000000e-06
135,1.350000000000e-02,7.966280000000e-05,6.705065000000e-05,2.804194000000e-05,6.634900000000e-05,7.007800000000e-07,-3.239988000000e-04,7.189055000000e-05,-6.649744000000e-05,6.715800000000e-05,4.711400000000e-06,1.462881000000e-04,7.276803000000e-05,5.481385000000e-05,7.102800000000e-05,1.740700000000e-06,-3.336900000000e-04,7.724827000000e-05,-6.064002000000e-05,7.334600000000e-05,3.882500000000e-06
136,1.360000000000e-02,9.589950000000e-05,6.911393000000e-05,4.975945000000e-05,6.837800000000e-05,7.362200000000e-07,-1.919460000000e-04,8.857123000000e-05,-1.542521000000e-06,8.467500000000e-05,3.879300000000e-06,1.841043000000e-04,7.987289000000e-05,7.846798000000e-05,7.805200000000e-05,1.818800000000e-06,-1.677121000000e-04,9.723413000000e-05,2.532208000000e-05,9.432100000000e-05,2.899400000000e-06
137,1.370000000000e-02,8.127640000000e-05,6.754583000000e-05,4.238579000000e-05,6.676300000000e-05,7.831000000000e-07,-8.578570000000e-05,1.021522000000e-04,4.676556000000e-05,9.896000000000e-05,3.179200000000e-06,1.519486000000e-04,7.869060000000e-05,6.313009000000e-05,7.680900000000e-05,1.879600000000e-06,-2.530560000000e-05,1.133237000000e-04,9.490340000000e-05,1.110600000000e-04,2.257800000000e-06
138,1.380000000000e-02,4.734840000000e-05,6.452311000000e-05,1.774474000000e-05,6.368100000000e-05,8.406100000000e-07,-3.047390000000e-05,1.094106000000e-04,6.611167000000e-05,1.066900000000e-04,2.707300000000e-06,7.358380000000e-05,7.444492000000e-05,2.276038000000e-05,7.253100000000e-05,1.911500000000e-06,7.974110000000e-05,1.270305000000e-04,1.384835000000e-04,1.251800000000e-04,1.837900000000e-06
139,1.390000000000e-02,9.911900000000e-06,6.068460000000e-05,-9.111011000000e-06,5.979200000000e-05,8.910600000000e-07,-3.529540000000e-05,1.080705000000e-04,5.187216000000e-05,1.057200000000e-04,2.341900000000e-06,-4.710840000000e-05,6.920056000000e-05,-1.215142000000e-05,6.730900000000e-05,1.889300000000e-06,1.063807000000e-04,1.310676000000e-04,1.334715000000e-04,1.295500000000e-04,1.506400000000e-06
140,1.400000000000e-02,-1.421198000000e-04,5.374421000000e-05,-5.266201000000e-05,5.278500000000e-05,9.630200000000e-07,-1.282657000000e-04,8.769325000000e-05,7.720216000000e-06,8.555700000000e-05,2.134200000000e-06,-2.151086000000e-04,4.061905000000e-05,-8.696529000000e-05,3.880500000000e-05,1.817200000000e-06,-3.668000000000e-06,1.077932000000e-04,7.124887000000e-05,1.063400000000e-04,1.451900000000e-06
141,1.410000000000e-02,-2.314917000000e-04,5.314022000000e-05,-5.546741000000e-05,5.218600000000e-05,9.582600000000e-07,-2.151892000000e-04,8.561173000000e-05,-4.132929000000e-06,8.357000000000e-05,2.039200000000e-06,-3.179690000000e-04,3.236843000000e-05,-1.114404000000e-04,3.069900000000e-05,1.674700000000e-06,-1.105715000000e-04,1.013162000000e-04,3.760218000000e-05,9.982800000000e-05,1.485500000000e-06
142,1.420000000000e-02,-2.439345000000e-04,5.368412000000e-05,-5.778850000000e-05,5.279700000000e-05,8.924500000000e-07,-2.592054000000e-04,8.450749000000e-05,-5.909064000000e-06,8.249300000000e-05,2.011500000000e-06,-3.079461000000e-04,4.098937000000e-05,-9.735772000000e-05,3.945300000000e-05,1.541600000000e-06,-2.061585000000e-04,9.585254000000e-05,6.196031000000e-06,9.427700000000e-05,1.572800000000e-06
143,1.430000000000e-02,-2.025517000000e-04,5.569064000000e-05,-4.592018000000e-05,5.489800000000e-05,7.974500000000e-07,-2.216314000000e-04,8.718591000000e-05,1.814002000000e-05,8.511200000000e-05,2.071000000000e-06,-2.705367000000e-04,4.446715000000e-05,-7.945843000000e-05,4.302800000000e-05,1.444600000000e-06,-2.352034000000e-04,9.124238000000e-05,6.742994000000e-06,8.950600000000e-05,1.733300000000e-06
144,1.440000000000e-02,-1.366757000000e-04,5.988889000000e-05,-1.149054000000e-05,5.918400000000e-05,7.094300000000e-07,-1.313497000000e-04,9.535495000000e-05,6.408028000000e-05,9.318300000000e-05,2.169600000000e-06,-2.020112000000e-04,4.877826000000e-05,-3.986896000000e-05,4.739100000000e-05,1.392500000000e-06,-2.020716000000e-04,9.160201000000e-05,3.739346000000e-05,8.967800000000e-05,1.921300000000e-06
145,1.450000000000e-02,-8.295020000000e-05,6.505451000000e-05,2.297764000000e-05,6.443400000000e-05,6.249300000000e-07,-3.793840000000e-05,1.033295000000e-04,1.073680000000e-04,1.010900000000e-04,2.235800000000e-06,-9.635570000000e-05,5.928991000000e-05,1.723947000000e-05,5.795400000000e-05,1.342100000000e-06,-1.259480000000e-04,9.649625000000e-05,7.717645000000e-05,9.443700000000e-05,2.058600000000e-06
146,1.460000000000e-02,-2.332940000000e-05,7.343810000000e-05,5.296692000000e-05,7.292600000000e-05,5.167100000000e-07,4.107750000000e-05,1.124822000000e-04,1.339587000000e-04,1.102400000000e-04,2.237900000000e-06,2.172470000000e-05,7.466832000000e-05,7.160818000000e-05,7.343900000000e-05,1.236300000000e-06,-2.924320000000e-05,1.078464000000e-04,1.107813000000e-04,1.057400000000e-04,2.109300000000e-06
147,1.470000000000e-02,3.810060000000e-05,8.342681000000e-05,7.413720000000e-05,8.305600000000e-05,3.757700000000e-07,6.468940000000e-05,1.144887000000e-04,1.337745000000e-04,1.123100000000e-04,2.182600000000e-06,1.318843000000e-04,9.101967000000e-05,1.062360000000e-04,8.995800000000e-05,1.069500000000e-06,2.046600000000e-05,1.112304000000e-04,1.175104000000e-04,1.091500000000e-04,2.083600000000e-06
148,1.480000000000e-02,9.594330000000e-05,9.204602000000e-05,8.976639000000e-05,9.182900000000e-05,2.225700000000e-07,4.179390000000e-05,1.115426000000e-04,1.146635000000e-04,1.094600000000e-04,2.086900000000e-06,2.056811000000e-04,1.010353000000e-04,1.237111000000e-04,1.001600000000e-04,8.857700000000e-07,1.246800000000e-05,1.075426000000e-04,1.015681000000e-04,1.055400000000e-04,2.003400000000e-06
149,1.490000000000e-02,1.458867000000e-04,9.778233000000e-05,1.037245000000e-04,9.769800000000e-05,8.982200000000e-08,-3.800800000000e-06,1.070472000000e-04,8.697147000000e-05,1.050900000000e-04,1.957900000000e-06,2.354184000000e-04,1.055248000000e-04,1.301083000000e-04,1.048000000000e-04,7.333000000000e-07,-3.188780000000e-05,1.023982000000e-04,7.181396000000e-05,1.005200000000e-04,1.876600000000e-06
150,1.500000000000e-02,1.524003000000e-04,8.735975000000e-05,1.413569000000e-04,8.754100000000e-05,-1.848000000000e-07,-1.157847000000e-04,9.222889000000e-05,4.696187000000e-05,9.062200000000e-05,1.603300000000e-06,1.991168000000e-04,8.884855000000e-05,1.492845000000e-04,8.840500000000e-05,4.406000000000e-07,-1.594330000000e-04,8.563852000000e-05,2.323361000000e-05,8.412500000000e-05,1.509600000000e-06
151,1.510000000000e-02,7.858690000000e-05,7.564137000000e-05,1.259869000000e-04,7.593000000000e-05,-2.911700000000e-07,-1.908219000000e-04,6.921767000000e-05,1.773212000000e-05,6.790600000000e-05,1.310400000000e-06,9.050400000000e-05,8.055511000000e-05,1.136906000000e-04,8.021600000000e-05,3.369400000000e-07,-2.016335000000e-04,7.111194000000e-05,5.593164000000e-06,6.990800000000e-05,1.202500000000e-06
152,1.520000000000e-02,-3.848300000000e-05,5.679973000000e-05,5.506671000000e-05,5.711800000000e-05,-3.193100000000e-07,-2.701400000000e-04,4.960023000000e-05,-1.507127000000e-05,4.854500000000e-05,1.055400000000e-06,-4.169160000000e-05,6.459454000000e-05,4.287109000000e-05,6.428900000000e-05,3.050900000000e-07,-2.729221000000e-04,5.204419000000e-05,-2.253294000000e-05,5.111900000000e-05,9.259600000000e-07
153,1.530000000000e-02,-1.453217000000e-04,4.411585000000e-05,-1.735115000000e-05,4.443600000000e-05,-3.214700000000e-07,-3.027734000000e-04,4.600251000000e-05,-3.656767000000e-05,4.518400000000e-05,8.182400000000e-07,-1.587428000000e-04,5.286757000000e-05,-3.115956000000e-05,5.258300000000e-05,2.831700000000e-07,-3.112859000000e-04,4.530478000000e-05,-4.076955000000e-05,4.465000000000e-05,6.544000000000e-07
154,1.540000000000e-02,-2.467298000000e-04,3.774164000000e-05,-6.723739000000e-05,3.804200000000e-05,-3.005300000000e-07,-3.021726000000e-04,5.451800000000e-05,-4.454228000000e-05,5.388100000000e-05,6.363900000000e-07,-2.538987000000e-04,4.586392000000e-05,-7.955932000000e-05,4.558500000000e-05,2.769400000000e-07,-3.110149000000e-04,5.268328000000e-05,-4.628216000000e-05,5.223500000000e-05,4.487400000000e-07
155,1.550000000000e-02,-3.102664000000e-04,3.847197000000e-05,-8.419887000000e-05,3.871200000000e-05,-2.403500000000e-07,-2.940486000000e-04,6.063424000000e-05,-5.083958000000e-05,6.010800000000e-05,5.262100000000e-07,-3.189304000000e-04,4.341047000000e-05,-8.684345000000e-05,4.308600000000e-05,3.245600000000e-07,-3.002217000000e-04,6.084253000000e-05,-4.837664000000e-05,6.051400000000e-05,3.296000000000e-07
156,1.560000000000e-02,-3.219001000000e-04,4.250816000000e-05,-7.497014000000e-05,4.266200000000e-05,-1.537100000000e-07,-3.023189000000e-04,5.890484000000e-05,-5.767700000000e-05,5.841700000000e-05,4.881000000000e-07,-3.329527000000e-04,4.327451000000e-05,-6.568736000000e-05,4.284000000000e-05,4.330400000000e-07,-3.055156000000e-04,6.175859000000e-05,-5.432917000000e-05,6.146200000000e-05,2.969600000000e-07
157,1.570000000000e-02,-2.813445000000e-04,4.927521000000e-05,-4.013883000000e-05,4.933400000000e-05,-5.854800000000e-08,-3.289205000000e-04,5.351855000000e-05,-6.674861000000e-05,5.302400000000e-05,4.959100000000e-07,-2.988170000000e-04,4.291299000000e-05,-3.308116000000e-05,4.235200000000e-05,5.610900000000e-07,-3.255083000000e-04,6.174392000000e-05,-6.513993000000e-05,6.141200000000e-05,3.329000000000e-07
158,1.580000000000e-02,-2.153795000000e-04,5.602842000000e-05,-2.042239000000e-06,5.600200000000e-05,2.717100000000e-08,-3.826905000000e-04,4.627384000000e-05,-9.100941000000e-05,4.576000000000e-05,5.148200000000e-07,-2.451601000000e-04,4.376045000000e-05,-3.868436000000e-06,4.309600000000e-05,6.639500000000e-07,-3.752144000000e-04,5.736609000000e-05,-9.375513000000e-05,5.698300000000e-05,3.846800000000e-07
159,1.590000000000e-02,-1.625802000000e-04,6.046884000000e-05,2.062128000000e-05,6.036200000000e-05,1.073100000000e-07,-4.437094000000e-04,3.906638000000e-05,-1.305418000000e-04,3.853900000000e-05,5.293300000000e-07,-2.021728000000e-04,4.657604000000e-05,1.408792000000e-05,4.584100000000e-05,7.344100000000e-07,-4.368053000000e-04,4.836110000000e-05,-1.327393000000e-04,4.793400000000e-05,4.288500000000e-07
160,1.600000000000e-02,-1.409565000000e-04,6.016435000000e-05,1.763338000000e-05,6.004900000000e-05,1.221700000000e-07,-3.246387000000e-04,4.131081000000e-05,-7.023448000000e-05,4.075200000000e-05,5.556200000000e-07,-1.960191000000e-04,5.129961000000e-05,1.136339000000e-05,5.053800000000e-05,7.668500000000e-07,-3.100245000000e-04,4.952804000000e-05,-6.279476000000e-05,4.902900000000e-05,4.960900000000e-07
161,1.610000000000e-02,-1.390873000000e-04,6.247280000000e-05,2.784363000000e-05,6.242500000000e-05,5.099800000000e-08,-3.070942000000e-04,3.935996000000e-05,-4.485688000000e-05,3.876200000000e-05,5.932100000000e-07,-1.803474000000e-04,5.846161000000e-05,1.617234000000e-05,5.776700000000e-05,6.986500000000e-07,-2.949109000000e-04,4.305620000000e-05,-4.378189000000e-05,4.247700000000e-05,5.740700000000e-07
162,1.620000000000e-02,-2.243110000000e-04,5.102659000000e-05,-1.408803000000e-05,5.099500000000e-05,3.419100000000e-08,-2.830090000000e-04,3.685145000000e-05,-3.303765000000e-05,3.622000000000e-05,6.265600000000e-07,-2.074554000000e-04,5.816346000000e-05,-4.979380000000e-06,5.750400000000e-05,6.617400000000e-07,-2.666560000000e-04,4.090233000000e-05,-3.948928000000e-05,4.021900000000e-05,6.786000000000e-07
163,1.630000000000e-02,-3.011754000000e-04,3.848711000000e-05,-6.770619000000e-05,3.841000000000e-05,7.823800000000e-08,-2.189068000000e-04,4.565281000000e-05,-8.478570000000e-06,4.500800000000e-05,6.394600000000e-07,-2.144228000000e-04,5.001239000000e-05,-2.786256000000e-05,4.933200000000e-05,6.828500000000e-07,-2.117436000000e-04,4.584528000000e-05,-1.463148000000e-05,4.506400000000e-05,7.754300000000e-07
164,1.640000000000e-02,-3.433724000000e-04,3.121450000000e-05,-9.611382000000e-05,3.107700000000e-05,1.383000000000e-07,-1.579875000000e-04,5.313037000000e-05,6.677187000000e-06,5.248800000000e-05,6.374000000000e-07,-1.885815000000e-04,4.670312000000e-05,-2.472889000000e-05,4.600000000000e-05,7.052400000000e-07,-1.735036000000e-04,4.824782000000e-05,-1.787634000000e-06,4.739000000000e-05,8.527100000000e-07
165,1.650000000000e-02,-3.594549000000e-04,2.853451000000e-05,-9.758371000000e-05,2.835300000000e-05,1.821100000000e-07,-1.080231000000e-04,5.722666000000e-05,1.242537000000e-05,5.658600000000e-05,6.338000000000e-07,-1.655992000000e-04,4.846272000000e-05,-1.132529000000e-05,4.776700000000e-05,6.959600000000e-07,-1.516584000000e-04,5.047729000000e-05,1.863517000000e-06,4.955400000000e-05,9.175400000000e-07
166,1.660000000000e-02,-3.505769000000e-04,2.572030000000e-05,-9.291487000000e-05,2.550700000000e-05,2.136000000000e-07,-6.815840000000e-05,5.977428000000e-05,1.721683000000e-05,5.913400000000e-05,6.349700000000e-07,-1.603864000000e-04,4.597477000000e-05,-1.844945000000e-05,4.530900000000e-05,6.664700000000e-07,-1.395260000000e-04,5.109473000000e-05,4.396530000000e-06,5.011100000000e-05,9.773800000000e-07
167,1.670000000000e-02,-3.149967000000e-04,2.473981000000e-05,-8.008381000000e-05,2.450700000000e-05,2.320700000000e-07,-3.622480000000e-05,6.152396000000e-05,2.844609000000e-05,6.087900000000e-05,6.413700000000e-07,-1.858078000000e-04,3.730603000000e-05,-5.069690000000e-05,3.667500000000e-05,6.308900000000e-07,-1.087447000000e-04,5.385719000000e-05,1.981841000000e-05,5.281900000000e-05,1.034000000000e-06
168,1.680000000000e-02,-2.537197000000e-04,2.914316000000e-05,-5.333693000000e-05,2.892200000000e-05,2.199700000000e-07,1.196530000000e-05,6.509270000000e-05,5.629727000000e-05,6.444500000000e-05,6.439000000000e-07,-2.345104000000e-04,2.714983000000e-05,-9.181193000000e-05,2.656500000000e-05,5.844600000000e-07,-4.478150000000e-05,6.009253000000e-05,5.562534000000e-05,5.900800000000e-05,1.080700000000e-06
169,1.690000000000e-02,-1.635848000000e-04,3.977064000000e-05,-1.668063000000e-05,3.960000000000e-05,1.694000000000e-07,8.994870000000e-05,7.324882000000e-05,1.020805000000e-04,7.262000000000e-05,6.253800000000e-07,-3.002847000000e-04,1.848727000000e-05,-1.226716000000e-04,1.797400000000e-05,5.144500000000e-07,6.152170000000e-05,7.129196000000e-05,1.111886000000e-04,7.018700000000e-05,1.102100000000e-06
170,1.700000000000e-02,-1.103298000000e-04,3.124608000000e-05,-1.237774000000e-05,3.115100000000e-05,9.056600000000e-08,4.496290000000e-05,6.707785000000e-05,6.784765000000e-05,6.654600000000e-05,5.330900000000e-07,-3.754111000000e-04,-1.449659000000e-06,-1.676767000000e-04,-1.898500000000e-06,4.455000000000e-07,4.549080000000e-05,6.885663000000e-05,7.413829000000e-05,6.781200000000e-05,1.045500000000e-06
171,1.710000000000e-02,-4.372960000000e-05,4.294452000000e-05,2.618764000000e-05,4.297100000000e-05,-3.012200000000e-08,1.386533000000e-04,9.080194000000e-05,1.133608000000e-04,9.034800000000e-05,4.552500000000e-07,-3.863362000000e-04,2.694567000000e-06,-1.436142000000e-04,2.340100000000e-06,3.526400000000e-07,1.490868000000e-04,9.097239000000e-05,1.172417000000e-04,8.996800000000e-05,1.005000000000e-06
172,1.720000000000e-02,-1.546620000000e-05,4.897415000000e-05,4.200018000000e-05,4.916900000000e-05,-1.985400000000e-07,1.671335000000e-04,9.865778000000e-05,1.358147000000e-04,9.826000000000e-05,3.994300000000e-07,-3.179599000000e-04,1.611403000000e-05,-8.729274000000e-05,1.589300000000e-05,2.198500000000e-07,1.671753000000e-04,9.520282000000e-05,1.286188000000e-04,9.423400000000e-05,9.698700000000e-07
173,1.730000000000e-02,-3.015000000000e-07,5.394500000000e-05,4.555146000000e-05,5.433100000000e-05,-3.889200000000e-07,1.287364000000e-04,9.648305000000e-05,1.284718000000e-04,9.611200000000e-05,3.730600000000e-07,-1.640735000000e-04,3.578302000000e-05,-2.205925000000e-05,3.569900000000e-05,8.113300000000e-08,9.896810000000e-05,9.024499000000e-05,1.108651000000e-04,8.929800000000e-05,9.488200000000e-07
174,1.740000000000e-02,1.541580000000e-05,5.565081000000e-05,3.945827000000e-05,5.623100000000e-05,-5.835300000000e-07,6.795380000000e-05,9.175906000000e-05,1.049569000000e-04,9.138900000000e-05,3.712200000000e-07,1.985850000000e-05,6.107415000000e-05,5.616638000000e-05,6.111700000000e-05,-4.535500000000e-08,8.427200000000e-06,8.227478000000e-05,7.625304000000e-05,8.132700000000e-05,9.491900000000e-07
175,1.750000000000e-02,2.448110000000e-05,5.870013000000e-05,3.546579000000e-05,5.947100000000e-05,-7.727100000000e-07,9.089000000000e-07,8.460307000000e-05,7.447744000000e-05,8.421500000000e-05,3.904300000000e-07,1.574648000000e-04,8.320057000000e-05,1.164278000000e-04,8.337200000000e-05,-1.743500000000e-07,-7.045420000000e-05,7.225964000000e-05,3.926754000000e-05,7.127800000000e-05,9.828700000000e-07
176,1.760000000000e-02,8.051600000000e-06,6.123833000000e-05,2.303692000000e-05,6.219300000000e-05,-9.558600000000e-07,-4.707990000000e-05,7.739991000000e-05,5.009640000000e-05,7.695400000000e-05,4.474500000000e-07,2.034859000000e-04,9.326822000000e-05,1.253199000000e-04,9.358700000000e-05,-3.211100000000e-07,-1.127564000000e-04,6.626813000000e-05,2.508740000000e-05,6.525200000000e-05,1.018100000000e-06
177,1.770000000000e-02,-2.271280000000e-05,6.265481000000e-05,1.184482000000e-05,6.377200000000e-05,-1.118500000000e-06,-6.432570000000e-05,7.164608000000e-05,4.310399000000e-05,7.115500000000e-05,4.933300000000e-07,1.547944000000e-04,8.829211000000e-05,8.938496000000e-05,8.875900000000e-05,-4.686800000000e-07,-1.027289000000e-04,6.727117000000e-05,3.625568000000e-05,6.622100000000e-05,1.051300000000e-06
178,1.780000000000e-02,-4.590980000000e-05,6.220193000000e-05,5.372201000000e-06,6.343100000000e-05,-1.229800000000e-06,-5.141380000000e-05,7.020439000000e-05,5.359688000000e-05,6.967200000000e-05,5.346200000000e-07,6.853430000000e-05,7.758474000000e-05,4.407416000000e-05,7.816700000000e-05,-5.830000000000e-07,-5.098880000000e-05,7.343910000000e-05,6.555424000000e-05,7.237200000000e-05,1.069000000000e-06
179,1.790000000000e-02,-5.418180000000e-05,6.008623000000e-05,8.800711000000e-06,6.135400000000e-05,-1.267300000000e-06,-1.049090000000e-05,7.539994000000e-05,7.671434000000e-05,7.483800000000e-05,5.634000000000e-07,-3.893600000000e-06,6.659553000000e-05,1.702650000000e-05,6.723200000000e-05,-6.370100000000e-07,2.048750000000e-05,8.268679000000e-05,1.015745000000e-04,8.162200000000e-05,1.065900000000e-06
180,1.800000000000e-02,3.969500000000e-06,6.308258000000e-05,3.945528000000e-05,6.433400000000e-05,-1.259000000000e-06,2.001480000000e-04,1.055077000000e-04,1.907399000000e-04,1.049100000000e-04,5.980700000000e-07,2.402060000000e-05,6.415797000000e-05,4.003790000000e-05,6.481100000000e-05,-6.603300000000e-07,2.229237000000e-04,1.084124000000e-04,2.171022000000e-04,1.073900000000e-04,1.025900000000e-06
181,1.810000000000e-02,4.472300000000e-06,6.625894000000e-05,5.239093000000e-05,6.741500000000e-05,-1.163800000000e-06,2.268531000000e-04,1.145628000000e-04,2.163232000000e-04,1.140100000000e-04,5.516400000000e-07,4.880750000000e-05,6.972900000000e-05,7.931563000000e-05,7.032000000000e-05,-5.994600000000e-07,2.481476000000e-04,1.134536000000e-04,2.401482000000e-04,1.125500000000e-04,9.043500000000e-07
182,1.820000000000e-02,6.620300000000e-06,6.906138000000e-05,3.349902000000e-05,7.005100000000e-05,-9.967000000000e-07,2.747113000000e-04,1.249968000000e-04,2.254578000000e-04,1.245600000000e-04,4.339500000000e-07,8.875220000000e-05,7.773559000000e-05,8.034441000000e-05,7.821000000000e-05,-4.804000000000e-07,2.692708000000e-04,1.185050000000e-04,2.333386000000e-04,1.177900000000e-04,7.208000000000e-07
183,1.830000000000e-02,2.567780000000e-05,7.581576000000e-05,1.290555000000e-05,7.657300000000e-05,-7.640100000000e-07,3.513580000000e-04,1.288163000000e-04,2.382323000000e-04,1.285400000000e-04,2.725600000000e-07,1.111949000000e-04,8.630115000000e-05,6.209153000000e-05,8.660300000000e-05,-3.078700000000e-07,3.275242000000e-04,1.225532000000e-04,2.359242000000e-04,1.220600000000e-04,4.944200000000e-07
184,1.840000000000e-02,1.653470000000e-05,7.532366000000e-05,-3.832143000000e-06,7.580500000000e-05,-4.871100000000e-07,4.191273000000e-04,1.271199000000e-04,2.496463000000e-04,1.270700000000e-04,5.026500000000e-08,8.409800000000e-05,8.507241000000e-05,2.755804000000e-05,8.515900000000e-05,-9.192700000000e-08,3.784929000000e-04,1.216528000000e-04,2.373149000000e-04,1.214500000000e-04,2.062100000000e-07
185,1.850000000000e-02,3.978000000000e-07,7.129668000000e-05,-1.207446000000e-05,7.148100000000e-05,-1.894300000000e-07,4.460113000000e-04,1.235517000000e-04,2.444746000000e-04,1.238100000000e-04,-2.555700000000e-07,3.130660000000e-05,7.764819000000e-05,-8.210655000000e-06,7.749200000000e-05,1.504300000000e-07,3.871555000000e-04,1.150861000000e-04,2.214727000000e-04,1.152400000000e-04,-1.536800000000e-07
186,1.860000000000e-02,-1.660390000000e-05,6.436322000000e-05,-2.035956000000e-05,6.424800000000e-05,1.103200000000e-07,4.323526000000e-04,1.226281000000e-04,2.265029000000e-04,1.232500000000e-04,-6.234300000000e-07,-3.446080000000e-05,6.596868000000e-05,-3.833461000000e-05,6.555800000000e-05,4.058900000000e-07,3.539348000000e-04,1.080566000000e-04,1.961708000000e-04,1.086200000000e-04,-5.598100000000e-07
187,1.870000000000e-02,-1.255550000000e-05,6.275579000000e-05,-1.586311000000e-05,6.235100000000e-05,3.992400000000e-07,3.991827000000e-04,1.220805000000e-04,2.029135000000e-04,1.230800000000e-04,-9.969800000000e-07,-7.852730000000e-05,5.764516000000e-05,-5.755029000000e-05,5.698400000000e-05,6.560500000000e-07,2.992059000000e-04,1.021431000000e-04,1.705020000000e-04,1.031000000000e-04,-9.610900000000e-07
188,1.880000000000e-02,1.080700000000e-05,6.684625000000e-05,1.607507000000e-06,6.618600000000e-05,6.557300000000e-07,3.370246000000e-04,1.158801000000e-04,1.737654000000e-04,1.172100000000e-04,-1.335700000000e-06,-9.636960000000e-05,5.307838000000e-05,-5.763927000000e-05,5.219100000000e-05,8.818300000000e-07,2.465716000000e-04,9.589770000000e-05,1.459042000000e-04,9.722600000000e-05,-1.328000000000e-06
189,1.890000000000e-02,3.961010000000e-05,7.170706000000e-05,1.462844000000e-05,7.083000000000e-05,8.718600000000e-07,2.714392000000e-04,1.064896000000e-04,1.486707000000e-04,1.081300000000e-04,-1.640400000000e-06,-8.666080000000e-05,5.189001000000e-05,-5.293729000000e-05,5.082800000000e-05,1.057000000000e-06,1.922771000000e-04,8.664029000000e-05,1.231114000000e-04,8.830000000000e-05,-1.660600000000e-06
190,1.900000000000e-02,-2.551860000000e-05,5.819749000000e-05,1.998317000000e-05,5.727200000000e-05,9.296900000000e-07,-4.123610000000e-05,5.874908000000e-05,-1.365282000000e-05,6.078900000000e-05,-2.042100000000e-06,-1.361592000000e-04,4.158709000000e-05,-2.608079000000e-05,4.052300000000e-05,1.068200000000e-06,-7.629090000000e-05,4.601117000000e-05,-2.632494000000e-05,4.809500000000e-05,-2.086200000000e-06
191,1.910000000000e-02,-1.201426000000e-04,4.637559000000e-05,-1.424216000000e-05,4.538300000000e-05,9.969800000000e-07,-1.326779000000e-04,4.249711000000e-05,-6.107803000000e-05,4.488700000000e-05,-2.389800000000e-06,-1.820851000000e-04,3.889582000000e-05,-2.828449000000e-05,3.780400000000e-05,1.096100000000e-06,-1.754930000000e-04,2.849658000000e-05,-7.077841000000e-05,3.094500000000e-05,-2.448300000000e-06
192,1.920000000000e-02,-2.109596000000e-04,3.645003000000e-05,-6.093612000000e-05,3.538500000000e-05,1.069200000000e-06,-1.638249000000e-04,2.972940000000e-05,-5.611716000000e-05,3.240800000000e-05,-2.676200000000e-06,-2.469060000000e-04,3.393127000000e-05,-5.800207000000e-05,3.280900000000e-05,1.126900000000e-06,-2.258288000000e-04,1.699470000000e-05,-7.534796000000e-05,1.977300000000e-05,-2.776300000000e-06
193,1.930000000000e-02,-2.519636000000e-04,3.158609000000e-05,-8.690210000000e-05,3.045800000000e-05,1.133000000000e-06,-1.377064000000e-04,3.435364000000e-05,-1.852863000000e-05,3.729800000000e-05,-2.940900000000e-06,-2.410349000000e-04,3.726701000000e-05,-7.325172000000e-05,3.613100000000e-05,1.140500000000e-06,-2.158453000000e-04,2.011918000000e-05,-5.554779000000e-05,2.321400000000e-05,-3.091800000000e-06
194,1.940000000000e-02,-2.518669000000e-04,3.519922000000e-05,-8.897876000000e-05,3.402800000000e-05,1.176000000000e-06,-9.212660000000e-05,4.784092000000e-05,2.076864000000e-05,5.101600000000e-05,-3.171400000000e-06,-2.120965000000e-04,4.048200000000e-05,-6.995027000000e-05,3.934600000000e-05,1.140100000000e-06,-1.699293000000e-04,3.530312000000e-05,-2.136618000000e-05,3.864700000000e-05,-3.339600000000e-06
195,1.950000000000e-02,-2.426188000000e-04,4.169099000000e-05,-7.614783000000e-05,4.050100000000e-05,1.195100000000e-06,-6.170130000000e-05,5.949190000000e-05,3.374005000000e-05,6.281300000000e-05,-3.317300000000e-06,-2.000422000000e-04,4.292241000000e-05,-5.407291000000e-05,4.180800000000e-05,1.118400000000e-06,-1.255463000000e-04,5.000410000000e-05,-6.143399000000e-07,5.354800000000e-05,-3.539900000000e-06
196,1.960000000000e-02,-2.289958000000e-04,4.891232000000e-05,-6.133238000000e-05,4.773100000000e-05,1.184900000000e-06,-5.984550000000e-05,6.364499000000e-05,1.612085000000e-05,6.704200000000e-05,-3.393800000000e-06,-2.168941000000e-04,4.418294000000e-05,-5.619563000000e-05,4.312300000000e-05,1.065000000000e-06,-9.571300000000e-05,5.767637000000e-05,1.735548000000e-06,6.136100000000e-05,-3.681100000000e-06
197,1.970000000000e-02,-1.995782000000e-04,5.871254000000e-05,-4.960957000000e-05,5.758800000000e-05,1.128000000000e-06,-7.127300000000e-05,6.535302000000e-05,-8.221745000000e-06,6.879800000000e-05,-3.442700000000e-06,-2.470696000000e-04,4.884888000000e-05,-7.583632000000e-05,4.786300000000e-05,9.898500000000e-07,-7.608960000000e-05,6.255649000000e-05,1.343726000000e-07,6.643100000000e-05,-3.872000000000e-06
198,1.980000000000e-02,-1.649169000000e-04,6.656065000000e-05,-4.152662000000e-05,6.552600000000e-05,1.039200000000e-06,-1.052361000000e-04,6.330222000000e-05,-2.937658000000e-05,6.677500000000e-05,-3.470200000000e-06,-2.752947000000e-04,5.352786000000e-05,-9.856470000000e-05,5.264000000000e-05,8.924300000000e-07,-7.255540000000e-05,6.471777000000e-05,-1.616991000000e-06,6.874400000000e-05,-4.021800000000e-06
199,1.990000000000e-02,-1.328574000000e-04,6.960631000000e-05,-3.062405000000e-05,6.867800000000e-05,9.335000000000e-07,-1.735984000000e-04,5.475551000000e-05,-5.930354000000e-05,5.823700000000e-05,-3.478900000000e-06,-2.941176000000e-04,5.319332000000e-05,-1.072333000000e-04,5.239700000000e-05,8.011600000000e-07,-1.050363000000e-04,6.071910000000e-05,-1.703241000000e-05,6.489500000000e-05,-4.173000000000e-06
200,2.000000000000e-02,-2.509820000000e-05,9.951104000000e-05,4.242927000000e-05,9.862700000000e-05,8.783000000000e-07,-2.296246000000e-04,3.691680000000e-05,-5.433457000000e-05,4.035100000000e-05,-3.433700000000e-06,-2.094505000000e-04,8.388326000000e-05,-2.639012000000e-05,8.310500000000e-05,7.727000000000e-07,-1.249278000000e-04,4.580093000000e-05,-4.821408000000e-07,5.020700000000e-05,-4.404400000000e-06
201,2.010000000000e-02,1.664400000000e-05,1.150990000000e-04,1.041434000000e-04,1.143400000000e-04,7.516700000000e-07,-3.166647000000e-04,2.892604000000e-05,-5.829273000000e-05,3.227800000000e-05,-3.353500000000e-06,-1.305816000000e-04,9.696218000000e-05,5.826774000000e-05,9.628900000000e-05,6.636900000000e-07,-2.366367000000e-04,3.498284000000e-05,-1.598453000000e-05,3.959100000000e-05,-4.608400000000e-06
202,2.020000000000e-02,5.951880000000e-05,1.253522000000e-04,1.286020000000e-04,1.247600000000e-04,5.869500000000e-07,-4.417850000000e-04,2.393772000000e-05,-1.156210000000e-04,2.717900000000e-05,-3.244300000000e-06,-4.024860000000e-05,1.096893000000e-04,1.146856000000e-04,1.091600000000e-04,5.167200000000e-07,-3.607833000000e-04,3.091963000000e-05,-6.712907000000e-05,3.567300000000e-05,-4.754900000000e-06
203,2.030000000000e-02,3.189110000000e-05,1.190136000000e-04,1.048191000000e-04,1.185900000000e-04,4.114500000000e-07,-5.317532000000e-04,1.832587000000e-05,-1.755278000000e-04,2.143000000000e-05,-3.107600000000e-06,1.776220000000e-05,1.104879000000e-04,1.184329000000e-04,1.101500000000e-04,3.309700000000e-07,-4.398642000000e-04,3.011627000000e-05,-1.237455000000e-04,3.492400000000e-05,-4.809500000000e-06
204,2.040000000000e-02,-4.397950000000e-05,1.038860000000e-04,6.062393000000e-05,1.036600000000e-04,2.110400000000e-07,-5.375544000000e-04,1.671440000000e-05,-1.842087000000e-04,1.972400000000e-05,-3.012900000000e-06,5.214030000000e-05,1.106583000000e-04,1.076983000000e-04,1.105500000000e-04,1.015500000000e-07,-4.460502000000e-04,2.986893000000e-05,-1.428265000000e-04,3.467800000000e-05,-4.810400000000e-06
205,2.050000000000e-02,-1.413919000000e-04,8.656339000000e-05,1.819271000000e-05,8.656100000000e-05,-7.351500000000e-09,-4.753265000000e-04,2.009365000000e-05,-1.487096000000e-04,2.300700000000e-05,-2.914200000000e-06,9.085000000000e-06,1.042708000000e-04,9.040767000000e-05,1.044200000000e-04,-1.559700000000e-07,-4.010586000000e-04,3.193982000000e-05,-1.231168000000e-04,3.672400000000e-05,-4.784600000000e-06
206,2.060000000000e-02,-2.276345000000e-04,7.340821000000e-05,-1.005760000000e-05,7.361700000000e-05,-2.198300000000e-07,-3.700312000000e-04,3.003149000000e-05,-9.084213000000e-05,3.288800000000e-05,-2.858800000000e-06,-7.738810000000e-05,9.300689000000e-05,6.011427000000e-05,9.340600000000e-05,-4.113000000000e-07,-3.310768000000e-04,3.719782000000e-05,-7.944237000000e-05,4.193100000000e-05,-4.735000000000e-06
207,2.070000000000e-02,-2.462364000000e-04,7.021599000000e-05,-1.355821000000e-05,7.062100000000e-05,-4.158000000000e-07,-2.378406000000e-04,4.596430000000e-05,-2.019332000000e-05,4.880400000000e-05,-2.840600000000e-06,-1.394863000000e-04,8.578350000000e-05,3.302168000000e-05,8.643300000000e-05,-6.606200000000e-07,-2.606100000000e-04,4.531183000000e-05,-3.327249000000e-05,4.997100000000e-05,-4.660600000000e-06
208,2.080000000000e-02,-2.182863000000e-04,7.702087000000e-05,3.700930000000e-06,7.761500000000e-05,-6.049400000000e-07,-8.965170000000e-05,6.605527000000e-05,4.547242000000e-05,6.888800000000e-05,-2.835000000000e-06,-1.603418000000e-04,8.412065000000e-05,2.320880000000e-05,8.501700000000e-05,-9.079100000000e-07,-1.838659000000e-04,5.847431000000e-05,3.694923000000e-06,6.302600000000e-05,-4.552900000000e-06
209,2.090000000000e-02,-1.633822000000e-04,8.442717000000e-05,-1.263520000000e-08,8.523000000000e-05,-8.146600000000e-07,3.701170000000e-05,8.676940000000e-05,9.703454000000e-05,8.960400000000e-05,-2.836900000000e-06,-1.383999000000e-04,8.571408000000e-05,7.137049000000e-06,8.687800000000e-05,-1.175700000000e-06,-1.302141000000e-04,7.013238000000e-05,2.319385000000e-05,7.447500000000e-05,-4.345100000000e-06
210,2.100000000000e-02,-1.821356000000e-04,5.138178000000e-05,-7.443401000000e-05,5.246700000000e-05,-1.087000000000e-06,-9.491800000000e-06,7.658468000000e-05,4.852995000000e-05,7.946900000000e-05,-2.876300000000e-06,-1.749512000000e-04,5.146662000000e-05,-6.389221000000e-05,5.298800000000e-05,-1.523300000000e-06,-2.416126000000e-04,6.056566000000e-05,-4.615249000000e-05,6.469400000000e-05,-4.120800000000e-06
211,2.110000000000e-02,-2.452708000000e-04,4.219263000000e-05,-9.314223000000e-05,4.347700000000e-05,-1.282000000000e-06,-6.011420000000e-05,7.841451000000e-05,3.770263000000e-05,8.137000000000e-05,-2.946600000000e-06,-2.563515000000e-04,4.133241000000e-05,-9.193174000000e-05,4.310200000000e-05,-1.767400000000e-06,-2.690116000000e-04,5.952116000000e-05,-4.537664000000e-05,6.345300000000e-05,-3.924300000000e-06
212,2.120000000000e-02,-2.878170000000e-04,3.619355000000e-05,-1.012160000000e-04,3.764000000000e-05,-1.444000000000e-06,-1.315248000000e-04,6.738463000000e-05,-1.692702000000e-06,7.040500000000e-05,-3.013500000000e-06,-3.251584000000e-04,3.345271000000e-05,-1.039598000000e-04,3.543600000000e-05,-1.981500000000e-06,-3.032190000000e-04,4.861396000000e-05,-6.056356000000e-05,5.238300000000e-05,-3.761700000000e-06
213,2.130000000000e-02,-2.627884000000e-04,4.341814000000e-05,-7.405952000000e-05,4.498900000000e-05,-1.567300000000e-06,-2.137321000000e-04,5.671497000000e-05,-4.667298000000e-05,5.975600000000e-05,-3.034200000000e-06,-3.037727000000e-04,4.207600000000e-05,-7.886998000000e-05,4.422200000000e-05,-2.142200000000e-06,-3.307475000000e-04,4.290244000000e-05,-7.730905000000e-05,4.652600000000e-05,-3.616600000000e-06
214,2.140000000000e-02,-1.609287000000e-04,6.483734000000e-05,-1.034676000000e-05,6.646200000000e-05,-1.622000000000e-06,-3.079067000000e-04,4.426464000000e-05,-9.976650000000e-05,4.729100000000e-05,-3.019500000000e-06,-1.883560000000e-04,6.676507000000e-05,-1.739430000000e-05,6.898500000000e-05,-2.216200000000e-06,-3.632211000000e-04,3.927569000000e-05,-1.057739000000e-04,4.276400000000e-05,-3.482300000000e-06
215,2.150000000000e-02,-4.188370000000e-05,8.663568000000e-05,4.154814000000e-05,8.822300000000e-05,-1.584600000000e-06,-4.297105000000e-04,2.651397000000e-05,-1.626396000000e-04,2.953200000000e-05,-3.010100000000e-06,-5.909360000000e-05,9.115449000000e-05,3.151245000000e-05,9.333000000000e-05,-2.171500000000e-06,-4.250337000000e-04,3.132094000000e-05,-1.491759000000e-04,3.470900000000e-05,-3.381500000000e-06
216,2.160000000000e-02,4.867260000000e-05,1.024412000000e-04,7.255060000000e-05,1.039000000000e-04,-1.459300000000e-06,-5.403951000000e-04,9.762526000000e-06,-2.153496000000e-04,1.279400000000e-05,-3.025400000000e-06,1.014360000000e-05,1.040259000000e-04,5.253219000000e-05,1.060400000000e-04,-2.008800000000e-06,-5.087047000000e-04,1.889655000000e-05,-1.962085000000e-04,2.222900000000e-05,-3.325500000000e-06
217,2.170000000000e-02,7.656650000000e-05,1.063806000000e-04,7.817205000000e-05,1.076500000000e-04,-1.262800000000e-06,-6.096859000000e-04,-2.754040000000e-07,-2.441200000000e-04,2.784100000000e-06,-3.052000000000e-06,7.606100000000e-06,1.037200000000e-04,4.579657000000e-05,1.054700000000e-04,-1.744900000000e-06,-5.816538000000e-04,8.835101000000e-06,-2.281899000000e-04,1.213800000000e-05,-3.297000000000e-06
218,2.180000000000e-02,4.001520000000e-05,1.034429000000e-04,5.729734000000e-05,1.044300000000e-04,-9.846000000000e-07,-6.376854000000e-04,-2.868914000000e-06,-2.478279000000e-04,2.059100000000e-07,-3.067800000000e-06,-5.907360000000e-05,9.538974000000e-05,1.699965000000e-05,9.676700000000e-05,-1.373100000000e-06,-6.370482000000e-04,2.946519000000e-06,-2.402107000000e-04,6.229600000000e-06,-3.277100000000e-06
219,2.190000000000e-02,-5.415310000000e-05,9.640155000000e-05,1.246374000000e-05,9.702300000000e-05,-6.164900000000e-07,-6.327485000000e-04,6.205520000000e-07,-2.375264000000e-04,3.688500000000e-06,-3.062100000000e-06,-1.675008000000e-04,8.332063000000e-05,-3.006523000000e-05,8.422000000000e-05,-8.942800000000e-07,-6.644698000000e-04,2.854624000000e-06,-2.388949000000e-04,6.120800000000e-06,-3.260700000000e-06
220,2.200000000000e-02,-1.628259000000e-04,8.554865000000e-05,2.732134000000e-05,8.581300000000e-05,-2.682900000000e-07,-5.069796000000e-04,2.432680000000e-05,-1.303000000000e-04,2.734600000000e-05,-3.026000000000e-06,-2.559709000000e-04,7.959692000000e-05,-3.788654000000e-06,8.001400000000e-05,-4.217500000000e-07,-5.575835000000e-04,2.622926000000e-05,-1.403927000000e-04,2.944400000000e-05,-3.222800000000e-06
221,2.210000000000e-02,-2.542581000000e-04,7.623053000000e-05,-6.450095000000e-07,7.602600000000e-05,2.012900000000e-07,-3.972673000000e-04,4.014833000000e-05,-7.288754000000e-05,4.305700000000e-05,-2.919000000000e-06,-3.037690000000e-04,7.570655000000e-05,-1.258230000000e-05,7.553500000000e-05,1.682400000000e-07,-4.431349000000e-04,4.708921000000e-05,-7.179466000000e-05,5.020300000000e-05,-3.124500000000e-06
222,2.220000000000e-02,-3.706279000000e-04,5.672746000000e-05,-8.225977000000e-05,5.599600000000e-05,7.290100000000e-07,-2.789229000000e-04,5.433810000000e-05,-3.975250000000e-05,5.708000000000e-05,-2.753400000000e-06,-3.621713000000e-04,6.184113000000e-05,-7.267578000000e-05,6.102800000000e-05,8.106200000000e-07,-3.003244000000e-04,6.281459000000e-05,-2.350442000000e-05,6.578900000000e-05,-2.985000000000e-06
223,2.230000000000e-02,-4.702288000000e-04,3.983439000000e-05,-1.491244000000e-04,3.857000000000e-05,1.262800000000e-06,-1.526272000000e-04,7.676193000000e-05,3.035996000000e-05,7.931400000000e-05,-2.561800000000e-06,-4.353671000000e-04,4.477176000000e-05,-1.323436000000e-04,4.332800000000e-05,1.441500000000e-06,-1.269403000000e-04,8.846152000000e-05,5.683307000000e-05,9.129400000000e-05,-2.842700000000e-06
224,2.240000000000e-02,-5.499870000000e-04,2.625976000000e-05,-2.017657000000e-04,2.449800000000e-05,1.759700000000e-06,-6.753060000000e-05,9.126843000000e-05,8.891124000000e-05,9.364700000000e-05,-2.389000000000e-06,-5.189027000000e-04,3.240321000000e-05,-1.855262000000e-04,3.038700000000e-05,2.014100000000e-06,-1.019510000000e-05,1.070977000000e-04,1.168575000000e-04,1.098100000000e-04,-2.722600000000e-06
225,2.250000000000e-02,-5.783182000000e-04,2.118701000000e-05,-2.211515000000e-04,1.899900000000e-05,2.186200000000e-06,-2.667460000000e-05,9.961757000000e-05,1.176203000000e-04,1.018400000000e-04,-2.233100000000e-06,-5.734282000000e-04,2.808904000000e-05,-2.170681000000e-04,2.558800000000e-05,2.498800000000e-06,6.678410000000e-05,1.203498000000e-04,1.467388000000e-04,1.229600000000e-04,-2.621900000000e-06
226,2.260000000000e-02,-5.293355000000e-04,2.757763000000e-05,-1.974549000000e-04,2.505500000000e-05,2.520100000000e-06,-4.179950000000e-05,9.993333000000e-05,1.040553000000e-04,1.020200000000e-04,-2.092900000000e-06,-5.485357000000e-04,3.275023000000e-05,-2.068654000000e-04,2.986500000000e-05,2.881500000000e-06,6.632400000000e-05,1.232783000000e-04,1.345994000000e-04,1.257600000000e-04,-2.494500000000e-06
227,2.270000000000e-02,-3.961103000000e-04,4.254992000000e-05,-1.333796000000e-04,3.978600000000e-05,2.761700000000e-06,-9.397050000000e-05,9.853408000000e-05,6.925031000000e-05,1.004500000000e-04,-1.922900000000e-06,-4.268703000000e-04,4.384163000000e-05,-1.475507000000e-04,4.067900000000e-05,3.158500000000e-06,-2.675800000000e-06,1.154436000000e-04,9.569371000000e-05,1.178000000000e-04,-2.367600000000e-06
228,2.280000000000e-02,-1.798162000000e-04,6.564212000000e-05,-3.257277000000e-05,6.273600000000e-05,2.903900000000e-06,-1.742750000000e-04,9.228442000000e-05,2.435159000000e-05,9.400200000000e-05,-1.725100000000e-06,-2.195039000000e-04,6.414840000000e-05,-4.322532000000e-05,6.083100000000e-05,3.314200000000e-06,-1.033070000000e-04,1.040174000000e-04,5.756998000000e-05,1.061800000000e-04,-2.175100000000e-06
229,2.290000000000e-02,6.518560000000e-05,9.181735000000e-05,8.317280000000e-05,8.888600000000e-05,2.928500000000e-06,-2.345781000000e-04,8.894082000000e-05,-3.964264000000e-06,9.043200000000e-05,-1.499000000000e-06,3.057790000000e-05,9.146712000000e-05,8.166426000000e-05,8.813400000000e-05,3.329600000000e-06,-1.993859000000e-04,9.088472000000e-05,2.147559000000e-05,9.291100000000e-05,-2.033800000000e-06
230,2.300000000000e-02,2.352903000000e-04,1.013117000000e-04,1.665207000000e-04,9.843600000000e-05,2.881200000000e-06,-3.781182000000e-04,6.270857000000e-05,-5.387107000000e-05,6.392600000000e-05,-1.229000000000e-06,2.206156000000e-04,1.041030000000e-04,1.737512000000e-04,1.008600000000e-04,3.252100000000e-06,-3.329791000000e-04,6.866415000000e-05,-2.736374000000e-05,7.045200000000e-05,-1.799900000000e-06
231,2.310000000000e-02,3.555840000000e-04,1.159903000000e-04,2.449599000000e-04,1.133400000000e-04,2.658200000000e-06,-4.439183000000e-04,4.720983000000e-05,-8.694303000000e-05,4.814800000000e-05,-9.478600000000e-07,3.625494000000e-04,1.215325000000e-04,2.586714000000e-04,1.185600000000e-04,2.976900000000e-06,-4.066889000000e-04,5.610857000000e-05,-6.167303000000e-05,5.763100000000e-05,-1.533100000000e-06
232,2.320000000000e-02,4.194085000000e-04,1.258419000000e-04,2.557170000000e-04,1.235200000000e-04,2.330400000000e-06,-4.488715000000e-04,4.190224000000e-05,-8.941637000000e-05,4.263800000000e-05,-7.448000000000e-07,4.424084000000e-04,1.323245000000e-04,2.734263000000e-04,1.297400000000e-04,2.584400000000e-06,-3.954993000000e-04,5.591484000000e-05,-6.422515000000e-05,5.721500000000e-05,-1.310100000000e-06
233,2.330000000000e-02,4.533148000000e-04,1.296926000000e-04,2.471155000000e-04,1.277800000000e-04,1.914100000000e-06,-3.745544000000e-04,5.152577000000e-05,-6.381556000000e-05,5.216600000000e-05,-6.498100000000e-07,4.740030000000e-04,1.346055000000e-04,2.622187000000e-04,1.325100000000e-04,2.100500000000e-06,-3.284142000000e-04,6.343663000000e-05,-4.893188000000e-05,6.458800000000e-05,-1.160900000000e-06
234,2.340000000000e-02,4.126891000000e-04,1.224523000000e-04,2.129808000000e-04,1.210300000000e-04,1.423800000000e-06,-2.751834000000e-04,6.361669000000e-05,-3.692561000000e-05,6.423800000000e-05,-6.312300000000e-07,4.223724000000e-04,1.250807000000e-04,2.219524000000e-04,1.235400000000e-04,1.544700000000e-06,-2.555660000000e-04,6.712127000000e-05,-3.467845000000e-05,6.818100000000e-05,-1.070100000000e-06
235,2.350000000000e-02,2.929392000000e-04,1.059815000000e-04,1.513179000000e-04,1.050700000000e-04,9.137100000000e-07,-1.852694000000e-04,7.323343000000e-05,-1.889967000000e-05,7.385100000000e-05,-6.268300000000e-07,2.981514000000e-04,1.087324000000e-04,1.581921000000e-04,1.077600000000e-04,9.747300000000e-07,-1.764882000000e-04,7.294211000000e-05,-9.310377000000e-06,7.393000000000e-05,-9.976000000000e-07
236,2.360000000000e-02,1.275342000000e-04,8.426775000000e-05,7.440905000000e-05,8.382300000000e-05,4.493000000000e-07,-8.655730000000e-05,8.431756000000e-05,8.906828000000e-06,8.491700000000e-05,-6.085000000000e-07,1.281749000000e-04,8.797945000000e-05,7.962492000000e-05,8.752500000000e-05,4.589300000000e-07,-8.172490000000e-05,8.498177000000e-05,3.273592000000e-05,8.589800000000e-05,-9.261700000000e-07
237,2.370000000000e-02,-3.996860000000e-05,6.348606000000e-05,5.548176000000e-06,6.342200000000e-05,6.884800000000e-08,8.904400000000e-06,9.450379000000e-05,4.339648000000e-05,9.508600000000e-05,-5.907500000000e-07,-3.414760000000e-05,6.913571000000e-05,1.092368000000e-05,6.910400000000e-05,3.600900000000e-08,2.598330000000e-05,1.004322000000e-04,7.594895000000e-05,1.012700000000e-04,-8.450300000000e-07
238,2.380000000000e-02,-1.619385000000e-04,4.997490000000e-05,-3.451124000000e-05,5.020300000000e-05,-2.232200000000e-07,9.211550000000e-05,1.017683000000e-04,7.344107000000e-05,1.023500000000e-04,-5.872300000000e-07,-1.449848000000e-04,5.805653000000e-05,-2.554187000000e-05,5.834700000000e-05,-2.855700000000e-07,1.262717000000e-04,1.120271000000e-04,1.059095000000e-04,1.128000000000e-04,-7.826500000000e-07
239,2.390000000000e-02,-2.248537000000e-04,4.465782000000e-05,-4.345328000000e-05,4.509700000000e-05,-4.343100000000e-07,1.483616000000e-04,1.049205000000e-04,8.901140000000e-05,1.055100000000e-04,-5.944300000000e-07,-2.011680000000e-04,5.229580000000e-05,-3.505528000000e-05,5.281500000000e-05,-5.142600000000e-07,1.755712000000e-04,1.122973000000e-04,1.095571000000e-04,1.130200000000e-04,-7.365600000000e-07
240,2.400000000000e-02,-2.241934000000e-04,4.560896000000e-05,-6.029664000000e-05,4.630000000000e-05,-6.875500000000e-07,1.667384000000e-04,7.902769000000e-05,7.915516000000e-05,7.966200000000e-05,-6.485400000000e-07,-1.983643000000e-04,5.107481000000e-05,-5.032867000000e-05,5.185600000000e-05,-7.779100000000e-07,1.897912000000e-04,8.637761000000e-05,1.033231000000e-04,8.705800000000e-05,-6.952100000000e-07
241,2.410000000000e-02,-2.333648000000e-04,5.861305000000e-05,-5.463195000000e-05,5.938700000000e-05,-7.685600000000e-07,1.380698000000e-04,6.736650000000e-05,7.434106000000e-05,6.799100000000e-05,-6.412100000000e-07,-2.057329000000e-04,5.894299000000e-05,-4.247623000000e-05,5.981600000000e-05,-8.682500000000e-07,1.281553000000e-04,6.594799000000e-05,7.273881000000e-05,6.652700000000e-05,-5.958700000000e-07
242,2.420000000000e-02,-2.632895000000e-04,5.387659000000e-05,-7.951933000000e-05,5.459200000000e-05,-7.108000000000e-07,3.810500000000e-05,6.299854000000e-05,5.136304000000e-05,6.355900000000e-05,-5.751600000000e-07,-2.460445000000e-04,5.459737000000e-05,-6.976596000000e-05,5.541600000000e-05,-8.139800000000e-07,-7.270800000000e-06,5.173946000000e-05,2.348314000000e-05,5.217700000000e-05,-4.529400000000e-07
243,2.430000000000e-02,-2.852347000000e-04,4.635528000000e-05,-1.072780000000e-04,4.688700000000e-05,-5.277000000000e-07,1.558040000000e-05,7.038079000000e-05,4.937157000000e-05,7.082400000000e-05,-4.573800000000e-07,-2.755082000000e-04,4.954751000000e-05,-1.021344000000e-04,5.018200000000e-05,-6.309500000000e-07,-5.956030000000e-05,5.455858000000e-05,7.678890000000e-06,5.482400000000e-05,-2.797200000000e-07
244,2.440000000000e-02,-2.936165000000e-04,4.349067000000e-05,-1.220880000000e-04,4.377600000000e-05,-2.824400000000e-07,4.759240000000e-05,7.902039000000e-05,5.978845000000e-05,7.932700000000e-05,-3.198500000000e-07,-2.950880000000e-04,4.474160000000e-05,-1.216639000000e-04,4.512400000000e-05,-3.798600000000e-07,-3.616610000000e-05,6.540287000000e-05,2.314582000000e-05,6.548100000000e-05,-9.206500000000e-08
245,2.450000000000e-02,-3.074606000000e-04,4.486881000000e-05,-1.252866000000e-04,4.491000000000e-05,-3.868200000000e-08,1.081739000000e-04,8.852022000000e-05,8.750543000000e-05,8.869400000000e-05,-1.864200000000e-07,-2.984361000000e-04,4.963300000000e-05,-1.154531000000e-04,4.975600000000e-05,-1.206000000000e-07,3.322350000000e-05,7.900454000000e-05,5.625637000000e-05,7.893300000000e-05,5.917600000000e-08
246,2.460000000000e-02,-3.265473000000e-04,5.278051000000e-05,-1.208773000000e-04,5.261200000000e-05,1.710700000000e-07,1.588551000000e-04,9.564843000000e-05,1.092505000000e-04,9.570100000000e-05,-6.558000000000e-08,-3.248632000000e-04,5.854987000000e-05,-1.110989000000e-04,5.844300000000e-05,1.095700000000e-07,1.103341000000e-04,9.159971000000e-05,8.674940000000e-05,9.141800000000e-05,1.685200000000e-07
247,2.470000000000e-02,-3.495033000000e-04,5.968195000000e-05,-1.195657000000e-04,5.934600000000e-05,3.378300000000e-07,2.137190000000e-04,1.043630000000e-04,1.322617000000e-04,1.043100000000e-04,4.335900000000e-08,-3.618078000000e-04,6.194750000000e-05,-1.234222000000e-04,6.164700000000e-05,3.019800000000e-07,1.946052000000e-04,1.034979000000e-04,1.215662000000e-04,1.032500000000e-04,2.379300000000e-07
248,2.480000000000e-02,-3.533636000000e-04,6.234095000000e-05,-1.230668000000e-04,6.188400000000e-05,4.591700000000e-07,2.761227000000e-04,1.129132000000e-04,1.659784000000e-04,1.127500000000e-04,1.464600000000e-07,-3.834348000000e-04,6.000380000000e-05,-1.404323000000e-04,5.955000000000e-05,4.555300000000e-07,2.812448000000e-04,1.149268000000e-04,1.619860000000e-04,1.146300000000e-04,2.802900000000e-07
249,2.490000000000e-02,-3.281280000000e-04,6.341829000000e-05,-1.171930000000e-04,6.289800000000e-05,5.232600000000e-07,3.326151000000e-04,1.211859000000e-04,2.000359000000e-04,1.209400000000e-04,2.304400000000e-07,-3.741865000000e-04,5.627952000000e-05,-1.434728000000e-04,5.572600000000e-05,5.551000000000e-07,3.517920000000e-04,1.254378000000e-04,1.989125000000e-04,1.251300000000e-04,2.977700000000e-07
250,2.500000000000e-02,-3.475753000000e-04,3.962014000000e-05,-1.099528000000e-04,3.910100000000e-05,5.193200000000e-07,1.861629000000e-04,1.007944000000e-04,1.141775000000e-04,1.004500000000e-04,3.452500000000e-07,-4.045186000000e-04,3.563941000000e-05,-1.193811000000e-04,3.505100000000e-05,5.891300000000e-07,1.661203000000e-04,9.485089000000e-05,1.008405000000e-04,9.456300000000e-05,2.852400000000e-07
251,2.510000000000e-02,-2.944658000000e-04,4.378533000000e-05,-6.515733000000e-05,4.333400000000e-05,4.496500000000e-07,3.122150000000e-05,9.069282000000e-05,8.426507000000e-05,9.017000000000e-05,5.232600000000e-07,-3.452372000000e-04,3.680764000000e-05,-7.851495000000e-05,3.625600000000e-05,5.508000000000e-07,-1.745500000000e-06,9.059491000000e-05,7.092742000000e-05,9.026400000000e-05,3.316800000000e-07
252,2.520000000000e-02,-2.995068000000e-04,3.994510000000e-05,-6.336874000000e-05,3.963400000000e-05,3.099900000000e-07,-1.505102000000e-04,7.307122000000e-05,1.814165000000e-05,7.228600000000e-05,7.831400000000e-07,-3.015014000000e-04,4.130108000000e-05,-6.252919000000e-05,4.086400000000e-05,4.359800000000e-07,-1.985765000000e-04,7.322123000000e-05,-2.923246000000e-06,7.275900000000e-05,4.618900000000e-07
253,2.530000000000e-02,-3.336024000000e-04,3.397547000000e-05,-7.996017000000e-05,3.385400000000e-05,1.204200000000e-07,-3.333849000000e-04,5.296417000000e-05,-6.724357000000e-05,5.188200000000e-05,1.078700000000e-06,-2.819176000000e-04,4.584839000000e-05,-6.075160000000e-05,4.554300000000e-05,3.041200000000e-07,-3.844602000000e-04,5.095212000000e-05,-9.574370000000e-05,5.029400000000e-05,6.555400000000e-07
254,2.540000000000e-02,-3.732837000000e-04,2.840643000000e-05,-9.933765000000e-05,2.845800000000e-05,-5.235700000000e-08,-4.646335000000e-04,4.044660000000e-05,-1.268969000000e-04,3.907600000000e-05,1.366800000000e-06,-3.041009000000e-04,4.196358000000e-05,-7.669423000000e-05,4.182300000000e-05,1.401800000000e-07,-5.226685000000e-04,3.441286000000e-05,-1.652994000000e-04,3.353500000000e-05,8.753400000000e-07
255,2.550000000000e-02,-3.827860000000e-04,2.865909000000e-05,-1.005020000000e-04,2.885400000000e-05,-1.950100000000e-07,-5.415598000000e-04,3.427931000000e-05,-1.578378000000e-04,3.263900000000e-05,1.636600000000e-06,-3.505019000000e-04,3.360695000000e-05,-8.651633000000e-05,3.362200000000e-05,-1.530300000000e-08,-5.943118000000e-04,2.973392000000e-05,-1.897444000000e-04,2.863200000000e-05,1.098800000000e-06
256,2.560000000000e-02,-3.619473000000e-04,3.559196000000e-05,-8.426807000000e-05,3.583400000000e-05,-2.418100000000e-07,-5.698026000000e-04,3.350704000000e-05,-1.640238000000e-04,3.160800000000e-05,1.895800000000e-06,-3.646438000000e-04,3.348615000000e-05,-8.702952000000e-05,3.358000000000e-05,-9.377000000000e-08,-6.114146000000e-04,3.199929000000e-05,-1.865730000000e-04,3.066100000000e-05,1.334500000000e-06
257,2.570000000000e-02,-3.146061000000e-04,4.828834000000e-05,-5.791348000000e-05,4.853000000000e-05,-2.408900000000e-07,-5.805148000000e-04,3.426888000000e-05,-1.589416000000e-04,3.211200000000e-05,2.152300000000e-06,-3.492603000000e-04,3.933838000000e-05,-7.252751000000e-05,3.943300000000e-05,-9.460600000000e-08,-6.185374000000e-04,3.316247000000e-05,-1.744043000000e-04,3.157100000000e-05,1.586400000000e-06
258,2.580000000000e-02,-2.778813000000e-04,5.682309000000e-05,-4.148138000000e-05,5.702500000000e-05,-2.019600000000e-07,-5.888666000000e-04,3.497498000000e-05,-1.518310000000e-04,3.258000000000e-05,2.388900000000e-06,-3.075534000000e-04,4.922576000000e-05,-5.135331000000e-05,4.928700000000e-05,-6.122100000000e-08,-6.389470000000e-04,2.987743000000e-05,-1.693455000000e-04,2.804000000000e-05,1.831600000000e-06
259,2.590000000000e-02,-2.683280000000e-04,6.061252000000e-05,-4.213736000000e-05,6.073200000000e-05,-1.201100000000e-07,-5.785514000000e-04,4.027115000000e-05,-1.470098000000e-04,3.769100000000e-05,2.573600000000e-06,-2.937388000000e-04,5.376023000000e-05,-4.574942000000e-05,5.376200000000e-05,-1.779500000000e-09,-6.529005000000e-04,2.669769000000e-05,-1.663690000000e-04,2.466100000000e-05,2.030300000000e-06
260,2.600000000000e-02,-2.333006000000e-04,7.639367000000e-05,-8.315413000000e-06,7.630500000000e-05,9.016500000000e-08,-4.681766000000e-04,5.622312000000e-05,-5.032432000000e-05,5.369000000000e-05,2.533400000000e-06,-2.315289000000e-04,7.294651000000e-05,-7.868500000000e-06,7.277400000000e-05,1.740500000000e-07,-5.271816000000e-04,5.048746000000e-05,-5.131540000000e-05,4.848200000000e-05,2.005700000000e-06
261,2.610000000000e-02,-2.569475000000e-04,7.965010000000e-05,-1.752258000000e-05,7.935500000000e-05,2.946500000000e-07,-3.698221000000e-04,7.535981000000e-05,-2.748425000000e-06,7.285300000000e-05,2.509300000000e-06,-2.511701000000e-04,7.586229000000e-05,-1.581144000000e-05,7.549500000000e-05,3.664800000000e-07,-3.707042000000e-04,8.471449000000e-05,2.180940000000e-05,8.272900000000e-05,1.987400000000e-06
262,2.620000000000e-02,-2.981287000000e-04,7.563147000000e-05,-5.734483000000e-05,7.514400000000e-05,4.862300000000e-07,-3.192728000000e-04,7.459452000000e-05,-1.022924000000e-05,7.217000000000e-05,2.425300000000e-06,-2.932639000000e-04,7.074882000000e-05,-5.045223000000e-05,7.019200000000e-05,5.559300000000e-07,-2.842541000000e-04,9.128179000000e-05,2.850543000000e-05,8.937200000000e-05,1.911500000000e-06
263,2.630000000000e-02,-3.425238000000e-04,7.042125000000e-05,-7.993837000000e-05,6.976700000000e-05,6.539200000000e-07,-2.251078000000e-04,7.630331000000e-05,1.050511000000e-05,7.402800000000e-05,2.276400000000e-06,-3.362765000000e-04,6.670709000000e-05,-7.764810000000e-05,6.598300000000e-05,7.239200000000e-07,-1.702949000000e-04,9.318037000000e-05,4.397099000000e-05,9.141100000000e-05,1.769500000000e-06
264,2.640000000000e-02,-3.359603000000e-04,6.894768000000e-05,-6.208621000000e-05,6.819500000000e-05,7.529500000000e-07,-1.173692000000e-04,8.525460000000e-05,5.274886000000e-05,8.313100000000e-05,2.123800000000e-06,-3.361938000000e-04,6.763441000000e-05,-6.807754000000e-05,6.680600000000e-05,8.289600000000e-07,-4.835510000000e-05,9.994108000000e-05,8.077752000000e-05,9.834100000000e-05,1.601100000000e-06
265,2.650000000000e-02,-2.571251000000e-04,7.686447000000e-05,-1.271701000000e-05,7.613500000000e-05,7.305200000000e-07,-3.642190000000e-05,9.520091000000e-05,8.411864000000e-05,9.321700000000e-05,1.984200000000e-06,-2.667660000000e-04,7.743350000000e-05,-2.185131000000e-05,7.661000000000e-05,8.238900000000e-07,1.909290000000e-05,1.065677000000e-04,1.079112000000e-04,1.051200000000e-04,1.445100000000e-06
266,2.660000000000e-02,-1.435146000000e-04,8.624032000000e-05,3.936877000000e-05,8.567000000000e-05,5.709000000000e-07,-1.421860000000e-05,9.697380000000e-05,7.821351000000e-05,9.517800000000e-05,1.796600000000e-06,-1.448201000000e-04,9.158991000000e-05,3.922775000000e-05,9.090100000000e-05,6.898700000000e-07,2.406850000000e-05,1.091682000000e-04,1.031073000000e-04,1.078800000000e-04,1.285300000000e-06
267,2.670000000000e-02,-1.107460000000e-05,1.009770000000e-04,8.487775000000e-05,1.006800000000e-04,2.945300000000e-07,-5.190320000000e-05,9.334946000000e-05,4.262456000000e-05,9.169500000000e-05,1.655500000000e-06,9.362000000000e-06,1.064770000000e-04,9.895128000000e-05,1.060400000000e-04,4.399900000000e-07,-3.355430000000e-05,1.024402000000e-04,6.230145000000e-05,1.013200000000e-04,1.122100000000e-06
268,2.680000000000e-02,1.110380000000e-04,1.156418000000e-04,1.300409000000e-04,1.157000000000e-04,-5.882400000000e-08,-1.320625000000e-04,8.576990000000e-05,-6.580350000000e-06,8.425400000000e-05,1.516300000000e-06,1.637617000000e-04,1.250312000000e-04,1.527621000000e-04,1.249300000000e-04,1.025400000000e-07,-1.415717000000e-04,8.881669000000e-05,2.974134000000e-06,8.792700000000e-05,8.903900000000e-07
269,2.690000000000e-02,1.833436000000e-04,1.232981000000e-04,1.512099000000e-04,1.237500000000e-04,-4.471500000000e-07,-2.134188000000e-04,7.660226000000e-05,-5.419702000000e-05,7.522800000000e-05,1.374100000000e-06,2.736171000000e-04,1.360866000000e-04,1.828891000000e-04,1.363800000000e-04,-2.937600000000e-07,-2.550635000000e-04,7.373653000000e-05,-5.546733000000e-05,7.301400000000e-05,7.226400000000e-07
270,2.700000000000e-02,1.772135000000e-04,1.129187000000e-04,1.494308000000e-04,1.137900000000e-04,-8.714200000000e-07,-2.813725000000e-04,5.822180000000e-05,-1.179208000000e-04,5.699500000000e-05,1.224100000000e-06,2.650423000000e-04,1.210319000000e-04,1.859838000000e-04,1.217700000000e-04,-7.380900000000e-07,-3.442701000000e-04,5.410287000000e-05,-1.118422000000e-04,5.350600000000e-05,5.919800000000e-07
271,2.710000000000e-02,1.531187000000e-04,1.038325000000e-04,1.588634000000e-04,1.051000000000e-04,-1.269700000000e-06,-2.914132000000e-04,5.480327000000e-05,-8.874718000000e-05,5.372900000000e-05,1.068200000000e-06,2.028482000000e-04,1.081124000000e-04,1.824312000000e-04,1.092600000000e-04,-1.153100000000e-06,-3.742781000000e-04,4.521718000000e-05,-1.147584000000e-04,4.473600000000e-05,4.741300000000e-07
272,2.720000000000e-02,1.128247000000e-04,9.499392000000e-05,1.395447000000e-04,9.661100000000e-05,-1.621400000000e-06,-2.623699000000e-04,5.751459000000e-05,-4.867209000000e-05,5.655400000000e-05,9.555800000000e-07,1.069673000000e-04,9.516438000000e-05,1.433069000000e-04,9.665200000000e-05,-1.492900000000e-06,-3.520373000000e-04,4.350014000000e-05,-8.662495000000e-05,4.306900000000e-05,4.244600000000e-07
273,2.730000000000e-02,8.588450000000e-05,9.197072000000e-05,1.125757000000e-04,9.384400000000e-05,-1.878400000000e-06,-2.135347000000e-04,6.497803000000e-05,-2.461984000000e-05,6.406500000000e-05,9.065200000000e-07,6.185560000000e-05,8.963689000000e-05,1.077402000000e-04,9.135800000000e-05,-1.726100000000e-06,-3.082926000000e-04,4.826410000000e-05,-6.324567000000e-05,4.779900000000e-05,4.585100000000e-07
274,2.740000000000e-02,5.231410000000e-05,8.803297000000e-05,7.226771000000e-05,9.004000000000e-05,-2.013100000000e-06,-1.670353000000e-04,7.045245000000e-05,-1.199667000000e-05,6.954100000000e-05,9.050400000000e-07,3.487240000000e-05,8.681553000000e-05,7.881262000000e-05,8.866800000000e-05,-1.857500000000e-06,-2.545839000000e-04,5.699218000000e-05,-4.390347000000e-05,5.644500000000e-05,5.396800000000e-07
275,2.750000000000e-02,-1.707500000000e-05,7.703426000000e-05,1.997192000000e-05,7.906000000000e-05,-2.032000000000e-06,-1.088393000000e-04,7.775513000000e-05,2.883816000000e-06,7.685200000000e-05,8.963400000000e-07,-9.712700000000e-06,8.155967000000e-05,4.780434000000e-05,8.347200000000e-05,-1.917100000000e-06,-2.055040000000e-04,6.551106000000e-05,-3.202512000000e-05,6.489500000000e-05,6.089600000000e-07
276,2.760000000000e-02,-9.530240000000e-05,6.529903000000e-05,-2.237240000000e-05,6.724400000000e-05,-1.952000000000e-06,-5.493700000000e-05,8.524328000000e-05,1.661085000000e-05,8.438400000000e-05,8.528000000000e-07,-5.778470000000e-05,7.622872000000e-05,2.393870000000e-05,7.813800000000e-05,-1.915200000000e-06,-1.668113000000e-04,7.131551000000e-05,-2.678498000000e-05,7.067100000000e-05,6.379600000000e-07
277,2.770000000000e-02,-1.686160000000e-04,5.474834000000e-05,-4.527617000000e-05,5.653400000000e-05,-1.793500000000e-06,-2.056900000000e-06,8.859417000000e-05,3.074893000000e-05,8.780900000000e-05,7.798400000000e-07,-1.036669000000e-04,6.956354000000e-05,6.798828000000e-06,7.140500000000e-05,-1.848700000000e-06,-1.235699000000e-04,7.266526000000e-05,-2.324688000000e-05,7.203000000000e-05,6.287700000000e-07
278,2.780000000000e-02,-2.058762000000e-04,5.175813000000e-05,-4.540240000000e-05,5.333400000000e-05,-1.583800000000e-06,5.961760000000e-05,9.004873000000e-05,5.748037000000e-05,8.935700000000e-05,6.860100000000e-07,-1.225328000000e-04,6.592064000000e-05,9.233227000000e-07,6.763100000000e-05,-1.717500000000e-06,-6.839940000000e-05,7.365985000000e-05,2.751680000000e-07,7.305900000000e-05,5.944000000000e-07
279,2.790000000000e-02,-1.987958000000e-04,5.729235000000e-05,-2.884733000000e-05,5.863400000000e-05,-1.350600000000e-06,1.511308000000e-04,9.414549000000e-05,1.049562000000e-04,9.356800000000e-05,5.738400000000e-07,-1.247388000000e-04,6.702140000000e-05,5.312096000000e-06,6.855300000000e-05,-1.538200000000e-06,2.514810000000e-05,7.746467000000e-05,5.034588000000e-05,7.692500000000e-05,5.338900000000e-07
280,2.800000000000e-02,-2.482729000000e-04,4.700733000000e-05,-5.343646000000e-05,4.818300000000e-05,-1.185600000000e-06,2.191521000000e-04,9.202294000000e-05,1.139002000000e-04,9.170200000000e-05,3.258100000000e-07,-2.022336000000e-04,5.008904000000e-05,-3.786069000000e-05,5.141500000000e-05,-1.335200000000e-06,8.937700000000e-05,7.640395000000e-05,6.222892000000e-05,7.608700000000e-05,3.222200000000e-07
281,2.810000000000e-02,-2.585661000000e-04,5.045777000000e-05,-5.800710000000e-05,5.147800000000e-05,-1.028500000000e-06,2.785734000000e-04,1.020682000000e-04,1.325989000000e-04,1.019700000000e-04,1.032500000000e-07,-2.540481000000e-04,5.327241000000e-05,-4.256162000000e-05,5.436900000000e-05,-1.104900000000e-06,1.685498000000e-04,9.696861000000e-05,9.613463000000e-05,9.684900000000e-05,1.258700000000e-07
282,2.820000000000e-02,-2.847984000000e-04,4.733061000000e-05,-7.337163000000e-05,4.823500000000e-05,-9.112900000000e-07,2.915776000000e-04,1.027962000000e-04,1.529091000000e-04,1.029100000000e-04,-1.087800000000e-07,-3.048126000000e-04,4.915978000000e-05,-5.177324000000e-05,5.007200000000e-05,-9.193200000000e-07,2.126743000000e-04,1.034345000000e-04,1.198286000000e-04,1.035400000000e-04,-9.509400000000e-08
283,2.830000000000e-02,-3.166362000000e-04,4.204133000000e-05,-9.478301000000e-05,4.290600000000e-05,-8.715500000000e-07,2.650020000000e-04,1.033191000000e-04,1.526867000000e-04,1.036600000000e-04,-3.334900000000e-07,-3.331664000000e-04,4.458449000000e-05,-7.376380000000e-05,4.541900000000e-05,-8.414300000000e-07,2.183715000000e-04,1.074624000000e-04,1.330059000000e-04,1.077600000000e-04,-2.868800000000e-07
284,2.840000000000e-02,-3.294504000000e-04,3.801089000000e-05,-9.928217000000e-05,3.895200000000e-05,-9.470700000000e-07,1.651046000000e-04,9.879410000000e-05,1.028724000000e-04,9.932500000000e-05,-5.239900000000e-07,-3.322707000000e-04,4.388121000000e-05,-8.241489000000e-05,4.476400000000e-05,-8.884600000000e-07,1.362372000000e-04,1.036981000000e-04,9.580121000000e-05,1.041700000000e-04,-4.652700000000e-07
285,2.850000000000e-02,-3.283167000000e-04,3.862419000000e-05,-8.831724000000e-05,3.972900000000e-05,-1.110000000000e-06,-1.562650000000e-05,8.268561000000e-05,2.951619000000e-06,8.343100000000e-05,-7.380100000000e-07,-3.330803000000e-04,4.412474000000e-05,-7.621532000000e-05,4.512900000000e-05,-1.009800000000e-06,-2.959650000000e-05,9.039280000000e-05,6.048772000000e-06,9.103700000000e-05,-6.365400000000e-07
286,2.860000000000e-02,-3.076776000000e-04,4.667120000000e-05,-6.249161000000e-05,4.794400000000e-05,-1.277400000000e-06,-2.460420000000e-04,5.793180000000e-05,-1.122150000000e-04,5.879200000000e-05,-8.535200000000e-07,-3.130107000000e-04,4.891796000000e-05,-5.392013000000e-05,5.004200000000e-05,-1.127500000000e-06,-2.280030000000e-04,6.944326000000e-05,-9.690423000000e-05,7.021900000000e-05,-7.699600000000e-07
287,2.870000000000e-02,-2.711558000000e-04,5.660387000000e-05,-4.245111000000e-05,5.798700000000e-05,-1.386300000000e-06,-4.703272000000e-04,3.404230000000e-05,-2.084048000000e-04,3.497700000000e-05,-9.291300000000e-07,-2.737034000000e-04,5.546015000000e-05,-3.303426000000e-05,5.664700000000e-05,-1.190500000000e-06,-4.121073000000e-04,4.896033000000e-05,-1.714190000000e-04,4.983100000000e-05,-8.645400000000e-07
288,2.880000000000e-02,-2.485523000000e-04,6.290031000000e-05,-3.689451000000e-05,6.431700000000e-05,-1.419500000000e-06,-6.295028000000e-04,2.000545000000e-05,-2.619585000000e-04,2.098600000000e-05,-9.744500000000e-07,-2.404430000000e-04,6.114019000000e-05,-1.880006000000e-05,6.232600000000e-05,-1.189500000000e-06,-5.401232000000e-04,3.743165000000e-05,-2.033721000000e-04,3.836600000000e-05,-9.275300000000e-07
289,2.890000000000e-02,-2.341276000000e-04,6.706963000000e-05,-3.712183000000e-05,6.846000000000e-05,-1.394200000000e-06,-7.017017000000e-04,1.835709000000e-05,-2.713474000000e-04,1.936500000000e-05,-1.001900000000e-06,-2.224757000000e-04,6.707451000000e-05,-1.056568000000e-05,6.821900000000e-05,-1.148000000000e-06,-5.923739000000e-04,3.702011000000e-05,-2.042923000000e-04,3.799500000000e-05,-9.687900000000e-07
290,2.900000000000e-02,-2.551792000000e-04,5.280465000000e-05,-3.677199000000e-05,5.424600000000e-05,-1.441300000000e-06,-6.342405000000e-04,9.557851000000e-06,-1.722653000000e-04,1.056800000000e-05,-1.011100000000e-06,-2.326159000000e-04,5.954724000000e-05,-8.652989000000e-06,6.074200000000e-05,-1.196100000000e-06,-5.169700000000e-04,2.905495000000e-05,-1.205332000000e-04,3.007100000000e-05,-1.016900000000e-06
291,2.910000000000e-02,-2.976248000000e-04,4.151424000000e-05,-4.632616000000e-05,4.292100000000e-05,-1.406400000000e-06,-4.666137000000e-04,2.565510000000e-05,-6.171613000000e-05,2.663400000000e-05,-9.803300000000e-07,-2.768393000000e-04,4.759689000000e-05,-3.326492000000e-05,4.876900000000e-05,-1.171300000000e-06,-3.538498000000e-04,3.985784000000e-05,-2.022626000000e-05,4.086800000000e-05,-1.011600000000e-06
292,2.920000000000e-02,-3.980656000000e-04,2.814809000000e-05,-9.271624000000e-05,2.945500000000e-05,-1.305700000000e-06,-3.115708000000e-04,4.880874000000e-05,1.238662000000e-05,4.979600000000e-05,-9.889300000000e-07,-3.884747000000e-04,2.855751000000e-05,-9.046254000000e-05,2.966300000000e-05,-1.104900000000e-06,-2.558718000000e-04,5.281628000000e-05,2.858764000000e-05,5.383900000000e-05,-1.024500000000e-06
293,2.930000000000e-02,-4.569093000000e-04,2.659518000000e-05,-1.138556000000e-04,2.775200000000e-05,-1.155200000000e-06,-1.638761000000e-04,6.677118000000e-05,5.339169000000e-05,6.781400000000e-05,-1.043400000000e-06,-4.878109000000e-04,1.996860000000e-05,-1.212342000000e-04,2.096300000000e-05,-9.930300000000e-07,-1.804857000000e-04,6.320004000000e-05,4.432732000000e-05,6.426100000000e-05,-1.062900000000e-06
294,2.940000000000e-02,-4.591417000000e-04,3.319277000000e-05,-9.729293000000e-05,3.414900000000e-05,-9.536000000000e-07,-4.933070000000e-05,7.676398000000e-05,9.085472000000e-05,7.786200000000e-05,-1.098500000000e-06,-5.121750000000e-04,2.219709000000e-05,-1.219707000000e-04,2.302100000000e-05,-8.226300000000e-07,-1.129437000000e-04,7.256652000000e-05,6.701318000000e-05,7.366000000000e-05,-1.094000000000e-06
295,2.950000000000e-02,-4.093826000000e-04,4.218847000000e-05,-6.424610000000e-05,4.290300000000e-05,-7.121000000000e-07,1.522320000000e-05,8.130087000000e-05,1.223131000000e-04,8.243500000000e-05,-1.135300000000e-06,-4.572925000000e-04,3.300777000000e-05,-8.922467000000e-05,3.361600000000e-05,-6.059300000000e-07,-5.031490000000e-05,8.145167000000e-05,1.036606000000e-04,8.254500000000e-05,-1.094000000000e-06
296,2.960000000000e-02,-3.226804000000e-04,5.360099000000e-05,-2.706615000000e-05,5.407700000000e-05,-4.729300000000e-07,2.216760000000e-05,8.491228000000e-05,1.321904000000e-04,8.604900000000e-05,-1.136600000000e-06,-3.681014000000e-04,4.425545000000e-05,-5.035189000000e-05,4.464600000000e-05,-3.877000000000e-07,-9.826800000000e-06,9.007540000000e-05,1.285656000000e-04,9.112300000000e-05,-1.048300000000e-06
297,2.970000000000e-02,-2.456514000000e-04,6.125823000000e-05,-6.921207000000e-06,6.154900000000e-05,-2.888000000000e-07,-2.544600000000e-05,8.227116000000e-05,1.037326000000e-04,8.336700000000e-05,-1.097400000000e-06,-2.860169000000e-04,5.276558000000e-05,-2.274783000000e-05,5.299600000000e-05,-2.271400000000e-07,-3.751000000000e-06,9.413437000000e-05,1.233173000000e-04,9.510600000000e-05,-9.725000000000e-07
298,2.980000000000e-02,-2.141279000000e-04,6.212332000000e-05,-9.672240000000e-06,6.230300000000e-05,-1.771100000000e-07,-1.187254000000e-04,7.050516000000e-05,4.888141000000e-05,7.153300000000e-05,-1.028500000000e-06,-2.414500000000e-04,5.603787000000e-05,-1.715378000000e-05,5.618100000000e-05,-1.404900000000e-07,-5.402240000000e-05,8.768581000000e-05,8.479288000000e-05,8.856000000000e-05,-8.756600000000e-07
299,2.990000000000e-02,-2.170321000000e-04,5.845210000000e-05,-2.314569000000e-05,5.856300000000e-05,-1.083700000000e-07,-2.428411000000e-04,5.151515000000e-05,-1.811580000000e-05,5.245900000000e-05,-9.438300000000e-07,-2.284560000000e-04,5.429888000000e-05,-2.336733000000e-05,5.439900000000e-05,-9.842700000000e-08,-1.434808000000e-04,7.398365000000e-05,3.039059000000e-05,7.473600000000e-05,-7.540400000000e-07
300,3.000000000000e-02,-1.810557000000e-04,5.601980000000e-05,2.088897000000e-06,5.607800000000e-05,-5.941100000000e-08,-4.241169000000e-04,1.961283000000e-05,-1.457432000000e-04,2.027400000000e-05,-6.587100000000e-07,-1.961616000000e-04,6.003156000000e-05,4.286994000000e-06,6.010000000000e-05,-6.889500000000e-08,-3.318944000000e-04,4.216352000000e-05,-9.698523000000e-05,4.259000000000e-05,-4.241500000000e-07
301,3.010000000000e-02,-1.724438000000e-04,5.770721000000e-05,2.498297000000e-05,5.769600000000e-05,8.161800000000e-09,-5.924218000000e-04,7.573449000000e-06,-1.905772000000e-04,7.893100000000e-06,-3.170700000000e-07,-1.779097000000e-04,5.823920000000e-05,2.384314000000e-05,5.825600000000e-05,-1.849300000000e-08,-4.790115000000e-04,2.868372000000e-05,-1.419189000000e-04,2.871400000000e-05,-2.832300000000e-08
302,3.020000000000e-02,-1.476494000000e-04,5.683172000000e-05,2.589534000000e-05,5.673700000000e-05,9.005000000000e-08,-6.890103000000e-04,-1.790755000000e-06,-2.069161000000e-04,-1.824900000000e-06,3.440300000000e-08,-1.347835000000e-04,5.611768000000e-05,2.888041000000e-05,5.605900000000e-05,5.518900000000e-08,-5.925233000000e-04,1.035590000000e-05,-1.672682000000e-04,9.982900000000e-06,3.735800000000e-07
303,3.030000000000e-02,-1.166165000000e-04,5.652609000000e-05,1.856938000000e-05,5.634300000000e-05,1.801600000000e-07,-7.070040000000e-04,-7.443270000000e-07,-2.007024000000e-04,-1.130900000000e-06,3.870200000000e-07,-9.062390000000e-05,5.870018000000e-05,2.699463000000e-05,5.855400000000e-05,1.422900000000e-07,-6.716988000000e-04,-3.332322000000e-06,-1.818273000000e-04,-4.109500000000e-06,7.767100000000e-07
304,3.040000000000e-02,-1.009855000000e-04,5.660964000000e-05,1.200838000000e-05,5.634500000000e-05,2.617200000000e-07,-6.216586000000e-04,1.691340000000e-05,-1.543668000000e-04,1.619000000000e-05,7.218800000000e-07,-7.579860000000e-05,6.031046000000e-05,2.272558000000e-05,6.008500000000e-05,2.227400000000e-07,-6.360235000000e-04,5.318214000000e-06,-1.568352000000e-04,4.161000000000e-06,1.155700000000e-06
305,3.050000000000e-02,-9.202990000000e-05,5.878924000000e-05,1.523456000000e-05,5.845400000000e-05,3.325800000000e-07,-4.721738000000e-04,3.797163000000e-05,-9.181617000000e-05,3.697800000000e-05,9.919100000000e-07,-6.792180000000e-05,6.274011000000e-05,2.088237000000e-05,6.244100000000e-05,2.961900000000e-07,-5.040948000000e-04,2.646987000000e-05,-1.020704000000e-04,2.500300000000e-05,1.464400000000e-06
306,3.060000000000e-02,-8.287150000000e-05,6.170078000000e-05,2.527115000000e-05,6.127800000000e-05,4.195600000000e-07,-3.184546000000e-04,5.294490000000e-05,-3.379495000000e-05,5.178400000000e-05,1.159700000000e-06,-5.846240000000e-05,6.643566000000e-05,2.432539000000e-05,6.604400000000e-05,3.897300000000e-07,-3.555381000000e-04,4.313361000000e-05,-5.282170000000e-05,4.146100000000e-05,1.670100000000e-06
307,3.070000000000e-02,-6.007510000000e-05,6.601152000000e-05,3.925413000000e-05,6.547200000000e-05,5.370300000000e-07,-2.025341000000e-04,6.189004000000e-05,1.119766000000e-05,6.067400000000e-05,1.212300000000e-06,-2.961040000000e-05,7.207193000000e-05,4.038073000000e-05,7.155500000000e-05,5.138800000000e-07,-2.341676000000e-04,5.263462000000e-05,-1.517715000000e-05,5.086100000000e-05,1.770000000000e-06
308,3.080000000000e-02,-2.649240000000e-05,7.024317000000e-05,5.340001000000e-05,6.957400000000e-05,6.662500000000e-07,-1.405152000000e-04,6.640169000000e-05,2.719679000000e-05,6.516900000000e-05,1.229100000000e-06,9.901100000000e-06,7.768632000000e-05,6.169972000000e-05,7.704100000000e-05,6.425600000000e-07,-1.651506000000e-04,5.764242000000e-05,1.144716000000e-05,5.583500000000e-05,1.803300000000e-06
309,3.090000000000e-02,1.537960000000e-05,7.637026000000e-05,6.996993000000e-05,7.559900000000e-05,7.678500000000e-07,-1.303812000000e-04,6.851467000000e-05,2.609675000000e-05,6.731300000000e-05,1.197900000000e-06,4.972870000000e-05,8.374303000000e-05,8.104511000000e-05,8.300300000000e-05,7.381300000000e-07,-1.453588000000e-04,6.092613000000e-05,2.450401000000e-05,5.911900000000e-05,1.804000000000e-06
310,3.100000000000e-02,-9.426500000000e-06,7.766083000000e-05,4.683142000000e-05,7.675700000000e-05,8.954400000000e-07,-1.502714000000e-04,6.814640000000e-05,2.412224000000e-05,6.709800000000e-05,1.045600000000e-06,-1.637980000000e-05,9.015709000000e-05,5.576724000000e-05,8.927700000000e-05,8.726100000000e-07,-1.691754000000e-04,6.329510000000e-05,3.645584000000e-05,6.161500000000e-05,1.676600000000e-06
311,3.110000000000e-02,-1.944690000000e-05,8.009812000000e-05,6.866340000000e-05,7.914600000000e-05,9.454000000000e-07,-2.041105000000e-04,6.438088000000e-05,2.150510000000e-05,6.347700000000e-05,9.019300000000e-07,-2.216350000000e-05,8.704800000000e-05,8.152371000000e-05,8.612000000000e-05,9.213900000000e-07,-2.113009000000e-04,6.541598000000e-05,2.999775000000e-05,6.386900000000e-05,1.544900000000e-06
312,3.120000000000e-02,9.267500000000e-06,8.507885000000e-05,9.978659000000e-05,8.411600000000e-05,9.565700000000e-07,-2.537346000000e-04,5.730738000000e-05,7.363692000000e-06,5.654000000000e-05,7.658400000000e-07,-4.832000000000e-06,8.498800000000e-05,1.017771000000e-04,8.404400000000e-05,9.360800000000e-07,-2.574942000000e-04,5.715643000000e-05,-2.126874000000e-06,5.576600000000e-05,1.389600000000e-06
313,3.130000000000e-02,7.523650000000e-05,9.596274000000e-05,1.300386000000e-04,9.498900000000e-05,9.665700000000e-07,-2.215038000000e-04,5.919744000000e-05,2.184279000000e-05,5.862400000000e-05,5.726000000000e-07,4.483370000000e-05,9.228018000000e-05,1.248744000000e-04,9.132600000000e-05,9.466800000000e-07,-2.375313000000e-04,5.819272000000e-05,3.437635000000e-06,5.696300000000e-05,1.229700000000e-06
314,3.140000000000e-02,1.493816000000e-04,1.064764000000e-04,1.563331000000e-04,1.054900000000e-04,9.775600000000e-07,-1.378622000000e-04,6.845255000000e-05,5.866021000000e-05,6.812600000000e-05,3.258500000000e-07,1.039391000000e-04,1.017663000000e-04,1.487032000000e-04,1.008100000000e-04,9.521600000000e-07,-1.857819000000e-04,6.340378000000e-05,2.408767000000e-05,6.235700000000e-05,1.046300000000e-06
315,3.150000000000e-02,2.062254000000e-04,1.112911000000e-04,1.683582000000e-04,1.103100000000e-04,9.701600000000e-07,-7.567120000000e-05,7.631188000000e-05,8.232734000000e-05,7.620500000000e-05,1.057200000000e-07,1.539084000000e-04,1.074545000000e-04,1.611467000000e-04,1.065100000000e-04,9.405900000000e-07,-1.551890000000e-04,6.665772000000e-05,3.566734000000e-05,6.580500000000e-05,8.521800000000e-07
316,3.160000000000e-02,2.423427000000e-04,1.115459000000e-04,1.691941000000e-04,1.106000000000e-04,9.406200000000e-07,-5.859050000000e-05,8.012706000000e-05,7.830226000000e-05,8.028900000000e-05,-1.625500000000e-07,1.868393000000e-04,1.073927000000e-04,1.583688000000e-04,1.064800000000e-04,9.033900000000e-07,-1.658152000000e-04,6.440932000000e-05,2.150842000000e-05,6.375800000000e-05,6.504300000000e-07
317,3.170000000000e-02,2.612073000000e-04,1.092917000000e-04,1.596641000000e-04,1.084000000000e-04,8.853200000000e-07,-9.520180000000e-05,7.575863000000e-05,4.923574000000e-05,7.615600000000e-05,-3.987900000000e-07,2.164267000000e-04,1.052994000000e-04,1.520134000000e-04,1.044500000000e-04,8.406900000000e-07,-2.032395000000e-04,6.014865000000e-05,-1.044552000000e-05,5.982500000000e-05,3.236500000000e-07
318,3.180000000000e-02,2.646456000000e-04,1.046983000000e-04,1.462682000000e-04,1.038800000000e-04,8.079200000000e-07,-1.766008000000e-04,6.384061000000e-05,-5.675349000000e-06,6.446300000000e-05,-6.241000000000e-07,2.387706000000e-04,1.007317000000e-04,1.447542000000e-04,1.000300000000e-04,6.989400000000e-07,-2.484717000000e-04,5.506671000000e-05,-4.136307000000e-05,5.501300000000e-05,5.257400000000e-08
319,3.190000000000e-02,2.670639000000e-04,1.014198000000e-04,1.414561000000e-04,1.006900000000e-04,7.244500000000e-07,-2.703830000000e-04,5.011069000000e-05,-6.157064000000e-05,5.095200000000e-05,-8.430700000000e-07,2.605046000000e-04,9.765637000000e-05,1.462207000000e-04,9.704200000000e-05,6.078100000000e-07,-2.721162000000e-04,5.075680000000e-05,-5.815133000000e-05,5.091800000000e-05,-1.624800000000e-07
320,3.200000000000e-02,5.656490000000e-05,6.981170000000e-05,4.230921000000e-05,6.935700000000e-05,4.556000000000e-07,-3.333998000000e-04,3.087248000000e-05,-1.017780000000e-04,3.199600000000e-05,-1.125400000000e-06,8.427130000000e-05,6.643501000000e-05,5.230007000000e-05,6.609900000000e-05,3.362100000000e-07,-2.961441000000e-04,4.089201000000e-05,-6.745430000000e-05,4.139200000000e-05,-5.000000000000e-07
321,3.210000000000e-02,-1.912730000000e-05,6.169503000000e-05,9.523707000000e-06,6.150700000000e-05,1.911000000000e-07,-2.920669000000e-04,3.030528000000e-05,-5.968903000000e-05,3.170100000000e-05,-1.397000000000e-06,3.317300000000e-06,5.717747000000e-05,1.467809000000e-05,5.709300000000e-05,8.699500000000e-08,-2.021263000000e-04,4.125443000000e-05,-9.740982000000e-06,4.209000000000e-05,-8.348300000000e-07
322,3.220000000000e-02,-1.316774000000e-04,4.433626000000e-05,-4.140032000000e-05,4.438800000000e-05,-4.870000000000e-08,-2.906708000000e-04,2.965223000000e-05,-5.483968000000e-05,3.127600000000e-05,-1.624700000000e-06,-1.000551000000e-04,4.226935000000e-05,-3.452123000000e-05,4.241400000000e-05,-1.415100000000e-07,-1.771103000000e-04,3.868048000000e-05,1.334922000000e-06,3.981900000000e-05,-1.138200000000e-06
323,3.230000000000e-02,-2.601405000000e-04,2.606658000000e-05,-9.954940000000e-05,2.633600000000e-05,-2.663400000000e-07,-2.815071000000e-04,3.376492000000e-05,-6.173817000000e-05,3.561100000000e-05,-1.848500000000e-06,-2.355561000000e-04,2.575168000000e-05,-9.075601000000e-05,2.608000000000e-05,-3.254700000000e-07,-1.691234000000e-04,4.252585000000e-05,-8.314063000000e-06,4.396700000000e-05,-1.442300000000e-06
324,3.240000000000e-02,-3.841273000000e-04,1.010122000000e-05,-1.537563000000e-04,1.056600000000e-05,-4.629200000000e-07,-2.453882000000e-04,3.968204000000e-05,-6.363575000000e-05,4.178300000000e-05,-2.103600000000e-06,-3.759828000000e-04,1.093035000000e-05,-1.487605000000e-04,1.144400000000e-05,-5.121200000000e-07,-1.902625000000e-04,4.405825000000e-05,-3.445701000000e-05,4.582400000000e-05,-1.768000000000e-06
325,3.250000000000e-02,-4.925895000000e-04,-6.367380000000e-07,-2.019068000000e-04,-5.885800000000e-09,-6.301600000000e-07,-1.910137000000e-04,4.271483000000e-05,-5.964762000000e-05,4.509000000000e-05,-2.377400000000e-06,-4.978894000000e-04,-1.013136000000e-06,-2.014757000000e-04,-3.411300000000e-07,-6.710600000000e-07,-2.226361000000e-04,4.265121000000e-05,-6.841553000000e-05,4.473500000000e-05,-2.086800000000e-06
326,3.260000000000e-02,-5.833382000000e-04,-6.690728000000e-06,-2.419469000000e-04,-5.930200000000e-06,-7.597500000000e-07,-1.230120000000e-04,4.235069000000e-05,-5.944699000000e-05,4.498200000000e-05,-2.633300000000e-06,-5.896686000000e-04,-8.608373000000e-06,-2.429836000000e-04,-7.811000000000e-06,-7.964500000000e-07,-2.422185000000e-04,3.654461000000e-05,-9.257619000000e-05,3.891200000000e-05,-2.368800000000e-06
327,3.270000000000e-02,-6.856793000000e-04,-1.647051000000e-05,-2.870076000000e-04,-1.562700000000e-05,-8.425200000000e-07,-3.321700000000e-05,4.140737000000e-05,-5.522791000000e-05,4.436400000000e-05,-2.958200000000e-06,-6.860262000000e-04,-1.734181000000e-05,-2.838735000000e-04,-1.646100000000e-05,-8.799900000000e-07,-2.108832000000e-04,3.197929000000e-05,-9.546811000000e-05,3.458300000000e-05,-2.605400000000e-06
328,3.280000000000e-02,-7.755818000000e-04,-2.526650000000e-05,-3.207444000000e-04,-2.438600000000e-05,-8.800900000000e-07,2.747470000000e-05,4.040723000000e-05,-4.400084000000e-05,4.372600000000e-05,-3.319300000000e-06,-7.728468000000e-04,-2.540217000000e-05,-3.142982000000e-04,-2.447900000000e-05,-9.217900000000e-07,-1.077846000000e-04,3.558074000000e-05,-6.850950000000e-05,3.848700000000e-05,-2.907700000000e-06
329,3.290000000000e-02,-8.246558000000e-04,-3.011608000000e-05,-3.285384000000e-04,-2.923000000000e-05,-8.852400000000e-07,-1.165117000000e-04,3.683078000000e-05,-9.068264000000e-05,4.045900000000e-05,-3.629500000000e-06,-8.221747000000e-04,-2.904826000000e-05,-3.230345000000e-04,-2.811400000000e-05,-9.339500000000e-07,1.315880000000e-05,4.423086000000e-05,-2.587663000000e-05,4.751300000000e-05,-3.283100000000e-06
330,3.300000000000e-02,-7.544442000000e-04,-2.392798000000e-05,-2.804748000000e-04,-2.300900000000e-05,-9.140100000000e-07,-3.986911000000e-04,-1.274264000000e-05,-5.554284000000e-05,-8.613600000000e-06,-4.129800000000e-06,-7.886875000000e-04,-2.507910000000e-05,-2.826579000000e-04,-2.410200000000e-05,-9.722000000000e-07,-1.542548000000e-04,6.784728000000e-06,6.866117000000e-05,1.067500000000e-05,-3.891200000000e-06
331,3.310000000000e-02,-6.650498000000e-04,1.953749000000e-06,-2.030806000000e-04,2.848000000000e-06,-8.897900000000e-07,-8.861148000000e-04,8.319234000000e-06,-3.344237000000e-04,1.294300000000e-05,-4.623800000000e-06,-7.007572000000e-04,-3.324561000000e-06,-2.140531000000e-04,-2.359600000000e-06,-9.605400000000e-07,-7.524434000000e-04,1.337831000000e-05,-2.375762000000e-04,1.788300000000e-05,-4.505000000000e-06
332,3.320000000000e-02,-5.217708000000e-04,2.848251000000e-05,-1.360895000000e-04,2.934300000000e-05,-8.564000000000e-07,-9.375683000000e-04,2.532444000000e-05,-3.257698000000e-04,2.994200000000e-05,-4.616400000000e-06,-5.548836000000e-04,2.327889000000e-05,-1.507107000000e-04,2.421400000000e-05,-9.312800000000e-07,-9.458764000000e-04,2.572147000000e-05,-3.446331000000e-04,3.025100000000e-05,-4.528700000000e-06
333,3.330000000000e-02,-3.524595000000e-04,5.543793000000e-05,-7.162942000000e-05,5.628400000000e-05,-8.427700000000e-07,-8.671651000000e-04,2.665280000000e-05,-2.288334000000e-04,3.088200000000e-05,-4.227000000000e-06,-3.904221000000e-04,5.295778000000e-05,-8.937845000000e-05,5.387600000000e-05,-9.149100000000e-07,-8.856056000000e-04,2.450994000000e-05,-2.843715000000e-04,2.870000000000e-05,-4.187800000000e-06
334,3.340000000000e-02,-2.344819000000e-04,7.460980000000e-05,-3.214295000000e-05,7.545800000000e-05,-8.456900000000e-07,-7.597595000000e-04,3.052127000000e-05,-1.913941000000e-04,3.413500000000e-05,-3.612300000000e-06,-2.760976000000e-04,7.391865000000e-05,-4.876170000000e-05,7.483500000000e-05,-9.133400000000e-07,-7.911061000000e-04,2.533036000000e-05,-2.410859000000e-04,2.916500000000e-05,-3.832300000000e-06
335,3.350000000000e-02,-2.051323000000e-04,8.053492000000e-05,-2.727739000000e-05,8.138700000000e-05,-8.508400000000e-07,-6.454432000000e-04,4.382394000000e-05,-1.834255000000e-04,4.659900000000e-05,-2.773000000000e-06,-2.471162000000e-04,7.895536000000e-05,-4.247580000000e-05,7.986700000000e-05,-9.088600000000e-07,-7.410176000000e-04,3.171514000000e-05,-2.404963000000e-04,3.529000000000e-05,-3.572300000000e-06
336,3.360000000000e-02,-2.356408000000e-04,7.672638000000e-05,-4.057990000000e-05,7.758100000000e-05,-8.522700000000e-07,-5.719430000000e-04,5.691808000000e-05,-1.815588000000e-04,5.855200000000e-05,-1.631300000000e-06,-2.692133000000e-04,7.469266000000e-05,-5.511479000000e-05,7.559300000000e-05,-8.983800000000e-07,-7.381204000000e-04,3.495701000000e-05,-2.542999000000e-04,3.836800000000e-05,-3.406900000000e-06
337,3.370000000000e-02,-2.690956000000e-04,7.103482000000e-05,-5.074086000000e-05,7.188700000000e-05,-8.497900000000e-07,-5.275433000000e-04,6.296351000000e-05,-1.590039000000e-04,6.306900000000e-05,-1.024000000000e-07,-2.878652000000e-04,7.009529000000e-05,-6.162828000000e-05,7.098300000000e-05,-8.850700000000e-07,-7.098683000000e-04,3.797587000000e-05,-2.333467000000e-04,4.125300000000e-05,-3.271900000000e-06
338,3.380000000000e-02,-2.756072000000e-04,7.006741000000e-05,-4.421526000000e-05,7.092000000000e-05,-8.501300000000e-07,-4.778213000000e-04,6.497616000000e-05,-1.125252000000e-04,6.316800000000e-05,1.811500000000e-06,-2.761507000000e-04,7.157884000000e-05,-4.688479000000e-05,7.245400000000e-05,-8.725500000000e-07,-6.209644000000e-04,4.457830000000e-05,-1.725461000000e-04,4.768100000000e-05,-3.096900000000e-06
339,3.390000000000e-02,-2.622195000000e-04,7.382385000000e-05,-2.736017000000e-05,7.468500000000e-05,-8.583800000000e-07,-3.898391000000e-04,6.921607000000e-05,-5.317966000000e-05,6.520800000000e-05,4.013500000000e-06,-2.520102000000e-04,7.675105000000e-05,-2.221984000000e-05,7.761700000000e-05,-8.631800000000e-07,-4.949470000000e-04,5.384553000000e-05,-9.207014000000e-05,5.669100000000e-05,-2.838300000000e-06
340,3.400000000000e-02,-1.707448000000e-04,8.686281000000e-05,4.599499000000e-05,8.777900000000e-05,-9.140600000000e-07,-1.914405000000e-04,7.679694000000e-05,6.896376000000e-05,7.047500000000e-05,6.325600000000e-06,-1.494726000000e-04,9.424999000000e-05,6.433108000000e-05,9.511700000000e-05,-8.669400000000e-07,-3.358278000000e-04,5.976998000000e-05,1.667170000000e-05,6.228900000000e-05,-2.513500000000e-06
341,3.410000000000e-02,-1.326150000000e-04,9.512638000000e-05,5.536883000000e-05,9.615200000000e-05,-1.024300000000e-06,-5.121440000000e-05,8.075389000000e-05,1.615829000000e-04,7.216500000000e-05,8.593300000000e-06,-1.124211000000e-04,1.009055000000e-04,7.101250000000e-05,1.018500000000e-04,-9.434300000000e-07,-2.161433000000e-04,6.553675000000e-05,8.866082000000e-05,6.765100000000e-05,-2.110200000000e-06
342,3.420000000000e-02,-1.067523000000e-04,9.882493000000e-05,5.248795000000e-05,9.997800000000e-05,-1.152400000000e-06,8.965500000000e-06,8.582948000000e-05,1.739992000000e-04,7.519800000000e-05,1.063300000000e-05,-9.601360000000e-05,1.000320000000e-04,6.030064000000e-05,1.011000000000e-04,-1.068800000000e-06,-1.753768000000e-04,6.586100000000e-05,8.763460000000e-05,6.754000000000e-05,-1.675900000000e-06
343,3.430000000000e-02,-1.298084000000e-04,9.208835000000e-05,2.632458000000e-05,9.337400000000e-05,-1.284300000000e-06,-5.490900000000e-05,8.288981000000e-05,1.071682000000e-04,7.061700000000e-05,1.227000000000e-05,-1.248798000000e-04,9.148020000000e-05,2.985834000000e-05,9.269400000000e-05,-1.213100000000e-06,-1.950420000000e-04,6.353776000000e-05,4.808592000000e-05,6.480800000000e-05,-1.269400000000e-06
344,3.440000000000e-02,-1.592636000000e-04,8.661243000000e-05,-1.932568000000e-07,8.802100000000e-05,-1.407700000000e-06,-2.201328000000e-04,6.699131000000e-05,3.490406000000e-06,5.357800000000e-05,1.340100000000e-05,-1.555113000000e-04,8.517385000000e-05,1.827411000000e-06,8.652700000000e-05,-1.352300000000e-06,-2.840814000000e-04,5.394105000000e-05,-1.453307000000e-05,5.486200000000e-05,-9.222700000000e-07
345,3.450000000000e-02,-1.843687000000e-04,8.266847000000e-05,-2.294799000000e-05,8.415100000000e-05,-1.481700000000e-06,-4.366913000000e-04,4.390111000000e-05,-1.027070000000e-04,2.989100000000e-05,1.398900000000e-05,-1.844918000000e-04,8.135455000000e-05,-2.252868000000e-05,8.279500000000e-05,-1.440300000000e-06,-3.957717000000e-04,4.224376000000e-05,-7.468815000000e-05,4.287100000000e-05,-6.333700000000e-07
346,3.460000000000e-02,-2.078327000000e-04,7.855812000000e-05,-4.342091000000e-05,8.004500000000e-05,-1.486200000000e-06,-6.576376000000e-04,2.285255000000e-05,-1.979944000000e-04,8.840400000000e-06,1.398000000000e-05,-2.098248000000e-04,7.771457000000e-05,-4.375145000000e-05,7.916700000000e-05,-1.452600000000e-06,-5.019193000000e-04,3.348633000000e-05,-1.179253000000e-04,3.391100000000e-05,-4.356900000000e-07
347,3.470000000000e-02,-2.559144000000e-04,6.938722000000e-05,-6.964275000000e-05,7.081600000000e-05,-1.427600000000e-06,-8.325921000000e-04,8.520039000000e-06,-2.705696000000e-04,-4.826400000000e-06,1.330600000000e-05,-2.601204000000e-04,6.869562000000e-05,-7.244245000000e-05,7.008900000000e-05,-1.392900000000e-06,-5.793681000000e-04,2.806885000000e-05,-1.432401000000e-04,2.846300000000e-05,-4.075400000000e-07
348,3.480000000000e-02,-3.065279000000e-04,6.029167000000e-05,-9.235036000000e-05,6.160800000000e-05,-1.315300000000e-06,-9.441287000000e-04,1.338611000000e-06,-3.140697000000e-04,-1.064900000000e-05,1.193900000000e-05,-3.105215000000e-04,6.121105000000e-05,-9.516921000000e-05,6.248300000000e-05,-1.271100000000e-06,-6.215302000000e-04,2.591985000000e-05,-1.569517000000e-04,2.652400000000e-05,-6.210200000000e-07
349,3.490000000000e-02,-3.619945000000e-04,4.860695000000e-05,-1.143275000000e-04,4.977500000000e-05,-1.166300000000e-06,-1.010463000000e-03,-2.312853000000e-06,-3.457900000000e-04,-1.236200000000e-05,9.995800000000e-06,-3.693307000000e-04,5.095342000000e-05,-1.189145000000e-04,5.206200000000e-05,-1.107800000000e-06,-6.463783000000e-04,2.389628000000e-05,-1.743303000000e-04,2.494800000000e-05,-1.070000000000e-06
350,3.500000000000e-02,-2.989161000000e-04,4.553143000000e-05,-3.194040000000e-05,4.654700000000e-05,-1.019800000000e-06,-9.259805000000e-04,4.624440000000e-07,-3.212954000000e-04,-7.243900000000e-06,7.648200000000e-06,-3.024114000000e-04,4.827796000000e-05,-4.699245000000e-05,4.922700000000e-05,-9.519100000000e-07,-5.276316000000e-04,3.333591000000e-05,-1.594322000000e-04,3.503800000000e-05,-1.722900000000e-06
351,3.510000000000e-02,-1.551994000000e-04,6.167526000000e-05,6.291969000000e-05,6.252700000000e-05,-8.594700000000e-07,-7.512050000000e-04,2.008408000000e-05,-2.351377000000e-04,1.476100000000e-05,5.267700000000e-06,-1.521822000000e-04,6.535499000000e-05,6.071340000000e-05,6.612800000000e-05,-7.825900000000e-07,-3.463584000000e-04,4.985414000000e-05,-7.737245000000e-05,5.222200000000e-05,-2.386100000000e-06
352,3.520000000000e-02,-2.147640000000e-05,8.149009000000e-05,1.020220000000e-04,8.212200000000e-05,-6.427700000000e-07,-5.913504000000e-04,3.256736000000e-05,-1.391387000000e-04,2.943400000000e-05,3.083400000000e-06,-1.872340000000e-05,8.331335000000e-05,1.050565000000e-04,8.386000000000e-05,-5.566000000000e-07,-2.030362000000e-04,6.029172000000e-05,1.206142000000e-05,6.322800000000e-05,-2.951900000000e-06
353,3.530000000000e-02,1.328061000000e-04,1.040571000000e-04,1.326971000000e-04,1.044200000000e-04,-3.736100000000e-07,-3.729111000000e-04,5.200456000000e-05,-3.446916000000e-05,5.068700000000e-05,1.272700000000e-06,1.361682000000e-04,1.010308000000e-04,1.390263000000e-04,1.013100000000e-04,-2.905200000000e-07,-5.258810000000e-05,7.397354000000e-05,8.979807000000e-05,7.728700000000e-05,-3.328000000000e-06
354,3.540000000000e-02,2.622912000000e-04,1.185233000000e-04,1.753091000000e-04,1.185900000000e-04,-7.646800000000e-08,-1.554889000000e-04,7.638659000000e-05,6.119265000000e-05,7.643300000000e-05,-8.337400000000e-08,2.742372000000e-04,1.151609000000e-04,1.860253000000e-04,1.151600000000e-04,-8.896600000000e-09,8.232700000000e-05,9.100722000000e-05,1.424947000000e-04,9.449100000000e-05,-3.496500000000e-06
355,3.550000000000e-02,3.544942000000e-04,1.294115000000e-04,2.182543000000e-04,1.291700000000e-04,2.266300000000e-07,6.226300000000e-06,9.717865000000e-05,1.190153000000e-04,9.818400000000e-05,-1.037600000000e-06,3.793607000000e-04,1.285969000000e-04,2.249316000000e-04,1.283100000000e-04,2.772600000000e-07,1.524174000000e-04,1.017123000000e-04,1.573606000000e-04,1.052400000000e-04,-3.540700000000e-06
356,3.560000000000e-02,3.974479000000e-04,1.353124000000e-04,2.325361000000e-04,1.347800000000e-04,5.245900000000e-07,6.699380000000e-05,1.044807000000e-04,1.235584000000e-04,1.061200000000e-04,-1.669500000000e-06,4.315140000000e-04,1.369011000000e-04,2.352440000000e-04,1.363300000000e-04,5.615500000000e-07,1.445534000000e-04,1.000540000000e-04,1.327968000000e-04,1.035700000000e-04,-3.531000000000e-06
357,3.570000000000e-02,3.786182000000e-04,1.368809000000e-04,2.192985000000e-04,1.360700000000e-04,8.032100000000e-07,3.025640000000e-05,9.767574000000e-05,8.926159000000e-05,9.968700000000e-05,-2.034600000000e-06,4.184930000000e-04,1.375190000000e-04,2.197146000000e-04,1.366800000000e-04,8.321000000000e-07,7.107020000000e-05,8.872821000000e-05,8.539854000000e-05,9.219900000000e-05,-3.480500000000e-06
358,3.580000000000e-02,3.203125000000e-04,1.334288000000e-04,1.796747000000e-04,1.323700000000e-04,1.050300000000e-06,-6.797620000000e-05,8.474686000000e-05,4.159962000000e-05,8.692000000000e-05,-2.193400000000e-06,3.523574000000e-04,1.306802000000e-04,1.795553000000e-04,1.296000000000e-04,1.070200000000e-06,-3.587620000000e-05,7.653194000000e-05,3.860445000000e-05,7.991400000000e-05,-3.390600000000e-06
359,3.590000000000e-02,2.321354000000e-04,1.213458000000e-04,1.162711000000e-04,1.200800000000e-04,1.257600000000e-06,-1.732766000000e-04,7.504295000000e-05,5.669702000000e-06,7.725600000000e-05,-2.231000000000e-06,2.649326000000e-04,1.205979000000e-04,1.224884000000e-04,1.193300000000e-04,1.262800000000e-06,-1.302613000000e-04,7.051700000000e-05,1.084570000000e-05,7.378700000000e-05,-3.279200000000e-06
360,3.600000000000e-02,-4.778770000000e-05,7.737226000000e-05,-4.075469000000e-05,7.600900000000e-05,1.364500000000e-06,-3.633152000000e-04,6.317263000000e-05,-6.979245000000e-05,6.527700000000e-05,-2.109600000000e-06,-3.261960000000e-05,7.128997000000e-05,-3.830117000000e-05,6.994300000000e-05,1.347900000000e-06,-2.669236000000e-04,6.884917000000e-05,-4.504175000000e-05,7.190100000000e-05,-3.050300000000e-06
361,3.610000000000e-02,-2.551575000000e-04,4.403157000000e-05,-1.196866000000e-04,4.256200000000e-05,1.472200000000e-06,-4.871721000000e-04,4.877966000000e-05,-1.034661000000e-04,5.087800000000e-05,-2.101200000000e-06,-2.538235000000e-04,3.807911000000e-05,-1.196099000000e-04,3.664800000000e-05,1.434300000000e-06,-3.840279000000e-04,5.686616000000e-05,-8.206880000000e-05,5.980300000000e-05,-2.933500000000e-06
362,3.620000000000e-02,-4.274795000000e-04,1.623627000000e-05,-1.652109000000e-04,1.468500000000e-05,1.553000000000e-06,-5.495569000000e-04,3.753272000000e-05,-1.113736000000e-04,3.969600000000e-05,-2.165700000000e-06,-4.187002000000e-04,1.442535000000e-05,-1.596237000000e-04,1.293300000000e-05,1.493400000000e-06,-4.385312000000e-04,4.371192000000e-05,-8.552593000000e-05,4.660400000000e-05,-2.888600000000e-06
363,3.630000000000e-02,-4.695331000000e-04,1.420036000000e-05,-1.558688000000e-04,1.258200000000e-05,1.620600000000e-06,-5.602983000000e-04,4.269060000000e-05,-1.019156000000e-04,4.497200000000e-05,-2.281600000000e-06,-4.551722000000e-04,1.603260000000e-05,-1.478013000000e-04,1.449000000000e-05,1.545000000000e-06,-4.451022000000e-04,4.606804000000e-05,-7.392122000000e-05,4.896400000000e-05,-2.891000000000e-06
364,3.640000000000e-02,-3.895133000000e-04,3.213234000000e-05,-1.061722000000e-04,3.044500000000e-05,1.689100000000e-06,-5.492594000000e-04,5.250719000000e-05,-9.237186000000e-05,5.494300000000e-05,-2.434700000000e-06,-3.819299000000e-04,3.018180000000e-05,-1.009503000000e-04,2.857800000000e-05,1.605800000000e-06,-4.286049000000e-04,5.530139000000e-05,-6.616098000000e-05,5.823300000000e-05,-2.927400000000e-06
365,3.650000000000e-02,-2.752904000000e-04,5.059134000000e-05,-5.653641000000e-05,4.883600000000e-05,1.758300000000e-06,-5.172369000000e-04,6.040665000000e-05,-8.718841000000e-05,6.297900000000e-05,-2.570900000000e-06,-2.559691000000e-04,4.870389000000e-05,-5.212863000000e-05,4.703000000000e-05,1.675900000000e-06,-3.951896000000e-04,6.371415000000e-05,-6.404200000000e-05,6.667000000000e-05,-2.951100000000e-06
366,3.660000000000e-02,-1.994197000000e-04,5.878826000000e-05,-3.434357000000e-05,5.694800000000e-05,1.842200000000e-06,-4.749709000000e-04,6.575373000000e-05,-7.621639000000e-05,6.840400000000e-05,-2.648000000000e-06,-1.832148000000e-04,6.086780000000e-05,-2.812218000000e-05,5.910200000000e-05,1.766900000000e-06,-3.667858000000e-04,6.829139000000e-05,-5.866863000000e-05,7.122400000000e-05,-2.927500000000e-06
367,3.670000000000e-02,-1.936617000000e-04,5.930074000000e-05,-4.133427000000e-05,5.735200000000e-05,1.950800000000e-06,-4.367151000000e-04,6.899050000000e-05,-6.044990000000e-05,7.165900000000e-05,-2.665300000000e-06,-1.811294000000e-04,6.504906000000e-05,-4.291311000000e-05,6.316000000000e-05,1.890100000000e-06,-3.503828000000e-04,6.900169000000e-05,-4.766855000000e-05,7.186900000000e-05,-2.861700000000e-06
368,3.680000000000e-02,-2.402023000000e-04,5.580664000000e-05,-6.728875000000e-05,5.373000000000e-05,2.078400000000e-06,-4.166278000000e-04,6.922731000000e-05,-4.960271000000e-05,7.187700000000e-05,-2.643600000000e-06,-2.373126000000e-04,5.939750000000e-05,-7.842543000000e-05,5.736000000000e-05,2.040000000000e-06,-3.490406000000e-04,6.753232000000e-05,-3.982615000000e-05,7.031600000000e-05,-2.777200000000e-06
369,3.690000000000e-02,-3.019593000000e-04,5.249053000000e-05,-8.895260000000e-05,5.028200000000e-05,2.210600000000e-06,-4.200486000000e-04,6.700228000000e-05,-5.292008000000e-05,6.960600000000e-05,-2.598200000000e-06,-3.144426000000e-04,5.075699000000e-05,-1.067439000000e-04,4.855700000000e-05,2.202000000000e-06,-3.651323000000e-04,6.466864000000e-05,-4.486662000000e-05,6.736300000000e-05,-2.687700000000e-06
370,3.700000000000e-02,-3.405613000000e-04,4.749334000000e-05,-1.005581000000e-04,4.510900000000e-05,2.387300000000e-06,-4.379676000000e-04,7.096618000000e-05,-7.163730000000e-05,7.369200000000e-05,-2.727300000000e-06,-3.630891000000e-04,5.058779000000e-05,-1.115402000000e-04,4.817200000000e-05,2.417800000000e-06,-4.043215000000e-04,6.758671000000e-05,-6.591412000000e-05,7.037500000000e-05,-2.787900000000e-06
371,3.710000000000e-02,-3.095114000000e-04,5.780500000000e-05,-5.379179000000e-05,5.529900000000e-05,2.508500000000e-06,-4.492377000000e-04,7.994536000000e-05,-8.830794000000e-05,8.262900000000e-05,-2.682600000000e-06,-3.224365000000e-04,5.806974000000e-05,-6.151486000000e-05,5.549500000000e-05,2.577000000000e-06,-4.093135000000e-04,7.841904000000e-05,-7.906081000000e-05,8.114200000000e-05,-2.722300000000e-06
372,3.720000000000e-02,-2.857068000000e-04,6.298326000000e-05,-5.054096000000e-05,6.038800000000e-05,2.597500000000e-06,-4.667346000000e-04,7.359382000000e-05,-1.026134000000e-04,7.612800000000e-05,-2.531300000000e-06,-2.911097000000e-04,6.042871000000e-05,-5.128387000000e-05,5.772500000000e-05,2.705700000000e-06,-4.215573000000e-04,7.073144000000e-05,-9.197396000000e-05,7.328800000000e-05,-2.553100000000e-06
373,3.730000000000e-02,-2.373163000000e-04,6.583159000000e-05,-5.083205000000e-05,6.317600000000e-05,2.658300000000e-06,-4.550242000000e-04,6.745306000000e-05,-9.230141000000e-05,6.975800000000e-05,-2.300200000000e-06,-2.349740000000e-04,6.288339000000e-05,-4.172432000000e-05,6.008300000000e-05,2.802900000000e-06,-4.000236000000e-04,6.736360000000e-05,-8.379369000000e-05,6.968100000000e-05,-2.313100000000e-06
374,3.740000000000e-02,-1.809471000000e-04,6.986461000000e-05,-3.403714000000e-05,6.715500000000e-05,2.711200000000e-06,-4.088904000000e-04,7.112948000000e-05,-6.716801000000e-05,7.316600000000e-05,-2.032600000000e-06,-1.746118000000e-04,6.656337000000e-05,-2.108297000000e-05,6.367800000000e-05,2.886600000000e-06,-3.562600000000e-04,6.892951000000e-05,-6.314997000000e-05,7.097800000000e-05,-2.043300000000e-06
375,3.750000000000e-02,-1.356767000000e-04,7.196723000000e-05,-5.982291000000e-06,6.919000000000e-05,2.779200000000e-06,-3.465066000000e-04,7.969422000000e-05,-4.255114000000e-05,8.149600000000e-05,-1.796700000000e-06,-1.209967000000e-04,7.098735000000e-05,5.185004000000e-06,6.800900000000e-05,2.979900000000e-06,-2.917628000000e-04,7.683021000000e-05,-3.999817000000e-05,7.862400000000e-05,-1.787500000000e-06
376,3.760000000000e-02,-7.329080000000e-05,7.815281000000e-05,3.827318000000e-05,7.530700000000e-05,2.847800000000e-06,-2.865620000000e-04,8.863006000000e-05,-2.521232000000e-05,9.021700000000e-05,-1.582500000000e-06,-5.409230000000e-05,8.055794000000e-05,4.538655000000e-05,7.749100000000e-05,3.068000000000e-06,-2.356971000000e-04,8.549203000000e-05,-2.029739000000e-05,8.708400000000e-05,-1.586800000000e-06
377,3.770000000000e-02,3.020810000000e-05,9.284672000000e-05,9.552452000000e-05,8.996000000000e-05,2.888900000000e-06,-2.529520000000e-04,9.537958000000e-05,-1.657739000000e-05,9.677200000000e-05,-1.388000000000e-06,4.284500000000e-05,9.488358000000e-05,9.930846000000e-05,9.176100000000e-05,3.123000000000e-06,-2.078781000000e-04,9.004251000000e-05,-1.046112000000e-05,9.139700000000e-05,-1.348700000000e-06
378,3.780000000000e-02,1.551473000000e-04,1.101187000000e-04,1.556481000000e-04,1.072300000000e-04,2.893800000000e-06,-2.522813000000e-04,9.453998000000e-05,-2.183642000000e-05,9.564600000000e-05,-1.102200000000e-06,1.639874000000e-04,1.097347000000e-04,1.589236000000e-04,1.066000000000e-04,3.130800000000e-06,-2.031705000000e-04,9.193841000000e-05,-1.595357000000e-05,9.299100000000e-05,-1.048300000000e-06
379,3.790000000000e-02,2.767513000000e-04,1.259072000000e-04,2.067374000000e-04,1.230500000000e-04,2.860400000000e-06,-2.680633000000e-04,8.870973000000e-05,-3.341474000000e-05,8.960600000000e-05,-8.928500000000e-07,2.744998000000e-04,1.234740000000e-04,2.069122000000e-04,1.203900000000e-04,3.087900000000e-06,-2.120696000000e-04,9.039056000000e-05,-2.815142000000e-05,9.123200000000e-05,-8.382400000000e-07
380,3.800000000000e-02,2.094472000000e-04,1.151366000000e-04,1.567545000000e-04,1.123700000000e-04,2.775600000000e-06,-3.196521000000e-04,6.447283000000e-05,-7.172365000000e-05,6.499300000000e-05,-5.091300000000e-07,2.100854000000e-04,1.127787000000e-04,1.568617000000e-04,1.098100000000e-04,2.982800000000e-06,-2.826580000000e-04,6.462739000000e-05,-7.060785000000e-05,6.509700000000e-05,-4.584800000000e-07
381,3.810000000000e-02,7.013770000000e-05,9.561078000000e-05,7.572365000000e-05,9.290500000000e-05,2.719300000000e-06,-3.252859000000e-04,6.352435000000e-05,-4.648073000000e-05,6.371400000000e-05,-1.764700000000e-07,6.918050000000e-05,9.393743000000e-05,8.150948000000e-05,9.104100000000e-05,2.909700000000e-06,-2.923507000000e-04,6.428052000000e-05,-4.930289000000e-05,6.443100000000e-05,-1.373400000000e-07
382,3.820000000000e-02,-1.027646000000e-04,7.150642000000e-05,-6.844936000000e-06,6.884500000000e-05,2.676300000000e-06,-3.658495000000e-04,5.621460000000e-05,-6.031778000000e-05,5.613300000000e-05,9.231100000000e-08,-9.864900000000e-05,6.883529000000e-05,4.442390000000e-08,6.600200000000e-05,2.846400000000e-06,-2.888948000000e-04,6.665345000000e-05,-4.199933000000e-05,6.656000000000e-05,1.053900000000e-07
383,3.830000000000e-02,-2.612750000000e-04,4.903222000000e-05,-7.768691000000e-05,4.638300000000e-05,2.663600000000e-06,-3.447551000000e-04,5.677471000000e-05,-7.051262000000e-05,5.650400000000e-05,2.811800000000e-07,-2.570473000000e-04,4.749098000000e-05,-7.163756000000e-05,4.469500000000e-05,2.810400000000e-06,-2.362108000000e-04,7.072583000000e-05,-3.624112000000e-05,7.047300000000e-05,2.637300000000e-07
384,3.840000000000e-02,-3.653869000000e-04,3.527571000000e-05,-1.183710000000e-04,3.262700000000e-05,2.663700000000e-06,-3.027952000000e-04,5.974415000000e-05,-6.066081000000e-05,5.933700000000e-05,4.169900000000e-07,-3.541321000000e-04,3.692741000000e-05,-1.106333000000e-04,3.415400000000e-05,2.786800000000e-06,-1.768919000000e-04,7.559523000000e-05,-1.365425000000e-05,7.523300000000e-05,3.730700000000e-07
385,3.850000000000e-02,-4.018783000000e-04,3.223494000000e-05,-1.298786000000e-04,2.962600000000e-05,2.623100000000e-06,-2.683295000000e-04,6.416708000000e-05,-4.139402000000e-05,6.363200000000e-05,5.446300000000e-07,-3.804015000000e-04,3.697759000000e-05,-1.194987000000e-04,3.427100000000e-05,2.720400000000e-06,-1.267601000000e-04,8.427986000000e-05,1.160699000000e-05,8.381000000000e-05,4.805400000000e-07
386,3.860000000000e-02,-3.775049000000e-04,3.796169000000e-05,-1.192712000000e-04,3.545900000000e-05,2.516800000000e-06,-2.364391000000e-04,6.972666000000e-05,-2.618071000000e-05,6.906300000000e-05,6.735600000000e-07,-3.451459000000e-04,4.360621000000e-05,-1.081368000000e-04,4.103000000000e-05,2.590400000000e-06,-9.518200000000e-05,9.416981000000e-05,2.513849000000e-05,9.357800000000e-05,6.016900000000e-07
387,3.870000000000e-02,-3.284181000000e-04,4.441361000000e-05,-1.045349000000e-04,4.205000000000e-05,2.376700000000e-06,-2.333670000000e-04,6.981647000000e-05,-2.624291000000e-05,6.904400000000e-05,7.817800000000e-07,-2.934899000000e-04,4.826960000000e-05,-9.485897000000e-05,4.585000000000e-05,2.433300000000e-06,-1.038148000000e-04,9.686937000000e-05,1.629645000000e-05,9.615500000000e-05,7.233800000000e-07
388,3.880000000000e-02,-2.993229000000e-04,4.529673000000e-05,-1.017721000000e-04,4.306700000000e-05,2.242400000000e-06,-2.499363000000e-04,6.896554000000e-05,-3.179218000000e-05,6.812700000000e-05,8.470900000000e-07,-2.717601000000e-04,4.528938000000e-05,-9.462118000000e-05,4.301300000000e-05,2.289400000000e-06,-1.216536000000e-04,9.480263000000e-05,7.019571000000e-06,9.398600000000e-05,8.264100000000e-07
389,3.890000000000e-02,-3.052349000000e-04,4.076057000000e-05,-1.152539000000e-04,3.864900000000e-05,2.124300000000e-06,-2.797849000000e-04,6.962288000000e-05,-3.530123000000e-05,6.876800000000e-05,8.636600000000e-07,-2.889517000000e-04,3.712263000000e-05,-1.090866000000e-04,3.496900000000e-05,2.166100000000e-06,-1.408253000000e-04,9.178403000000e-05,6.116220000000e-06,9.089400000000e-05,8.983200000000e-07
390,3.900000000000e-02,-3.172245000000e-04,2.312479000000e-05,-1.227762000000e-04,2.129800000000e-05,1.825400000000e-06,-2.553280000000e-04,6.751001000000e-05,3.290125000000e-06,6.683000000000e-05,6.789600000000e-07,-3.309578000000e-04,1.197963000000e-05,-1.185452000000e-04,1.012100000000e-05,1.859100000000e-06,-1.515203000000e-04,7.510800000000e-05,3.071655000000e-05,7.433200000000e-05,7.746600000000e-07
391,3.910000000000e-02,-3.754411000000e-04,1.217783000000e-05,-1.150126000000e-04,1.057700000000e-05,1.601500000000e-06,-2.400746000000e-04,8.213455000000e-05,3.556478000000e-05,8.157600000000e-05,5.576600000000e-07,-3.692831000000e-04,8.144455000000e-06,-1.126566000000e-04,6.517600000000e-06,1.627200000000e-06,-1.378123000000e-04,8.075651000000e-05,5.879440000000e-05,8.004600000000e-05,7.095200000000e-07
392,3.920000000000e-02,-4.365069000000e-04,-1.098976000000e-06,-1.359368000000e-04,-2.516500000000e-06,1.420000000000e-06,-3.302008000000e-04,8.130219000000e-05,-3.745898000000e-06,8.079300000000e-05,5.097400000000e-07,-4.018515000000e-04,5.939652000000e-06,-1.255220000000e-04,4.501600000000e-06,1.440300000000e-06,-2.003317000000e-04,8.070501000000e-05,4.749472000000e-05,8.002300000000e-05,6.832200000000e-07
393,3.930000000000e-02,-4.544128000000e-04,-4.854528000000e-06,-1.524343000000e-04,-6.078900000000e-06,1.227000000000e-06,-4.770391000000e-04,6.523688000000e-05,-9.173961000000e-05,6.470000000000e-05,5.384900000000e-07,-4.063593000000e-04,4.097626000000e-06,-1.371713000000e-04,2.855000000000e-06,1.245200000000e-06,-2.735593000000e-04,7.985595000000e-05,1.081004000000e-05,7.917500000000e-05,6.822200000000e-07
394,3.940000000000e-02,-4.372039000000e-04,-2.062755000000e-06,-1.484058000000e-04,-3.070400000000e-06,1.010700000000e-06,-6.203626000000e-04,4.666158000000e-05,-1.745786000000e-04,4.600900000000e-05,6.532600000000e-07,-3.940074000000e-04,4.585235000000e-06,-1.374919000000e-04,3.563200000000e-06,1.025000000000e-06,-3.518002000000e-04,7.784103000000e-05,-3.681596000000e-05,7.713400000000e-05,7.087800000000e-07
395,3.950000000000e-02,-3.947936000000e-04,6.115433000000e-06,-1.251557000000e-04,5.334800000000e-06,7.843600000000e-07,-7.588179000000e-04,2.892405000000e-05,-2.371074000000e-04,2.809200000000e-05,8.336600000000e-07,-3.751717000000e-04,6.028744000000e-06,-1.242974000000e-04,5.240800000000e-06,7.916100000000e-07,-4.431072000000e-04,6.865254000000e-05,-8.959017000000e-05,6.789000000000e-05,7.642300000000e-07
396,3.960000000000e-02,-3.646994000000e-04,1.290762000000e-05,-1.054520000000e-04,1.233800000000e-05,5.734400000000e-07,-8.598994000000e-04,1.491531000000e-05,-2.768030000000e-04,1.388300000000e-05,1.033400000000e-06,-3.538588000000e-04,1.055761000000e-05,-1.055776000000e-04,9.990900000000e-06,5.697000000000e-07,-5.205744000000e-04,5.968223000000e-05,-1.313640000000e-04,5.884000000000e-05,8.435000000000e-07
397,3.970000000000e-02,-3.608441000000e-04,1.812594000000e-05,-1.023873000000e-04,1.772800000000e-05,4.013200000000e-07,-8.868955000000e-04,1.034635000000e-05,-2.805761000000e-04,9.129800000000e-06,1.217700000000e-06,-3.528299000000e-04,1.480856000000e-05,-1.017955000000e-04,1.443000000000e-05,3.821500000000e-07,-5.775377000000e-04,5.365377000000e-05,-1.594838000000e-04,5.271800000000e-05,9.378400000000e-07
398,3.980000000000e-02,-3.950494000000e-04,1.830549000000e-05,-1.211778000000e-04,1.803600000000e-05,2.725900000000e-07,-8.347883000000e-04,1.635282000000e-05,-2.476934000000e-04,1.497900000000e-05,1.373700000000e-06,-3.810448000000e-04,1.712285000000e-05,-1.165065000000e-04,1.689100000000e-05,2.356700000000e-07,-6.184479000000e-04,4.853203000000e-05,-1.791175000000e-04,4.749000000000e-05,1.044400000000e-06
399,3.990000000000e-02,-4.531774000000e-04,1.445987000000e-05,-1.467606000000e-04,1.429000000000e-05,1.739300000000e-07,-7.129209000000e-04,3.131133000000e-05,-1.877062000000e-04,2.980900000000e-05,1.503000000000e-06,-4.209010000000e-04,1.621260000000e-05,-1.395631000000e-04,1.609500000000e-05,1.206900000000e-07,-6.262178000000e-04,4.403092000000e-05,-1.869000000000e-04,4.287300000000e-05,1.159600000000e-06
