grid,dim,solution,interp_order,method,resolution,n_points,h,h_nominal,case,ref_source,field,L1,L2,Linf,rel_L1,rel_L2,rel_Linf,order_L2
Mixed,2,Asym,FirstOrder,NN,64,6073,0.012832118438741323,0.015625,Mixed2D_Asym_FirstOrder_NN_64,reference_file,Density,0.019384616678740727,0.025907731511538263,0.11214571661717043,0.00805619389170943,0.010646568623898333,0.0333273800264031,nan
Mixed,2,Asym,FirstOrder,NN,128,24408,0.006400794772021405,0.0078125,Mixed2D_Asym_FirstOrder_NN_128,reference_file,Density,0.009813901011642963,0.012893625119223326,0.057708376184772536,0.004075889016691868,0.005294626283349686,0.01714982086464804,1.0032770884798337
Mixed,2,Asym,FirstOrder,NN,256,96409,0.0032206327947704866,0.00390625,Mixed2D_Asym_FirstOrder_NN_256,reference_file,Density,0.004892167913502933,0.0064147443192342606,0.03544424506638677,0.0020323068737249208,0.0026345734292470297,0.010532538680847183,1.0164368639889418
Mixed,2,Asym,FirstOrder,NN,64,6073,0.012832118438741323,0.015625,Mixed2D_Asym_FirstOrder_NN_64,reference_file,Momentum_x,3.9624343045648995,5.62439153128216,28.217391368525696,0.06868747807503695,0.07200964700594834,0.10428015384299376,nan
Mixed,2,Asym,FirstOrder,NN,128,24408,0.006400794772021405,0.0078125,Mixed2D_Asym_FirstOrder_NN_128,reference_file,Momentum_x,2.007415206203663,2.7986235755529636,15.106531197736416,0.03446994964303545,0.03567978366168231,0.05582897471738553,1.003531036391241
Mixed,2,Asym,FirstOrder,NN,256,96409,0.0032206327947704866,0.00390625,Mixed2D_Asym_FirstOrder_NN_256,reference_file,Momentum_x,1.0004342854519808,1.3929814710395363,8.177424800347055,0.01709489654913272,0.017702384678860386,0.03021075585503312,1.0157779826093647
Mixed,2,Asym,FirstOrder,NN,64,6073,0.012832118438741323,0.015625,Mixed2D_Asym_FirstOrder_NN_64,reference_file,Momentum_y,1.9812171522824498,2.81219576564108,14.108695684262848,0.06868747807503695,0.07200964700594834,0.10428015384299376,nan
Mixed,2,Asym,FirstOrder,NN,128,24408,0.006400794772021405,0.0078125,Mixed2D_Asym_FirstOrder_NN_128,reference_file,Momentum_y,1.0037076031018315,1.3993117877764818,7.553265598868208,0.03446994964303545,0.03567978366168231,0.05582897471738553,1.003531036391241
Mixed,2,Asym,FirstOrder,NN,256,96409,0.0032206327947704866,0.00390625,Mixed2D_Asym_FirstOrder_NN_256,reference_file,Momentum_y,0.5002171427259904,0.6964907355197681,4.088712400173527,0.01709489654913272,0.017702384678860386,0.03021075585503312,1.0157779826093647
Mixed,2,Asym,FirstOrder,NN,64,6073,0.012832118438741323,0.015625,Mixed2D_Asym_FirstOrder_NN_64,reference_file,Energy,15401.359422430063,21082.383635756953,98779.68453253852,0.015907259399221614,0.0208395523713256,0.053044740973221004,nan
Mixed,2,Asym,FirstOrder,NN,128,24408,0.006400794772021405,0.0078125,Mixed2D_Asym_FirstOrder_NN_128,reference_file,Energy,7800.1269483420565,10488.993444275215,52364.781016659224,0.00804440138681547,0.010350998204107106,0.02812021192174843,1.0037125890272505
Mixed,2,Asym,FirstOrder,NN,256,96409,0.0032206327947704866,0.00390625,Mixed2D_Asym_FirstOrder_NN_256,reference_file,Energy,3887.756723735864,5220.110604347284,29575.5434008257,0.004010772366445411,0.005151420330598901,0.015879753965410175,1.015962232227646
Mixed,2,Asym,FirstOrder,NN,64,6073,0.012832118438741323,0.015625,Mixed2D_Asym_FirstOrder_NN_64,reference_file,ALL_FIELDS,3851.8306146258974,10541.192286787686,98779.68453253852,0.015911956644925486,0.02083955322064353,0.053044740973221004,nan
Mixed,2,Asym,FirstOrder,NN,128,24408,0.006400794772021405,0.0078125,Mixed2D_Asym_FirstOrder_NN_128,reference_file,ALL_FIELDS,1950.7869712630936,5244.496955490157,52364.781016659224,0.008046772008454533,0.010350998625880478,0.02812021192174843,1.0037125890110954
Mixed,2,Asym,FirstOrder,NN,256,96409,0.0032206327947704866,0.00390625,Mixed2D_Asym_FirstOrder_NN_256,reference_file,ALL_FIELDS,972.3155668329891,2610.0554183367844,29575.5434008257,0.004011952257701804,0.0051514205404385735,0.015879753965410175,1.0159622322112491
Mixed,2,Asym,SecondOrder,Barycentric,64,6073,0.012832118438741323,0.015625,Mixed2D_Asym_SecondOrder_Barycentric_64,reference_file,Density,0.0015030627658343802,0.002029441474220477,0.009210598186715213,0.000624668791426287,0.0008339822386167234,0.0027371986670435017,nan
Mixed,2,Asym,SecondOrder,Barycentric,128,24408,0.006400794772021405,0.0078125,Mixed2D_Asym_SecondOrder_Barycentric_128,reference_file,Density,0.0003838987736316365,0.0005116009178946635,0.0034275602641753444,0.00015944004255905072,0.00021008332733611195,0.0010186050694821604,1.9811838271716615
Mixed,2,Asym,SecondOrder,Barycentric,256,96409,0.0032206327947704866,0.00390625,Mixed2D_Asym_SecondOrder_Barycentric_256,reference_file,Density,9.435771699590817e-05,0.00012511332978064666,0.0007433698379859521,3.9198130610048194e-05,5.138478447166857e-05,0.00022089824619193958,2.0504281508270163
Mixed,2,Asym,SecondOrder,Barycentric,64,6073,0.012832118438741323,0.015625,Mixed2D_Asym_SecondOrder_Barycentric_64,reference_file,Momentum_x,0.32375799973863023,0.46905723258390847,3.0534017615152322,0.005612237023853161,0.006005386637130931,0.011284147470500666,nan
Mixed,2,Asym,SecondOrder,Barycentric,128,24408,0.006400794772021405,0.0078125,Mixed2D_Asym_SecondOrder_Barycentric_128,reference_file,Momentum_x,0.08283619509742102,0.11750588511669885,1.1086230508206825,0.001422406019843147,0.0014980880589165774,0.004097121136892953,1.9901918457731993
Mixed,2,Asym,SecondOrder,Barycentric,256,96409,0.0032206327947704866,0.00390625,Mixed2D_Asym_SecondOrder_Barycentric_256,reference_file,Momentum_x,0.020271312806725277,0.028706165085763735,0.267402850417227,0.00034638556513436384,0.00036480569739655766,0.0009878956304864989,2.0519592231604755
Mixed,2,Asym,SecondOrder,Barycentric,64,6073,0.012832118438741323,0.015625,Mixed2D_Asym_SecondOrder_Barycentric_64,reference_file,Momentum_y,0.16187899986931512,0.23452861629195423,1.5267008807576161,0.005612237023853161,0.006005386637130931,0.011284147470500666,nan
Mixed,2,Asym,SecondOrder,Barycentric,128,24408,0.006400794772021405,0.0078125,Mixed2D_Asym_SecondOrder_Barycentric_128,reference_file,Momentum_y,0.04141809754871051,0.058752942558349425,0.5543115254103412,0.001422406019843147,0.0014980880589165774,0.004097121136892953,1.9901918457731993
Mixed,2,Asym,SecondOrder,Barycentric,256,96409,0.0032206327947704866,0.00390625,Mixed2D_Asym_SecondOrder_Barycentric_256,reference_file,Momentum_y,0.010135656403362638,0.014353082542881868,0.1337014252086135,0.00034638556513436384,0.00036480569739655766,0.0009878956304864989,2.0519592231604755
Mixed,2,Asym,SecondOrder,Barycentric,64,6073,0.012832118438741323,0.015625,Mixed2D_Asym_SecondOrder_Barycentric_64,reference_file,Energy,1209.13156432307,1687.0497236464978,9733.808204042958,0.0012488488135314816,0.001667617935257218,0.005227059969971776,nan
Mixed,2,Asym,SecondOrder,Barycentric,128,24408,0.006400794772021405,0.0078125,Mixed2D_Asym_SecondOrder_Barycentric_128,reference_file,Energy,309.42282983694423,424.2131442934619,3569.2279638387263,0.000319112939819749,0.0004186321135644175,0.0019166975358542017,1.9848206188862216
Mixed,2,Asym,SecondOrder,Barycentric,256,96409,0.0032206327947704866,0.00390625,Mixed2D_Asym_SecondOrder_Barycentric_256,reference_file,Energy,75.79834718337955,103.61945792827849,838.8727615713142,7.819674375437813e-05,0.000102255952541089,0.0004504090721682144,2.052154886592832
Mixed,2,Asym,SecondOrder,Barycentric,64,6073,0.012832118438741323,0.015625,Mixed2D_Asym_SecondOrder_Barycentric_64,reference_file,ALL_FIELDS,302.40467609636096,843.5249025781935,9733.808204042958,0.001249237200877114,0.0016676180096106877,0.005227059969971776,nan
Mixed,2,Asym,SecondOrder,Barycentric,128,24408,0.006400794772021405,0.0078125,Mixed2D_Asym_SecondOrder_Barycentric_128,reference_file,ALL_FIELDS,77.38686700709098,212.10658231838806,3569.2279638387263,0.0003192119305838191,0.00041863213207121475,0.0019166975358542017,1.9848206194032967
Mixed,2,Asym,SecondOrder,Barycentric,256,96409,0.0032206327947704866,0.00390625,Mixed2D_Asym_SecondOrder_Barycentric_256,reference_file,ALL_FIELDS,18.95721212757666,51.80973144936389,838.8727615713142,7.822093216371076e-05,0.00010225595706045705,0.0004504090721682144,2.0521548865740606
Mixed,2,Asym,SecondOrder,ConsGalerkinProj,64,6073,0.012832118438741323,0.015625,Mixed2D_Asym_SecondOrder_ConsGalerkinProj_64,reference_file,Density,0.0013594219630059861,0.0019173063726025134,0.010353839449047886,0.0005649720650207834,0.0007879012432971692,0.0030769462486804466,nan
Mixed,2,Asym,SecondOrder,ConsGalerkinProj,128,24408,0.006400794772021405,0.0078125,Mixed2D_Asym_SecondOrder_ConsGalerkinProj_128,reference_file,Density,0.000346099630854622,0.00048731309065258376,0.0035839194292690557,0.0001437413809664361,0.00020010979644062725,0.0010650720097980211,1.9693923746600281
Mixed,2,Asym,SecondOrder,ConsGalerkinProj,256,96409,0.0032206327947704866,0.00390625,Mixed2D_Asym_SecondOrder_ConsGalerkinProj_256,reference_file,Density,8.395890567447552e-05,0.00011810063923262053,0.0008593921701587348,3.48782511413192e-05,4.850463098995242e-05,0.0002553752028646835,2.0635967512843996
Mixed,2,Asym,SecondOrder,ConsGalerkinProj,64,6073,0.012832118438741323,0.015625,Mixed2D_Asym_SecondOrder_ConsGalerkinProj_64,reference_file,Momentum_x,0.2936060472461674,0.4421801039416188,3.3601896255082124,0.00508956297639712,0.005661276072405801,0.012417912290803504,nan
Mixed,2,Asym,SecondOrder,ConsGalerkinProj,128,24408,0.006400794772021405,0.0078125,Mixed2D_Asym_SecondOrder_ConsGalerkinProj_128,reference_file,Momentum_x,0.07506091285552677,0.11171619184832132,1.1773879001313503,0.001288894234881959,0.001424274986988034,0.004351254331559466,1.977998605629319
Mixed,2,Asym,SecondOrder,ConsGalerkinProj,256,96409,0.0032206327947704866,0.00390625,Mixed2D_Asym_SecondOrder_ConsGalerkinProj_256,reference_file,Momentum_x,0.018133542846575496,0.027067175065236405,0.28597281630709404,0.0003098564728731029,0.00034397696964145276,0.0010565006888553947,2.0639901957646867
Mixed,2,Asym,SecondOrder,ConsGalerkinProj,64,6073,0.012832118438741323,0.015625,Mixed2D_Asym_SecondOrder_ConsGalerkinProj_64,reference_file,Momentum_y,0.1468030236230837,0.2210900519708094,1.6800948127541062,0.00508956297639712,0.005661276072405801,0.012417912290803504,nan
Mixed,2,Asym,SecondOrder,ConsGalerkinProj,128,24408,0.006400794772021405,0.0078125,Mixed2D_Asym_SecondOrder_ConsGalerkinProj_128,reference_file,Momentum_y,0.037530456427763384,0.05585809592416066,0.5886939500656752,0.001288894234881959,0.001424274986988034,0.004351254331559466,1.977998605629319
Mixed,2,Asym,SecondOrder,ConsGalerkinProj,256,96409,0.0032206327947704866,0.00390625,Mixed2D_Asym_SecondOrder_ConsGalerkinProj_256,reference_file,Momentum_y,0.009066771423287748,0.013533587532618203,0.14298640815354702,0.0003098564728731029,0.00034397696964145276,0.0010565006888553947,2.0639901957646867
Mixed,2,Asym,SecondOrder,ConsGalerkinProj,64,6073,0.012832118438741323,0.015625,Mixed2D_Asym_SecondOrder_ConsGalerkinProj_64,reference_file,Energy,1095.2326682610708,1591.7904538994778,10876.650036212057,0.001131208595207343,0.0015734558815233932,0.005840766616714528,nan
Mixed,2,Asym,SecondOrder,ConsGalerkinProj,128,24408,0.006400794772021405,0.0078125,Mixed2D_Asym_SecondOrder_ConsGalerkinProj_128,reference_file,Energy,279.86772547982457,403.6831390906463,3790.1595833355095,0.00028863226635732225,0.0003983722051076497,0.002035339184684704,1.9725766214197393
Mixed,2,Asym,SecondOrder,ConsGalerkinProj,256,96409,0.0032206327947704866,0.00390625,Mixed2D_Asym_SecondOrder_ConsGalerkinProj_256,reference_file,Energy,67.6751349833059,97.7535523672205,897.1485386444256,6.9816498452527e-05,9.64672351258982e-05,0.0004816986072250163,2.0647775781195583
Mixed,2,Asym,SecondOrder,ConsGalerkinProj,64,6073,0.012832118438741323,0.015625,Mixed2D_Asym_SecondOrder_ConsGalerkinProj_64,reference_file,ALL_FIELDS,273.9186091884757,795.8952653354017,10876.650036212057,0.0011315609303003146,0.0015734559515439544,0.005840766616714528,nan
Mixed,2,Asym,SecondOrder,ConsGalerkinProj,128,24408,0.006400794772021405,0.0078125,Mixed2D_Asym_SecondOrder_ConsGalerkinProj_128,reference_file,ALL_FIELDS,69.99516573718468,201.84157920690546,3790.1595833355095,0.0002887220125406264,0.00039837222268364515,0.002035339184684704,1.9725766219407597
Mixed,2,Asym,SecondOrder,ConsGalerkinProj,256,96409,0.0032206327947704866,0.00390625,Mixed2D_Asym_SecondOrder_ConsGalerkinProj_256,reference_file,ALL_FIELDS,16.925604814120355,48.87677852573455,897.1485386444256,6.983814798744492e-05,9.646723938466478e-05,0.0004816986072250163,2.0647775780441373
Mixed,2,Asym,SecondOrder,NN,64,6073,0.012832118438741323,0.015625,Mixed2D_Asym_SecondOrder_NN_64,reference_file,Density,0.0010327726192110248,0.0015434400192529019,0.009679749427588202,0.00042921748746971403,0.0006342639483711139,0.002876620681241401,nan
Mixed,2,Asym,SecondOrder,NN,128,24408,0.006400794772021405,0.0078125,Mixed2D_Asym_SecondOrder_NN_128,reference_file,Density,0.0002530000159122621,0.00037660675864813794,0.003845618738442358,0.00010507544195282462,0.00015464945074699634,0.0011428440174239879,2.0280494223606786
Mixed,2,Asym,SecondOrder,NN,256,96409,0.0032206327947704866,0.00390625,Mixed2D_Asym_SecondOrder_NN_256,reference_file,Density,6.294400064566015e-05,9.364393295947917e-05,0.0008200540131722001,2.6148228644982357e-05,3.8460117084555045e-05,0.00024368555735755312,2.0262261898079235
Mixed,2,Asym,SecondOrder,NN,64,6073,0.012832118438741323,0.015625,Mixed2D_Asym_SecondOrder_NN_64,reference_file,Momentum_x,0.22366870488093715,0.3520876804551972,2.7134889008362393,0.0038772224551160755,0.004507813768601944,0.010027965956700104,nan
Mixed,2,Asym,SecondOrder,NN,128,24408,0.006400794772021405,0.0078125,Mixed2D_Asym_SecondOrder_NN_128,reference_file,Momentum_x,0.0549601865188364,0.08556617144101551,0.8272700823301946,0.0009437384233323985,0.0010908871462538981,0.0030573293038829723,2.033833227358963
Mixed,2,Asym,SecondOrder,NN,256,96409,0.0032206327947704866,0.00390625,Mixed2D_Asym_SecondOrder_NN_256,reference_file,Momentum_x,0.013638335929771123,0.02139619435605228,0.2686030260437917,0.00023304473388417052,0.00027190861546194157,0.000992329570721054,2.0180365888893146
Mixed,2,Asym,SecondOrder,NN,64,6073,0.012832118438741323,0.015625,Mixed2D_Asym_SecondOrder_NN_64,reference_file,Momentum_y,0.11183435244046858,0.1760438402275986,1.3567444504181196,0.0038772224551160755,0.004507813768601944,0.010027965956700104,nan
Mixed,2,Asym,SecondOrder,NN,128,24408,0.006400794772021405,0.0078125,Mixed2D_Asym_SecondOrder_NN_128,reference_file,Momentum_y,0.0274800932594182,0.042783085720507756,0.4136350411650973,0.0009437384233323985,0.0010908871462538981,0.0030573293038829723,2.033833227358963
Mixed,2,Asym,SecondOrder,NN,256,96409,0.0032206327947704866,0.00390625,Mixed2D_Asym_SecondOrder_NN_256,reference_file,Momentum_y,0.006819167964885561,0.01069809717802614,0.13430151302189586,0.00023304473388417052,0.00027190861546194157,0.000992329570721054,2.0180365888893146
Mixed,2,Asym,SecondOrder,NN,64,6073,0.012832118438741323,0.015625,Mixed2D_Asym_SecondOrder_NN_64,reference_file,Energy,832.4337160023018,1271.162080669255,8643.29997900594,0.0008597772891282396,0.001256520572352208,0.0046414564969499425,nan
Mixed,2,Asym,SecondOrder,NN,128,24408,0.006400794772021405,0.0078125,Mixed2D_Asym_SecondOrder_NN_128,reference_file,Energy,204.55967692695026,310.22627752635503,3066.022993916413,0.00021096581628167634,0.00030614488021200425,0.00164647334853657,2.0277868971744653
Mixed,2,Asym,SecondOrder,NN,256,96409,0.0032206327947704866,0.00390625,Mixed2D_Asym_SecondOrder_NN_256,reference_file,Energy,50.81913699263072,77.35891620419606,866.8379171909764,5.242714624920932e-05,7.634096744147844e-05,0.0004654241738292797,2.0220683297209785
Mixed,2,Asym,SecondOrder,NN,64,6073,0.012832118438741323,0.015625,Mixed2D_Asym_SecondOrder_NN_64,reference_file,ALL_FIELDS,208.1925629580606,635.581070810589,8643.29997900594,0.0008600458761103452,0.0012565206279172444,0.0046414564969499425,nan
Mixed,2,Asym,SecondOrder,NN,128,24408,0.006400794772021405,0.0078125,Mixed2D_Asym_SecondOrder_NN_128,reference_file,ALL_FIELDS,51.160592551686115,155.11314613852286,3066.022993916413,0.00021103156323332563,0.0003061448936213156,0.00164647334853657,2.027786897751865
Mixed,2,Asym,SecondOrder,NN,256,96409,0.0032206327947704866,0.00390625,Mixed2D_Asym_SecondOrder_NN_256,reference_file,ALL_FIELDS,12.709914360131505,38.679459951449076,866.8379171909764,5.2443436423027876e-05,7.634097080357683e-05,0.0004654241738292797,2.0220683293365234
Mixed,2,Asym,ThirdOrder,Barycentric,64,6073,0.012832118438741323,0.015625,Mixed2D_Asym_ThirdOrder_Barycentric_64,reference_file,Density,4.148574396037392e-05,5.877724255940958e-05,0.0005651860939468456,1.7241362190727483e-05,2.415402313991004e-05,0.00016796157986939035,nan
Mixed,2,Asym,ThirdOrder,Barycentric,128,24408,0.006400794772021405,0.0078125,Mixed2D_Asym_ThirdOrder_Barycentric_128,reference_file,Density,4.026148180817569e-06,5.814166138029383e-06,6.841064735274571e-05,1.6721315132789408e-06,2.3875238007560772e-06,2.0330330272640335e-05,3.3261833627416877
Mixed,2,Asym,ThirdOrder,Barycentric,256,96409,0.0032206327947704866,0.00390625,Mixed2D_Asym_ThirdOrder_Barycentric_256,reference_file,Density,4.3753164326603685e-07,6.362651367848931e-07,7.864628265963347e-06,1.8175961696397187e-07,2.6131785460309785e-07,2.3370366971166896e-06,3.22116275924221
Mixed,2,Asym,ThirdOrder,Barycentric,64,6073,0.012832118438741323,0.015625,Mixed2D_Asym_ThirdOrder_Barycentric_64,reference_file,Momentum_x,0.011547597160686075,0.02050671783096442,0.27216061474820563,0.00020017374821336737,0.000262549558302479,0.0010057964042559718,nan
Mixed,2,Asym,ThirdOrder,Barycentric,128,24408,0.006400794772021405,0.0078125,Mixed2D_Asym_ThirdOrder_Barycentric_128,reference_file,Momentum_x,0.0010403626560522578,0.001721293881637507,0.02892120141389576,1.7864390114108573e-05,2.1944856697231583e-05,0.00010688363869891858,3.5622897912152336
Mixed,2,Asym,ThirdOrder,Barycentric,256,96409,0.0032206327947704866,0.00390625,Mixed2D_Asym_ThirdOrder_Barycentric_256,reference_file,Momentum_x,0.00010928034847216472,0.00018142796940601803,0.0029755965795672523,1.8673252997730227e-06,2.305635625959226e-06,1.0993072267025029e-05,3.275812020071836
Mixed,2,Asym,ThirdOrder,Barycentric,64,6073,0.012832118438741323,0.015625,Mixed2D_Asym_ThirdOrder_Barycentric_64,reference_file,Momentum_y,0.005773798580343038,0.01025335891548221,0.13608030737410282,0.00020017374821336737,0.000262549558302479,0.0010057964042559718,nan
Mixed,2,Asym,ThirdOrder,Barycentric,128,24408,0.006400794772021405,0.0078125,Mixed2D_Asym_ThirdOrder_Barycentric_128,reference_file,Momentum_y,0.0005201813280261289,0.0008606469408187535,0.01446060070694788,1.7864390114108573e-05,2.1944856697231583e-05,0.00010688363869891858,3.5622897912152336
Mixed,2,Asym,ThirdOrder,Barycentric,256,96409,0.0032206327947704866,0.00390625,Mixed2D_Asym_ThirdOrder_Barycentric_256,reference_file,Momentum_y,5.464017423608236e-05,9.071398470300902e-05,0.0014877982897836262,1.8673252997730227e-06,2.305635625959226e-06,1.0993072267025029e-05,3.275812020071836
Mixed,2,Asym,ThirdOrder,Barycentric,64,6073,0.012832118438741323,0.015625,Mixed2D_Asym_ThirdOrder_Barycentric_64,reference_file,Energy,36.29839051456535,59.729368314515504,672.4777917801403,3.7490710907539584e-05,5.9041393070250434e-05,0.00036112091716056097,nan
Mixed,2,Asym,ThirdOrder,Barycentric,128,24408,0.006400794772021405,0.0078125,Mixed2D_Asym_ThirdOrder_Barycentric_128,reference_file,Energy,3.4130719078618137,5.355455441540238,77.51361684536096,3.5199581456479225e-06,5.284998026937858e-06,4.162529261450199e-05,3.4674437461673135
Mixed,2,Asym,ThirdOrder,Barycentric,256,96409,0.0032206327947704866,0.00390625,Mixed2D_Asym_ThirdOrder_Barycentric_256,reference_file,Energy,0.36858380884915826,0.5780053113376766,8.24662028462626,3.8024646609854034e-07,5.70399468076283e-07,4.427790197841972e-06,3.2413284257808277
Mixed,2,Asym,ThirdOrder,Barycentric,64,6073,0.012832118438741323,0.015625,Mixed2D_Asym_ThirdOrder_Barycentric_64,reference_file,ALL_FIELDS,9.078938349012583,29.86468635743287,672.4777917801403,3.750519891578108e-05,5.90413971997857e-05,0.00036112091716056097,nan
Mixed,2,Asym,ThirdOrder,Barycentric,128,24408,0.006400794772021405,0.0078125,Mixed2D_Asym_ThirdOrder_Barycentric_128,reference_file,ALL_FIELDS,0.8536591194985182,2.677727893659219,77.51361684536096,3.5212457376086313e-06,5.284998348360738e-06,4.162529261450199e-05,3.4674437592593113
Mixed,2,Asym,ThirdOrder,Barycentric,256,96409,0.0032206327947704866,0.00390625,Mixed2D_Asym_ThirdOrder_Barycentric_256,reference_file,ALL_FIELDS,0.09218704172587744,0.28900267346518804,8.24662028462626,3.8038063237808076e-07,5.703995010492647e-07,4.427790197841972e-06,3.241328430129851
Mixed,2,Asym,ThirdOrder,ConsGalerkinProj,64,6073,0.012832118438741323,0.015625,Mixed2D_Asym_ThirdOrder_ConsGalerkinProj_64,reference_file,Density,5.0815315310242e-05,7.331586145437948e-05,0.0005780176294902795,2.1118706631770987e-05,3.0128548686195962e-05,0.00017177484598670582,nan
Mixed,2,Asym,ThirdOrder,ConsGalerkinProj,128,24408,0.006400794772021405,0.0078125,Mixed2D_Asym_ThirdOrder_ConsGalerkinProj_128,reference_file,Density,5.18490654338838e-06,7.524244946185233e-06,8.702149991313135e-05,2.1533846334601007e-06,3.0897489795199738e-06,2.586111815215114e-05,3.2732583874118677
Mixed,2,Asym,ThirdOrder,ConsGalerkinProj,256,96409,0.0032206327947704866,0.00390625,Mixed2D_Asym_ThirdOrder_ConsGalerkinProj_256,reference_file,Density,5.778559347847165e-07,8.334173962529138e-07,8.892544803185132e-06,2.4005320525575097e-07,3.4228945354166106e-07,2.6424902529391612e-06,3.2035661287976995
Mixed,2,Asym,ThirdOrder,ConsGalerkinProj,64,6073,0.012832118438741323,0.015625,Mixed2D_Asym_ThirdOrder_ConsGalerkinProj_64,reference_file,Momentum_x,0.013908931490070556,0.024542430660801456,0.33164883203455986,0.0002411066918310253,0.00031421919308476684,0.001225640980582964,nan
Mixed,2,Asym,ThirdOrder,ConsGalerkinProj,128,24408,0.006400794772021405,0.0078125,Mixed2D_Asym_ThirdOrder_ConsGalerkinProj_128,reference_file,Momentum_x,0.0013266223404272536,0.0021836711981023955,0.03694671863455312,2.277984401459887e-05,2.7839726863283405e-05,0.00013654341910391055,3.4784970665289685
Mixed,2,Asym,ThirdOrder,ConsGalerkinProj,256,96409,0.0032206327947704866,0.00390625,Mixed2D_Asym_ThirdOrder_ConsGalerkinProj_256,reference_file,Momentum_x,0.00014385840700758892,0.00023543144706436676,0.005069761443321497,2.458177034993071e-06,2.991926402527063e-06,1.8729774830940152e-05,3.242864477179313
Mixed,2,Asym,ThirdOrder,ConsGalerkinProj,64,6073,0.012832118438741323,0.015625,Mixed2D_Asym_ThirdOrder_ConsGalerkinProj_64,reference_file,Momentum_y,0.006954465745035278,0.012271215330400728,0.16582441601727993,0.0002411066918310253,0.00031421919308476684,0.001225640980582964,nan
Mixed,2,Asym,ThirdOrder,ConsGalerkinProj,128,24408,0.006400794772021405,0.0078125,Mixed2D_Asym_ThirdOrder_ConsGalerkinProj_128,reference_file,Momentum_y,0.0006633111702136268,0.0010918355990511977,0.01847335931727656,2.277984401459887e-05,2.7839726863283405e-05,0.00013654341910391055,3.4784970665289685
Mixed,2,Asym,ThirdOrder,ConsGalerkinProj,256,96409,0.0032206327947704866,0.00390625,Mixed2D_Asym_ThirdOrder_ConsGalerkinProj_256,reference_file,Momentum_y,7.192920350379446e-05,0.00011771572353218338,0.0025348807216607483,2.458177034993071e-06,2.991926402527063e-06,1.8729774830940152e-05,3.242864477179313
Mixed,2,Asym,ThirdOrder,ConsGalerkinProj,64,6073,0.012832118438741323,0.015625,Mixed2D_Asym_ThirdOrder_ConsGalerkinProj_64,reference_file,Energy,44.547639229594886,72.64927177202466,842.9629417947726,4.6010928867491964e-05,7.181248240184657e-05,0.00045267152966862155,nan
Mixed,2,Asym,ThirdOrder,ConsGalerkinProj,128,24408,0.006400794772021405,0.0078125,Mixed2D_Asym_ThirdOrder_ConsGalerkinProj_128,reference_file,Energy,4.393529328350412,6.845606492300867,104.50681285362225,4.531120282537046e-06,6.7555443603126915e-06,5.612080615357546e-05,3.396027938848166
Mixed,2,Asym,ThirdOrder,ConsGalerkinProj,256,96409,0.0032206327947704866,0.00390625,Mixed2D_Asym_ThirdOrder_ConsGalerkinProj_256,reference_file,Energy,0.48721996279765994,0.7527728457031194,13.214581771055236,5.026364821746445e-07,7.428672753501399e-07,7.095197015865917e-06,3.214118255791448
Mixed,2,Asym,ThirdOrder,ConsGalerkinProj,64,6073,0.012832118438741323,0.015625,Mixed2D_Asym_ThirdOrder_ConsGalerkinProj_64,reference_file,ALL_FIELDS,11.142138360536327,36.32463847695013,842.9629417947726,4.602830193295882e-05,7.181248725628951e-05,0.00045267152966862155,nan
Mixed,2,Asym,ThirdOrder,ConsGalerkinProj,128,24408,0.006400794772021405,0.0078125,Mixed2D_Asym_ThirdOrder_ConsGalerkinProj_128,reference_file,ALL_FIELDS,1.098881111691899,3.4228034638295135,104.50681285362225,4.5327582665043506e-06,6.755544764625943e-06,5.612080615357546e-05,3.3960279499628157
Mixed,2,Asym,ThirdOrder,ConsGalerkinProj,256,96409,0.0032206327947704866,0.00390625,Mixed2D_Asym_ThirdOrder_ConsGalerkinProj_256,reference_file,ALL_FIELDS,0.12185908206602654,0.37638644586170505,13.214581771055236,5.02812909813507e-07,7.42867317963006e-07,7.095197015865917e-06,3.214118259376481
Mixed,2,Asym,ThirdOrder,NN,64,6073,0.012832118438741323,0.015625,Mixed2D_Asym_ThirdOrder_NN_64,reference_file,Density,0.00029303715363035286,0.0004004431498851104,0.002247791844401714,0.00012178544287181271,0.0001645588103042951,0.0006679970959065206,nan
Mixed,2,Asym,ThirdOrder,NN,128,24408,0.006400794772021405,0.0078125,Mixed2D_Asym_ThirdOrder_NN_128,reference_file,Density,3.792496848248289e-05,5.078850847026982e-05,0.00025973819111202445,1.575091926368015e-05,2.0855746103390417e-05,7.718920100985848e-05,2.968821355609505
Mixed,2,Asym,ThirdOrder,NN,256,96409,0.0032206327947704866,0.00390625,Mixed2D_Asym_ThirdOrder_NN_256,reference_file,Density,4.7100540977036055e-06,6.2913078511027045e-06,4.434169831224466e-05,1.9566530600797065e-06,2.5838773417717434e-06,1.3176487516476333e-05,3.0407198934990127
Mixed,2,Asym,ThirdOrder,NN,64,6073,0.012832118438741323,0.015625,Mixed2D_Asym_ThirdOrder_NN_64,reference_file,Momentum_x,0.06782721887203075,0.11167703311307244,0.7053234985323371,0.0011757622337854555,0.0014298122185157872,0.0026065925788615377,nan
Mixed,2,Asym,ThirdOrder,NN,128,24408,0.006400794772021405,0.0078125,Mixed2D_Asym_ThirdOrder_NN_128,reference_file,Momentum_x,0.008908560761843777,0.014339204739411929,0.11748181009953385,0.00015297166221701016,0.0001828111959936232,0.00043417571644656296,2.9511542386394085
Mixed,2,Asym,ThirdOrder,NN,256,96409,0.0032206327947704866,0.00390625,Mixed2D_Asym_ThirdOrder_NN_256,reference_file,Momentum_x,0.001101172781642858,0.0017734936579101915,0.013439759380332816,1.881626315555627e-05,2.253803629880039e-05,4.9651974711206634e-05,3.042969040353283
Mixed,2,Asym,ThirdOrder,NN,64,6073,0.012832118438741323,0.015625,Mixed2D_Asym_ThirdOrder_NN_64,reference_file,Momentum_y,0.033913609436015374,0.05583851655653622,0.35266174926616856,0.0011757622337854555,0.0014298122185157872,0.0026065925788615377,nan
Mixed,2,Asym,ThirdOrder,NN,128,24408,0.006400794772021405,0.0078125,Mixed2D_Asym_ThirdOrder_NN_128,reference_file,Momentum_y,0.004454280380921888,0.007169602369705964,0.05874090504976692,0.00015297166221701016,0.0001828111959936232,0.00043417571644656296,2.9511542386394085
Mixed,2,Asym,ThirdOrder,NN,256,96409,0.0032206327947704866,0.00390625,Mixed2D_Asym_ThirdOrder_NN_256,reference_file,Momentum_y,0.000550586390821429,0.0008867468289550958,0.006719879690166408,1.881626315555627e-05,2.253803629880039e-05,4.9651974711206634e-05,3.042969040353283
Mixed,2,Asym,ThirdOrder,NN,64,6073,0.012832118438741323,0.015625,Mixed2D_Asym_ThirdOrder_NN_64,reference_file,Energy,239.64663588752023,362.2650208003407,2098.2750009666197,0.0002475184882486244,0.00035809237720462334,0.0011267747456734974,nan
Mixed,2,Asym,ThirdOrder,NN,128,24408,0.006400794772021405,0.0078125,Mixed2D_Asym_ThirdOrder_NN_128,reference_file,Energy,31.15318658414275,46.209169399220855,339.7439162256196,3.2128802392692696e-05,4.56012325687622e-05,0.0001824445884792258,2.9606205552596236
Mixed,2,Asym,ThirdOrder,NN,256,96409,0.0032206327947704866,0.00390625,Mixed2D_Asym_ThirdOrder_NN_256,reference_file,Energy,3.8626809386440515,5.721586686987571,42.79552469914779,3.984903138234927e-06,5.646297601067251e-06,2.2977850105169273e-05,3.041347324276649
Mixed,2,Asym,ThirdOrder,NN,64,6073,0.012832118438741323,0.015625,Mixed2D_Asym_ThirdOrder_NN_64,reference_file,ALL_FIELDS,59.937167438245474,181.13252115877154,2098.2750009666197,0.00024760112920739887,0.00035809239713886917,0.0011267747456734974,nan
Mixed,2,Asym,ThirdOrder,NN,128,24408,0.006400794772021405,0.0078125,Mixed2D_Asym_ThirdOrder_NN_128,reference_file,ALL_FIELDS,7.7916468375635,23.104586090127537,339.7439162256196,3.213964753500167e-05,4.5601235142312244e-05,0.0001824445884792258,2.96062055412768
Mixed,2,Asym,ThirdOrder,NN,256,96409,0.0032206327947704866,0.00390625,Mixed2D_Asym_ThirdOrder_NN_256,reference_file,ALL_FIELDS,0.9660843519676534,2.860793515283508,42.79552469914779,3.986241122963279e-06,5.646297918829611e-06,2.2977850105169273e-05,3.04134732447163
Mixed,2,Constant,FirstOrder,NN,64,6073,0.012832118438741323,0.015625,Mixed2D_Constant_FirstOrder_NN_64,reference_file,Density,0.0,0.0,0.0,0.0,0.0,0.0,nan
Mixed,2,Constant,FirstOrder,NN,128,24408,0.006400794772021405,0.0078125,Mixed2D_Constant_FirstOrder_NN_128,reference_file,Density,0.0,0.0,0.0,0.0,0.0,0.0,nan
Mixed,2,Constant,FirstOrder,NN,256,96409,0.0032206327947704866,0.00390625,Mixed2D_Constant_FirstOrder_NN_256,reference_file,Density,0.0,0.0,0.0,0.0,0.0,0.0,nan
Mixed,2,Constant,FirstOrder,NN,64,6073,0.012832118438741323,0.015625,Mixed2D_Constant_FirstOrder_NN_64,reference_file,Momentum_x,0.0,0.0,0.0,0.0,0.0,0.0,nan
Mixed,2,Constant,FirstOrder,NN,128,24408,0.006400794772021405,0.0078125,Mixed2D_Constant_FirstOrder_NN_128,reference_file,Momentum_x,0.0,0.0,0.0,0.0,0.0,0.0,nan
Mixed,2,Constant,FirstOrder,NN,256,96409,0.0032206327947704866,0.00390625,Mixed2D_Constant_FirstOrder_NN_256,reference_file,Momentum_x,0.0,0.0,0.0,0.0,0.0,0.0,nan
Mixed,2,Constant,FirstOrder,NN,64,6073,0.012832118438741323,0.015625,Mixed2D_Constant_FirstOrder_NN_64,reference_file,Momentum_y,0.0,0.0,0.0,0.0,0.0,0.0,nan
Mixed,2,Constant,FirstOrder,NN,128,24408,0.006400794772021405,0.0078125,Mixed2D_Constant_FirstOrder_NN_128,reference_file,Momentum_y,0.0,0.0,0.0,0.0,0.0,0.0,nan
Mixed,2,Constant,FirstOrder,NN,256,96409,0.0032206327947704866,0.00390625,Mixed2D_Constant_FirstOrder_NN_256,reference_file,Momentum_y,0.0,0.0,0.0,0.0,0.0,0.0,nan
Mixed,2,Constant,FirstOrder,NN,64,6073,0.012832118438741323,0.015625,Mixed2D_Constant_FirstOrder_NN_64,reference_file,Energy,0.0,0.0,0.0,0.0,0.0,0.0,nan
Mixed,2,Constant,FirstOrder,NN,128,24408,0.006400794772021405,0.0078125,Mixed2D_Constant_FirstOrder_NN_128,reference_file,Energy,0.0,0.0,0.0,0.0,0.0,0.0,nan
Mixed,2,Constant,FirstOrder,NN,256,96409,0.0032206327947704866,0.00390625,Mixed2D_Constant_FirstOrder_NN_256,reference_file,Energy,0.0,0.0,0.0,0.0,0.0,0.0,nan
Mixed,2,Constant,FirstOrder,NN,64,6073,0.012832118438741323,0.015625,Mixed2D_Constant_FirstOrder_NN_64,reference_file,ALL_FIELDS,0.0,0.0,0.0,0.0,0.0,0.0,nan
Mixed,2,Constant,FirstOrder,NN,128,24408,0.006400794772021405,0.0078125,Mixed2D_Constant_FirstOrder_NN_128,reference_file,ALL_FIELDS,0.0,0.0,0.0,0.0,0.0,0.0,nan
Mixed,2,Constant,FirstOrder,NN,256,96409,0.0032206327947704866,0.00390625,Mixed2D_Constant_FirstOrder_NN_256,reference_file,ALL_FIELDS,0.0,0.0,0.0,0.0,0.0,0.0,nan
Mixed,2,Constant,SecondOrder,Barycentric,64,6073,0.012832118438741323,0.015625,Mixed2D_Constant_SecondOrder_Barycentric_64,reference_file,Density,5.733014004980225e-17,1.128266293817867e-16,2.220446049250313e-16,4.7775116708168554e-17,9.402219115148895e-17,1.8503717077085943e-16,nan
Mixed,2,Constant,SecondOrder,Barycentric,128,24408,0.006400794772021405,0.0078125,Mixed2D_Constant_SecondOrder_Barycentric_128,reference_file,Density,5.974135203796626e-17,1.154901051592021e-16,4.440892098500626e-16,4.9784460031638564e-17,9.624175429933507e-17,3.7007434154171886e-16,-0.0335463589964532
Mixed,2,Constant,SecondOrder,Barycentric,256,96409,0.0032206327947704866,0.00390625,Mixed2D_Constant_SecondOrder_Barycentric_256,reference_file,Density,6.025506907081982e-17,1.159074824153713e-16,4.440892098500626e-16,5.021255755901654e-17,9.658956867947609e-17,3.7007434154171886e-16,-0.005252210426703964
Mixed,2,Constant,SecondOrder,Barycentric,64,6073,0.012832118438741323,0.015625,Mixed2D_Constant_SecondOrder_Barycentric_64,reference_file,Momentum_x,3.077107516958774e-15,7.158464544368215e-15,4.263256414560601e-14,2.564256264132312e-17,5.965387120306846e-17,3.552713678800501e-16,nan
Mixed,2,Constant,SecondOrder,Barycentric,128,24408,0.006400794772021405,0.0078125,Mixed2D_Constant_SecondOrder_Barycentric_128,reference_file,Momentum_x,3.204545409393307e-15,7.341384647236442e-15,4.263256414560601e-14,2.6704545078277558e-17,6.117820539363701e-17,3.552713678800501e-16,-0.036277359862234265
Mixed,2,Constant,SecondOrder,Barycentric,256,96409,0.0032206327947704866,0.00390625,Mixed2D_Constant_SecondOrder_Barycentric_256,reference_file,Momentum_x,3.2344364635633352e-15,7.391345952454627e-15,4.263256414560601e-14,2.6953637196361127e-17,6.159454960378856e-17,3.552713678800501e-16,-0.009874699462774115
Mixed,2,Constant,SecondOrder,Barycentric,64,6073,0.012832118438741323,0.015625,Mixed2D_Constant_SecondOrder_Barycentric_64,reference_file,Momentum_y,1.538553758479387e-15,3.579232272184107e-15,2.1316282072803006e-14,2.564256264132312e-17,5.965387120306846e-17,3.552713678800501e-16,nan
Mixed,2,Constant,SecondOrder,Barycentric,128,24408,0.006400794772021405,0.0078125,Mixed2D_Constant_SecondOrder_Barycentric_128,reference_file,Momentum_y,1.6022727046966534e-15,3.670692323618221e-15,2.1316282072803006e-14,2.6704545078277558e-17,6.117820539363701e-17,3.552713678800501e-16,-0.036277359862234265
Mixed,2,Constant,SecondOrder,Barycentric,256,96409,0.0032206327947704866,0.00390625,Mixed2D_Constant_SecondOrder_Barycentric_256,reference_file,Momentum_y,1.6172182317816676e-15,3.6956729762273136e-15,2.1316282072803006e-14,2.6953637196361127e-17,6.159454960378856e-17,3.552713678800501e-16,-0.009874699462774115
Mixed,2,Constant,SecondOrder,Barycentric,64,6073,0.012832118438741323,0.015625,Mixed2D_Constant_SecondOrder_Barycentric_64,reference_file,Energy,6.718849053242327e-12,1.5197728347398202e-11,5.820766091346741e-11,2.7695864028110855e-17,6.264677395045589e-17,2.3993863372712876e-16,nan
Mixed,2,Constant,SecondOrder,Barycentric,128,24408,0.006400794772021405,0.0078125,Mixed2D_Constant_SecondOrder_Barycentric_128,reference_file,Energy,6.794232462408581e-12,1.5350373306951273e-11,8.731149137020111e-11,2.8006603060004486e-17,6.327599392710028e-17,3.5990795059069317e-16,-0.014368668881271605
Mixed,2,Constant,SecondOrder,Barycentric,256,96409,0.0032206327947704866,0.00390625,Mixed2D_Constant_SecondOrder_Barycentric_256,reference_file,Energy,6.719217690319149e-12,1.523553710892068e-11,8.731149137020111e-11,2.7697383592291333e-17,6.280262598849097e-17,3.5990795059069317e-16,0.010932793063892615
Mixed,2,Constant,SecondOrder,Barycentric,64,6073,0.012832118438741323,0.015625,Mixed2D_Constant_SecondOrder_Barycentric_64,reference_file,ALL_FIELDS,1.6808805111644538e-12,7.59886522759417e-12,5.820766091346741e-11,2.769444090409505e-17,6.264677305789417e-17,2.3993863372712876e-16,nan
Mixed,2,Constant,SecondOrder,Barycentric,128,24408,0.006400794772021405,0.0078125,Mixed2D_Constant_SecondOrder_Barycentric_128,reference_file,ALL_FIELDS,1.6997747554686773e-12,7.675187750895916e-12,8.731149137020111e-11,2.8005745323912703e-17,6.327599329713827e-17,3.5990795059069317e-16,-0.014368675051748854
Mixed,2,Constant,SecondOrder,Barycentric,256,96409,0.0032206327947704866,0.00390625,Mixed2D_Constant_SecondOrder_Barycentric_256,reference_file,ALL_FIELDS,1.681032400020891e-12,7.617769675251534e-12,8.731149137020111e-11,2.7696943447809877e-17,6.280262562360031e-17,3.5990795059069317e-16,0.010932787028078341
Mixed,2,Constant,SecondOrder,ConsGalerkinProj,64,6073,0.012832118438741323,0.015625,Mixed2D_Constant_SecondOrder_ConsGalerkinProj_64,reference_file,Density,0.0,0.0,0.0,0.0,0.0,0.0,nan
Mixed,2,Constant,SecondOrder,ConsGalerkinProj,128,24408,0.006400794772021405,0.0078125,Mixed2D_Constant_SecondOrder_ConsGalerkinProj_128,reference_file,Density,0.0,0.0,0.0,0.0,0.0,0.0,nan
Mixed,2,Constant,SecondOrder,ConsGalerkinProj,256,96409,0.0032206327947704866,0.00390625,Mixed2D_Constant_SecondOrder_ConsGalerkinProj_256,reference_file,Density,0.0,0.0,0.0,0.0,0.0,0.0,nan
Mixed,2,Constant,SecondOrder,ConsGalerkinProj,64,6073,0.012832118438741323,0.015625,Mixed2D_Constant_SecondOrder_ConsGalerkinProj_64,reference_file,Momentum_x,0.0,0.0,0.0,0.0,0.0,0.0,nan
Mixed,2,Constant,SecondOrder,ConsGalerkinProj,128,24408,0.006400794772021405,0.0078125,Mixed2D_Constant_SecondOrder_ConsGalerkinProj_128,reference_file,Momentum_x,0.0,0.0,0.0,0.0,0.0,0.0,nan
Mixed,2,Constant,SecondOrder,ConsGalerkinProj,256,96409,0.0032206327947704866,0.00390625,Mixed2D_Constant_SecondOrder_ConsGalerkinProj_256,reference_file,Momentum_x,0.0,0.0,0.0,0.0,0.0,0.0,nan
Mixed,2,Constant,SecondOrder,ConsGalerkinProj,64,6073,0.012832118438741323,0.015625,Mixed2D_Constant_SecondOrder_ConsGalerkinProj_64,reference_file,Momentum_y,0.0,0.0,0.0,0.0,0.0,0.0,nan
Mixed,2,Constant,SecondOrder,ConsGalerkinProj,128,24408,0.006400794772021405,0.0078125,Mixed2D_Constant_SecondOrder_ConsGalerkinProj_128,reference_file,Momentum_y,0.0,0.0,0.0,0.0,0.0,0.0,nan
Mixed,2,Constant,SecondOrder,ConsGalerkinProj,256,96409,0.0032206327947704866,0.00390625,Mixed2D_Constant_SecondOrder_ConsGalerkinProj_256,reference_file,Momentum_y,0.0,0.0,0.0,0.0,0.0,0.0,nan
Mixed,2,Constant,SecondOrder,ConsGalerkinProj,64,6073,0.012832118438741323,0.015625,Mixed2D_Constant_SecondOrder_ConsGalerkinProj_64,reference_file,Energy,0.0,0.0,0.0,0.0,0.0,0.0,nan
Mixed,2,Constant,SecondOrder,ConsGalerkinProj,128,24408,0.006400794772021405,0.0078125,Mixed2D_Constant_SecondOrder_ConsGalerkinProj_128,reference_file,Energy,0.0,0.0,0.0,0.0,0.0,0.0,nan
Mixed,2,Constant,SecondOrder,ConsGalerkinProj,256,96409,0.0032206327947704866,0.00390625,Mixed2D_Constant_SecondOrder_ConsGalerkinProj_256,reference_file,Energy,0.0,0.0,0.0,0.0,0.0,0.0,nan
Mixed,2,Constant,SecondOrder,ConsGalerkinProj,64,6073,0.012832118438741323,0.015625,Mixed2D_Constant_SecondOrder_ConsGalerkinProj_64,reference_file,ALL_FIELDS,0.0,0.0,0.0,0.0,0.0,0.0,nan
Mixed,2,Constant,SecondOrder,ConsGalerkinProj,128,24408,0.006400794772021405,0.0078125,Mixed2D_Constant_SecondOrder_ConsGalerkinProj_128,reference_file,ALL_FIELDS,0.0,0.0,0.0,0.0,0.0,0.0,nan
Mixed,2,Constant,SecondOrder,ConsGalerkinProj,256,96409,0.0032206327947704866,0.00390625,Mixed2D_Constant_SecondOrder_ConsGalerkinProj_256,reference_file,ALL_FIELDS,0.0,0.0,0.0,0.0,0.0,0.0,nan
Mixed,2,Constant,SecondOrder,NN,64,6073,0.012832118438741323,0.015625,Mixed2D_Constant_SecondOrder_NN_64,reference_file,Density,0.0,0.0,0.0,0.0,0.0,0.0,nan
Mixed,2,Constant,SecondOrder,NN,128,24408,0.006400794772021405,0.0078125,Mixed2D_Constant_SecondOrder_NN_128,reference_file,Density,0.0,0.0,0.0,0.0,0.0,0.0,nan
Mixed,2,Constant,SecondOrder,NN,256,96409,0.0032206327947704866,0.00390625,Mixed2D_Constant_SecondOrder_NN_256,reference_file,Density,0.0,0.0,0.0,0.0,0.0,0.0,nan
Mixed,2,Constant,SecondOrder,NN,64,6073,0.012832118438741323,0.015625,Mixed2D_Constant_SecondOrder_NN_64,reference_file,Momentum_x,0.0,0.0,0.0,0.0,0.0,0.0,nan
Mixed,2,Constant,SecondOrder,NN,128,24408,0.006400794772021405,0.0078125,Mixed2D_Constant_SecondOrder_NN_128,reference_file,Momentum_x,0.0,0.0,0.0,0.0,0.0,0.0,nan
Mixed,2,Constant,SecondOrder,NN,256,96409,0.0032206327947704866,0.00390625,Mixed2D_Constant_SecondOrder_NN_256,reference_file,Momentum_x,0.0,0.0,0.0,0.0,0.0,0.0,nan
Mixed,2,Constant,SecondOrder,NN,64,6073,0.012832118438741323,0.015625,Mixed2D_Constant_SecondOrder_NN_64,reference_file,Momentum_y,0.0,0.0,0.0,0.0,0.0,0.0,nan
Mixed,2,Constant,SecondOrder,NN,128,24408,0.006400794772021405,0.0078125,Mixed2D_Constant_SecondOrder_NN_128,reference_file,Momentum_y,0.0,0.0,0.0,0.0,0.0,0.0,nan
Mixed,2,Constant,SecondOrder,NN,256,96409,0.0032206327947704866,0.00390625,Mixed2D_Constant_SecondOrder_NN_256,reference_file,Momentum_y,0.0,0.0,0.0,0.0,0.0,0.0,nan
Mixed,2,Constant,SecondOrder,NN,64,6073,0.012832118438741323,0.015625,Mixed2D_Constant_SecondOrder_NN_64,reference_file,Energy,0.0,0.0,0.0,0.0,0.0,0.0,nan
Mixed,2,Constant,SecondOrder,NN,128,24408,0.006400794772021405,0.0078125,Mixed2D_Constant_SecondOrder_NN_128,reference_file,Energy,0.0,0.0,0.0,0.0,0.0,0.0,nan
Mixed,2,Constant,SecondOrder,NN,256,96409,0.0032206327947704866,0.00390625,Mixed2D_Constant_SecondOrder_NN_256,reference_file,Energy,0.0,0.0,0.0,0.0,0.0,0.0,nan
Mixed,2,Constant,SecondOrder,NN,64,6073,0.012832118438741323,0.015625,Mixed2D_Constant_SecondOrder_NN_64,reference_file,ALL_FIELDS,0.0,0.0,0.0,0.0,0.0,0.0,nan
Mixed,2,Constant,SecondOrder,NN,128,24408,0.006400794772021405,0.0078125,Mixed2D_Constant_SecondOrder_NN_128,reference_file,ALL_FIELDS,0.0,0.0,0.0,0.0,0.0,0.0,nan
Mixed,2,Constant,SecondOrder,NN,256,96409,0.0032206327947704866,0.00390625,Mixed2D_Constant_SecondOrder_NN_256,reference_file,ALL_FIELDS,0.0,0.0,0.0,0.0,0.0,0.0,nan
Mixed,2,Constant,ThirdOrder,Barycentric,64,6073,0.012832118438741323,0.015625,Mixed2D_Constant_ThirdOrder_Barycentric_64,reference_file,Density,5.733014004980225e-17,1.128266293817867e-16,2.220446049250313e-16,4.7775116708168554e-17,9.402219115148895e-17,1.8503717077085943e-16,nan
Mixed,2,Constant,ThirdOrder,Barycentric,128,24408,0.006400794772021405,0.0078125,Mixed2D_Constant_ThirdOrder_Barycentric_128,reference_file,Density,5.974135203796626e-17,1.154901051592021e-16,4.440892098500626e-16,4.9784460031638564e-17,9.624175429933507e-17,3.7007434154171886e-16,-0.0335463589964532
Mixed,2,Constant,ThirdOrder,Barycentric,256,96409,0.0032206327947704866,0.00390625,Mixed2D_Constant_ThirdOrder_Barycentric_256,reference_file,Density,6.025506907081982e-17,1.159074824153713e-16,4.440892098500626e-16,5.021255755901654e-17,9.658956867947609e-17,3.7007434154171886e-16,-0.005252210426703964
Mixed,2,Constant,ThirdOrder,Barycentric,64,6073,0.012832118438741323,0.015625,Mixed2D_Constant_ThirdOrder_Barycentric_64,reference_file,Momentum_x,3.077107516958774e-15,7.158464544368215e-15,4.263256414560601e-14,2.564256264132312e-17,5.965387120306846e-17,3.552713678800501e-16,nan
Mixed,2,Constant,ThirdOrder,Barycentric,128,24408,0.006400794772021405,0.0078125,Mixed2D_Constant_ThirdOrder_Barycentric_128,reference_file,Momentum_x,3.204545409393307e-15,7.341384647236442e-15,4.263256414560601e-14,2.6704545078277558e-17,6.117820539363701e-17,3.552713678800501e-16,-0.036277359862234265
Mixed,2,Constant,ThirdOrder,Barycentric,256,96409,0.0032206327947704866,0.00390625,Mixed2D_Constant_ThirdOrder_Barycentric_256,reference_file,Momentum_x,3.2344364635633352e-15,7.391345952454627e-15,4.263256414560601e-14,2.6953637196361127e-17,6.159454960378856e-17,3.552713678800501e-16,-0.009874699462774115
Mixed,2,Constant,ThirdOrder,Barycentric,64,6073,0.012832118438741323,0.015625,Mixed2D_Constant_ThirdOrder_Barycentric_64,reference_file,Momentum_y,1.538553758479387e-15,3.579232272184107e-15,2.1316282072803006e-14,2.564256264132312e-17,5.965387120306846e-17,3.552713678800501e-16,nan
Mixed,2,Constant,ThirdOrder,Barycentric,128,24408,0.006400794772021405,0.0078125,Mixed2D_Constant_ThirdOrder_Barycentric_128,reference_file,Momentum_y,1.6022727046966534e-15,3.670692323618221e-15,2.1316282072803006e-14,2.6704545078277558e-17,6.117820539363701e-17,3.552713678800501e-16,-0.036277359862234265
Mixed,2,Constant,ThirdOrder,Barycentric,256,96409,0.0032206327947704866,0.00390625,Mixed2D_Constant_ThirdOrder_Barycentric_256,reference_file,Momentum_y,1.6172182317816676e-15,3.6956729762273136e-15,2.1316282072803006e-14,2.6953637196361127e-17,6.159454960378856e-17,3.552713678800501e-16,-0.009874699462774115
Mixed,2,Constant,ThirdOrder,Barycentric,64,6073,0.012832118438741323,0.015625,Mixed2D_Constant_ThirdOrder_Barycentric_64,reference_file,Energy,6.718849053242327e-12,1.5197728347398202e-11,5.820766091346741e-11,2.7695864028110855e-17,6.264677395045589e-17,2.3993863372712876e-16,nan
Mixed,2,Constant,ThirdOrder,Barycentric,128,24408,0.006400794772021405,0.0078125,Mixed2D_Constant_ThirdOrder_Barycentric_128,reference_file,Energy,6.794232462408581e-12,1.5350373306951273e-11,8.731149137020111e-11,2.8006603060004486e-17,6.327599392710028e-17,3.5990795059069317e-16,-0.014368668881271605
Mixed,2,Constant,ThirdOrder,Barycentric,256,96409,0.0032206327947704866,0.00390625,Mixed2D_Constant_ThirdOrder_Barycentric_256,reference_file,Energy,6.719217690319149e-12,1.523553710892068e-11,8.731149137020111e-11,2.7697383592291333e-17,6.280262598849097e-17,3.5990795059069317e-16,0.010932793063892615
Mixed,2,Constant,ThirdOrder,Barycentric,64,6073,0.012832118438741323,0.015625,Mixed2D_Constant_ThirdOrder_Barycentric_64,reference_file,ALL_FIELDS,1.6808805111644538e-12,7.59886522759417e-12,5.820766091346741e-11,2.769444090409505e-17,6.264677305789417e-17,2.3993863372712876e-16,nan
Mixed,2,Constant,ThirdOrder,Barycentric,128,24408,0.006400794772021405,0.0078125,Mixed2D_Constant_ThirdOrder_Barycentric_128,reference_file,ALL_FIELDS,1.6997747554686773e-12,7.675187750895916e-12,8.731149137020111e-11,2.8005745323912703e-17,6.327599329713827e-17,3.5990795059069317e-16,-0.014368675051748854
Mixed,2,Constant,ThirdOrder,Barycentric,256,96409,0.0032206327947704866,0.00390625,Mixed2D_Constant_ThirdOrder_Barycentric_256,reference_file,ALL_FIELDS,1.681032400020891e-12,7.617769675251534e-12,8.731149137020111e-11,2.7696943447809877e-17,6.280262562360031e-17,3.5990795059069317e-16,0.010932787028078341
Mixed,2,Constant,ThirdOrder,ConsGalerkinProj,64,6073,0.012832118438741323,0.015625,Mixed2D_Constant_ThirdOrder_ConsGalerkinProj_64,reference_file,Density,0.0,0.0,0.0,0.0,0.0,0.0,nan
Mixed,2,Constant,ThirdOrder,ConsGalerkinProj,128,24408,0.006400794772021405,0.0078125,Mixed2D_Constant_ThirdOrder_ConsGalerkinProj_128,reference_file,Density,0.0,0.0,0.0,0.0,0.0,0.0,nan
Mixed,2,Constant,ThirdOrder,ConsGalerkinProj,256,96409,0.0032206327947704866,0.00390625,Mixed2D_Constant_ThirdOrder_ConsGalerkinProj_256,reference_file,Density,0.0,0.0,0.0,0.0,0.0,0.0,nan
Mixed,2,Constant,ThirdOrder,ConsGalerkinProj,64,6073,0.012832118438741323,0.015625,Mixed2D_Constant_ThirdOrder_ConsGalerkinProj_64,reference_file,Momentum_x,0.0,0.0,0.0,0.0,0.0,0.0,nan
Mixed,2,Constant,ThirdOrder,ConsGalerkinProj,128,24408,0.006400794772021405,0.0078125,Mixed2D_Constant_ThirdOrder_ConsGalerkinProj_128,reference_file,Momentum_x,0.0,0.0,0.0,0.0,0.0,0.0,nan
Mixed,2,Constant,ThirdOrder,ConsGalerkinProj,256,96409,0.0032206327947704866,0.00390625,Mixed2D_Constant_ThirdOrder_ConsGalerkinProj_256,reference_file,Momentum_x,0.0,0.0,0.0,0.0,0.0,0.0,nan
Mixed,2,Constant,ThirdOrder,ConsGalerkinProj,64,6073,0.012832118438741323,0.015625,Mixed2D_Constant_ThirdOrder_ConsGalerkinProj_64,reference_file,Momentum_y,0.0,0.0,0.0,0.0,0.0,0.0,nan
Mixed,2,Constant,ThirdOrder,ConsGalerkinProj,128,24408,0.006400794772021405,0.0078125,Mixed2D_Constant_ThirdOrder_ConsGalerkinProj_128,reference_file,Momentum_y,0.0,0.0,0.0,0.0,0.0,0.0,nan
Mixed,2,Constant,ThirdOrder,ConsGalerkinProj,256,96409,0.0032206327947704866,0.00390625,Mixed2D_Constant_ThirdOrder_ConsGalerkinProj_256,reference_file,Momentum_y,0.0,0.0,0.0,0.0,0.0,0.0,nan
Mixed,2,Constant,ThirdOrder,ConsGalerkinProj,64,6073,0.012832118438741323,0.015625,Mixed2D_Constant_ThirdOrder_ConsGalerkinProj_64,reference_file,Energy,0.0,0.0,0.0,0.0,0.0,0.0,nan
Mixed,2,Constant,ThirdOrder,ConsGalerkinProj,128,24408,0.006400794772021405,0.0078125,Mixed2D_Constant_ThirdOrder_ConsGalerkinProj_128,reference_file,Energy,0.0,0.0,0.0,0.0,0.0,0.0,nan
Mixed,2,Constant,ThirdOrder,ConsGalerkinProj,256,96409,0.0032206327947704866,0.00390625,Mixed2D_Constant_ThirdOrder_ConsGalerkinProj_256,reference_file,Energy,0.0,0.0,0.0,0.0,0.0,0.0,nan
Mixed,2,Constant,ThirdOrder,ConsGalerkinProj,64,6073,0.012832118438741323,0.015625,Mixed2D_Constant_ThirdOrder_ConsGalerkinProj_64,reference_file,ALL_FIELDS,0.0,0.0,0.0,0.0,0.0,0.0,nan
Mixed,2,Constant,ThirdOrder,ConsGalerkinProj,128,24408,0.006400794772021405,0.0078125,Mixed2D_Constant_ThirdOrder_ConsGalerkinProj_128,reference_file,ALL_FIELDS,0.0,0.0,0.0,0.0,0.0,0.0,nan
Mixed,2,Constant,ThirdOrder,ConsGalerkinProj,256,96409,0.0032206327947704866,0.00390625,Mixed2D_Constant_ThirdOrder_ConsGalerkinProj_256,reference_file,ALL_FIELDS,0.0,0.0,0.0,0.0,0.0,0.0,nan
Mixed,2,Constant,ThirdOrder,NN,64,6073,0.012832118438741323,0.015625,Mixed2D_Constant_ThirdOrder_NN_64,reference_file,Density,0.0,0.0,0.0,0.0,0.0,0.0,nan
Mixed,2,Constant,ThirdOrder,NN,128,24408,0.006400794772021405,0.0078125,Mixed2D_Constant_ThirdOrder_NN_128,reference_file,Density,0.0,0.0,0.0,0.0,0.0,0.0,nan
Mixed,2,Constant,ThirdOrder,NN,256,96409,0.0032206327947704866,0.00390625,Mixed2D_Constant_ThirdOrder_NN_256,reference_file,Density,0.0,0.0,0.0,0.0,0.0,0.0,nan
Mixed,2,Constant,ThirdOrder,NN,64,6073,0.012832118438741323,0.015625,Mixed2D_Constant_ThirdOrder_NN_64,reference_file,Momentum_x,0.0,0.0,0.0,0.0,0.0,0.0,nan
Mixed,2,Constant,ThirdOrder,NN,128,24408,0.006400794772021405,0.0078125,Mixed2D_Constant_ThirdOrder_NN_128,reference_file,Momentum_x,0.0,0.0,0.0,0.0,0.0,0.0,nan
Mixed,2,Constant,ThirdOrder,NN,256,96409,0.0032206327947704866,0.00390625,Mixed2D_Constant_ThirdOrder_NN_256,reference_file,Momentum_x,0.0,0.0,0.0,0.0,0.0,0.0,nan
Mixed,2,Constant,ThirdOrder,NN,64,6073,0.012832118438741323,0.015625,Mixed2D_Constant_ThirdOrder_NN_64,reference_file,Momentum_y,0.0,0.0,0.0,0.0,0.0,0.0,nan
Mixed,2,Constant,ThirdOrder,NN,128,24408,0.006400794772021405,0.0078125,Mixed2D_Constant_ThirdOrder_NN_128,reference_file,Momentum_y,0.0,0.0,0.0,0.0,0.0,0.0,nan
Mixed,2,Constant,ThirdOrder,NN,256,96409,0.0032206327947704866,0.00390625,Mixed2D_Constant_ThirdOrder_NN_256,reference_file,Momentum_y,0.0,0.0,0.0,0.0,0.0,0.0,nan
Mixed,2,Constant,ThirdOrder,NN,64,6073,0.012832118438741323,0.015625,Mixed2D_Constant_ThirdOrder_NN_64,reference_file,Energy,0.0,0.0,0.0,0.0,0.0,0.0,nan
Mixed,2,Constant,ThirdOrder,NN,128,24408,0.006400794772021405,0.0078125,Mixed2D_Constant_ThirdOrder_NN_128,reference_file,Energy,0.0,0.0,0.0,0.0,0.0,0.0,nan
Mixed,2,Constant,ThirdOrder,NN,256,96409,0.0032206327947704866,0.00390625,Mixed2D_Constant_ThirdOrder_NN_256,reference_file,Energy,0.0,0.0,0.0,0.0,0.0,0.0,nan
Mixed,2,Constant,ThirdOrder,NN,64,6073,0.012832118438741323,0.015625,Mixed2D_Constant_ThirdOrder_NN_64,reference_file,ALL_FIELDS,0.0,0.0,0.0,0.0,0.0,0.0,nan
Mixed,2,Constant,ThirdOrder,NN,128,24408,0.006400794772021405,0.0078125,Mixed2D_Constant_ThirdOrder_NN_128,reference_file,ALL_FIELDS,0.0,0.0,0.0,0.0,0.0,0.0,nan
Mixed,2,Constant,ThirdOrder,NN,256,96409,0.0032206327947704866,0.00390625,Mixed2D_Constant_ThirdOrder_NN_256,reference_file,ALL_FIELDS,0.0,0.0,0.0,0.0,0.0,0.0,nan
Mixed,2,Discontinuous,FirstOrder,NN,64,6073,0.012832118438741323,0.015625,Mixed2D_Discontinuous_FirstOrder_NN_64,reference_file,Density,0.021735550798616825,0.22839728964390177,2.3999999999999995,0.013059479995251097,0.11924057940092221,0.6666666666666666,nan
Mixed,2,Discontinuous,FirstOrder,NN,128,24408,0.006400794772021405,0.0078125,Mixed2D_Discontinuous_FirstOrder_NN_128,reference_file,Density,0.012094395280235985,0.17037179541393097,2.3999999999999995,0.007256209073211018,0.08880674298376477,0.6666666666666666,0.4214108708797397
Mixed,2,Discontinuous,FirstOrder,NN,256,96409,0.0032206327947704866,0.00390625,Mixed2D_Discontinuous_FirstOrder_NN_256,reference_file,Density,0.0066466823636797375,0.12630137636950503,2.3999999999999995,0.003983380203943098,0.0657561338137596,0.6666666666666666,0.4357787515222819
Mixed,2,Discontinuous,FirstOrder,NN,64,6073,0.012832118438741323,0.015625,Mixed2D_Discontinuous_FirstOrder_NN_64,reference_file,Momentum_x,4.347110159723364,45.67945792878036,479.99999999999994,0.026118959990502188,0.23848115880184448,1.3333333333333335,nan
Mixed,2,Discontinuous,FirstOrder,NN,128,24408,0.006400794772021405,0.0078125,Mixed2D_Discontinuous_FirstOrder_NN_128,reference_file,Momentum_x,2.418879056047197,34.0743590827862,479.99999999999994,0.014512418146422037,0.17761348596752957,1.3333333333333335,0.4214108708797395
Mixed,2,Discontinuous,FirstOrder,NN,256,96409,0.0032206327947704866,0.00390625,Mixed2D_Discontinuous_FirstOrder_NN_256,reference_file,Momentum_x,1.3293364727359478,25.260275273901012,479.99999999999994,0.007966760407886197,0.13151226762751922,1.3333333333333335,0.4357787515222819
Mixed,2,Discontinuous,FirstOrder,NN,64,6073,0.012832118438741323,0.015625,Mixed2D_Discontinuous_FirstOrder_NN_64,reference_file,Momentum_y,2.173555079861682,22.83972896439018,239.99999999999997,0.026118959990502188,0.23848115880184448,1.3333333333333335,nan
Mixed,2,Discontinuous,FirstOrder,NN,128,24408,0.006400794772021405,0.0078125,Mixed2D_Discontinuous_FirstOrder_NN_128,reference_file,Momentum_y,1.2094395280235986,17.0371795413931,239.99999999999997,0.014512418146422037,0.17761348596752957,1.3333333333333335,0.4214108708797395
Mixed,2,Discontinuous,FirstOrder,NN,256,96409,0.0032206327947704866,0.00390625,Mixed2D_Discontinuous_FirstOrder_NN_256,reference_file,Momentum_y,0.6646682363679739,12.630137636950506,239.99999999999997,0.007966760407886197,0.13151226762751922,1.3333333333333335,0.4357787515222819
Mixed,2,Discontinuous,FirstOrder,NN,64,6073,0.012832118438741323,0.015625,Mixed2D_Discontinuous_FirstOrder_NN_64,reference_file,Energy,17168.835501399637,180410.21969920432,1895751.6,0.02817414288859572,0.18686044511359076,0.8865506325673135,nan
Mixed,2,Discontinuous,FirstOrder,NN,128,24408,0.006400794772021405,0.0078125,Mixed2D_Discontinuous_FirstOrder_NN_128,reference_file,Energy,9553.320501474927,134576.0848961802,1895751.6,0.015628131854310588,0.13904931047096353,0.8865506325673135,0.4214108708797395
Mixed,2,Discontinuous,FirstOrder,NN,256,96409,0.0032206327947704866,0.00390625,Mixed2D_Discontinuous_FirstOrder_NN_256,reference_file,Energy,5250.191135682353,99765.01513945479,1895751.6,0.008568351662866406,0.10289140764445522,0.8865506325673135,0.4357787515222819
Mixed,2,Discontinuous,FirstOrder,NN,64,6073,0.012832118438741323,0.015625,Mixed2D_Discontinuous_FirstOrder_NN_64,reference_file,ALL_FIELDS,4293.844475547506,90205.11346402907,1895751.6,0.02817326000190349,0.18686044800385768,0.8865506325673135,nan
Mixed,2,Discontinuous,FirstOrder,NN,128,24408,0.006400794772021405,0.0078125,Mixed2D_Discontinuous_FirstOrder_NN_128,reference_file,ALL_FIELDS,2389.2402286135693,67288.04514425344,1895751.6,0.015627652902627735,0.1390493126275411,0.8865506325673135,0.4214108708797397
Mixed,2,Discontinuous,FirstOrder,NN,256,96409,0.0032206327947704866,0.00390625,Mixed2D_Discontinuous_FirstOrder_NN_256,reference_file,ALL_FIELDS,1313.0479467684554,49882.509568468675,1895751.6,0.008568093547713904,0.10289140924350078,0.8865506325673135,0.4357787515222819
Mixed,2,Discontinuous,SecondOrder,Barycentric,64,6073,0.012832118438741323,0.015625,Mixed2D_Discontinuous_SecondOrder_Barycentric_64,reference_file,Density,0.02999451977046277,0.17679874634068443,2.1860929385022025,0.018021757743284305,0.09230225535464347,0.6072480384728342,nan
Mixed,2,Discontinuous,SecondOrder,Barycentric,128,24408,0.006400794772021405,0.0078125,Mixed2D_Discontinuous_SecondOrder_Barycentric_128,reference_file,Density,0.015976487668660666,0.13007964289252077,2.2805861569096364,0.009585327095173086,0.06780435333037182,0.6334961546971213,0.44119671213271106
Mixed,2,Discontinuous,SecondOrder,Barycentric,256,96409,0.0032206327947704866,0.00390625,Mixed2D_Discontinuous_SecondOrder_Barycentric_256,reference_file,Density,0.008242873219996059,0.09545762118997637,2.2997165282821688,0.004939983018831543,0.049697986616928105,0.638810146745047,0.45055991035837667
Mixed,2,Discontinuous,SecondOrder,Barycentric,64,6073,0.012832118438741323,0.015625,Mixed2D_Discontinuous_SecondOrder_Barycentric_64,reference_file,Momentum_x,5.9989039540925475,35.35974926813689,437.21858770044054,0.03604351548656857,0.18460451070928696,1.2144960769456683,nan
Mixed,2,Discontinuous,SecondOrder,Barycentric,128,24408,0.006400794772021405,0.0078125,Mixed2D_Discontinuous_SecondOrder_Barycentric_128,reference_file,Momentum_x,3.195297533732127,26.015928578504152,456.1172313819273,0.019170654190346133,0.13560870666074362,1.2669923093942428,0.4411967121327113
Mixed,2,Discontinuous,SecondOrder,Barycentric,256,96409,0.0032206327947704866,0.00390625,Mixed2D_Discontinuous_SecondOrder_Barycentric_256,reference_file,Momentum_x,1.648574643999205,19.091524237995277,459.9433056564338,0.009879966037663045,0.0993959732338562,1.277620293490094,0.4505599103583763
Mixed,2,Discontinuous,SecondOrder,Barycentric,64,6073,0.012832118438741323,0.015625,Mixed2D_Discontinuous_SecondOrder_Barycentric_64,reference_file,Momentum_y,2.9994519770462738,17.679874634068444,218.60929385022027,0.03604351548656857,0.18460451070928696,1.2144960769456683,nan
Mixed,2,Discontinuous,SecondOrder,Barycentric,128,24408,0.006400794772021405,0.0078125,Mixed2D_Discontinuous_SecondOrder_Barycentric_128,reference_file,Momentum_y,1.5976487668660635,13.007964289252076,228.05861569096365,0.019170654190346133,0.13560870666074362,1.2669923093942428,0.4411967121327113
Mixed,2,Discontinuous,SecondOrder,Barycentric,256,96409,0.0032206327947704866,0.00390625,Mixed2D_Discontinuous_SecondOrder_Barycentric_256,reference_file,Momentum_y,0.8242873219996025,9.545762118997638,229.9716528282169,0.009879966037663045,0.0993959732338562,1.277620293490094,0.4505599103583763
Mixed,2,Discontinuous,SecondOrder,Barycentric,64,6073,0.012832118438741323,0.015625,Mixed2D_Discontinuous_SecondOrder_Barycentric_64,reference_file,Energy,23692.56618586932,139652.71093889445,1726787.1607976058,0.03887961679543008,0.1446457288886974,0.8075341989500273,nan
Mixed,2,Discontinuous,SecondOrder,Barycentric,128,24408,0.006400794772021405,0.0078125,Mixed2D_Discontinuous_SecondOrder_Barycentric_128,reference_file,Energy,12619.77169176819,102749.45464205205,1801427.0232913732,0.020644492764562893,0.10616478277152205,0.8424396250135404,0.44119671213271106
Mixed,2,Discontinuous,SecondOrder,Barycentric,256,96409,0.0032206327947704866,0.00390625,Mixed2D_Discontinuous_SecondOrder_Barycentric_256,reference_file,Energy,6511.016706418585,75401.64087628819,1816538.0366822367,0.010626028535271972,0.07776454459129131,0.8495063095308597,0.4505599103583765
Mixed,2,Discontinuous,SecondOrder,Barycentric,64,6073,0.012832118438741323,0.015625,Mixed2D_Discontinuous_SecondOrder_Barycentric_64,reference_file,ALL_FIELDS,5925.3986340800575,69826.35826731821,1726787.1607976058,0.038878398433742786,0.14464573112600757,0.8075341989500273,nan
Mixed,2,Discontinuous,SecondOrder,Barycentric,128,24408,0.006400794772021405,0.0078125,Mixed2D_Discontinuous_SecondOrder_Barycentric_128,reference_file,ALL_FIELDS,3156.1451536391146,51374.729379559045,1801427.0232913732,0.020643860077646545,0.10616478441807889,0.8424396250135404,0.4411967121327113
Mixed,2,Discontinuous,SecondOrder,Barycentric,256,96409,0.0032206327947704866,0.00390625,Mixed2D_Discontinuous_SecondOrder_Barycentric_256,reference_file,ALL_FIELDS,1628.3744528144507,37700.821948777586,1816538.0366822367,0.01062570843415056,0.07776454579983783,0.8495063095308597,0.4505599103583765
Mixed,2,Discontinuous,SecondOrder,ConsGalerkinProj,64,6073,0.012832118438741323,0.015625,Mixed2D_Discontinuous_SecondOrder_ConsGalerkinProj_64,reference_file,Density,0.029544909438062466,0.18022972144278945,2.372974723535541,0.017751616112366277,0.09409348264864066,0.6591596454265393,nan
Mixed,2,Discontinuous,SecondOrder,ConsGalerkinProj,128,24408,0.006400794772021405,0.0078125,Mixed2D_Discontinuous_SecondOrder_ConsGalerkinProj_128,reference_file,Density,0.015748805924158563,0.13243390915699887,2.4048,0.009448726107527143,0.0690315207647285,0.668,0.4430419065320703
Mixed,2,Discontinuous,SecondOrder,ConsGalerkinProj,256,96409,0.0032206327947704866,0.00390625,Mixed2D_Discontinuous_SecondOrder_ConsGalerkinProj_256,reference_file,Density,0.008135449621892284,0.09725644072567147,2.4048,0.004875603677272935,0.05063450387031039,0.668,0.44949417340469533
Mixed,2,Discontinuous,SecondOrder,ConsGalerkinProj,64,6073,0.012832118438741323,0.015625,Mixed2D_Discontinuous_SecondOrder_ConsGalerkinProj_64,reference_file,Momentum_x,5.908981887612772,36.04594428855545,474.5949447070353,0.03550323222473423,0.18818696529726858,1.318319290852876,nan
Mixed,2,Discontinuous,SecondOrder,ConsGalerkinProj,128,24408,0.006400794772021405,0.0078125,Mixed2D_Discontinuous_SecondOrder_ConsGalerkinProj_128,reference_file,Momentum_x,3.1497611848299303,26.48678183140813,480.9599999999999,0.01889745221504359,0.13806304152950055,1.336,0.4430419065315193
Mixed,2,Discontinuous,SecondOrder,ConsGalerkinProj,256,96409,0.0032206327947704866,0.00390625,Mixed2D_Discontinuous_SecondOrder_ConsGalerkinProj_256,reference_file,Momentum_x,1.6270899243780839,19.45128814514077,480.9599999999999,0.009751207354543634,0.10126900774065448,1.336,0.4494941734046699
Mixed,2,Discontinuous,SecondOrder,ConsGalerkinProj,64,6073,0.012832118438741323,0.015625,Mixed2D_Discontinuous_SecondOrder_ConsGalerkinProj_64,reference_file,Momentum_y,2.954490943806386,18.022972144277723,237.29747235351766,0.03550323222473423,0.18818696529726858,1.318319290852876,nan
Mixed,2,Discontinuous,SecondOrder,ConsGalerkinProj,128,24408,0.006400794772021405,0.0078125,Mixed2D_Discontinuous_SecondOrder_ConsGalerkinProj_128,reference_file,Momentum_y,1.5748805924149651,13.243390915704065,240.47999999999996,0.01889745221504359,0.13806304152950055,1.336,0.4430419065315193
Mixed,2,Discontinuous,SecondOrder,ConsGalerkinProj,256,96409,0.0032206327947704866,0.00390625,Mixed2D_Discontinuous_SecondOrder_ConsGalerkinProj_256,reference_file,Momentum_y,0.8135449621890419,9.725644072570384,240.47999999999996,0.009751207354543634,0.10126900774065448,1.336,0.4494941734046699
Mixed,2,Discontinuous,SecondOrder,ConsGalerkinProj,64,6073,0.012832118438741323,0.015625,Mixed2D_Discontinuous_SecondOrder_ConsGalerkinProj_64,reference_file,Energy,23337.42055794064,142362.82616363122,1874404.4287087433,0.038296821085918684,0.14745273914591991,0.8765676009234069,nan
Mixed,2,Discontinuous,SecondOrder,ConsGalerkinProj,128,24408,0.006400794772021405,0.0078125,Mixed2D_Discontinuous_SecondOrder_ConsGalerkinProj_128,reference_file,Energy,12439.926678676175,104609.0813244737,1899543.1032000002,0.020350287040227746,0.10808622229120803,0.8883237338324482,0.44304190653145714
Mixed,2,Discontinuous,SecondOrder,ConsGalerkinProj,256,96409,0.0032206327947704866,0.00390625,Mixed2D_Discontinuous_SecondOrder_ConsGalerkinProj_256,reference_file,Energy,6426.16318225702,76822.52213168785,1899543.1032000002,0.010487546941733695,0.0792299528033718,0.8883237338324482,0.4494941734048582
Mixed,2,Discontinuous,SecondOrder,ConsGalerkinProj,64,6073,0.012832118438741323,0.015625,Mixed2D_Discontinuous_SecondOrder_ConsGalerkinProj_64,reference_file,ALL_FIELDS,5836.578393920375,71181.41593398235,1874404.4287087433,0.03829562098716767,0.1474527414266475,0.8765676009234069,nan
Mixed,2,Discontinuous,SecondOrder,ConsGalerkinProj,128,24408,0.006400794772021405,0.0078125,Mixed2D_Discontinuous_SecondOrder_ConsGalerkinProj_128,reference_file,ALL_FIELDS,3111.166767314836,52304.54275802654,1899543.1032000002,0.020349663369765056,0.10808622396756531,0.8883237338324482,0.4430419065314569
Mixed,2,Discontinuous,SecondOrder,ConsGalerkinProj,256,96409,0.0032206327947704866,0.00390625,Mixed2D_Discontinuous_SecondOrder_ConsGalerkinProj_256,reference_file,ALL_FIELDS,1607.152988148302,38411.262604944044,1899543.1032000002,0.010487231012266186,0.07922995403469237,0.8883237338324482,0.4494941734048584
Mixed,2,Discontinuous,SecondOrder,NN,64,6073,0.012832118438741323,0.015625,Mixed2D_Discontinuous_SecondOrder_NN_64,reference_file,Density,0.03645213240258346,0.2073058364704184,2.5767913400200397,0.021901717527493113,0.1082292530373971,0.7157753722277889,nan
Mixed,2,Discontinuous,SecondOrder,NN,128,24408,0.006400794772021405,0.0078125,Mixed2D_Discontinuous_SecondOrder_NN_128,reference_file,Density,0.01961410310057669,0.15170635830553114,2.4803736104291874,0.011767767596770985,0.07907733517927469,0.6889926695636632,0.4489364539122191
Mixed,2,Discontinuous,SecondOrder,NN,256,96409,0.0032206327947704866,0.00390625,Mixed2D_Discontinuous_SecondOrder_NN_256,reference_file,Density,0.01032650547366934,0.11304313640719378,2.6296474401849776,0.0061887111838682275,0.05885351227346759,0.730457622273605,0.4283027650529801
Mixed,2,Discontinuous,SecondOrder,NN,64,6073,0.012832118438741323,0.015625,Mixed2D_Discontinuous_SecondOrder_NN_64,reference_file,Momentum_x,7.290426480516691,41.46116729408367,515.3582680040081,0.04380343505498622,0.21645850607479417,1.4315507444555782,nan
Mixed,2,Discontinuous,SecondOrder,NN,128,24408,0.006400794772021405,0.0078125,Mixed2D_Discontinuous_SecondOrder_NN_128,reference_file,Momentum_x,3.9228206201153384,30.341271661106227,496.0747220858375,0.023535535193541967,0.15815467035854935,1.3779853391273267,0.4489364539122188
Mixed,2,Discontinuous,SecondOrder,NN,256,96409,0.0032206327947704866,0.00390625,Mixed2D_Discontinuous_SecondOrder_NN_256,reference_file,Momentum_x,2.0653010947338677,22.608627281438757,525.9294880369955,0.012377422367736451,0.11770702454693517,1.46091524454721,0.4283027650529799
Mixed,2,Discontinuous,SecondOrder,NN,64,6073,0.012832118438741323,0.015625,Mixed2D_Discontinuous_SecondOrder_NN_64,reference_file,Momentum_y,3.6452132402583457,20.730583647041836,257.67913400200405,0.04380343505498622,0.21645850607479417,1.4315507444555782,nan
Mixed,2,Discontinuous,SecondOrder,NN,128,24408,0.006400794772021405,0.0078125,Mixed2D_Discontinuous_SecondOrder_NN_128,reference_file,Momentum_y,1.9614103100576692,15.170635830553113,248.03736104291875,0.023535535193541967,0.15815467035854935,1.3779853391273267,0.4489364539122188
Mixed,2,Discontinuous,SecondOrder,NN,256,96409,0.0032206327947704866,0.00390625,Mixed2D_Discontinuous_SecondOrder_NN_256,reference_file,Momentum_y,1.0326505473669338,11.304313640719378,262.96474401849775,0.012377422367736451,0.11770702454693517,1.46091524454721,0.4283027650529799
Mixed,2,Discontinuous,SecondOrder,NN,64,6073,0.012832118438741323,0.015625,Mixed2D_Discontinuous_SecondOrder_NN_64,reference_file,Energy,28793.411802337272,163750.15465755586,2035398.46071214,0.0472501293581091,0.16960473102769116,0.951856663536976,nan
Mixed,2,Discontinuous,SecondOrder,NN,128,24408,0.006400794772021405,0.0078125,Mixed2D_Discontinuous_SecondOrder_NN_128,reference_file,Energy,15493.111389784679,119832.32145328501,1959238.433570379,0.02534494551875384,0.12381547347783695,0.9162403305538614,0.4489364539122188
Mixed,2,Discontinuous,SecondOrder,NN,256,96409,0.0032206327947704866,0.00390625,Mixed2D_Discontinuous_SecondOrder_NN_256,reference_file,Energy,8156.8705308822555,89292.37779706495,2077149.3092360739,0.013312074431360189,0.09209058336349711,0.9713815006354205,0.4283027650529801
Mixed,2,Discontinuous,SecondOrder,NN,64,6073,0.012832118438741323,0.015625,Mixed2D_Discontinuous_SecondOrder_NN_64,reference_file,ALL_FIELDS,7201.095973547613,81875.08060942891,2035398.46071214,0.047248648691578035,0.16960473365105502,0.951856663536976,nan
Mixed,2,Discontinuous,SecondOrder,NN,128,24408,0.006400794772021405,0.0078125,Mixed2D_Discontinuous_SecondOrder_NN_128,reference_file,ALL_FIELDS,3874.7538087044886,59916.163127422056,1959238.433570379,0.025344168778166986,0.12381547539814618,0.9162403305538614,0.4489364539122188
Mixed,2,Discontinuous,SecondOrder,NN,256,96409,0.0032206327947704866,0.00390625,Mixed2D_Discontinuous_SecondOrder_NN_256,reference_file,ALL_FIELDS,2039.9947022574577,44646.19068745981,2077149.3092360739,0.013311673415125423,0.09209058479468601,0.9713815006354205,0.4283027650529799
Mixed,2,Discontinuous,ThirdOrder,Barycentric,64,6073,0.012832118438741323,0.015625,Mixed2D_Discontinuous_ThirdOrder_Barycentric_64,reference_file,Density,0.03555813450309833,0.17545970713197226,2.200445365822814,0.02136457228593496,0.091603176082134,0.6112348238396706,nan
Mixed,2,Discontinuous,ThirdOrder,Barycentric,128,24408,0.006400794772021405,0.0078125,Mixed2D_Discontinuous_ThirdOrder_Barycentric_128,reference_file,Density,0.018570433809576462,0.12905911773607634,2.2771850505373994,0.011141602964037085,0.06727240192928084,0.6325514029270555,0.4415902144310456
Mixed,2,Discontinuous,ThirdOrder,Barycentric,256,96409,0.0032206327947704866,0.00390625,Mixed2D_Discontinuous_ThirdOrder_Barycentric_256,reference_file,Density,0.00961929629001868,0.09458576025393817,2.3011552045185413,0.005764878223594013,0.0492440707054388,0.6392097790329282,0.4524513562761964
Mixed,2,Discontinuous,ThirdOrder,Barycentric,64,6073,0.012832118438741323,0.015625,Mixed2D_Discontinuous_ThirdOrder_Barycentric_64,reference_file,Momentum_x,7.11162690061966,35.091941426394456,440.0890731645628,0.04272914457186988,0.18320635216426806,1.2224696476793413,nan
Mixed,2,Discontinuous,ThirdOrder,Barycentric,128,24408,0.006400794772021405,0.0078125,Mixed2D_Discontinuous_ThirdOrder_Barycentric_128,reference_file,Momentum_x,3.714086761915286,25.81182354721527,455.4370101074799,0.02228320592807413,0.13454480385856166,1.2651028058541112,0.4415902144310459
Mixed,2,Discontinuous,ThirdOrder,Barycentric,256,96409,0.0032206327947704866,0.00390625,Mixed2D_Discontinuous_ThirdOrder_Barycentric_256,reference_file,Momentum_x,1.9238592580037297,18.91715205078763,460.23104090370833,0.011529756447187987,0.09848814141087757,1.2784195580658566,0.4524513562761964
Mixed,2,Discontinuous,ThirdOrder,Barycentric,64,6073,0.012832118438741323,0.015625,Mixed2D_Discontinuous_ThirdOrder_Barycentric_64,reference_file,Momentum_y,3.55581345030983,17.545970713197228,220.0445365822814,0.04272914457186988,0.18320635216426806,1.2224696476793413,nan
Mixed,2,Discontinuous,ThirdOrder,Barycentric,128,24408,0.006400794772021405,0.0078125,Mixed2D_Discontinuous_ThirdOrder_Barycentric_128,reference_file,Momentum_y,1.857043380957643,12.905911773607635,227.71850505373996,0.02228320592807413,0.13454480385856166,1.2651028058541112,0.4415902144310459
Mixed,2,Discontinuous,ThirdOrder,Barycentric,256,96409,0.0032206327947704866,0.00390625,Mixed2D_Discontinuous_ThirdOrder_Barycentric_256,reference_file,Momentum_y,0.9619296290018648,9.458576025393816,230.11552045185417,0.011529756447187987,0.09848814141087757,1.2784195580658566,0.4524513562761964
Mixed,2,Discontinuous,ThirdOrder,Barycentric,64,6073,0.012832118438741323,0.015625,Mixed2D_Discontinuous_ThirdOrder_Barycentric_64,reference_file,Energy,28087.245990526586,138595.00855456994,1738124.0929046604,0.04609130781291033,0.14355021036063334,0.8128359295833455,nan
Mixed,2,Discontinuous,ThirdOrder,Barycentric,128,24408,0.006400794772021405,0.0078125,Mixed2D_Discontinuous_ThirdOrder_Barycentric_128,reference_file,Energy,14668.720669666087,101943.34539281465,1798740.5012718155,0.023996337265582146,0.10533187895092719,0.8411832695944841,0.4415902144310454
Mixed,2,Discontinuous,ThirdOrder,Barycentric,256,96409,0.0032206327947704866,0.00390625,Mixed2D_Discontinuous_ThirdOrder_Barycentric_256,reference_file,Energy,7598.248471948711,74712.96097442489,1817674.4420059808,0.012400399003955962,0.07705428313921706,0.850037750917283,0.4524513562761962
Mixed,2,Discontinuous,ThirdOrder,Barycentric,64,6073,0.012832118438741323,0.015625,Mixed2D_Discontinuous_ThirdOrder_Barycentric_64,reference_file,ALL_FIELDS,7024.487247253004,69297.50705396541,1738124.0929046604,0.04608986346010582,0.14355021258099854,0.8128359295833455,nan
Mixed,2,Discontinuous,ThirdOrder,Barycentric,128,24408,0.006400794772021405,0.0078125,Mixed2D_Discontinuous_ThirdOrder_Barycentric_128,reference_file,ALL_FIELDS,3668.577592560692,50971.67473879035,1798740.5012718155,0.023995601855475373,0.10533188058456615,0.8411832695944841,0.4415902144310454
Mixed,2,Discontinuous,ThirdOrder,Barycentric,256,96409,0.0032206327947704866,0.00390625,Mixed2D_Discontinuous_ThirdOrder_Barycentric_256,reference_file,ALL_FIELDS,1900.2859700330016,37356.48198404858,1817674.4420059808,0.012400025451258085,0.0770542843367253,0.850037750917283,0.4524513562761964
Mixed,2,Discontinuous,ThirdOrder,ConsGalerkinProj,64,6073,0.012832118438741323,0.015625,Mixed2D_Discontinuous_ThirdOrder_ConsGalerkinProj_64,reference_file,Density,0.03044304154878962,0.17912003137807755,2.2512888118480756,0.018291245332799022,0.09351414089516366,0.6253580032911322,nan
Mixed,2,Discontinuous,ThirdOrder,ConsGalerkinProj,128,24408,0.006400794772021405,0.0078125,Mixed2D_Discontinuous_ThirdOrder_ConsGalerkinProj_128,reference_file,Density,0.016022972430318607,0.1314671560059214,2.316927471837295,0.009613216306786635,0.06852759816176542,0.6435909643992487,0.4446961090199856
Mixed,2,Discontinuous,ThirdOrder,ConsGalerkinProj,256,96409,0.0032206327947704866,0.00390625,Mixed2D_Discontinuous_ThirdOrder_ConsGalerkinProj_256,reference_file,Density,0.008228304692753097,0.09645129495880726,2.3500923923252577,0.0049312520490266175,0.050215321797182265,0.6528034423125716,0.4509302738386287
Mixed,2,Discontinuous,ThirdOrder,ConsGalerkinProj,64,6073,0.012832118438741323,0.015625,Mixed2D_Discontinuous_ThirdOrder_ConsGalerkinProj_64,reference_file,Momentum_x,6.088608309766944,35.82400627561358,450.2577623694467,0.03658249066565224,0.18702828179031725,1.2507160065817966,nan
Mixed,2,Discontinuous,ThirdOrder,ConsGalerkinProj,128,24408,0.006400794772021405,0.0078125,Mixed2D_Discontinuous_ThirdOrder_ConsGalerkinProj_128,reference_file,Momentum_x,3.2045944860678652,26.293431201185047,463.3854943674994,0.01922643261359813,0.13705519632353483,1.2871819287986097,0.444696109019866
Mixed,2,Discontinuous,ThirdOrder,ConsGalerkinProj,256,96409,0.0032206327947704866,0.00390625,Mixed2D_Discontinuous_ThirdOrder_ConsGalerkinProj_256,reference_file,Momentum_x,1.6456609385558287,19.290258991761938,470.01847846265383,0.009862504098084453,0.10043064359436704,1.3056068846184832,0.4509302738386345
Mixed,2,Discontinuous,ThirdOrder,ConsGalerkinProj,64,6073,0.012832118438741323,0.015625,Mixed2D_Discontinuous_ThirdOrder_ConsGalerkinProj_64,reference_file,Momentum_y,3.044304154883472,17.91200313780679,225.12888118472335,0.03658249066565224,0.18702828179031725,1.2507160065817966,nan
Mixed,2,Discontinuous,ThirdOrder,ConsGalerkinProj,128,24408,0.006400794772021405,0.0078125,Mixed2D_Discontinuous_ThirdOrder_ConsGalerkinProj_128,reference_file,Momentum_y,1.6022972430339326,13.146715600592524,231.6927471837497,0.01922643261359813,0.13705519632353483,1.2871819287986097,0.444696109019866
Mixed,2,Discontinuous,ThirdOrder,ConsGalerkinProj,256,96409,0.0032206327947704866,0.00390625,Mixed2D_Discontinuous_ThirdOrder_ConsGalerkinProj_256,reference_file,Momentum_y,0.8228304692779144,9.645129495880969,235.00923923132692,0.009862504098084453,0.10043064359436704,1.3056068846184832,0.4509302738386345
Mixed,2,Discontinuous,ThirdOrder,ConsGalerkinProj,64,6073,0.012832118438741323,0.015625,Mixed2D_Discontinuous_ThirdOrder_ConsGalerkinProj_64,reference_file,Energy,24046.85196876392,141486.28586542566,1778285.1529673887,0.03946100149504216,0.14654485981094775,0.8316173000979138,nan
Mixed,2,Discontinuous,ThirdOrder,ConsGalerkinProj,128,24408,0.006400794772021405,0.0078125,Mixed2D_Discontinuous_ThirdOrder_ConsGalerkinProj_128,reference_file,Energy,12656.489842294308,103845.44639403005,1830132.900757801,0.020704559429109527,0.10729720460941378,0.8558639649039889,0.4446961090199218
Mixed,2,Discontinuous,ThirdOrder,ConsGalerkinProj,256,96409,0.0032206327947704866,0.00390625,Mixed2D_Discontinuous_ThirdOrder_ConsGalerkinProj_256,reference_file,Energy,6499.509077739611,76186.54030843046,1856329.7553696404,0.010607247998186948,0.07857404085929232,0.8681149570842936,0.4509302738385929
Mixed,2,Discontinuous,ThirdOrder,ConsGalerkinProj,64,6073,0.012832118438741323,0.015625,Mixed2D_Discontinuous_ThirdOrder_ConsGalerkinProj_64,reference_file,ALL_FIELDS,6014.00383106753,70743.14576731855,1778285.1529673887,0.0394597649146351,0.14654486207763276,0.8316173000979138,nan
Mixed,2,Discontinuous,ThirdOrder,ConsGalerkinProj,128,24408,0.006400794772021405,0.0078125,Mixed2D_Discontinuous_ThirdOrder_ConsGalerkinProj_128,reference_file,ALL_FIELDS,3165.3281892489604,51922.72527750568,1830132.900757801,0.02070392490134425,0.10729720627353384,0.8558639649039889,0.444696109019922
Mixed,2,Discontinuous,ThirdOrder,ConsGalerkinProj,256,96409,0.0032206327947704866,0.00390625,Mixed2D_Discontinuous_ThirdOrder_ConsGalerkinProj_256,reference_file,ALL_FIELDS,1625.4964493630346,38093.27168057378,1856329.7553696404,0.010606928462815116,0.07857404208041928,0.8681149570842936,0.4509302738385929
Mixed,2,Discontinuous,ThirdOrder,NN,64,6073,0.012832118438741323,0.015625,Mixed2D_Discontinuous_ThirdOrder_NN_64,reference_file,Density,0.036210521304731964,0.1955649921278909,2.3618027750105863,0.02175654911983431,0.10209964841624876,0.6560563263918296,nan
Mixed,2,Discontinuous,ThirdOrder,NN,128,24408,0.006400794772021405,0.0078125,Mixed2D_Discontinuous_ThirdOrder_NN_128,reference_file,Density,0.019642983096550763,0.14575584250685336,2.356342013648972,0.011785094572114995,0.07597561328997893,0.6545394482358255,0.42264205487392054
Mixed,2,Discontinuous,ThirdOrder,NN,256,96409,0.0032206327947704866,0.00390625,Mixed2D_Discontinuous_ThirdOrder_NN_256,reference_file,Density,0.010264980660697705,0.10812002585204915,2.4304337322452314,0.006151839146266173,0.056290399140820964,0.675120481179231,0.4348743192119184
Mixed,2,Discontinuous,ThirdOrder,NN,64,6073,0.012832118438741323,0.015625,Mixed2D_Discontinuous_ThirdOrder_NN_64,reference_file,Momentum_x,7.242104260946393,39.11299842557818,472.3605550021173,0.04351309823966861,0.20419929683249755,1.3121126527836593,nan
Mixed,2,Discontinuous,ThirdOrder,NN,128,24408,0.006400794772021405,0.0078125,Mixed2D_Discontinuous_ThirdOrder_NN_128,reference_file,Momentum_x,3.9285966193101527,29.15116850137067,471.2684027297944,0.023570189144229987,0.15195122657995783,1.3090788964716513,0.42264205487392076
Mixed,2,Discontinuous,ThirdOrder,NN,256,96409,0.0032206327947704866,0.00390625,Mixed2D_Discontinuous_ThirdOrder_NN_256,reference_file,Momentum_x,2.0529961321395414,21.62400517040983,486.08674644904625,0.012303678292532347,0.11258079828164191,1.350240962358462,0.4348743192119181
Mixed,2,Discontinuous,ThirdOrder,NN,64,6073,0.012832118438741323,0.015625,Mixed2D_Discontinuous_ThirdOrder_NN_64,reference_file,Momentum_y,3.6210521304731964,19.55649921278909,236.18027750105864,0.04351309823966861,0.20419929683249755,1.3121126527836593,nan
Mixed,2,Discontinuous,ThirdOrder,NN,128,24408,0.006400794772021405,0.0078125,Mixed2D_Discontinuous_ThirdOrder_NN_128,reference_file,Momentum_y,1.9642983096550763,14.575584250685335,235.6342013648972,0.023570189144229987,0.15195122657995783,1.3090788964716513,0.42264205487392076
Mixed,2,Discontinuous,ThirdOrder,NN,256,96409,0.0032206327947704866,0.00390625,Mixed2D_Discontinuous_ThirdOrder_NN_256,reference_file,Momentum_y,1.0264980660697707,10.812002585204915,243.04337322452312,0.012303678292532347,0.11258079828164191,1.350240962358462,0.4348743192119181
Mixed,2,Discontinuous,ThirdOrder,NN,64,6073,0.012832118438741323,0.015625,Mixed2D_Discontinuous_ThirdOrder_NN_64,reference_file,Energy,28602.56404178322,154476.10280434863,1865579.7456711498,0.04693694725118169,0.15999910303064,0.8724407267436965,nan
Mixed,2,Discontinuous,ThirdOrder,NN,128,24408,0.006400794772021405,0.0078125,Mixed2D_Discontinuous_ThirdOrder_NN_128,reference_file,Energy,15515.923597524617,115132.02985071471,1861266.3093842755,0.025382263662784767,0.11895894709832408,0.8704235428105973,0.42264205487392076
Mixed,2,Discontinuous,ThirdOrder,NN,256,96409,0.0032206327947704866,0.00390625,Mixed2D_Discontinuous_ThirdOrder_NN_256,reference_file,Energy,8108.272296452807,85403.63000044315,1919791.0985824456,0.013232761745017042,0.08807997168555178,0.8977927344728944,0.4348743192119181
Mixed,2,Discontinuous,ThirdOrder,NN,64,6073,0.012832118438741323,0.015625,Mixed2D_Discontinuous_ThirdOrder_NN_64,reference_file,ALL_FIELDS,7153.365852173984,77238.0544970244,1865579.7456711498,0.046935476398766905,0.1599991055054287,0.8724407267436965,nan
Mixed,2,Discontinuous,ThirdOrder,NN,128,24408,0.006400794772021405,0.0078125,Mixed2D_Discontinuous_ThirdOrder_NN_128,reference_file,ALL_FIELDS,3880.459033859169,57566.01723196896,1861266.3093842755,0.02538148577851752,0.1189589489433113,0.8704235428105973,0.42264205487392076
Mixed,2,Discontinuous,ThirdOrder,NN,256,96409,0.0032206327947704866,0.00390625,Mixed2D_Discontinuous_ThirdOrder_NN_256,reference_file,ALL_FIELDS,2027.8405139079196,42701.81671123982,1919791.0985824456,0.01323236311801733,0.08807997305441134,0.8977927344728944,0.4348743192119184
Mixed,2,Linear,FirstOrder,NN,64,6073,0.012832118438741323,0.015625,Mixed2D_Linear_FirstOrder_NN_64,reference_file,Density,0.0077261945057082474,0.009440657137561287,0.02608456762697764,0.004293314100604346,0.0051495194873122105,0.010868569844574016,nan
Mixed,2,Linear,FirstOrder,NN,128,24408,0.006400794772021405,0.0078125,Mixed2D_Linear_FirstOrder_NN_128,reference_file,Density,0.0039089813762690235,0.004756655187756924,0.01322134480613757,0.002171598726470303,0.002594458590393299,0.005508893669223988,0.9855530777117955
Mixed,2,Linear,FirstOrder,NN,256,96409,0.0032206327947704866,0.00390625,Mixed2D_Linear_FirstOrder_NN_256,reference_file,Density,0.0019366366152677938,0.002351184829414732,0.007080201296180366,0.001075985994317217,0.0012826517212526697,0.002950083873408486,1.025888021788088
Mixed,2,Linear,FirstOrder,NN,64,6073,0.012832118438741323,0.015625,Mixed2D_Linear_FirstOrder_NN_64,reference_file,Momentum_x,2.3171486456804153,2.879355095602396,8.890666834037006,0.00827302053023585,0.00962142344734356,0.018522222570910428,nan
Mixed,2,Linear,FirstOrder,NN,128,24408,0.006400794772021405,0.0078125,Mixed2D_Linear_FirstOrder_NN_128,reference_file,Momentum_x,1.1739194114297464,1.4555338727854474,4.955123230534355,0.004190922947497584,0.004866676363926566,0.010323173396946573,0.9808267875167572
Mixed,2,Linear,FirstOrder,NN,256,96409,0.0032206327947704866,0.00390625,Mixed2D_Linear_FirstOrder_NN_256,reference_file,Momentum_x,0.5805394956884725,0.7174431616458027,2.6190795747761513,0.0020732752926849235,0.002400316831427878,0.005456415780783649,1.0299776853682572
Mixed,2,Linear,FirstOrder,NN,64,6073,0.012832118438741323,0.015625,Mixed2D_Linear_FirstOrder_NN_64,reference_file,Momentum_y,1.1585743228402077,1.439677547801198,4.445333417018503,0.00827302053023585,0.00962142344734356,0.018522222570910428,nan
Mixed,2,Linear,FirstOrder,NN,128,24408,0.006400794772021405,0.0078125,Mixed2D_Linear_FirstOrder_NN_128,reference_file,Momentum_y,0.5869597057148732,0.7277669363927237,2.4775616152671773,0.004190922947497584,0.004866676363926566,0.010323173396946573,0.9808267875167572
Mixed,2,Linear,FirstOrder,NN,256,96409,0.0032206327947704866,0.00390625,Mixed2D_Linear_FirstOrder_NN_256,reference_file,Momentum_y,0.29026974784423626,0.35872158082290134,1.3095397873880756,0.0020732752926849235,0.002400316831427878,0.005456415780783649,1.0299776853682572
Mixed,2,Linear,FirstOrder,NN,64,6073,0.012832118438741323,0.015625,Mixed2D_Linear_FirstOrder_NN_64,reference_file,Energy,4877.248081669512,6074.6064198350105,19060.629271738348,0.008454449438977088,0.009828637246763966,0.019053468978096375,nan
Mixed,2,Linear,FirstOrder,NN,128,24408,0.006400794772021405,0.0078125,Mixed2D_Linear_FirstOrder_NN_128,reference_file,Energy,2471.183235288437,3071.4190659005912,10578.1765607032,0.004283390192956064,0.004972818198488548,0.010574202775300238,0.9805161194069675
Mixed,2,Linear,FirstOrder,NN,256,96409,0.0032206327947704866,0.00390625,Mixed2D_Linear_FirstOrder_NN_256,reference_file,Energy,1221.9434384907188,1513.6731186849795,5594.684911518707,0.0021188289902349983,0.0024523340617389126,0.005592583218745101,1.0302195995782977
Mixed,2,Linear,FirstOrder,NN,64,6073,0.012832118438741323,0.015625,Mixed2D_Linear_FirstOrder_NN_64,reference_file,ALL_FIELDS,1220.1828827081345,3037.3036364243803,19060.629271738348,0.008454304435452508,0.009828637186644514,0.019053468978096375,nan
Mixed,2,Linear,FirstOrder,NN,128,24408,0.006400794772021405,0.0078125,Mixed2D_Linear_FirstOrder_NN_128,reference_file,ALL_FIELDS,618.2370058467396,1535.7097485058705,10578.1765607032,0.0042833163153249715,0.00497281816769439,0.010574202775300238,0.9805161194942098
Mixed,2,Linear,FirstOrder,NN,256,96409,0.0032206327947704866,0.00390625,Mixed2D_Linear_FirstOrder_NN_256,reference_file,ALL_FIELDS,305.7040460927167,756.8366656090504,5594.684911518707,0.002118792585405083,0.002452334046645565,0.005592583218745101,1.0302195995103658
Mixed,2,Linear,SecondOrder,Barycentric,64,6073,0.012832118438741323,0.015625,Mixed2D_Linear_SecondOrder_Barycentric_64,reference_file,Density,1.3466001645626383e-16,2.1327939304418684e-16,8.881784197001252e-16,7.48282672682072e-17,1.163357989512656e-16,3.7007434154171886e-16,nan
Mixed,2,Linear,SecondOrder,Barycentric,128,24408,0.006400794772021405,0.0078125,Mixed2D_Linear_SecondOrder_Barycentric_128,reference_file,Density,1.3994232045074387e-16,2.1774085547713318e-16,1.3322676295501878e-15,7.77436717184348e-17,1.1876404966798335e-16,5.551115123125783e-16,-0.029765265428519306
Mixed,2,Linear,SecondOrder,Barycentric,256,96409,0.0032206327947704866,0.00390625,Mixed2D_Linear_SecondOrder_Barycentric_256,reference_file,Density,1.4119244531448432e-16,2.1923191518219683e-16,8.881784197001252e-16,7.844584392554065e-17,1.1959850618462915e-16,3.7007434154171886e-16,-0.009936056166328257
Mixed,2,Linear,SecondOrder,Barycentric,64,6073,0.012832118438741323,0.015625,Mixed2D_Linear_SecondOrder_Barycentric_64,reference_file,Momentum_x,0.013574501392483538,0.016514277471790892,0.07497220817162997,4.846565580377545e-05,5.518279309339042e-05,0.00015619210035756244,nan
Mixed,2,Linear,SecondOrder,Barycentric,128,24408,0.006400794772021405,0.0078125,Mixed2D_Linear_SecondOrder_Barycentric_128,reference_file,Momentum_x,0.00343288185180444,0.00415064191688838,0.017211714029485847,1.2255477836637016e-05,1.387795316187814e-05,3.585773756142885e-05,1.9854845422612653
Mixed,2,Linear,SecondOrder,Barycentric,256,96409,0.0032206327947704866,0.00390625,Mixed2D_Linear_SecondOrder_Barycentric_256,reference_file,Momentum_x,0.0008473672820052322,0.0010219692922735658,0.004795160560121303,3.026194880208062e-06,3.419156003688738e-06,9.989917833586049e-06,2.040537492061136
Mixed,2,Linear,SecondOrder,Barycentric,64,6073,0.012832118438741323,0.015625,Mixed2D_Linear_SecondOrder_Barycentric_64,reference_file,Momentum_y,0.006787250696241769,0.008257138735895446,0.037486104085814986,4.846565580377545e-05,5.518279309339042e-05,0.00015619210035756244,nan
Mixed,2,Linear,SecondOrder,Barycentric,128,24408,0.006400794772021405,0.0078125,Mixed2D_Linear_SecondOrder_Barycentric_128,reference_file,Momentum_y,0.00171644092590222,0.00207532095844419,0.008605857014742924,1.2255477836637016e-05,1.387795316187814e-05,3.585773756142885e-05,1.9854845422612653
Mixed,2,Linear,SecondOrder,Barycentric,256,96409,0.0032206327947704866,0.00390625,Mixed2D_Linear_SecondOrder_Barycentric_256,reference_file,Momentum_y,0.0004236836410026161,0.0005109846461367829,0.0023975802800606516,3.026194880208062e-06,3.419156003688738e-06,9.989917833586049e-06,2.040537492061136
Mixed,2,Linear,SecondOrder,Barycentric,64,6073,0.012832118438741323,0.015625,Mixed2D_Linear_SecondOrder_Barycentric_64,reference_file,Energy,30.41574419382652,37.01612747744522,174.58984202891588,5.272407044497596e-05,5.9891631508476005e-05,0.00017452425581358108,nan
Mixed,2,Linear,SecondOrder,Barycentric,128,24408,0.006400794772021405,0.0078125,Mixed2D_Linear_SecondOrder_Barycentric_128,reference_file,Energy,7.690803370761736,9.30141196028415,40.06130398274399,1.333074426204141e-05,1.5059563568274443e-05,4.00462546002652e-05,1.9858082901804566
Mixed,2,Linear,SecondOrder,Barycentric,256,96409,0.0032206327947704866,0.00390625,Mixed2D_Linear_SecondOrder_Barycentric_256,reference_file,Energy,1.8982892325339336,2.2899934580659203,10.474971667048521,3.2916010111824783e-06,3.7100671796650194e-06,1.0471036651474894e-05,2.040662258446094
Mixed,2,Linear,SecondOrder,Barycentric,64,6073,0.012832118438741323,0.015625,Mixed2D_Linear_SecondOrder_Barycentric_64,reference_file,ALL_FIELDS,7.609026486478812,18.508066041108773,174.58984202891588,5.272080709027683e-05,5.989163018244165e-05,0.00017452425581358108,nan
Mixed,2,Linear,SecondOrder,Barycentric,128,24408,0.006400794772021405,0.0078125,Mixed2D_Linear_SecondOrder_Barycentric_128,reference_file,ALL_FIELDS,1.923988173384861,4.6507065589462435,40.06130398274399,1.3329920169150491e-05,1.5059563235464435e-05,4.00462546002652e-05,1.9858082900998903
Mixed,2,Linear,SecondOrder,Barycentric,256,96409,0.0032206327947704866,0.00390625,Mixed2D_Linear_SecondOrder_Barycentric_256,reference_file,ALL_FIELDS,0.4748900708642354,1.14499687155809,10.474971667048521,3.2913975915270317e-06,3.7100670977204115e-06,1.0471036651474894e-05,2.040662258415036
Mixed,2,Linear,SecondOrder,ConsGalerkinProj,64,6073,0.012832118438741323,0.015625,Mixed2D_Linear_SecondOrder_ConsGalerkinProj_64,reference_file,Density,2.626190243553673e-13,3.486539197174738e-13,2.772893026303791e-12,1.4593289872767681e-13,1.9017745563172803e-13,1.1553720942932464e-12,nan
Mixed,2,Linear,SecondOrder,ConsGalerkinProj,128,24408,0.006400794772021405,0.0078125,Mixed2D_Linear_SecondOrder_ConsGalerkinProj_128,reference_file,Density,2.8654989994504017e-13,5.320452816777861e-13,1.0754508394938966e-11,1.5919016692394089e-13,2.901975016141731e-13,4.481045164557903e-12,-0.6076651519366412
Mixed,2,Linear,SecondOrder,ConsGalerkinProj,256,96409,0.0032206327947704866,0.00390625,Mixed2D_Linear_SecondOrder_ConsGalerkinProj_256,reference_file,Density,9.854207642012214e-13,2.1333230162772825e-12,4.881162141145978e-11,5.474950398184365e-13,1.1638006525829485e-12,2.0338175588108243e-11,-2.021866574322776
Mixed,2,Linear,SecondOrder,ConsGalerkinProj,64,6073,0.012832118438741323,0.015625,Mixed2D_Linear_SecondOrder_ConsGalerkinProj_64,reference_file,Momentum_x,0.011041982984313277,0.015519050764713192,0.07646770703473749,3.942369087716174e-05,5.185722286777829e-05,0.00015930772298903642,nan
Mixed,2,Linear,SecondOrder,ConsGalerkinProj,128,24408,0.006400794772021405,0.0078125,Mixed2D_Linear_SecondOrder_ConsGalerkinProj_128,reference_file,Momentum_x,0.0028051103292189923,0.003919675999792185,0.019040502577382767,1.0014317111145171e-05,1.3105702930797214e-05,3.966771370288076e-05,1.9784352996515782
Mixed,2,Linear,SecondOrder,ConsGalerkinProj,256,96409,0.0032206327947704866,0.00390625,Mixed2D_Linear_SecondOrder_ConsGalerkinProj_256,reference_file,Momentum_x,0.0006882501321115033,0.0009615747525101537,0.005182990055061509,2.4579412851173703e-06,3.2170967492832623e-06,1.0797895948044811e-05,2.045866810627118
Mixed,2,Linear,SecondOrder,ConsGalerkinProj,64,6073,0.012832118438741323,0.015625,Mixed2D_Linear_SecondOrder_ConsGalerkinProj_64,reference_file,Momentum_y,0.005520991492156639,0.007759525382356596,0.03823385351736874,3.942369087716174e-05,5.185722286777829e-05,0.00015930772298903642,nan
Mixed,2,Linear,SecondOrder,ConsGalerkinProj,128,24408,0.006400794772021405,0.0078125,Mixed2D_Linear_SecondOrder_ConsGalerkinProj_128,reference_file,Momentum_y,0.0014025551646094962,0.0019598379998960924,0.009520251288691384,1.0014317111145171e-05,1.3105702930797214e-05,3.966771370288076e-05,1.9784352996515782
Mixed,2,Linear,SecondOrder,ConsGalerkinProj,256,96409,0.0032206327947704866,0.00390625,Mixed2D_Linear_SecondOrder_ConsGalerkinProj_256,reference_file,Momentum_y,0.00034412506605575166,0.00048078737625507683,0.0025914950275307547,2.4579412851173703e-06,3.2170967492832623e-06,1.0797895948044811e-05,2.045866810627118
Mixed,2,Linear,SecondOrder,ConsGalerkinProj,64,6073,0.012832118438741323,0.015625,Mixed2D_Linear_SecondOrder_ConsGalerkinProj_64,reference_file,Energy,24.741157037916768,34.78341870887751,178.07111356104724,4.288747624403356e-05,5.6279136632714645e-05,0.0001780042195753308,nan
Mixed,2,Linear,SecondOrder,ConsGalerkinProj,128,24408,0.006400794772021405,0.0078125,Mixed2D_Linear_SecondOrder_ConsGalerkinProj_128,reference_file,Energy,6.284364680914093,8.784354339935662,44.1157502757851,1.0892913831233956e-05,1.4222415172380697e-05,4.409917780476606e-05,1.9785923349230687
Mixed,2,Linear,SecondOrder,ConsGalerkinProj,256,96409,0.0032206327947704866,0.00390625,Mixed2D_Linear_SecondOrder_ConsGalerkinProj_256,reference_file,Energy,1.5417843405837,2.154589329713586,11.69069320242852,2.673427635532826e-06,3.4906960671311755e-06,1.1686301490328452e-05,2.0461290469642646
Mixed,2,Linear,SecondOrder,ConsGalerkinProj,64,6073,0.012832118438741323,0.015625,Mixed2D_Linear_SecondOrder_ConsGalerkinProj_64,reference_file,ALL_FIELDS,6.189430003098376,17.39171151819352,178.07111356104724,4.288482183259248e-05,5.6279135387446264e-05,0.0001780042195753308,nan
Mixed,2,Linear,SecondOrder,ConsGalerkinProj,128,24408,0.006400794772021405,0.0078125,Mixed2D_Linear_SecondOrder_ConsGalerkinProj_128,reference_file,ALL_FIELDS,1.5721430866020523,4.392177716531158,44.1157502757851,1.0892240466332226e-05,1.4222414857858873e-05,4.409917780476606e-05,1.9785923348839896
Mixed,2,Linear,SecondOrder,ConsGalerkinProj,256,96409,0.0032206327947704866,0.00390625,Mixed2D_Linear_SecondOrder_ConsGalerkinProj_256,reference_file,ALL_FIELDS,0.3857041789457132,1.077294798963838,11.69069320242852,2.6732624738047347e-06,3.4906959900617385e-06,1.1686301490328452e-05,2.046129046898987
Mixed,2,Linear,SecondOrder,NN,64,6073,0.012832118438741323,0.015625,Mixed2D_Linear_SecondOrder_NN_64,reference_file,Density,1.1842622679930453e-16,1.9602291227881038e-16,4.440892098500626e-16,6.58074280971282e-17,1.069230448718722e-16,1.8503717077085943e-16,nan
Mixed,2,Linear,SecondOrder,NN,128,24408,0.006400794772021405,0.0078125,Mixed2D_Linear_SecondOrder_NN_128,reference_file,Density,1.216569363185203e-16,1.983615334367894e-16,8.881784197001252e-16,6.758539438930174e-17,1.0819383876159266e-16,3.7007434154171886e-16,-0.017051393141831808
Mixed,2,Linear,SecondOrder,NN,256,96409,0.0032206327947704866,0.00390625,Mixed2D_Linear_SecondOrder_NN_256,reference_file,Density,1.2270043592798434e-16,1.9954782695658274e-16,8.881784197001252e-16,6.81717723987534e-17,1.0886016297655472e-16,3.7007434154171886e-16,-0.008681224411021782
Mixed,2,Linear,SecondOrder,NN,64,6073,0.012832118438741323,0.015625,Mixed2D_Linear_SecondOrder_NN_64,reference_file,Momentum_x,0.008372833046086887,0.012271760102109282,0.07180662700807261,2.989390422390175e-05,4.1006335261301766e-05,0.00014959713960015127,nan
Mixed,2,Linear,SecondOrder,NN,128,24408,0.006400794772021405,0.0078125,Mixed2D_Linear_SecondOrder_NN_128,reference_file,Momentum_x,0.002083402555678513,0.0030724701769952924,0.016855840962193724,7.437801517255791e-06,1.0273012719818965e-05,3.511633533790359e-05,1.9910292893515318
Mixed,2,Linear,SecondOrder,NN,256,96409,0.0032206327947704866,0.00390625,Mixed2D_Linear_SecondOrder_NN_256,reference_file,Momentum_x,0.0005121409327960904,0.0007538559815264145,0.005071437054255057,1.8290041422238204e-06,2.5221415404942864e-06,1.0565493863031368e-05,2.0456394266432927
Mixed,2,Linear,SecondOrder,NN,64,6073,0.012832118438741323,0.015625,Mixed2D_Linear_SecondOrder_NN_64,reference_file,Momentum_y,0.004186416523043444,0.006135880051054641,0.035903313504036305,2.989390422390175e-05,4.1006335261301766e-05,0.00014959713960015127,nan
Mixed,2,Linear,SecondOrder,NN,128,24408,0.006400794772021405,0.0078125,Mixed2D_Linear_SecondOrder_NN_128,reference_file,Momentum_y,0.0010417012778392565,0.0015362350884976462,0.008427920481096862,7.437801517255791e-06,1.0273012719818965e-05,3.511633533790359e-05,1.9910292893515318
Mixed,2,Linear,SecondOrder,NN,256,96409,0.0032206327947704866,0.00390625,Mixed2D_Linear_SecondOrder_NN_256,reference_file,Momentum_y,0.0002560704663980452,0.00037692799076320725,0.0025357185271275284,1.8290041422238204e-06,2.5221415404942864e-06,1.0565493863031368e-05,2.0456394266432927
Mixed,2,Linear,SecondOrder,NN,64,6073,0.012832118438741323,0.015625,Mixed2D_Linear_SecondOrder_NN_64,reference_file,Energy,18.75621598201772,27.494177698362275,167.07427735836245,3.251290010907588e-05,4.448523580275185e-05,0.00016701151443123915,nan
Mixed,2,Linear,SecondOrder,NN,128,24408,0.006400794772021405,0.0078125,Mixed2D_Linear_SecondOrder_NN_128,reference_file,Energy,4.668229662225007,6.886863540874351,36.78561774099944,8.091609261547645e-06,1.1150259737195915e-05,3.67717988989732e-05,1.9903674332165935
Mixed,2,Linear,SecondOrder,NN,256,96409,0.0032206327947704866,0.00390625,Mixed2D_Linear_SecondOrder_NN_256,reference_file,Energy,1.1472226835456016,1.6889523096589438,11.784334447002038,1.989264481139955e-06,2.7363076125891276e-06,1.1779907557741836e-05,2.046326000924403
Mixed,2,Linear,SecondOrder,NN,64,6073,0.012832118438741323,0.015625,Mixed2D_Linear_SecondOrder_NN_64,reference_file,ALL_FIELDS,4.692193807896713,13.7470905608627,167.07427735836245,3.251089282129586e-05,4.4485234822859927e-05,0.00016701151443123915,nan
Mixed,2,Linear,SecondOrder,NN,128,24408,0.006400794772021405,0.0078125,Mixed2D_Linear_SecondOrder_NN_128,reference_file,ALL_FIELDS,1.167838691514631,3.4434321987922036,36.78561774099944,8.09110822180779e-06,1.115025949013975e-05,3.67717988989732e-05,1.990367433381336
Mixed,2,Linear,SecondOrder,NN,256,96409,0.0032206327947704866,0.00390625,Mixed2D_Linear_SecondOrder_NN_256,reference_file,ALL_FIELDS,0.286997723736199,0.8444762599794965,11.784334447002038,1.989141644844204e-06,2.7363075522577668e-06,1.1779907557741836e-05,2.046326000753506
Mixed,2,Linear,ThirdOrder,Barycentric,64,6073,0.012832118438741323,0.015625,Mixed2D_Linear_ThirdOrder_Barycentric_64,reference_file,Density,1.4727410977079304e-16,2.2500472498465216e-16,8.881784197001252e-16,8.18377031105997e-17,1.2273152166874455e-16,3.7007434154171886e-16,nan
Mixed,2,Linear,ThirdOrder,Barycentric,128,24408,0.006400794772021405,0.0078125,Mixed2D_Linear_ThirdOrder_Barycentric_128,reference_file,Density,1.5092264813611395e-16,2.299371675152448e-16,8.881784197001252e-16,8.384369198523262e-17,1.2541637683683948e-16,3.7007434154171886e-16,-0.031177249800156508
Mixed,2,Linear,ThirdOrder,Barycentric,256,96409,0.0032206327947704866,0.00390625,Mixed2D_Linear_ThirdOrder_Barycentric_256,reference_file,Density,1.5172706368960588e-16,2.3064056111608054e-16,1.3322676295501878e-15,8.429882725640689e-17,1.2582231265070812e-16,5.551115123125783e-16,-0.004447003903764192
Mixed,2,Linear,ThirdOrder,Barycentric,64,6073,0.012832118438741323,0.015625,Mixed2D_Linear_ThirdOrder_Barycentric_64,reference_file,Momentum_x,3.64830291231211e-14,5.164908054116345e-14,2.2737367544323206e-13,1.302570076820188e-16,1.7258645010872498e-16,4.736951571734001e-16,nan
Mixed,2,Linear,ThirdOrder,Barycentric,128,24408,0.006400794772021405,0.0078125,Mixed2D_Linear_ThirdOrder_Barycentric_128,reference_file,Momentum_x,3.699840972578424e-14,5.182983954680399e-14,2.2737367544323206e-13,1.3208528867570092e-16,1.7329658882196181e-16,4.736951571734001e-16,-0.005023000006565206
Mixed,2,Linear,ThirdOrder,Barycentric,256,96409,0.0032206327947704866,0.00390625,Mixed2D_Linear_ThirdOrder_Barycentric_256,reference_file,Momentum_x,3.738624128131461e-14,5.244337477416955e-14,2.8421709430404007e-13,1.3351713520022239e-16,1.7545740470722598e-16,5.921189464667501e-16,-0.017133395815523932
Mixed,2,Linear,ThirdOrder,Barycentric,64,6073,0.012832118438741323,0.015625,Mixed2D_Linear_ThirdOrder_Barycentric_64,reference_file,Momentum_y,1.824151456156055e-14,2.5824540270581724e-14,1.1368683772161603e-13,1.302570076820188e-16,1.7258645010872498e-16,4.736951571734001e-16,nan
Mixed,2,Linear,ThirdOrder,Barycentric,128,24408,0.006400794772021405,0.0078125,Mixed2D_Linear_ThirdOrder_Barycentric_128,reference_file,Momentum_y,1.849920486289212e-14,2.5914919773401994e-14,1.1368683772161603e-13,1.3208528867570092e-16,1.7329658882196181e-16,4.736951571734001e-16,-0.005023000006565206
Mixed,2,Linear,ThirdOrder,Barycentric,256,96409,0.0032206327947704866,0.00390625,Mixed2D_Linear_ThirdOrder_Barycentric_256,reference_file,Momentum_y,1.8693120640657304e-14,2.6221687387084776e-14,1.4210854715202004e-13,1.3351713520022239e-16,1.7545740470722598e-16,5.921189464667501e-16,-0.017133395815523932
Mixed,2,Linear,ThirdOrder,Barycentric,64,6073,0.012832118438741323,0.015625,Mixed2D_Linear_ThirdOrder_Barycentric_64,reference_file,Energy,0.0065379151859232595,0.011674645090442156,0.12806859810370952,1.1333127298455545e-08,1.88894298079951e-08,1.2802048800431746e-07,nan
Mixed,2,Linear,ThirdOrder,Barycentric,128,24408,0.006400794772021405,0.0078125,Mixed2D_Linear_ThirdOrder_Barycentric_128,reference_file,Energy,0.0007212617498015425,0.0012145464601708506,0.015428554790560156,1.2501887604031342e-09,1.966426140640143e-09,1.542275891775886e-08,3.2537080491315558
Mixed,2,Linear,ThirdOrder,Barycentric,256,96409,0.0032206327947704866,0.00390625,Mixed2D_Linear_ThirdOrder_Barycentric_256,reference_file,Energy,8.074617650313926e-05,0.00012787812097311913,0.002058323472738266,1.4001248686011335e-10,2.0717806767024618e-10,2.0575502453560607e-09,3.2773779357307977
Mixed,2,Linear,ThirdOrder,Barycentric,64,6073,0.012832118438741323,0.015625,Mixed2D_Linear_ThirdOrder_Barycentric_64,reference_file,ALL_FIELDS,0.0016344787964945328,0.005837322545221078,0.12806859810370952,1.1324844443144133e-08,1.8889427039945106e-08,1.2802048800431746e-07,nan
Mixed,2,Linear,ThirdOrder,Barycentric,128,24408,0.006400794772021405,0.0078125,Mixed2D_Linear_ThirdOrder_Barycentric_128,reference_file,ALL_FIELDS,0.00018031543746429776,0.0006072732300854253,0.015428554790560156,1.2492750318916537e-09,1.96642585245119e-09,1.542275891775886e-08,3.2537080491315558
Mixed,2,Linear,ThirdOrder,Barycentric,256,96409,0.0032206327947704866,0.00390625,Mixed2D_Linear_ThirdOrder_Barycentric_256,reference_file,ALL_FIELDS,2.0186544139842586e-05,6.393906048655958e-05,0.002058323472738266,1.3991015361137515e-10,2.0717803730549752e-10,2.0575502453560607e-09,3.2773779357307977
Mixed,2,Linear,ThirdOrder,ConsGalerkinProj,64,6073,0.012832118438741323,0.015625,Mixed2D_Linear_ThirdOrder_ConsGalerkinProj_64,reference_file,Density,2.9642135755490967e-13,4.27397961393274e-13,5.10924635932497e-12,1.6471627696798665e-13,2.3312933612169204e-13,2.1288526497187377e-12,nan
Mixed,2,Linear,ThirdOrder,ConsGalerkinProj,128,24408,0.006400794772021405,0.0078125,Mixed2D_Linear_ThirdOrder_ConsGalerkinProj_128,reference_file,Density,5.758726009982144e-13,1.1911725788931933e-12,3.5364156047990036e-11,3.199207380543931e-13,6.497103128065364e-13,1.473506501999585e-11,-1.473666401321338
Mixed,2,Linear,ThirdOrder,ConsGalerkinProj,256,96409,0.0032206327947704866,0.00390625,Mixed2D_Linear_ThirdOrder_ConsGalerkinProj_256,reference_file,Density,1.800516586327026e-12,4.844480195753879e-12,1.8616841401808415e-10,1.0003583605465583e-12,2.642829599749054e-12,7.757017250753506e-11,-2.0425324333176564
Mixed,2,Linear,ThirdOrder,ConsGalerkinProj,64,6073,0.012832118438741323,0.015625,Mixed2D_Linear_ThirdOrder_ConsGalerkinProj_64,reference_file,Momentum_x,4.0032225773329973e-11,6.396026684060629e-11,1.0158487384615e-09,1.4292886488365299e-13,2.1372452880800843e-13,2.1163515384614586e-12,nan
Mixed,2,Linear,ThirdOrder,ConsGalerkinProj,128,24408,0.006400794772021405,0.0078125,Mixed2D_Linear_ThirdOrder_ConsGalerkinProj_128,reference_file,Momentum_x,8.46706158334484e-11,2.0681951054819907e-10,6.8858412305417005e-09,3.0227630910623813e-13,6.915150807570026e-13,1.4345502563628543e-11,-1.6873260910504795
Mixed,2,Linear,ThirdOrder,ConsGalerkinProj,256,96409,0.0032206327947704866,0.00390625,Mixed2D_Linear_ThirdOrder_ConsGalerkinProj_256,reference_file,Momentum_x,2.965948130281413e-10,8.644307799737395e-10,3.272299409218249e-08,1.0592262927098553e-12,2.8920865954251925e-12,6.817290435871352e-11,-2.082312888091242
Mixed,2,Linear,ThirdOrder,ConsGalerkinProj,64,6073,0.012832118438741323,0.015625,Mixed2D_Linear_ThirdOrder_ConsGalerkinProj_64,reference_file,Momentum_y,2.0016112886664987e-11,3.1980133420303143e-11,5.0792436923075e-10,1.4292886488365299e-13,2.1372452880800843e-13,2.1163515384614586e-12,nan
Mixed,2,Linear,ThirdOrder,ConsGalerkinProj,128,24408,0.006400794772021405,0.0078125,Mixed2D_Linear_ThirdOrder_ConsGalerkinProj_128,reference_file,Momentum_y,4.23353079167242e-11,1.0340975527409953e-10,3.4429206152708502e-09,3.0227630910623813e-13,6.915150807570026e-13,1.4345502563628543e-11,-1.6873260910504795
Mixed,2,Linear,ThirdOrder,ConsGalerkinProj,256,96409,0.0032206327947704866,0.00390625,Mixed2D_Linear_ThirdOrder_ConsGalerkinProj_256,reference_file,Momentum_y,1.4829740651407066e-10,4.3221538998686977e-10,1.6361497046091245e-08,1.0592262927098553e-12,2.8920865954251925e-12,6.817290435871352e-11,-2.082312888091242
Mixed,2,Linear,ThirdOrder,ConsGalerkinProj,64,6073,0.012832118438741323,0.015625,Mixed2D_Linear_ThirdOrder_ConsGalerkinProj_64,reference_file,Energy,0.008110812317779192,0.0141810231675186,0.1899726800620556,1.405966059168021e-08,2.2944718203699143e-08,1.8990131514782298e-07,nan
Mixed,2,Linear,ThirdOrder,ConsGalerkinProj,128,24408,0.006400794772021405,0.0078125,Mixed2D_Linear_ThirdOrder_ConsGalerkinProj_128,reference_file,Energy,0.000918412270710882,0.0014774576656446572,0.019801265239948407,1.5919168021526069e-09,2.392095708717579e-09,1.9793826719867076e-08,3.251599116989371
Mixed,2,Linear,ThirdOrder,ConsGalerkinProj,256,96409,0.0032206327947704866,0.00390625,Mixed2D_Linear_ThirdOrder_ConsGalerkinProj_256,reference_file,Energy,0.00010592978186667697,0.0001613916571812773,0.002765245269984007,1.8368042716085962e-10,2.6147406153977264e-10,2.7642064811883756e-09,3.223793244741845
Mixed,2,Linear,ThirdOrder,ConsGalerkinProj,64,6073,0.012832118438741323,0.015625,Mixed2D_Linear_ThirdOrder_ConsGalerkinProj_64,reference_file,ALL_FIELDS,0.002027703094530988,0.0070905115837593,0.1899726800620556,1.4049385144484641e-08,2.29447148413887e-08,1.8990131514782298e-07,nan
Mixed,2,Linear,ThirdOrder,ConsGalerkinProj,128,24408,0.006400794772021405,0.0078125,Mixed2D_Linear_ThirdOrder_ConsGalerkinProj_128,reference_file,ALL_FIELDS,0.00022960309957316958,0.0007387288328223376,0.019801265239948407,1.5907535348906964e-09,2.392095358144788e-09,1.9793826719867076e-08,3.251599116989353
Mixed,2,Linear,ThirdOrder,ConsGalerkinProj,256,96409,0.0032206327947704866,0.00390625,Mixed2D_Linear_ThirdOrder_ConsGalerkinProj_256,reference_file,ALL_FIELDS,2.648255713985327e-05,8.069582859208554e-05,0.002765245269984007,1.8354695146386674e-10,2.6147402322189976e-10,2.7642064811883756e-09,3.2237932447157576
Mixed,2,Linear,ThirdOrder,NN,64,6073,0.012832118438741323,0.015625,Mixed2D_Linear_ThirdOrder_NN_64,reference_file,Density,1.152818441180016e-16,1.9247034257064182e-16,8.881784197001252e-16,6.406014843786515e-17,1.0498525318261964e-16,3.7007434154171886e-16,nan
Mixed,2,Linear,ThirdOrder,NN,128,24408,0.006400794772021405,0.0078125,Mixed2D_Linear_ThirdOrder_NN_128,reference_file,Density,1.1909152421638746e-16,1.954584000317669e-16,8.881784197001252e-16,6.616020324163233e-17,1.0661036064421618e-16,3.7007434154171886e-16,-0.022149312794095512
Mixed,2,Linear,ThirdOrder,NN,256,96409,0.0032206327947704866,0.00390625,Mixed2D_Linear_ThirdOrder_NN_256,reference_file,Density,1.207680911932386e-16,1.972757779900484e-16,8.881784197001252e-16,6.709817095262381e-17,1.0762068257448823e-16,3.7007434154171886e-16,-0.013474769736852335
Mixed,2,Linear,ThirdOrder,NN,64,6073,0.012832118438741323,0.015625,Mixed2D_Linear_ThirdOrder_NN_64,reference_file,Momentum_x,3.697677032926429e-14,5.234393313022558e-14,2.2737367544323206e-13,1.3201983422431278e-16,1.7490831412718539e-16,4.736951571734001e-16,nan
Mixed,2,Linear,ThirdOrder,NN,128,24408,0.006400794772021405,0.0078125,Mixed2D_Linear_ThirdOrder_NN_128,reference_file,Momentum_x,3.772967953577661e-14,5.2620075082586504e-14,2.2737367544323206e-13,1.3469594098936922e-16,1.7593879500886966e-16,4.736951571734001e-16,-0.007564977968872713
Mixed,2,Linear,ThirdOrder,NN,256,96409,0.0032206327947704866,0.00390625,Mixed2D_Linear_ThirdOrder_NN_256,reference_file,Momentum_x,3.825930180966924e-14,5.318376970583928e-14,2.2737367544323206e-13,1.3663508813176148e-16,1.7793451022777192e-16,4.736951571734001e-16,-0.015513802044263137
Mixed,2,Linear,ThirdOrder,NN,64,6073,0.012832118438741323,0.015625,Mixed2D_Linear_ThirdOrder_NN_64,reference_file,Momentum_y,1.8488385164632146e-14,2.617196656511279e-14,1.1368683772161603e-13,1.3201983422431278e-16,1.7490831412718539e-16,4.736951571734001e-16,nan
Mixed,2,Linear,ThirdOrder,NN,128,24408,0.006400794772021405,0.0078125,Mixed2D_Linear_ThirdOrder_NN_128,reference_file,Momentum_y,1.8864839767888304e-14,2.6310037541293252e-14,1.1368683772161603e-13,1.3469594098936922e-16,1.7593879500886966e-16,4.736951571734001e-16,-0.007564977968872713
Mixed,2,Linear,ThirdOrder,NN,256,96409,0.0032206327947704866,0.00390625,Mixed2D_Linear_ThirdOrder_NN_256,reference_file,Momentum_y,1.912965090483462e-14,2.659188485291964e-14,1.1368683772161603e-13,1.3663508813176148e-16,1.7793451022777192e-16,4.736951571734001e-16,-0.015513802044263137
Mixed,2,Linear,ThirdOrder,NN,64,6073,0.012832118438741323,0.015625,Mixed2D_Linear_ThirdOrder_NN_64,reference_file,Energy,0.058078696449953865,0.07353729519355397,0.2751459889113903,1.0067632287627097e-07,1.189824243107543e-07,2.750426278918285e-07,nan
Mixed,2,Linear,ThirdOrder,NN,128,24408,0.006400794772021405,0.0078125,Mixed2D_Linear_ThirdOrder_NN_128,reference_file,Energy,0.007388906637147007,0.009203918007568599,0.0438572287093848,1.2807455867403259e-08,1.4901714804590897e-08,4.384075335427425e-08,2.987888480547911
Mixed,2,Linear,ThirdOrder,NN,256,96409,0.0032206327947704866,0.00390625,Mixed2D_Linear_ThirdOrder_NN_256,reference_file,Energy,0.000901977552341029,0.001114335639684953,0.004612034768797457,1.5640136247238368e-09,1.8053589058799657e-09,4.610302217224223e-09,3.074016714767067
Mixed,2,Linear,ThirdOrder,NN,64,6073,0.012832118438741323,0.015625,Mixed2D_Linear_ThirdOrder_NN_64,reference_file,ALL_FIELDS,0.014519674112502361,0.036768647596776984,0.2751459889113903,1.0060274323649577e-07,1.1898240687511425e-07,2.750426278918285e-07,nan
Mixed,2,Linear,ThirdOrder,NN,128,24408,0.006400794772021405,0.0078125,Mixed2D_Linear_ThirdOrder_NN_128,reference_file,ALL_FIELDS,0.0018472266593009298,0.0046019590037842985,0.0438572287093848,1.2798095249976602e-08,1.4901712620674854e-08,4.384075335427425e-08,2.987888480547911
Mixed,2,Linear,ThirdOrder,NN,256,96409,0.0032206327947704866,0.00390625,Mixed2D_Linear_ThirdOrder_NN_256,reference_file,ALL_FIELDS,0.00022549438809963467,0.0005571678198424765,0.004612034768797457,1.5628705071540268e-09,1.8053586412801935e-09,4.610302217224223e-09,3.0740167147670663
Struct,2,Asym,FirstOrder,NN,64,4096,0.015625,0.015625,Struct2D_Asym_FirstOrder_NN_64,reference_file,Density,0.023790695961977484,0.03134259281447798,0.11496662724212925,0.009884545007341644,0.012878193388781097,0.03417480518782622,nan
Struct,2,Asym,FirstOrder,NN,128,16384,0.0078125,0.0078125,Struct2D_Asym_FirstOrder_NN_128,reference_file,Density,0.011866556620547019,0.015483962460971498,0.05746774898353202,0.004930068362422176,0.006360704623367946,0.01707733888256973,1.0173498165206079
Struct,2,Asym,FirstOrder,NN,256,65536,0.00390625,0.00390625,Struct2D_Asym_FirstOrder_NN_256,reference_file,Density,0.005924373722773555,0.0076946171945096575,0.02871942743460032,0.0024612761791104414,0.0031605436961863356,0.00853448439836636,1.0088532554095608
Struct,2,Asym,FirstOrder,NN,64,4096,0.015625,0.015625,Struct2D_Asym_FirstOrder_NN_64,reference_file,Momentum_x,4.861081885501143,6.772623996347319,26.213519901919597,0.08533945082520414,0.08724820291994752,0.09699062684605057,nan
Struct,2,Asym,FirstOrder,NN,128,16384,0.0078125,0.0078125,Struct2D_Asym_FirstOrder_NN_128,reference_file,Momentum_x,2.4252786058864277,3.352080242698228,12.989977460142853,0.04189539889412447,0.04284308879097957,0.047994598861218304,1.0146582172569631
Struct,2,Asym,FirstOrder,NN,256,65536,0.00390625,0.00390625,Struct2D_Asym_FirstOrder_NN_256,reference_file,Momentum_x,1.2110209965917795,1.6673417975292495,6.464162141387334,0.020754278819421025,0.021226800698377006,0.023884760525793372,1.0075068043416524
Struct,2,Asym,FirstOrder,NN,64,4096,0.015625,0.015625,Struct2D_Asym_FirstOrder_NN_64,reference_file,Momentum_y,2.4305409427505715,3.3863119981736594,13.106759950959798,0.08533945082520414,0.08724820291994752,0.09699062684605057,nan
Struct,2,Asym,FirstOrder,NN,128,16384,0.0078125,0.0078125,Struct2D_Asym_FirstOrder_NN_128,reference_file,Momentum_y,1.2126393029432139,1.676040121349114,6.494988730071427,0.04189539889412447,0.04284308879097957,0.047994598861218304,1.0146582172569631
Struct,2,Asym,FirstOrder,NN,256,65536,0.00390625,0.00390625,Struct2D_Asym_FirstOrder_NN_256,reference_file,Momentum_y,0.6055104982958898,0.8336708987646247,3.232081070693667,0.020754278819421025,0.021226800698377006,0.023884760525793372,1.0075068043416524
Struct,2,Asym,FirstOrder,NN,64,4096,0.015625,0.015625,Struct2D_Asym_FirstOrder_NN_64,reference_file,Energy,18895.850855658035,25451.4278356583,92395.32721365988,0.01951148602574629,0.025165608224217182,0.04964337535054932,nan
Struct,2,Asym,FirstOrder,NN,128,16384,0.0078125,0.0078125,Struct2D_Asym_FirstOrder_NN_128,reference_file,Energy,9426.636065600125,12584.66154383419,45807.689363654936,0.00972919640824963,0.012429849606793232,0.024596151405410244,1.0160801776717618
Struct,2,Asym,FirstOrder,NN,256,65536,0.00390625,0.00390625,Struct2D_Asym_FirstOrder_NN_256,reference_file,Energy,4706.737840788499,6256.6198586952105,22774.689738130663,0.004856670133607014,0.006176298837991801,0.012229043317072058,1.0082110605102468
Struct,2,Asym,FirstOrder,NN,64,4096,0.015625,0.015625,Struct2D_Asym_FirstOrder_NN_64,reference_file,ALL_FIELDS,4725.791567295562,12725.714481024725,92395.32721365988,0.019517269335728504,0.02516560924522893,0.04964337535054932,nan
Struct,2,Asym,FirstOrder,NN,128,16384,0.0078125,0.0078125,Struct2D_Asym_FirstOrder_NN_128,reference_file,ALL_FIELDS,2357.5714625163937,6292.331050943111,45807.689363654936,0.009732066969098528,0.012429850111550381,0.024596151405410244,1.0160801775457802
Struct,2,Asym,FirstOrder,NN,256,65536,0.00390625,0.00390625,Struct2D_Asym_FirstOrder_NN_256,reference_file,ALL_FIELDS,1177.1400741642774,3128.31006820433,22774.689738130663,0.004858099824155242,0.006176299088912702,0.012229043317072058,1.0082110604477594
Struct,2,Asym,SecondOrder,Barycentric,64,4096,0.015625,0.015625,Struct2D_Asym_SecondOrder_Barycentric_64,reference_file,Density,0.0023825322045194176,0.0030887591851347794,0.01242853546754219,0.0009898931432964935,0.0012691240432146141,0.0036944875966370616,nan
Struct,2,Asym,SecondOrder,Barycentric,128,16384,0.0078125,0.0078125,Struct2D_Asym_SecondOrder_Barycentric_128,reference_file,Density,0.0005880251522130647,0.0007557032925471827,0.0031658395782883098,0.0002443003722086043,0.00031043768279051065,0.0009407731515945359,2.0311355821029196
Struct,2,Asym,SecondOrder,Barycentric,256,65536,0.00390625,0.00390625,Struct2D_Asym_SecondOrder_Barycentric_256,reference_file,Density,0.00014596841262390863,0.00018681555483190365,0.0007948374661510549,6.064245668917642e-05,7.6733995889337e-05,0.00023619997193713663,2.0162053252993783
Struct,2,Asym,SecondOrder,Barycentric,64,4096,0.015625,0.015625,Struct2D_Asym_SecondOrder_Barycentric_64,reference_file,Momentum_x,0.512086087340494,0.7055200615058099,3.4249631397030385,0.008990003974055664,0.009088849096532072,0.012672442429987787,nan
Struct,2,Asym,SecondOrder,Barycentric,128,16384,0.0078125,0.0078125,Struct2D_Asym_SecondOrder_Barycentric_128,reference_file,Momentum_x,0.12651330572358596,0.1727815607354528,0.8323715185883884,0.0021854501152318993,0.0022083289217666394,0.00307539695590153,2.0297378453621575
Struct,2,Asym,SecondOrder,Barycentric,256,65536,0.00390625,0.00390625,Struct2D_Asym_SecondOrder_Barycentric_256,reference_file,Momentum_x,0.03141606770258192,0.04272413646397924,0.20520973186989977,0.0005384034053449035,0.0005439177084596775,0.0007582398454848926,2.0158260234655216
Struct,2,Asym,SecondOrder,Barycentric,64,4096,0.015625,0.015625,Struct2D_Asym_SecondOrder_Barycentric_64,reference_file,Momentum_y,0.256043043670247,0.35276003075290496,1.7124815698515192,0.008990003974055664,0.009088849096532072,0.012672442429987787,nan
Struct,2,Asym,SecondOrder,Barycentric,128,16384,0.0078125,0.0078125,Struct2D_Asym_SecondOrder_Barycentric_128,reference_file,Momentum_y,0.06325665286179298,0.0863907803677264,0.4161857592941942,0.0021854501152318993,0.0022083289217666394,0.00307539695590153,2.0297378453621575
Struct,2,Asym,SecondOrder,Barycentric,256,65536,0.00390625,0.00390625,Struct2D_Asym_SecondOrder_Barycentric_256,reference_file,Momentum_y,0.01570803385129096,0.02136206823198962,0.10260486593494988,0.0005384034053449035,0.0005439177084596775,0.0007582398454848926,2.0158260234655216
Struct,2,Asym,SecondOrder,Barycentric,64,4096,0.015625,0.015625,Struct2D_Asym_SecondOrder_Barycentric_64,reference_file,Energy,1919.685248906294,2557.56526163986,10764.41264424054,0.0019822294425366357,0.002528843796029469,0.005783645054803468,nan
Struct,2,Asym,SecondOrder,Barycentric,128,16384,0.0078125,0.0078125,Struct2D_Asym_SecondOrder_Barycentric_128,reference_file,Energy,473.9432096469788,625.9828230201176,2611.981039600447,0.0004891550433180039,0.000618282209614778,0.001402486831589609,2.0305760785931444
Struct,2,Asym,SecondOrder,Barycentric,256,65536,0.00390625,0.00390625,Struct2D_Asym_SecondOrder_Barycentric_256,reference_file,Energy,117.66924351106873,154.76464060840644,643.7866447062697,0.00012141757623547624,0.0001527778083917763,0.0003456861478944413,2.016047176457193
Struct,2,Asym,SecondOrder,Barycentric,64,4096,0.015625,0.015625,Struct2D_Asym_SecondOrder_Barycentric_64,reference_file,ALL_FIELDS,480.11394014237726,1278.7826916402473,10764.41264424054,0.001982845190728353,0.002528843906985816,0.005783645054803468,nan
Struct,2,Asym,SecondOrder,Barycentric,128,16384,0.0078125,0.0078125,Struct2D_Asym_SecondOrder_Barycentric_128,reference_file,ALL_FIELDS,118.53339190767909,312.9914264135847,2611.981039600447,0.0004893064437116348,0.0006182822367456492,0.001402486831589609,2.030576078513366
Struct,2,Asym,SecondOrder,Barycentric,256,65536,0.00390625,0.00390625,Struct2D_Asym_SecondOrder_Barycentric_256,reference_file,ALL_FIELDS,29.42912839525881,77.38232399000096,643.7866447062697,0.00012145508136196248,0.00015277781509418246,0.0003456861478944413,2.0160471764361283
Struct,2,Asym,SecondOrder,ConsGalerkinProj,64,4096,0.015625,0.015625,Struct2D_Asym_SecondOrder_ConsGalerkinProj_64,reference_file,Density,0.0019422804609830696,0.002660204717255075,0.012649216302012878,0.0008069775959539286,0.0010930375481486528,0.0037600868466771556,nan
Struct,2,Asym,SecondOrder,ConsGalerkinProj,128,16384,0.0078125,0.0078125,Struct2D_Asym_SecondOrder_ConsGalerkinProj_128,reference_file,Density,0.00046655165972932743,0.0006419284282753128,0.00319671245502251,0.00019383311019511936,0.0002636997559180286,0.0009499474552273583,2.0510529149117454
Struct,2,Asym,SecondOrder,ConsGalerkinProj,256,65536,0.00390625,0.00390625,Struct2D_Asym_SecondOrder_ConsGalerkinProj_256,reference_file,Density,0.00011435674318346339,0.00015765719196119245,0.0007988483733525342,4.750941468060169e-05,6.475727532838482e-05,0.00023739188375405119,2.0256214692457233
Struct,2,Asym,SecondOrder,ConsGalerkinProj,64,4096,0.015625,0.015625,Struct2D_Asym_SecondOrder_ConsGalerkinProj_64,reference_file,Momentum_x,0.4174142803687443,0.6071214848068406,3.2213342973351473,0.007327978892829134,0.007821231258675444,0.011919011027448401,nan
Struct,2,Asym,SecondOrder,ConsGalerkinProj,128,16384,0.0078125,0.0078125,Struct2D_Asym_SecondOrder_ConsGalerkinProj_128,reference_file,Momentum_x,0.10023489214164799,0.1466220077126766,0.7732992991124661,0.0017315044874397145,0.0018739824945507458,0.002857140420331101,2.049883562380513
Struct,2,Asym,SecondOrder,ConsGalerkinProj,256,65536,0.00390625,0.00390625,Struct2D_Asym_SecondOrder_ConsGalerkinProj_256,reference_file,Momentum_x,0.024566619469745542,0.036025097090961494,0.18928216425592836,0.0004210186871744095,0.0004586327513786843,0.0006993882681424278,2.025027442069811
Struct,2,Asym,SecondOrder,ConsGalerkinProj,64,4096,0.015625,0.015625,Struct2D_Asym_SecondOrder_ConsGalerkinProj_64,reference_file,Momentum_y,0.20870714018437214,0.3035607424034203,1.6106671486675737,0.007327978892829134,0.007821231258675444,0.011919011027448401,nan
Struct,2,Asym,SecondOrder,ConsGalerkinProj,128,16384,0.0078125,0.0078125,Struct2D_Asym_SecondOrder_ConsGalerkinProj_128,reference_file,Momentum_y,0.050117446070823995,0.0733110038563383,0.38664964955623304,0.0017315044874397145,0.0018739824945507458,0.002857140420331101,2.049883562380513
Struct,2,Asym,SecondOrder,ConsGalerkinProj,256,65536,0.00390625,0.00390625,Struct2D_Asym_SecondOrder_ConsGalerkinProj_256,reference_file,Momentum_y,0.012283309734872771,0.018012548545480747,0.09464108212796418,0.0004210186871744095,0.0004586327513786843,0.0006993882681424278,2.025027442069811
Struct,2,Asym,SecondOrder,ConsGalerkinProj,64,4096,0.015625,0.015625,Struct2D_Asym_SecondOrder_ConsGalerkinProj_64,reference_file,Energy,1562.9842392957282,2200.5303116131413,10118.382482067682,0.0016139069564231213,0.0021758183495695625,0.00543653748133971,nan
Struct,2,Asym,SecondOrder,ConsGalerkinProj,128,16384,0.0078125,0.0078125,Struct2D_Asym_SecondOrder_ConsGalerkinProj_128,reference_file,Energy,375.1466921765294,531.2188894022274,2517.840625666082,0.00038718752105110135,0.0005246840275011222,0.001351938726966484,2.0504728916083916
Struct,2,Asym,SecondOrder,ConsGalerkinProj,256,65536,0.00390625,0.00390625,Struct2D_Asym_SecondOrder_ConsGalerkinProj_256,reference_file,Energy,91.94389391127214,130.49325478450277,626.8001500954852,9.487275022132954e-05,0.00012881801293572164,0.00033656512008730044,2.025331212214891
Struct,2,Asym,SecondOrder,ConsGalerkinProj,64,4096,0.015625,0.015625,Struct2D_Asym_SecondOrder_ConsGalerkinProj_64,reference_file,ALL_FIELDS,390.9030757491856,1100.2652081522126,10118.382482067682,0.0016144090370721967,0.0021758184450677257,0.00543653748133971,nan
Struct,2,Asym,SecondOrder,ConsGalerkinProj,128,16384,0.0078125,0.0078125,Struct2D_Asym_SecondOrder_ConsGalerkinProj_128,reference_file,ALL_FIELDS,93.8243777666004,265.6094573479381,2517.840625666082,0.00038730750786401867,0.0005246840505237353,0.001351938726966484,2.050472891552295
Struct,2,Asym,SecondOrder,ConsGalerkinProj,256,65536,0.00390625,0.00390625,Struct2D_Asym_SecondOrder_ConsGalerkinProj_256,reference_file,ALL_FIELDS,22.995214549304986,65.24663050023644,626.8001500954852,9.490208532548892e-05,0.00012881801858744414,0.00033656512008730044,2.0253312121859586
Struct,2,Asym,SecondOrder,NN,64,4096,0.015625,0.015625,Struct2D_Asym_SecondOrder_NN_64,reference_file,Density,0.0013062596785477936,0.0019124584968913214,0.012828087811502353,0.0005427240381919482,0.0007858000299071381,0.003813257920206006,nan
Struct,2,Asym,SecondOrder,NN,128,16384,0.0078125,0.0078125,Struct2D_Asym_SecondOrder_NN_128,reference_file,Density,0.0003228688832318109,0.0004662931148609969,0.0031977000447405146,0.00013413880010276766,0.0001915499846384214,0.0009502409312132741,2.0361194070193243
Struct,2,Asym,SecondOrder,NN,256,65536,0.00390625,0.00390625,Struct2D_Asym_SecondOrder_NN_256,reference_file,Density,8.035062477131116e-05,0.00011522232551478227,0.0007977425561316309,3.3381600820699715e-05,4.7327265978289086e-05,0.00023706327066311353,2.016816846529536
Struct,2,Asym,SecondOrder,NN,64,4096,0.015625,0.015625,Struct2D_Asym_SecondOrder_NN_64,reference_file,Momentum_x,0.28700410967783435,0.4385192671828754,2.5793308820421257,0.0050385436167072525,0.005649216319717879,0.009543583617487496,nan
Struct,2,Asym,SecondOrder,NN,128,16384,0.0078125,0.0078125,Struct2D_Asym_SecondOrder_NN_128,reference_file,Momentum_x,0.0703690059545595,0.10683260902058292,0.6403921160794095,0.0012155871771159915,0.001365432395006329,0.0023660828372815365,2.037288156778755
Struct,2,Asym,SecondOrder,NN,256,65536,0.00390625,0.00390625,Struct2D_Asym_SecondOrder_NN_256,reference_file,Momentum_x,0.01743716957322338,0.026375808827964486,0.15960154399183857,0.00029883534650736816,0.00033578840168185326,0.00058971983907783,2.018064834241922
Struct,2,Asym,SecondOrder,NN,64,4096,0.015625,0.015625,Struct2D_Asym_SecondOrder_NN_64,reference_file,Momentum_y,0.14350205483891718,0.2192596335914377,1.2896654410210628,0.0050385436167072525,0.005649216319717879,0.009543583617487496,nan
Struct,2,Asym,SecondOrder,NN,128,16384,0.0078125,0.0078125,Struct2D_Asym_SecondOrder_NN_128,reference_file,Momentum_y,0.03518450297727975,0.05341630451029146,0.32019605803970475,0.0012155871771159915,0.001365432395006329,0.0023660828372815365,2.037288156778755
Struct,2,Asym,SecondOrder,NN,256,65536,0.00390625,0.00390625,Struct2D_Asym_SecondOrder_NN_256,reference_file,Momentum_y,0.00871858478661169,0.013187904413982243,0.07980077199591928,0.00029883534650736816,0.00033578840168185326,0.00058971983907783,2.018064834241922
Struct,2,Asym,SecondOrder,NN,64,4096,0.015625,0.015625,Struct2D_Asym_SecondOrder_NN_64,reference_file,Energy,1055.8048836818218,1574.8466869286012,10081.275429965928,0.0010902034733039894,0.0015571611538793854,0.005416600116851786,nan
Struct,2,Asym,SecondOrder,NN,128,16384,0.0078125,0.0078125,Struct2D_Asym_SecondOrder_NN_128,reference_file,Energy,260.63051569420946,384.5633837460898,2507.642480345792,0.00026899579654143785,0.0003798326246275081,0.0013464628968201321,2.0339180795575444
Struct,2,Asym,SecondOrder,NN,256,65536,0.00390625,0.00390625,Struct2D_Asym_SecondOrder_NN_256,reference_file,Energy,64.78789698838249,95.08668015922827,625.2586906652432,6.685170386927106e-05,9.386597962472582e-05,0.0003357374216922537,2.0159062366818215
Struct,2,Asym,SecondOrder,NN,64,4096,0.015625,0.015625,Struct2D_Asym_SecondOrder_NN_64,reference_file,ALL_FIELDS,264.0591740265043,787.4233816231875,10081.275429965928,0.001090550428781313,0.0015571612236022958,0.005416600116851786,nan
Struct,2,Asym,SecondOrder,NN,128,16384,0.0078125,0.0078125,Struct2D_Asym_SecondOrder_NN_128,reference_file,ALL_FIELDS,65.18409801800613,192.2817011476701,2507.642480345792,0.000269080287625473,0.0003798326415297618,0.0013464628968201321,2.033918079883412
Struct,2,Asym,SecondOrder,NN,256,65536,0.00390625,0.00390625,Struct2D_Asym_SecondOrder_NN_256,reference_file,ALL_FIELDS,16.203533273341776,47.543342365994754,625.2586906652432,6.687257011600952e-05,9.38659837857794e-05,0.0003357374216922537,2.0159062368897462
Struct,2,Asym,ThirdOrder,Barycentric,64,4096,0.015625,0.015625,Struct2D_Asym_ThirdOrder_Barycentric_64,reference_file,Density,7.302801176456317e-05,9.542985717793727e-05,0.0003714126979481591,3.034163734584163e-05,3.9210672935569795e-05,0.00011040557508859386,nan
Struct,2,Asym,ThirdOrder,Barycentric,128,16384,0.0078125,0.0078125,Struct2D_Asym_ThirdOrder_Barycentric_128,reference_file,Density,6.219197858183304e-06,8.497316743238095e-06,4.6148627130815356e-05,2.5838220454940925e-06,3.4906389130799575e-06,1.3713704789518072e-05,3.4893614649988276
Struct,2,Asym,ThirdOrder,Barycentric,256,65536,0.00390625,0.00390625,Struct2D_Asym_ThirdOrder_Barycentric_256,reference_file,Density,6.286113351685853e-07,8.999986482649955e-07,6.046623678201968e-06,2.6115606097262177e-07,3.696720684662235e-07,1.7968608727287976e-06,3.2390126035954943
Struct,2,Asym,ThirdOrder,Barycentric,64,4096,0.015625,0.015625,Struct2D_Asym_ThirdOrder_Barycentric_64,reference_file,Momentum_x,0.02163347116369023,0.03477662049418315,0.24920568907968033,0.00037978964190229543,0.00044800916799499446,0.0009220667841585891,nan
Struct,2,Asym,ThirdOrder,Barycentric,128,16384,0.0078125,0.0078125,Struct2D_Asym_ThirdOrder_Barycentric_128,reference_file,Momentum_x,0.0016986882728293232,0.002750068572661393,0.027232287719341386,2.93439370694257e-05,3.514875048008253e-05,0.00010061624272816083,3.6605782442837325
Struct,2,Asym,ThirdOrder,Barycentric,256,65536,0.00390625,0.00390625,Struct2D_Asym_ThirdOrder_Barycentric_256,reference_file,Momentum_x,0.0001614967251617839,0.0002624763088028428,0.0031088003351449345,2.7677043353203757e-06,3.3415657804895057e-06,1.1486864020942832e-05,3.389208476886736
Struct,2,Asym,ThirdOrder,Barycentric,64,4096,0.015625,0.015625,Struct2D_Asym_ThirdOrder_Barycentric_64,reference_file,Momentum_y,0.010816735581845115,0.017388310247091573,0.12460284453984016,0.00037978964190229543,0.00044800916799499446,0.0009220667841585891,nan
Struct,2,Asym,ThirdOrder,Barycentric,128,16384,0.0078125,0.0078125,Struct2D_Asym_ThirdOrder_Barycentric_128,reference_file,Momentum_y,0.0008493441364146616,0.0013750342863306966,0.013616143859670693,2.93439370694257e-05,3.514875048008253e-05,0.00010061624272816083,3.6605782442837325
Struct,2,Asym,ThirdOrder,Barycentric,256,65536,0.00390625,0.00390625,Struct2D_Asym_ThirdOrder_Barycentric_256,reference_file,Momentum_y,8.074836258089195e-05,0.0001312381544014214,0.0015544001675724672,2.7677043353203757e-06,3.3415657804895057e-06,1.1486864020942832e-05,3.389208476886736
Struct,2,Asym,ThirdOrder,Barycentric,64,4096,0.015625,0.015625,Struct2D_Asym_ThirdOrder_Barycentric_64,reference_file,Energy,65.50426365144368,99.22440004232212,619.992484860355,6.763842150454121e-05,9.811010973025401e-05,0.0003331177080986843,nan
Struct,2,Asym,ThirdOrder,Barycentric,128,16384,0.0078125,0.0078125,Struct2D_Asym_ThirdOrder_Barycentric_128,reference_file,Energy,5.374092416200778,8.265409385379433,71.19186120026279,5.546581014631919e-06,8.1637313201466e-06,3.822602321225008e-05,3.585536751009907
Struct,2,Asym,ThirdOrder,Barycentric,256,65536,0.00390625,0.00390625,Struct2D_Asym_ThirdOrder_Barycentric_256,reference_file,Energy,0.537234156920392,0.8300826029763514,8.36540323367808,5.543476549846908e-07,8.194261968904767e-07,4.491867054423404e-06,3.315759464081134
Struct,2,Asym,ThirdOrder,Barycentric,64,4096,0.015625,0.015625,Struct2D_Asym_ThirdOrder_Barycentric_64,reference_file,ALL_FIELDS,16.384196721550243,49.61220383014281,619.992484860355,6.766586628090629e-05,9.811011690115242e-05,0.0003331177080986843,nan
Struct,2,Asym,ThirdOrder,Barycentric,128,16384,0.0078125,0.0078125,Struct2D_Asym_ThirdOrder_Barycentric_128,reference_file,ALL_FIELDS,1.34416166695197,4.132704978630432,71.19186120026279,5.548706186877981e-06,8.163731854498498e-06,3.822602321225008e-05,3.585536761953288
Struct,2,Asym,ThirdOrder,Barycentric,256,65536,0.00390625,0.00390625,Struct2D_Asym_ThirdOrder_Barycentric_256,reference_file,ALL_FIELDS,0.13436925765486746,0.4150413274247732,8.36540323367808,5.545468048468482e-07,8.194262450161036e-07,4.491867054423404e-06,3.3157594737444813
Struct,2,Asym,ThirdOrder,ConsGalerkinProj,64,4096,0.015625,0.015625,Struct2D_Asym_ThirdOrder_ConsGalerkinProj_64,reference_file,Density,8.244267694567986e-05,0.00011224848999543645,0.0006189523116146844,3.425323715193932e-05,4.612119266317205e-05,0.00018398882508258223,nan
Struct,2,Asym,ThirdOrder,ConsGalerkinProj,128,16384,0.0078125,0.0078125,Struct2D_Asym_ThirdOrder_ConsGalerkinProj_128,reference_file,Density,7.287212999011007e-06,1.0177052061478425e-05,5.743973117722234e-05,3.027538603275098e-06,4.1806625573309875e-06,1.706901300272304e-05,3.4633044090834377
Struct,2,Asym,ThirdOrder,ConsGalerkinProj,256,65536,0.00390625,0.00390625,Struct2D_Asym_ThirdOrder_ConsGalerkinProj_256,reference_file,Density,7.715196806336598e-07,1.0985809837536811e-06,7.1547422457740595e-06,3.2052721528336035e-07,4.5123923844195114e-07,2.12615784941888e-06,3.211606593783542
Struct,2,Asym,ThirdOrder,ConsGalerkinProj,64,4096,0.015625,0.015625,Struct2D_Asym_ThirdOrder_ConsGalerkinProj_64,reference_file,Momentum_x,0.024543629074670427,0.039924024509386105,0.28045417534003647,0.0004308793548072386,0.000514320504675075,0.0010376869023923177,nan
Struct,2,Asym,ThirdOrder,ConsGalerkinProj,128,16384,0.0078125,0.0078125,Struct2D_Asym_ThirdOrder_ConsGalerkinProj_128,reference_file,Momentum_x,0.002021314705315756,0.0032691221433417995,0.03256042203873122,3.491713721641136e-05,4.178279758094652e-05,0.00012030231763648427,3.610281971470114
Struct,2,Asym,ThirdOrder,ConsGalerkinProj,256,65536,0.00390625,0.00390625,Struct2D_Asym_ThirdOrder_ConsGalerkinProj_256,reference_file,Momentum_x,0.00020166285431317171,0.00032219941366171275,0.003828802346893312,3.4560648557827473e-06,4.1018960533862145e-06,1.4147235969009196e-05,3.342877507399577
Struct,2,Asym,ThirdOrder,ConsGalerkinProj,64,4096,0.015625,0.015625,Struct2D_Asym_ThirdOrder_ConsGalerkinProj_64,reference_file,Momentum_y,0.012271814537335213,0.019962012254693053,0.14022708767001824,0.0004308793548072386,0.000514320504675075,0.0010376869023923177,nan
Struct,2,Asym,ThirdOrder,ConsGalerkinProj,128,16384,0.0078125,0.0078125,Struct2D_Asym_ThirdOrder_ConsGalerkinProj_128,reference_file,Momentum_y,0.001010657352657878,0.0016345610716708998,0.01628021101936561,3.491713721641136e-05,4.178279758094652e-05,0.00012030231763648427,3.610281971470114
Struct,2,Asym,ThirdOrder,ConsGalerkinProj,256,65536,0.00390625,0.00390625,Struct2D_Asym_ThirdOrder_ConsGalerkinProj_256,reference_file,Momentum_y,0.00010083142715658586,0.00016109970683085637,0.001914401173446656,3.4560648557827473e-06,4.1018960533862145e-06,1.4147235969009196e-05,3.342877507399577
Struct,2,Asym,ThirdOrder,ConsGalerkinProj,64,4096,0.015625,0.015625,Struct2D_Asym_ThirdOrder_ConsGalerkinProj_64,reference_file,Energy,74.9267769503593,115.13693306192101,698.5479049083078,7.73679244501125e-05,0.00011384394495599736,0.000375324996290246,nan
Struct,2,Asym,ThirdOrder,ConsGalerkinProj,128,16384,0.0078125,0.0078125,Struct2D_Asym_ThirdOrder_ConsGalerkinProj_128,reference_file,Energy,6.4363323796907,9.876145390940694,82.68433925078716,6.642914973593072e-06,9.754652636197618e-06,4.43968371974307e-05,3.5432588029749414
Struct,2,Asym,ThirdOrder,ConsGalerkinProj,256,65536,0.00390625,0.00390625,Struct2D_Asym_ThirdOrder_ConsGalerkinProj_256,reference_file,Energy,0.6704983219053053,1.0187268585440739,9.967375549022108,6.918569261307295e-07,1.005648681677931e-06,5.352058304550192e-06,3.277180787789673
Struct,2,Asym,ThirdOrder,ConsGalerkinProj,64,4096,0.015625,0.015625,Struct2D_Asym_ThirdOrder_ConsGalerkinProj_64,reference_file,ALL_FIELDS,18.74091870916206,57.56847085716179,698.5479049083078,7.739900349753048e-05,0.00011384395309174218,0.000375324996290246,nan
Struct,2,Asym,ThirdOrder,ConsGalerkinProj,128,16384,0.0078125,0.0078125,Struct2D_Asym_ThirdOrder_ConsGalerkinProj_128,reference_file,ALL_FIELDS,1.609842909740418,4.9380730336349865,82.68433925078716,6.645439706247395e-06,9.754653267769827e-06,4.43968371974307e-05,3.5432588125944044
Struct,2,Asym,ThirdOrder,ConsGalerkinProj,256,65536,0.00390625,0.00390625,Struct2D_Asym_ThirdOrder_ConsGalerkinProj_256,reference_file,ALL_FIELDS,0.16770039692661393,0.509363461117369,9.967375549022108,6.921056267652392e-07,1.0056487407689864e-06,5.352058304550192e-06,3.2771807963899153
Struct,2,Asym,ThirdOrder,NN,64,4096,0.015625,0.015625,Struct2D_Asym_ThirdOrder_NN_64,reference_file,Density,0.0003999043071235913,0.000505741849016717,0.0016923435326798852,0.0001661520171040995,0.00020780161280812943,0.0005030634709184459,nan
Struct,2,Asym,ThirdOrder,NN,128,16384,0.0078125,0.0078125,Struct2D_Asym_ThirdOrder_NN_128,reference_file,Density,5.003084119624739e-05,6.307465670502906e-05,0.0002226316650872917,2.078576584717944e-05,2.5910632471002015e-05,6.61580879351293e-05,3.0032688090079387
Struct,2,Asym,ThirdOrder,NN,256,65536,0.00390625,0.00390625,Struct2D_Asym_ThirdOrder_NN_256,reference_file,Density,6.247712506861562e-06,7.866831113292929e-06,2.9084770521770054e-05,2.5956070104013767e-06,3.2312801086220815e-06,8.643052540422862e-06,3.003205932117306
Struct,2,Asym,ThirdOrder,NN,64,4096,0.015625,0.015625,Struct2D_Asym_ThirdOrder_NN_64,reference_file,Momentum_x,0.09582541691986465,0.1545597496825855,0.8210773751249718,0.0016822774533851352,0.001991113106358099,0.0030380051820758755,nan
Struct,2,Asym,ThirdOrder,NN,128,16384,0.0078125,0.0078125,Struct2D_Asym_ThirdOrder_NN_128,reference_file,Momentum_x,0.012134239418961065,0.019443665283617212,0.10082902492132462,0.0002096125366794206,0.0002485103630745908,0.0003725371055889069,2.9907925537308815
Struct,2,Asym,ThirdOrder,NN,256,65536,0.00390625,0.00390625,Struct2D_Asym_ThirdOrder_NN_256,reference_file,Momentum_x,0.0015217177244664416,0.0024261004442753848,0.012382535696275454,2.607894828158573e-05,3.0886498905737465e-05,4.575285912369655e-05,3.0025890173337677
Struct,2,Asym,ThirdOrder,NN,64,4096,0.015625,0.015625,Struct2D_Asym_ThirdOrder_NN_64,reference_file,Momentum_y,0.04791270845993233,0.07727987484129276,0.4105386875624859,0.0016822774533851352,0.001991113106358099,0.0030380051820758755,nan
Struct,2,Asym,ThirdOrder,NN,128,16384,0.0078125,0.0078125,Struct2D_Asym_ThirdOrder_NN_128,reference_file,Momentum_y,0.006067119709480533,0.009721832641808606,0.05041451246066231,0.0002096125366794206,0.0002485103630745908,0.0003725371055889069,2.9907925537308815
Struct,2,Asym,ThirdOrder,NN,256,65536,0.00390625,0.00390625,Struct2D_Asym_ThirdOrder_NN_256,reference_file,Momentum_y,0.0007608588622332208,0.0012130502221376924,0.006191267848137727,2.607894828158573e-05,3.0886498905737465e-05,4.575285912369655e-05,3.0025890173337677
Struct,2,Asym,ThirdOrder,NN,64,4096,0.015625,0.015625,Struct2D_Asym_ThirdOrder_NN_64,reference_file,Energy,328.0820490569281,478.8562695369774,2265.6054981411435,0.0003387711071796315,0.0004734787121842442,0.0012172942889243966,nan
Struct,2,Asym,ThirdOrder,NN,128,16384,0.0078125,0.0078125,Struct2D_Asym_ThirdOrder_NN_128,reference_file,Energy,41.20598146932271,60.05347951975965,280.9781261780299,4.2528541901889244e-05,5.931472341907941e-05,0.0001508694419886336,2.99527294701195
Struct,2,Asym,ThirdOrder,NN,256,65536,0.00390625,0.00390625,Struct2D_Asym_ThirdOrder_NN_256,reference_file,Energy,5.153974224846409,7.49367675838655,34.459304090123624,5.3181531527574e-06,7.397474690872647e-06,1.8503186091213415e-05,3.00250218549967
Struct,2,Asym,ThirdOrder,NN,64,4096,0.015625,0.015625,Struct2D_Asym_ThirdOrder_NN_64,reference_file,ALL_FIELDS,82.05654677165376,239.42815035831802,2265.6054981411435,0.0003388892001046661,0.0004734787412690847,0.0012172942889243966,nan
Struct,2,Asym,ThirdOrder,NN,128,16384,0.0078125,0.0078125,Struct2D_Asym_ThirdOrder_NN_128,reference_file,ALL_FIELDS,10.306058214823087,30.02674172718512,280.9781261780299,4.2543460645316016e-05,5.9314727083726154e-05,0.0001508694419886336,2.9952729464266863
Struct,2,Asym,ThirdOrder,NN,256,65536,0.00390625,0.00390625,Struct2D_Asym_ThirdOrder_NN_256,reference_file,ALL_FIELDS,1.289065762286404,3.7468386246507484,34.459304090123624,5.320021202688375e-06,7.397475147665514e-06,1.8503186091213415e-05,3.002502185511048
Struct,2,Constant,FirstOrder,NN,64,4096,0.015625,0.015625,Struct2D_Constant_FirstOrder_NN_64,reference_file,Density,0.0,0.0,0.0,0.0,0.0,0.0,nan
Struct,2,Constant,FirstOrder,NN,128,16384,0.0078125,0.0078125,Struct2D_Constant_FirstOrder_NN_128,reference_file,Density,0.0,0.0,0.0,0.0,0.0,0.0,nan
Struct,2,Constant,FirstOrder,NN,256,65536,0.00390625,0.00390625,Struct2D_Constant_FirstOrder_NN_256,reference_file,Density,0.0,0.0,0.0,0.0,0.0,0.0,nan
Struct,2,Constant,FirstOrder,NN,64,4096,0.015625,0.015625,Struct2D_Constant_FirstOrder_NN_64,reference_file,Momentum_x,0.0,0.0,0.0,0.0,0.0,0.0,nan
Struct,2,Constant,FirstOrder,NN,128,16384,0.0078125,0.0078125,Struct2D_Constant_FirstOrder_NN_128,reference_file,Momentum_x,0.0,0.0,0.0,0.0,0.0,0.0,nan
Struct,2,Constant,FirstOrder,NN,256,65536,0.00390625,0.00390625,Struct2D_Constant_FirstOrder_NN_256,reference_file,Momentum_x,0.0,0.0,0.0,0.0,0.0,0.0,nan
Struct,2,Constant,FirstOrder,NN,64,4096,0.015625,0.015625,Struct2D_Constant_FirstOrder_NN_64,reference_file,Momentum_y,0.0,0.0,0.0,0.0,0.0,0.0,nan
Struct,2,Constant,FirstOrder,NN,128,16384,0.0078125,0.0078125,Struct2D_Constant_FirstOrder_NN_128,reference_file,Momentum_y,0.0,0.0,0.0,0.0,0.0,0.0,nan
Struct,2,Constant,FirstOrder,NN,256,65536,0.00390625,0.00390625,Struct2D_Constant_FirstOrder_NN_256,reference_file,Momentum_y,0.0,0.0,0.0,0.0,0.0,0.0,nan
Struct,2,Constant,FirstOrder,NN,64,4096,0.015625,0.015625,Struct2D_Constant_FirstOrder_NN_64,reference_file,Energy,0.0,0.0,0.0,0.0,0.0,0.0,nan
Struct,2,Constant,FirstOrder,NN,128,16384,0.0078125,0.0078125,Struct2D_Constant_FirstOrder_NN_128,reference_file,Energy,0.0,0.0,0.0,0.0,0.0,0.0,nan
Struct,2,Constant,FirstOrder,NN,256,65536,0.00390625,0.00390625,Struct2D_Constant_FirstOrder_NN_256,reference_file,Energy,0.0,0.0,0.0,0.0,0.0,0.0,nan
Struct,2,Constant,FirstOrder,NN,64,4096,0.015625,0.015625,Struct2D_Constant_FirstOrder_NN_64,reference_file,ALL_FIELDS,0.0,0.0,0.0,0.0,0.0,0.0,nan
Struct,2,Constant,FirstOrder,NN,128,16384,0.0078125,0.0078125,Struct2D_Constant_FirstOrder_NN_128,reference_file,ALL_FIELDS,0.0,0.0,0.0,0.0,0.0,0.0,nan
Struct,2,Constant,FirstOrder,NN,256,65536,0.00390625,0.00390625,Struct2D_Constant_FirstOrder_NN_256,reference_file,ALL_FIELDS,0.0,0.0,0.0,0.0,0.0,0.0,nan
Struct,2,Constant,SecondOrder,Barycentric,64,4096,0.015625,0.015625,Struct2D_Constant_SecondOrder_Barycentric_64,reference_file,Density,5.2366964931049864e-17,1.0816665110907547e-16,4.440892098500626e-16,4.3639137442541566e-17,9.013887592422955e-17,3.7007434154171886e-16,nan
Struct,2,Constant,SecondOrder,Barycentric,128,16384,0.0078125,0.0078125,Struct2D_Constant_SecondOrder_Barycentric_128,reference_file,Density,5.5416283541165345e-17,1.110629526020834e-16,4.440892098500626e-16,4.6180236284304467e-17,9.255246050173615e-17,3.7007434154171886e-16,-0.038121885514498695
Struct,2,Constant,SecondOrder,Barycentric,256,65536,0.00390625,0.00390625,Struct2D_Constant_SecondOrder_Barycentric_256,reference_file,Density,5.473188091978387e-17,1.10417568020821e-16,4.440892098500626e-16,4.5609900766486575e-17,9.201464001735084e-17,3.7007434154171886e-16,0.008407924702327563
Struct,2,Constant,SecondOrder,Barycentric,64,4096,0.015625,0.015625,Struct2D_Constant_SecondOrder_Barycentric_64,reference_file,Momentum_x,2.9247437804968968e-15,6.982940978124746e-15,2.842170943040401e-14,2.437286483747414e-17,5.819117481770621e-17,2.3684757858670006e-16,nan
Struct,2,Constant,SecondOrder,Barycentric,128,16384,0.0078125,0.0078125,Struct2D_Constant_SecondOrder_Barycentric_128,reference_file,Momentum_x,2.6619331738864105e-15,6.5446682087919576e-15,2.842170943040401e-14,2.218277644905342e-17,5.453890173993298e-17,2.3684757858670006e-16,0.09351472413043924
Struct,2,Constant,SecondOrder,Barycentric,256,65536,0.00390625,0.00390625,Struct2D_Constant_SecondOrder_Barycentric_256,reference_file,Momentum_x,2.8143719993378724e-15,6.84049661419639e-15,4.263256414560601e-14,2.345309999448227e-17,5.700413845163658e-17,3.552713678800501e-16,-0.0637810127782948
Struct,2,Constant,SecondOrder,Barycentric,64,4096,0.015625,0.015625,Struct2D_Constant_SecondOrder_Barycentric_64,reference_file,Momentum_y,1.4623718902484484e-15,3.491470489062373e-15,1.4210854715202004e-14,2.437286483747414e-17,5.819117481770621e-17,2.3684757858670006e-16,nan
Struct,2,Constant,SecondOrder,Barycentric,128,16384,0.0078125,0.0078125,Struct2D_Constant_SecondOrder_Barycentric_128,reference_file,Momentum_y,1.3309665869432052e-15,3.2723341043959788e-15,1.4210854715202004e-14,2.218277644905342e-17,5.453890173993298e-17,2.3684757858670006e-16,0.09351472413043924
Struct,2,Constant,SecondOrder,Barycentric,256,65536,0.00390625,0.00390625,Struct2D_Constant_SecondOrder_Barycentric_256,reference_file,Momentum_y,1.4071859996689362e-15,3.420248307098195e-15,2.1316282072803006e-14,2.345309999448227e-17,5.700413845163658e-17,3.552713678800501e-16,-0.0637810127782948
Struct,2,Constant,SecondOrder,Barycentric,64,4096,0.015625,0.015625,Struct2D_Constant_SecondOrder_Barycentric_64,reference_file,Energy,5.9614535530272406e-12,1.412647595044206e-11,5.820766091346741e-11,2.4573793175910762e-17,5.823094908361093e-17,2.3993863372712876e-16,nan
Struct,2,Constant,SecondOrder,Barycentric,128,16384,0.0078125,0.0078125,Struct2D_Constant_SecondOrder_Barycentric_128,reference_file,Energy,6.048495038157853e-12,1.4153897152469577e-11,5.820766091346741e-11,2.493258812990946e-17,5.834398241369817e-17,2.3993863372712876e-16,-0.0027977314467598838
Struct,2,Constant,SecondOrder,Barycentric,256,65536,0.00390625,0.00390625,Struct2D_Constant_SecondOrder_Barycentric_256,reference_file,Energy,6.247447004170681e-12,1.4488717328648283e-11,5.820766091346741e-11,2.575269088190648e-17,5.972414946311843e-17,2.3993863372712876e-16,-0.03373053894357887
Struct,2,Constant,SecondOrder,Barycentric,64,4096,0.015625,0.015625,Struct2D_Constant_SecondOrder_Barycentric_64,reference_file,ALL_FIELDS,1.4914732589157292e-12,7.0632390541087595e-12,5.820766091346741e-11,2.4573738439304488e-17,5.823094907244465e-17,2.3993863372712876e-16,nan
Struct,2,Constant,SecondOrder,Barycentric,128,16384,0.0078125,0.0078125,Struct2D_Constant_SecondOrder_Barycentric_128,reference_file,ALL_FIELDS,1.513135838550556e-12,7.076949522143595e-12,5.820766091346741e-11,2.4930654369700606e-17,5.834398128893624e-17,2.3993863372712876e-16,-0.002797703910969631
Struct,2,Constant,SecondOrder,Barycentric,256,65536,0.00390625,0.00390625,Struct2D_Constant_SecondOrder_Barycentric_256,reference_file,ALL_FIELDS,1.5629308235126519e-12,7.244359673776515e-12,5.820766091346741e-11,2.5751084054733786e-17,5.972414865114325e-17,2.3993863372712876e-16,-0.03373054714196614
Struct,2,Constant,SecondOrder,ConsGalerkinProj,64,4096,0.015625,0.015625,Struct2D_Constant_SecondOrder_ConsGalerkinProj_64,reference_file,Density,0.0,0.0,0.0,0.0,0.0,0.0,nan
Struct,2,Constant,SecondOrder,ConsGalerkinProj,128,16384,0.0078125,0.0078125,Struct2D_Constant_SecondOrder_ConsGalerkinProj_128,reference_file,Density,0.0,0.0,0.0,0.0,0.0,0.0,nan
Struct,2,Constant,SecondOrder,ConsGalerkinProj,256,65536,0.00390625,0.00390625,Struct2D_Constant_SecondOrder_ConsGalerkinProj_256,reference_file,Density,0.0,0.0,0.0,0.0,0.0,0.0,nan
Struct,2,Constant,SecondOrder,ConsGalerkinProj,64,4096,0.015625,0.015625,Struct2D_Constant_SecondOrder_ConsGalerkinProj_64,reference_file,Momentum_x,0.0,0.0,0.0,0.0,0.0,0.0,nan
Struct,2,Constant,SecondOrder,ConsGalerkinProj,128,16384,0.0078125,0.0078125,Struct2D_Constant_SecondOrder_ConsGalerkinProj_128,reference_file,Momentum_x,0.0,0.0,0.0,0.0,0.0,0.0,nan
Struct,2,Constant,SecondOrder,ConsGalerkinProj,256,65536,0.00390625,0.00390625,Struct2D_Constant_SecondOrder_ConsGalerkinProj_256,reference_file,Momentum_x,0.0,0.0,0.0,0.0,0.0,0.0,nan
Struct,2,Constant,SecondOrder,ConsGalerkinProj,64,4096,0.015625,0.015625,Struct2D_Constant_SecondOrder_ConsGalerkinProj_64,reference_file,Momentum_y,0.0,0.0,0.0,0.0,0.0,0.0,nan
Struct,2,Constant,SecondOrder,ConsGalerkinProj,128,16384,0.0078125,0.0078125,Struct2D_Constant_SecondOrder_ConsGalerkinProj_128,reference_file,Momentum_y,0.0,0.0,0.0,0.0,0.0,0.0,nan
Struct,2,Constant,SecondOrder,ConsGalerkinProj,256,65536,0.00390625,0.00390625,Struct2D_Constant_SecondOrder_ConsGalerkinProj_256,reference_file,Momentum_y,0.0,0.0,0.0,0.0,0.0,0.0,nan
Struct,2,Constant,SecondOrder,ConsGalerkinProj,64,4096,0.015625,0.015625,Struct2D_Constant_SecondOrder_ConsGalerkinProj_64,reference_file,Energy,0.0,0.0,0.0,0.0,0.0,0.0,nan
Struct,2,Constant,SecondOrder,ConsGalerkinProj,128,16384,0.0078125,0.0078125,Struct2D_Constant_SecondOrder_ConsGalerkinProj_128,reference_file,Energy,0.0,0.0,0.0,0.0,0.0,0.0,nan
Struct,2,Constant,SecondOrder,ConsGalerkinProj,256,65536,0.00390625,0.00390625,Struct2D_Constant_SecondOrder_ConsGalerkinProj_256,reference_file,Energy,0.0,0.0,0.0,0.0,0.0,0.0,nan
Struct,2,Constant,SecondOrder,ConsGalerkinProj,64,4096,0.015625,0.015625,Struct2D_Constant_SecondOrder_ConsGalerkinProj_64,reference_file,ALL_FIELDS,0.0,0.0,0.0,0.0,0.0,0.0,nan
Struct,2,Constant,SecondOrder,ConsGalerkinProj,128,16384,0.0078125,0.0078125,Struct2D_Constant_SecondOrder_ConsGalerkinProj_128,reference_file,ALL_FIELDS,0.0,0.0,0.0,0.0,0.0,0.0,nan
Struct,2,Constant,SecondOrder,ConsGalerkinProj,256,65536,0.00390625,0.00390625,Struct2D_Constant_SecondOrder_ConsGalerkinProj_256,reference_file,ALL_FIELDS,0.0,0.0,0.0,0.0,0.0,0.0,nan
Struct,2,Constant,SecondOrder,NN,64,4096,0.015625,0.015625,Struct2D_Constant_SecondOrder_NN_64,reference_file,Density,0.0,0.0,0.0,0.0,0.0,0.0,nan
Struct,2,Constant,SecondOrder,NN,128,16384,0.0078125,0.0078125,Struct2D_Constant_SecondOrder_NN_128,reference_file,Density,0.0,0.0,0.0,0.0,0.0,0.0,nan
Struct,2,Constant,SecondOrder,NN,256,65536,0.00390625,0.00390625,Struct2D_Constant_SecondOrder_NN_256,reference_file,Density,0.0,0.0,0.0,0.0,0.0,0.0,nan
Struct,2,Constant,SecondOrder,NN,64,4096,0.015625,0.015625,Struct2D_Constant_SecondOrder_NN_64,reference_file,Momentum_x,0.0,0.0,0.0,0.0,0.0,0.0,nan
Struct,2,Constant,SecondOrder,NN,128,16384,0.0078125,0.0078125,Struct2D_Constant_SecondOrder_NN_128,reference_file,Momentum_x,0.0,0.0,0.0,0.0,0.0,0.0,nan
Struct,2,Constant,SecondOrder,NN,256,65536,0.00390625,0.00390625,Struct2D_Constant_SecondOrder_NN_256,reference_file,Momentum_x,0.0,0.0,0.0,0.0,0.0,0.0,nan
Struct,2,Constant,SecondOrder,NN,64,4096,0.015625,0.015625,Struct2D_Constant_SecondOrder_NN_64,reference_file,Momentum_y,0.0,0.0,0.0,0.0,0.0,0.0,nan
Struct,2,Constant,SecondOrder,NN,128,16384,0.0078125,0.0078125,Struct2D_Constant_SecondOrder_NN_128,reference_file,Momentum_y,0.0,0.0,0.0,0.0,0.0,0.0,nan
Struct,2,Constant,SecondOrder,NN,256,65536,0.00390625,0.00390625,Struct2D_Constant_SecondOrder_NN_256,reference_file,Momentum_y,0.0,0.0,0.0,0.0,0.0,0.0,nan
Struct,2,Constant,SecondOrder,NN,64,4096,0.015625,0.015625,Struct2D_Constant_SecondOrder_NN_64,reference_file,Energy,0.0,0.0,0.0,0.0,0.0,0.0,nan
Struct,2,Constant,SecondOrder,NN,128,16384,0.0078125,0.0078125,Struct2D_Constant_SecondOrder_NN_128,reference_file,Energy,0.0,0.0,0.0,0.0,0.0,0.0,nan
Struct,2,Constant,SecondOrder,NN,256,65536,0.00390625,0.00390625,Struct2D_Constant_SecondOrder_NN_256,reference_file,Energy,0.0,0.0,0.0,0.0,0.0,0.0,nan
Struct,2,Constant,SecondOrder,NN,64,4096,0.015625,0.015625,Struct2D_Constant_SecondOrder_NN_64,reference_file,ALL_FIELDS,0.0,0.0,0.0,0.0,0.0,0.0,nan
Struct,2,Constant,SecondOrder,NN,128,16384,0.0078125,0.0078125,Struct2D_Constant_SecondOrder_NN_128,reference_file,ALL_FIELDS,0.0,0.0,0.0,0.0,0.0,0.0,nan
Struct,2,Constant,SecondOrder,NN,256,65536,0.00390625,0.00390625,Struct2D_Constant_SecondOrder_NN_256,reference_file,ALL_FIELDS,0.0,0.0,0.0,0.0,0.0,0.0,nan
Struct,2,Constant,ThirdOrder,Barycentric,64,4096,0.015625,0.015625,Struct2D_Constant_ThirdOrder_Barycentric_64,reference_file,Density,5.2366964931049864e-17,1.0816665110907547e-16,4.440892098500626e-16,4.3639137442541566e-17,9.013887592422955e-17,3.7007434154171886e-16,nan
Struct,2,Constant,ThirdOrder,Barycentric,128,16384,0.0078125,0.0078125,Struct2D_Constant_ThirdOrder_Barycentric_128,reference_file,Density,5.5416283541165345e-17,1.110629526020834e-16,4.440892098500626e-16,4.6180236284304467e-17,9.255246050173615e-17,3.7007434154171886e-16,-0.038121885514498695
Struct,2,Constant,ThirdOrder,Barycentric,256,65536,0.00390625,0.00390625,Struct2D_Constant_ThirdOrder_Barycentric_256,reference_file,Density,5.473188091978387e-17,1.10417568020821e-16,4.440892098500626e-16,4.5609900766486575e-17,9.201464001735084e-17,3.7007434154171886e-16,0.008407924702327563
Struct,2,Constant,ThirdOrder,Barycentric,64,4096,0.015625,0.015625,Struct2D_Constant_ThirdOrder_Barycentric_64,reference_file,Momentum_x,2.9247437804968968e-15,6.982940978124746e-15,2.842170943040401e-14,2.437286483747414e-17,5.819117481770621e-17,2.3684757858670006e-16,nan
Struct,2,Constant,ThirdOrder,Barycentric,128,16384,0.0078125,0.0078125,Struct2D_Constant_ThirdOrder_Barycentric_128,reference_file,Momentum_x,2.6619331738864105e-15,6.5446682087919576e-15,2.842170943040401e-14,2.218277644905342e-17,5.453890173993298e-17,2.3684757858670006e-16,0.09351472413043924
Struct,2,Constant,ThirdOrder,Barycentric,256,65536,0.00390625,0.00390625,Struct2D_Constant_ThirdOrder_Barycentric_256,reference_file,Momentum_x,2.8143719993378724e-15,6.84049661419639e-15,4.263256414560601e-14,2.345309999448227e-17,5.700413845163658e-17,3.552713678800501e-16,-0.0637810127782948
Struct,2,Constant,ThirdOrder,Barycentric,64,4096,0.015625,0.015625,Struct2D_Constant_ThirdOrder_Barycentric_64,reference_file,Momentum_y,1.4623718902484484e-15,3.491470489062373e-15,1.4210854715202004e-14,2.437286483747414e-17,5.819117481770621e-17,2.3684757858670006e-16,nan
Struct,2,Constant,ThirdOrder,Barycentric,128,16384,0.0078125,0.0078125,Struct2D_Constant_ThirdOrder_Barycentric_128,reference_file,Momentum_y,1.3309665869432052e-15,3.2723341043959788e-15,1.4210854715202004e-14,2.218277644905342e-17,5.453890173993298e-17,2.3684757858670006e-16,0.09351472413043924
Struct,2,Constant,ThirdOrder,Barycentric,256,65536,0.00390625,0.00390625,Struct2D_Constant_ThirdOrder_Barycentric_256,reference_file,Momentum_y,1.4071859996689362e-15,3.420248307098195e-15,2.1316282072803006e-14,2.345309999448227e-17,5.700413845163658e-17,3.552713678800501e-16,-0.0637810127782948
Struct,2,Constant,ThirdOrder,Barycentric,64,4096,0.015625,0.015625,Struct2D_Constant_ThirdOrder_Barycentric_64,reference_file,Energy,5.9614535530272406e-12,1.412647595044206e-11,5.820766091346741e-11,2.4573793175910762e-17,5.823094908361093e-17,2.3993863372712876e-16,nan
Struct,2,Constant,ThirdOrder,Barycentric,128,16384,0.0078125,0.0078125,Struct2D_Constant_ThirdOrder_Barycentric_128,reference_file,Energy,6.048495038157853e-12,1.4153897152469577e-11,5.820766091346741e-11,2.493258812990946e-17,5.834398241369817e-17,2.3993863372712876e-16,-0.0027977314467598838
Struct,2,Constant,ThirdOrder,Barycentric,256,65536,0.00390625,0.00390625,Struct2D_Constant_ThirdOrder_Barycentric_256,reference_file,Energy,6.247447004170681e-12,1.4488717328648283e-11,5.820766091346741e-11,2.575269088190648e-17,5.972414946311843e-17,2.3993863372712876e-16,-0.03373053894357887
Struct,2,Constant,ThirdOrder,Barycentric,64,4096,0.015625,0.015625,Struct2D_Constant_ThirdOrder_Barycentric_64,reference_file,ALL_FIELDS,1.4914732589157292e-12,7.0632390541087595e-12,5.820766091346741e-11,2.4573738439304488e-17,5.823094907244465e-17,2.3993863372712876e-16,nan
Struct,2,Constant,ThirdOrder,Barycentric,128,16384,0.0078125,0.0078125,Struct2D_Constant_ThirdOrder_Barycentric_128,reference_file,ALL_FIELDS,1.513135838550556e-12,7.076949522143595e-12,5.820766091346741e-11,2.4930654369700606e-17,5.834398128893624e-17,2.3993863372712876e-16,-0.002797703910969631
Struct,2,Constant,ThirdOrder,Barycentric,256,65536,0.00390625,0.00390625,Struct2D_Constant_ThirdOrder_Barycentric_256,reference_file,ALL_FIELDS,1.5629308235126519e-12,7.244359673776515e-12,5.820766091346741e-11,2.5751084054733786e-17,5.972414865114325e-17,2.3993863372712876e-16,-0.03373054714196614
Struct,2,Constant,ThirdOrder,ConsGalerkinProj,64,4096,0.015625,0.015625,Struct2D_Constant_ThirdOrder_ConsGalerkinProj_64,reference_file,Density,0.0,0.0,0.0,0.0,0.0,0.0,nan
Struct,2,Constant,ThirdOrder,ConsGalerkinProj,128,16384,0.0078125,0.0078125,Struct2D_Constant_ThirdOrder_ConsGalerkinProj_128,reference_file,Density,0.0,0.0,0.0,0.0,0.0,0.0,nan
Struct,2,Constant,ThirdOrder,ConsGalerkinProj,256,65536,0.00390625,0.00390625,Struct2D_Constant_ThirdOrder_ConsGalerkinProj_256,reference_file,Density,0.0,0.0,0.0,0.0,0.0,0.0,nan
Struct,2,Constant,ThirdOrder,ConsGalerkinProj,64,4096,0.015625,0.015625,Struct2D_Constant_ThirdOrder_ConsGalerkinProj_64,reference_file,Momentum_x,0.0,0.0,0.0,0.0,0.0,0.0,nan
Struct,2,Constant,ThirdOrder,ConsGalerkinProj,128,16384,0.0078125,0.0078125,Struct2D_Constant_ThirdOrder_ConsGalerkinProj_128,reference_file,Momentum_x,0.0,0.0,0.0,0.0,0.0,0.0,nan
Struct,2,Constant,ThirdOrder,ConsGalerkinProj,256,65536,0.00390625,0.00390625,Struct2D_Constant_ThirdOrder_ConsGalerkinProj_256,reference_file,Momentum_x,0.0,0.0,0.0,0.0,0.0,0.0,nan
Struct,2,Constant,ThirdOrder,ConsGalerkinProj,64,4096,0.015625,0.015625,Struct2D_Constant_ThirdOrder_ConsGalerkinProj_64,reference_file,Momentum_y,0.0,0.0,0.0,0.0,0.0,0.0,nan
Struct,2,Constant,ThirdOrder,ConsGalerkinProj,128,16384,0.0078125,0.0078125,Struct2D_Constant_ThirdOrder_ConsGalerkinProj_128,reference_file,Momentum_y,0.0,0.0,0.0,0.0,0.0,0.0,nan
Struct,2,Constant,ThirdOrder,ConsGalerkinProj,256,65536,0.00390625,0.00390625,Struct2D_Constant_ThirdOrder_ConsGalerkinProj_256,reference_file,Momentum_y,0.0,0.0,0.0,0.0,0.0,0.0,nan
Struct,2,Constant,ThirdOrder,ConsGalerkinProj,64,4096,0.015625,0.015625,Struct2D_Constant_ThirdOrder_ConsGalerkinProj_64,reference_file,Energy,0.0,0.0,0.0,0.0,0.0,0.0,nan
Struct,2,Constant,ThirdOrder,ConsGalerkinProj,128,16384,0.0078125,0.0078125,Struct2D_Constant_ThirdOrder_ConsGalerkinProj_128,reference_file,Energy,0.0,0.0,0.0,0.0,0.0,0.0,nan
Struct,2,Constant,ThirdOrder,ConsGalerkinProj,256,65536,0.00390625,0.00390625,Struct2D_Constant_ThirdOrder_ConsGalerkinProj_256,reference_file,Energy,0.0,0.0,0.0,0.0,0.0,0.0,nan
Struct,2,Constant,ThirdOrder,ConsGalerkinProj,64,4096,0.015625,0.015625,Struct2D_Constant_ThirdOrder_ConsGalerkinProj_64,reference_file,ALL_FIELDS,0.0,0.0,0.0,0.0,0.0,0.0,nan
Struct,2,Constant,ThirdOrder,ConsGalerkinProj,128,16384,0.0078125,0.0078125,Struct2D_Constant_ThirdOrder_ConsGalerkinProj_128,reference_file,ALL_FIELDS,0.0,0.0,0.0,0.0,0.0,0.0,nan
Struct,2,Constant,ThirdOrder,ConsGalerkinProj,256,65536,0.00390625,0.00390625,Struct2D_Constant_ThirdOrder_ConsGalerkinProj_256,reference_file,ALL_FIELDS,0.0,0.0,0.0,0.0,0.0,0.0,nan
Struct,2,Constant,ThirdOrder,NN,64,4096,0.015625,0.015625,Struct2D_Constant_ThirdOrder_NN_64,reference_file,Density,0.0,0.0,0.0,0.0,0.0,0.0,nan
Struct,2,Constant,ThirdOrder,NN,128,16384,0.0078125,0.0078125,Struct2D_Constant_ThirdOrder_NN_128,reference_file,Density,0.0,0.0,0.0,0.0,0.0,0.0,nan
Struct,2,Constant,ThirdOrder,NN,256,65536,0.00390625,0.00390625,Struct2D_Constant_ThirdOrder_NN_256,reference_file,Density,0.0,0.0,0.0,0.0,0.0,0.0,nan
Struct,2,Constant,ThirdOrder,NN,64,4096,0.015625,0.015625,Struct2D_Constant_ThirdOrder_NN_64,reference_file,Momentum_x,0.0,0.0,0.0,0.0,0.0,0.0,nan
Struct,2,Constant,ThirdOrder,NN,128,16384,0.0078125,0.0078125,Struct2D_Constant_ThirdOrder_NN_128,reference_file,Momentum_x,0.0,0.0,0.0,0.0,0.0,0.0,nan
Struct,2,Constant,ThirdOrder,NN,256,65536,0.00390625,0.00390625,Struct2D_Constant_ThirdOrder_NN_256,reference_file,Momentum_x,0.0,0.0,0.0,0.0,0.0,0.0,nan
Struct,2,Constant,ThirdOrder,NN,64,4096,0.015625,0.015625,Struct2D_Constant_ThirdOrder_NN_64,reference_file,Momentum_y,0.0,0.0,0.0,0.0,0.0,0.0,nan
Struct,2,Constant,ThirdOrder,NN,128,16384,0.0078125,0.0078125,Struct2D_Constant_ThirdOrder_NN_128,reference_file,Momentum_y,0.0,0.0,0.0,0.0,0.0,0.0,nan
Struct,2,Constant,ThirdOrder,NN,256,65536,0.00390625,0.00390625,Struct2D_Constant_ThirdOrder_NN_256,reference_file,Momentum_y,0.0,0.0,0.0,0.0,0.0,0.0,nan
Struct,2,Constant,ThirdOrder,NN,64,4096,0.015625,0.015625,Struct2D_Constant_ThirdOrder_NN_64,reference_file,Energy,0.0,0.0,0.0,0.0,0.0,0.0,nan
Struct,2,Constant,ThirdOrder,NN,128,16384,0.0078125,0.0078125,Struct2D_Constant_ThirdOrder_NN_128,reference_file,Energy,0.0,0.0,0.0,0.0,0.0,0.0,nan
Struct,2,Constant,ThirdOrder,NN,256,65536,0.00390625,0.00390625,Struct2D_Constant_ThirdOrder_NN_256,reference_file,Energy,0.0,0.0,0.0,0.0,0.0,0.0,nan
Struct,2,Constant,ThirdOrder,NN,64,4096,0.015625,0.015625,Struct2D_Constant_ThirdOrder_NN_64,reference_file,ALL_FIELDS,0.0,0.0,0.0,0.0,0.0,0.0,nan
Struct,2,Constant,ThirdOrder,NN,128,16384,0.0078125,0.0078125,Struct2D_Constant_ThirdOrder_NN_128,reference_file,ALL_FIELDS,0.0,0.0,0.0,0.0,0.0,0.0,nan
Struct,2,Constant,ThirdOrder,NN,256,65536,0.00390625,0.00390625,Struct2D_Constant_ThirdOrder_NN_256,reference_file,ALL_FIELDS,0.0,0.0,0.0,0.0,0.0,0.0,nan
Struct,2,Discontinuous,FirstOrder,NN,64,4096,0.015625,0.015625,Struct2D_Discontinuous_FirstOrder_NN_64,reference_file,Density,0.030468749999999992,0.2704163456597991,2.3999999999999995,0.018335684062059234,0.14142135623730948,0.6666666666666666,nan
Struct,2,Discontinuous,FirstOrder,NN,128,16384,0.0078125,0.0078125,Struct2D_Discontinuous_FirstOrder_NN_128,reference_file,Density,0.011718749999999997,0.16770509831248417,2.3999999999999995,0.007042253521126758,0.08757118051300733,0.6666666666666666,0.6892558116268649
Struct,2,Discontinuous,FirstOrder,NN,256,65536,0.00390625,0.00390625,Struct2D_Discontinuous_FirstOrder_NN_256,reference_file,Density,0.007470703124999999,0.1339017830351784,2.3999999999999995,0.004477218856992362,0.06971312612599995,0.6666666666666666,0.3247513764579332
Struct,2,Discontinuous,FirstOrder,NN,64,4096,0.015625,0.015625,Struct2D_Discontinuous_FirstOrder_NN_64,reference_file,Momentum_x,6.093749999999999,54.08326913195983,479.99999999999994,0.03667136812411847,0.282842712474619,1.3333333333333335,nan
Struct,2,Discontinuous,FirstOrder,NN,128,16384,0.0078125,0.0078125,Struct2D_Discontinuous_FirstOrder_NN_128,reference_file,Momentum_x,2.3437499999999996,33.541019662496836,479.99999999999994,0.014084507042253518,0.17514236102601466,1.3333333333333335,0.689255811626865
Struct,2,Discontinuous,FirstOrder,NN,256,65536,0.00390625,0.00390625,Struct2D_Discontinuous_FirstOrder_NN_256,reference_file,Momentum_x,1.4941406249999998,26.78035660703568,479.99999999999994,0.008954437713984723,0.1394262522519999,1.3333333333333335,0.3247513764579332
Struct,2,Discontinuous,FirstOrder,NN,64,4096,0.015625,0.015625,Struct2D_Discontinuous_FirstOrder_NN_64,reference_file,Momentum_y,3.0468749999999996,27.041634565979916,239.99999999999997,0.03667136812411847,0.282842712474619,1.3333333333333335,nan
Struct,2,Discontinuous,FirstOrder,NN,128,16384,0.0078125,0.0078125,Struct2D_Discontinuous_FirstOrder_NN_128,reference_file,Momentum_y,1.1718749999999998,16.770509831248418,239.99999999999997,0.014084507042253518,0.17514236102601466,1.3333333333333335,0.689255811626865
Struct,2,Discontinuous,FirstOrder,NN,256,65536,0.00390625,0.00390625,Struct2D_Discontinuous_FirstOrder_NN_256,reference_file,Momentum_y,0.7470703124999999,13.39017830351784,239.99999999999997,0.008954437713984723,0.1394262522519999,1.3333333333333335,0.3247513764579332
Struct,2,Discontinuous,FirstOrder,NN,64,4096,0.015625,0.015625,Struct2D_Discontinuous_FirstOrder_NN_64,reference_file,Energy,24067.158984375,213600.9249794656,1895751.6,0.03962951008159509,0.22182750979608853,0.8865506325673135,nan
Struct,2,Discontinuous,FirstOrder,NN,128,16384,0.0078125,0.0078125,Struct2D_Discontinuous_FirstOrder_NN_128,reference_file,Energy,9256.599609375,132469.67018918722,1895751.6,0.015195796035062006,0.13724573879065013,0.8865506325673135,0.6892558116268649
Struct,2,Discontinuous,FirstOrder,NN,256,65536,0.00390625,0.00390625,Struct2D_Discontinuous_FirstOrder_NN_256,reference_file,Energy,5901.082250976562,105768.54976324683,1895751.6,0.009630611360057878,0.10908308256062271,0.8865506325673135,0.3247513764579335
Struct,2,Discontinuous,FirstOrder,NN,64,4096,0.015625,0.015625,Struct2D_Discontinuous_FirstOrder_NN_64,reference_file,ALL_FIELDS,6019.08251953125,106800.46676911859,1895751.6,0.0396282382222935,0.22182751321696825,0.8865506325673135,nan
Struct,2,Discontinuous,FirstOrder,NN,128,16384,0.0078125,0.0078125,Struct2D_Discontinuous_FirstOrder_NN_128,reference_file,ALL_FIELDS,2315.03173828125,66234.837748556,1895751.6,0.0151953185932841,0.1372457409128109,0.8865506325673135,0.689255811626865
Struct,2,Discontinuous,FirstOrder,NN,256,65536,0.00390625,0.00390625,Struct2D_Discontinuous_FirstOrder_NN_256,reference_file,ALL_FIELDS,1475.8327331542969,52884.27700064247,1895751.6,0.009630321245026842,0.10908308425589366,0.8865506325673135,0.3247513764579332
Struct,2,Discontinuous,SecondOrder,Barycentric,64,4096,0.015625,0.015625,Struct2D_Discontinuous_SecondOrder_Barycentric_64,reference_file,Density,0.041592261904761896,0.2133976306167301,1.9809523809523955,0.025029663957731655,0.11160191617119714,0.5502645502645543,nan
Struct,2,Discontinuous,SecondOrder,Barycentric,128,16384,0.0078125,0.0078125,Struct2D_Discontinuous_SecondOrder_Barycentric_128,reference_file,Density,0.020503198818897724,0.14740848333295462,2.097637795275616,0.012321171121215533,0.07697282332494157,0.5826771653543378,0.5337246041350833
Struct,2,Discontinuous,SecondOrder,Barycentric,256,65536,0.00390625,0.00390625,Struct2D_Discontinuous_SecondOrder_Barycentric_256,reference_file,Density,0.010272863051470633,0.10521180133491857,2.0988235294117636,0.006156563231033816,0.054776295058579505,0.5830065359477122,0.4865230166064744
Struct,2,Discontinuous,SecondOrder,Barycentric,64,4096,0.015625,0.015625,Struct2D_Discontinuous_SecondOrder_Barycentric_64,reference_file,Momentum_x,8.318452380952372,42.679526123346015,396.1904761904791,0.05005932791546327,0.22320383234239424,1.1005291005291087,nan
Struct,2,Discontinuous,SecondOrder,Barycentric,128,16384,0.0078125,0.0078125,Struct2D_Discontinuous_SecondOrder_Barycentric_128,reference_file,Momentum_x,4.1006397637795375,29.48169666659092,419.5275590551231,0.024642342242431024,0.1539456466498831,1.1653543307086756,0.5337246041350833
Struct,2,Discontinuous,SecondOrder,Barycentric,256,65536,0.00390625,0.00390625,Struct2D_Discontinuous_SecondOrder_Barycentric_256,reference_file,Momentum_x,2.054572610294121,21.042360266983714,419.7647058823528,0.012313126462067597,0.109552590117159,1.1660130718954247,0.4865230166064744
Struct,2,Discontinuous,SecondOrder,Barycentric,64,4096,0.015625,0.015625,Struct2D_Discontinuous_SecondOrder_Barycentric_64,reference_file,Momentum_y,4.159226190476186,21.339763061673008,198.09523809523955,0.05005932791546327,0.22320383234239424,1.1005291005291087,nan
Struct,2,Discontinuous,SecondOrder,Barycentric,128,16384,0.0078125,0.0078125,Struct2D_Discontinuous_SecondOrder_Barycentric_128,reference_file,Momentum_y,2.0503198818897688,14.74084833329546,209.76377952756155,0.024642342242431024,0.1539456466498831,1.1653543307086756,0.5337246041350833
Struct,2,Discontinuous,SecondOrder,Barycentric,256,65536,0.00390625,0.00390625,Struct2D_Discontinuous_SecondOrder_Barycentric_256,reference_file,Momentum_y,1.0272863051470604,10.521180133491857,209.8823529411764,0.012313126462067597,0.109552590117159,1.1660130718954247,0.4865230166064744
Struct,2,Discontinuous,SecondOrder,Barycentric,64,4096,0.015625,0.015625,Struct2D_Discontinuous_SecondOrder_Barycentric_64,reference_file,Energy,32853.58210565473,168562.04153244797,1564747.3523809642,0.05409742646059007,0.1750540074809246,0.7317560776746135,nan
Struct,2,Discontinuous,SecondOrder,Barycentric,128,16384,0.0078125,0.0078125,Struct2D_Discontinuous_SecondOrder_Barycentric_128,reference_file,Energy,16195.404985851415,116437.4450550092,1656916.7527559255,0.026586660464494375,0.12063548695069427,0.7748592142911258,0.5337246041350833
Struct,2,Discontinuous,SecondOrder,Barycentric,256,65536,0.00390625,0.00390625,Struct2D_Discontinuous_SecondOrder_Barycentric_256,reference_file,Energy,8114.498569335943,83106.43363314754,1657853.3599999999,0.013242923717948111,0.08571079003745297,0.7752972198529838,0.4865230166064742
Struct,2,Discontinuous,SecondOrder,Barycentric,64,4096,0.015625,0.015625,Struct2D_Discontinuous_SecondOrder_Barycentric_64,reference_file,ALL_FIELDS,8216.525344122014,84281.02414327867,1564747.3523809642,0.05409569027170217,0.17505401018049374,0.7317560776746135,nan
Struct,2,Discontinuous,SecondOrder,Barycentric,128,16384,0.0078125,0.0078125,Struct2D_Discontinuous_SecondOrder_Barycentric_128,reference_file,ALL_FIELDS,4050.3941121739763,58218.72486026954,1656916.7527559255,0.026585825129352245,0.12063548881601922,0.7748592142911258,0.5337246041350833
Struct,2,Discontinuous,SecondOrder,Barycentric,256,65536,0.00390625,0.00390625,Struct2D_Discontinuous_SecondOrder_Barycentric_256,reference_file,ALL_FIELDS,2029.3976752786089,41553.21848156885,1657853.3599999999,0.013242524784683978,0.0857107913694928,0.7752972198529838,0.4865230166064744
Struct,2,Discontinuous,SecondOrder,ConsGalerkinProj,64,4096,0.015625,0.015625,Struct2D_Discontinuous_SecondOrder_ConsGalerkinProj_64,reference_file,Density,0.04006062275797987,0.21584563075953475,2.1003697981004876,0.02410794411387599,0.11288216237606266,0.5834360550279133,nan
Struct,2,Discontinuous,SecondOrder,ConsGalerkinProj,128,16384,0.0078125,0.0078125,Struct2D_Discontinuous_SecondOrder_ConsGalerkinProj_128,reference_file,Density,0.019498920076816195,0.1475712718227681,2.2254525124372027,0.011717660891232268,0.07705782718213101,0.6181812534547786,0.5485879948209597
Struct,2,Discontinuous,SecondOrder,ConsGalerkinProj,256,65536,0.00390625,0.00390625,Struct2D_Discontinuous_SecondOrder_ConsGalerkinProj_256,reference_file,Density,0.009836740996832415,0.10615369546752586,2.2289851638638547,0.005895193738188859,0.05526667228116317,0.6191625455177375,0.47525729878803724
Struct,2,Discontinuous,SecondOrder,ConsGalerkinProj,64,4096,0.015625,0.015625,Struct2D_Discontinuous_SecondOrder_ConsGalerkinProj_64,reference_file,Momentum_x,8.012124551596232,43.16912615190766,420.07395962014976,0.04821588822775354,0.22576432475212901,1.1668721100559718,nan
Struct,2,Discontinuous,SecondOrder,ConsGalerkinProj,128,16384,0.0078125,0.0078125,Struct2D_Discontinuous_SecondOrder_ConsGalerkinProj_128,reference_file,Momentum_x,3.8997840153628855,29.514254364551807,445.09050248791715,0.02343532178246241,0.15411565436425256,1.2363625069108812,0.5485879948210722
Struct,2,Discontinuous,SecondOrder,ConsGalerkinProj,256,65536,0.00390625,0.00390625,Struct2D_Discontinuous_SecondOrder_ConsGalerkinProj_256,reference_file,Momentum_x,1.9673481993649449,21.23073909350395,445.7970327727197,0.0117903874763685,0.11053334456231996,1.2383250910353327,0.47525729878803147
Struct,2,Discontinuous,SecondOrder,ConsGalerkinProj,64,4096,0.015625,0.015625,Struct2D_Discontinuous_SecondOrder_ConsGalerkinProj_64,reference_file,Momentum_y,4.006062275798116,21.58456307595383,210.03697981007488,0.04821588822775354,0.22576432475212901,1.1668721100559718,nan
Struct,2,Discontinuous,SecondOrder,ConsGalerkinProj,128,16384,0.0078125,0.0078125,Struct2D_Discontinuous_SecondOrder_ConsGalerkinProj_128,reference_file,Momentum_y,1.9498920076814428,14.757127182275903,222.54525124395857,0.02343532178246241,0.15411565436425256,1.2363625069108812,0.5485879948210722
Struct,2,Discontinuous,SecondOrder,ConsGalerkinProj,256,65536,0.00390625,0.00390625,Struct2D_Discontinuous_SecondOrder_ConsGalerkinProj_256,reference_file,Momentum_y,0.9836740996824724,10.615369546751975,222.89851638635986,0.0117903874763685,0.11053334456231996,1.2383250910353327,0.47525729878803147
Struct,2,Discontinuous,SecondOrder,ConsGalerkinProj,64,4096,0.015625,0.015625,Struct2D_Discontinuous_SecondOrder_ConsGalerkinProj_64,reference_file,Energy,31643.745704342153,170495.70827725477,1659074.752225407,0.0521052833956764,0.17706214709369658,0.77586840547142,nan
Struct,2,Discontinuous,SecondOrder,ConsGalerkinProj,128,16384,0.0078125,0.0078125,Struct2D_Discontinuous_SecondOrder_ConsGalerkinProj_128,reference_file,Energy,15402.128722454167,116566.03111335973,1757877.1504906788,0.025284404257384364,0.12076870905769652,0.8220734719375353,0.5485879948209286
Struct,2,Discontinuous,SecondOrder,ConsGalerkinProj,256,65536,0.00390625,0.00390625,Struct2D_Discontinuous_SecondOrder_ConsGalerkinProj_256,reference_file,Energy,7770.007284808304,83850.43251187196,1760667.579490711,0.012680711307222302,0.08647810405749551,0.8233784195873818,0.47525729878799094
Struct,2,Discontinuous,SecondOrder,ConsGalerkinProj,64,4096,0.015625,0.015625,Struct2D_Discontinuous_SecondOrder_ConsGalerkinProj_64,reference_file,ALL_FIELDS,7913.9509879480765,85247.8575544221,1659074.752225407,0.05210361114211554,0.17706214982423393,0.77586840547142,nan
Struct,2,Discontinuous,SecondOrder,ConsGalerkinProj,128,16384,0.0078125,0.0078125,Struct2D_Discontinuous_SecondOrder_ConsGalerkinProj_128,reference_file,ALL_FIELDS,3851.999474349322,58283.01789202095,1757877.1504906788,0.025283609838263832,0.1207687109250814,0.8220734719375353,0.5485879948209283
Struct,2,Discontinuous,SecondOrder,ConsGalerkinProj,256,65536,0.00390625,0.00390625,Struct2D_Discontinuous_SecondOrder_ConsGalerkinProj_256,reference_file,ALL_FIELDS,1943.242035962087,41925.21793583671,1760667.579490711,0.012680329310190442,0.08647810540146025,0.8233784195873818,0.47525729878799094
Struct,2,Discontinuous,SecondOrder,NN,64,4096,0.015625,0.015625,Struct2D_Discontinuous_SecondOrder_NN_64,reference_file,Density,0.047061011904761856,0.24134831247909705,2.2095238095238137,0.028320684173998672,0.1262194620413954,0.6137566137566149,nan
Struct,2,Discontinuous,SecondOrder,NN,128,16384,0.0078125,0.0078125,Struct2D_Discontinuous_SecondOrder_NN_128,reference_file,Density,0.022348671259842523,0.15813916987022578,2.570078740157493,0.013430187423755131,0.08257610490218338,0.7139107611548593,0.6099219828595124
Struct,2,Discontinuous,SecondOrder,NN,256,65536,0.00390625,0.00390625,Struct2D_Discontinuous_SecondOrder_NN_256,reference_file,Density,0.011936465992647041,0.11960115423477571,2.5647058823529303,0.0071535663690460724,0.06226780675350387,0.7124183006535918,0.40296344393460604
Struct,2,Discontinuous,SecondOrder,NN,64,4096,0.015625,0.015625,Struct2D_Discontinuous_SecondOrder_NN_64,reference_file,Momentum_x,9.412202380952369,48.26966249581941,441.9047619047627,0.05664136834799733,0.2524389240827908,1.2275132275132299,nan
Struct,2,Discontinuous,SecondOrder,NN,128,16384,0.0078125,0.0078125,Struct2D_Discontinuous_SecondOrder_NN_128,reference_file,Momentum_x,4.4697342519685055,31.627833974045156,514.0157480314986,0.026860374847510266,0.16515220980436676,1.4278215223097184,0.6099219828595124
Struct,2,Discontinuous,SecondOrder,NN,256,65536,0.00390625,0.00390625,Struct2D_Discontinuous_SecondOrder_NN_256,reference_file,Momentum_x,2.3872931985294086,23.920230846955146,512.9411764705861,0.014307132738092145,0.12453561350700774,1.4248366013071838,0.4029634439346058
Struct,2,Discontinuous,SecondOrder,NN,64,4096,0.015625,0.015625,Struct2D_Discontinuous_SecondOrder_NN_64,reference_file,Momentum_y,4.7061011904761845,24.134831247909705,220.95238095238136,0.05664136834799733,0.2524389240827908,1.2275132275132299,nan
Struct,2,Discontinuous,SecondOrder,NN,128,16384,0.0078125,0.0078125,Struct2D_Discontinuous_SecondOrder_NN_128,reference_file,Momentum_y,2.2348671259842527,15.813916987022578,257.0078740157493,0.026860374847510266,0.16515220980436676,1.4278215223097184,0.6099219828595124
Struct,2,Discontinuous,SecondOrder,NN,256,65536,0.00390625,0.00390625,Struct2D_Discontinuous_SecondOrder_NN_256,reference_file,Momentum_y,1.1936465992647043,11.960115423477573,256.47058823529306,0.014307132738092145,0.12453561350700774,1.4248366013071838,0.4029634439346058
Struct,2,Discontinuous,SecondOrder,NN,64,4096,0.015625,0.015625,Struct2D_Discontinuous_SecondOrder_NN_64,reference_file,Energy,37173.32859002973,190640.18730814513,1745295.1238095276,0.06121041544959431,0.19798246670369601,0.8161894712524491,nan
Struct,2,Discontinuous,SecondOrder,NN,128,16384,0.0078125,0.0078125,Struct2D_Discontinuous_SecondOrder_NN_128,reference_file,Energy,17653.137207800206,124913.57679339683,2030096.2015748136,0.028979699210173387,0.12941721759787184,0.9493770553476791,0.6099219828595124
Struct,2,Discontinuous,SecondOrder,NN,256,65536,0.00390625,0.00390625,Struct2D_Discontinuous_SecondOrder_NN_256,reference_file,Energy,9428.572709960925,94472.53312600954,2025852.1999999918,0.015387502764370812,0.09743307584119526,0.9473923426454586,0.40296344393460604
Struct,2,Discontinuous,SecondOrder,NN,64,4096,0.015625,0.015625,Struct2D_Discontinuous_SecondOrder_NN_64,reference_file,ALL_FIELDS,9296.873488653264,95320.09747345168,1745295.1238095276,0.061208450978267666,0.197982469756853,0.8161894712524491,nan
Struct,2,Discontinuous,SecondOrder,NN,128,16384,0.0078125,0.0078125,Struct2D_Discontinuous_SecondOrder_NN_128,reference_file,ALL_FIELDS,4414.966039462355,62456.790899278334,2030096.2015748136,0.028978788687349696,0.1294172195989842,0.9493770553476791,0.6099219828595125
Struct,2,Discontinuous,SecondOrder,NN,256,65536,0.00390625,0.00390625,Struct2D_Discontinuous_SecondOrder_NN_256,reference_file,ALL_FIELDS,2358.041396556178,47236.26845571388,2025852.1999999918,0.015387039227252017,0.0974330773554123,0.9473923426454586,0.4029634439346058
Struct,2,Discontinuous,ThirdOrder,Barycentric,64,4096,0.015625,0.015625,Struct2D_Discontinuous_ThirdOrder_Barycentric_64,reference_file,Density,0.04849079388699899,0.21090732295249057,1.9809523809523957,0.0291811077458198,0.11029954413275539,0.5502645502645545,nan
Struct,2,Discontinuous,ThirdOrder,Barycentric,128,16384,0.0078125,0.0078125,Struct2D_Discontinuous_ThirdOrder_Barycentric_128,reference_file,Density,0.02411539325031758,0.14612522073247705,2.146072292144578,0.014491879511927937,0.07630273743033972,0.5961311922623829,0.5294039840333674
Struct,2,Discontinuous,ThirdOrder,Barycentric,256,65536,0.00390625,0.00390625,Struct2D_Discontinuous_ThirdOrder_Barycentric_256,reference_file,Density,0.012100565287389406,0.10427128208142972,2.1468173779315345,0.007251911657909316,0.054286633637676884,0.5963381605365374,0.4868633319423455
Struct,2,Discontinuous,ThirdOrder,Barycentric,64,4096,0.015625,0.015625,Struct2D_Discontinuous_ThirdOrder_Barycentric_64,reference_file,Momentum_x,9.698158777399794,42.181464590498116,396.19047619047916,0.058362215491639564,0.22059908826551078,1.100529100529109,nan
Struct,2,Discontinuous,ThirdOrder,Barycentric,128,16384,0.0078125,0.0078125,Struct2D_Discontinuous_ThirdOrder_Barycentric_128,reference_file,Momentum_x,4.823078650063509,29.22504414649541,429.21445842891563,0.028983759023855832,0.15260547486067944,1.1922623845247657,0.5294039840333675
Struct,2,Discontinuous,ThirdOrder,Barycentric,256,65536,0.00390625,0.00390625,Struct2D_Discontinuous_ThirdOrder_Barycentric_256,reference_file,Momentum_x,2.420113057477875,20.854256416285942,429.36347558630683,0.014503823315818594,0.10857326727535375,1.1926763210730746,0.4868633319423455
Struct,2,Discontinuous,ThirdOrder,Barycentric,64,4096,0.015625,0.015625,Struct2D_Discontinuous_ThirdOrder_Barycentric_64,reference_file,Momentum_y,4.849079388699897,21.090732295249058,198.09523809523958,0.058362215491639564,0.22059908826551078,1.100529100529109,nan
Struct,2,Discontinuous,ThirdOrder,Barycentric,128,16384,0.0078125,0.0078125,Struct2D_Discontinuous_ThirdOrder_Barycentric_128,reference_file,Momentum_y,2.4115393250317547,14.612522073247705,214.60722921445782,0.028983759023855832,0.15260547486067944,1.1922623845247657,0.5294039840333675
Struct,2,Discontinuous,ThirdOrder,Barycentric,256,65536,0.00390625,0.00390625,Struct2D_Discontinuous_ThirdOrder_Barycentric_256,reference_file,Momentum_y,1.2100565287389375,10.427128208142971,214.68173779315342,0.014503823315818594,0.10857326727535375,1.1926763210730746,0.4868633319423455
Struct,2,Discontinuous,ThirdOrder,Barycentric,64,4096,0.015625,0.015625,Struct2D_Discontinuous_ThirdOrder_Barycentric_64,reference_file,Energy,38302.70837356189,166594.956224542,1564747.3523809644,0.06307007688892309,0.17301116222896137,0.7317560776746136,nan
Struct,2,Discontinuous,ThirdOrder,Barycentric,128,16384,0.0078125,0.0078125,Struct2D_Discontinuous_ThirdOrder_Barycentric_128,reference_file,Energy,19048.664724549453,115423.80041831109,1695174.99231198,0.031270621622368974,0.1195852963158408,0.7927507283899835,0.5294039840333674
Struct,2,Discontinuous,ThirdOrder,Barycentric,256,65536,0.00390625,0.00390625,Struct2D_Discontinuous_ThirdOrder_Barycentric_256,reference_file,Energy,9558.194168530357,82363.52076663406,1695763.5329672964,0.01559904597599093,0.08494459606264063,0.793025960171543,0.4868633319423457
Struct,2,Discontinuous,ThirdOrder,Barycentric,64,4096,0.015625,0.015625,Struct2D_Discontinuous_ThirdOrder_Barycentric_64,reference_file,ALL_FIELDS,9579.32602563047,83297.48144991614,1564747.3523809644,0.06306805273410064,0.17301116489702711,0.7317560776746136,nan
Struct,2,Discontinuous,ThirdOrder,Barycentric,128,16384,0.0078125,0.0078125,Struct2D_Discontinuous_ThirdOrder_Barycentric_128,reference_file,ALL_FIELDS,4763.98086447945,57711.902521612625,1695174.99231198,0.03126963912029083,0.11958529816492719,0.7927507283899835,0.5294039840333674
Struct,2,Discontinuous,ThirdOrder,Barycentric,256,65536,0.00390625,0.00390625,Struct2D_Discontinuous_ThirdOrder_Barycentric_256,reference_file,ALL_FIELDS,2390.4591096704653,41181.76203342824,1695763.5329672964,0.015598576066289635,0.08494459738277299,0.793025960171543,0.4868633319423455
Struct,2,Discontinuous,ThirdOrder,ConsGalerkinProj,64,4096,0.015625,0.015625,Struct2D_Discontinuous_ThirdOrder_ConsGalerkinProj_64,reference_file,Density,0.04273003444243903,0.21588470345571095,2.0436343142178632,0.025714360172224712,0.11290259647249867,0.567676198393851,nan
Struct,2,Discontinuous,ThirdOrder,ConsGalerkinProj,128,16384,0.0078125,0.0078125,Struct2D_Discontinuous_ThirdOrder_ConsGalerkinProj_128,reference_file,Density,0.021001304253989758,0.14790885692454966,2.1699560147805546,0.012620502086904644,0.07723410522128478,0.6027655596612652,0.5455525796102341
Struct,2,Discontinuous,ThirdOrder,ConsGalerkinProj,256,65536,0.00390625,0.00390625,Struct2D_Discontinuous_ThirdOrder_ConsGalerkinProj_256,reference_file,Density,0.0105876900174141,0.1062339719577443,2.1725934261416437,0.006345240147386556,0.055308466534837,0.6034981739282345,0.47746325382284915
Struct,2,Discontinuous,ThirdOrder,ConsGalerkinProj,64,4096,0.015625,0.015625,Struct2D_Discontinuous_ThirdOrder_ConsGalerkinProj_64,reference_file,Momentum_x,8.546006888497958,43.17694069114252,408.72686284357866,0.051428720344510515,0.22580519294499904,1.1353523967877186,nan
Struct,2,Discontinuous,ThirdOrder,ConsGalerkinProj,128,16384,0.0078125,0.0078125,Struct2D_Discontinuous_ThirdOrder_ConsGalerkinProj_128,reference_file,Momentum_x,4.200260850803817,29.58177138491052,433.99120295603046,0.025241004173844533,0.15446821044257264,1.205531119322307,0.5455525796102163
Struct,2,Discontinuous,ThirdOrder,ConsGalerkinProj,256,65536,0.00390625,0.00390625,Struct2D_Discontinuous_ThirdOrder_ConsGalerkinProj_256,reference_file,Momentum_x,2.117538003483965,21.246794391548082,434.51868522836054,0.012690480294779972,0.11061693306966995,1.2069963478565573,0.4774632538229306
Struct,2,Discontinuous,ThirdOrder,ConsGalerkinProj,64,4096,0.015625,0.015625,Struct2D_Discontinuous_ThirdOrder_ConsGalerkinProj_64,reference_file,Momentum_y,4.273003444248979,21.58847034557126,204.36343142178933,0.051428720344510515,0.22580519294499904,1.1353523967877186,nan
Struct,2,Discontinuous,ThirdOrder,ConsGalerkinProj,128,16384,0.0078125,0.0078125,Struct2D_Discontinuous_ThirdOrder_ConsGalerkinProj_128,reference_file,Momentum_y,2.1001304254019084,14.79088569245526,216.99560147801523,0.025241004173844533,0.15446821044257264,1.205531119322307,0.5455525796102163
Struct,2,Discontinuous,ThirdOrder,ConsGalerkinProj,256,65536,0.00390625,0.00390625,Struct2D_Discontinuous_ThirdOrder_ConsGalerkinProj_256,reference_file,Momentum_y,1.0587690017419824,10.623397195774041,217.25934261418027,0.012690480294779972,0.11061693306966995,1.2069963478565573,0.4774632538229306
Struct,2,Discontinuous,ThirdOrder,ConsGalerkinProj,64,4096,0.015625,0.015625,Struct2D_Discontinuous_ThirdOrder_ConsGalerkinProj_64,reference_file,Energy,33752.30465097715,170526.57166320455,1614259.5920805791,0.05557728264941296,0.17709419914613864,0.754910539169209,nan
Struct,2,Discontinuous,ThirdOrder,ConsGalerkinProj,128,16384,0.0078125,0.0078125,Struct2D_Discontinuous_ThirdOrder_ConsGalerkinProj_128,reference_file,Energy,16588.8567256534,116832.68840370512,1714040.6612290302,0.02723255773130669,0.12104498042430518,0.8015732823111915,0.5455525796102071
Struct,2,Discontinuous,ThirdOrder,ConsGalerkinProj,256,65536,0.00390625,0.00390625,Struct2D_Discontinuous_ThirdOrder_ConsGalerkinProj_256,reference_file,Energy,8363.179287831706,83913.84263051639,1716123.9432324357,0.01364877255223208,0.08654350129724922,0.8025475317740088,0.4774632538229495
Struct,2,Discontinuous,ThirdOrder,ConsGalerkinProj,64,4096,0.015625,0.015625,Struct2D_Discontinuous_ThirdOrder_ConsGalerkinProj_64,reference_file,ALL_FIELDS,8441.291597836085,85263.28924801532,1614259.5920805791,0.055575498966401266,0.17709420187717032,0.754910539169209,nan
Struct,2,Discontinuous,ThirdOrder,ConsGalerkinProj,128,16384,0.0078125,0.0078125,Struct2D_Discontinuous_ThirdOrder_ConsGalerkinProj_128,reference_file,ALL_FIELDS,4148.794529558465,58416.34654253599,1714040.6612290302,0.02723170210250318,0.1210449822959619,0.8015732823111915,0.5455525796102071
Struct,2,Discontinuous,ThirdOrder,ConsGalerkinProj,256,65536,0.00390625,0.00390625,Struct2D_Discontinuous_ThirdOrder_ConsGalerkinProj_256,reference_file,ALL_FIELDS,2091.5915456317375,41956.92299642931,1716123.9432324357,0.013648361393072551,0.08654350264223032,0.8025475317740088,0.4774632538229493
Struct,2,Discontinuous,ThirdOrder,NN,64,4096,0.015625,0.015625,Struct2D_Discontinuous_ThirdOrder_NN_64,reference_file,Density,0.04762827650901857,0.23876526920560362,2.23364647446286,0.028662056385305015,0.1248685914715495,0.6204573540174612,nan
Struct,2,Discontinuous,ThirdOrder,NN,128,16384,0.0078125,0.0078125,Struct2D_Discontinuous_ThirdOrder_NN_128,reference_file,Density,0.02197600328794491,0.15193689773765837,2.3896229506744575,0.013206236717638254,0.07933744192784838,0.6637841529651272,0.6521207278837713
Struct,2,Discontinuous,ThirdOrder,NN,256,65536,0.00390625,0.00390625,Struct2D_Discontinuous_ThirdOrder_NN_256,reference_file,Density,0.011932229909427598,0.11717746753896019,2.3885542923051295,0.007151027669361111,0.06100596563021647,0.6634873034180916,0.3747770939654521
Struct,2,Discontinuous,ThirdOrder,NN,64,4096,0.015625,0.015625,Struct2D_Discontinuous_ThirdOrder_NN_64,reference_file,Momentum_x,9.525655301803713,47.753053841120725,446.729294892572,0.05732411277061003,0.24973718294309896,1.2409147080349223,nan
Struct,2,Discontinuous,ThirdOrder,NN,128,16384,0.0078125,0.0078125,Struct2D_Discontinuous_ThirdOrder_NN_128,reference_file,Momentum_x,4.395200657588982,30.387379547531673,477.92459013489156,0.026412473435276515,0.15867488385569672,1.3275683059302545,0.6521207278837713
Struct,2,Discontinuous,ThirdOrder,NN,256,65536,0.00390625,0.00390625,Struct2D_Discontinuous_ThirdOrder_NN_256,reference_file,Momentum_x,2.38644598188552,23.43549350779204,477.7108584610259,0.014302055338722223,0.12201193126043293,1.3269746068361832,0.3747770939654521
Struct,2,Discontinuous,ThirdOrder,NN,64,4096,0.015625,0.015625,Struct2D_Discontinuous_ThirdOrder_NN_64,reference_file,Momentum_y,4.762827650901857,23.876526920560362,223.364647446286,0.05732411277061003,0.24973718294309896,1.2409147080349223,nan
Struct,2,Discontinuous,ThirdOrder,NN,128,16384,0.0078125,0.0078125,Struct2D_Discontinuous_ThirdOrder_NN_128,reference_file,Momentum_y,2.197600328794491,15.193689773765836,238.96229506744578,0.026412473435276515,0.15867488385569672,1.3275683059302545,0.6521207278837713
Struct,2,Discontinuous,ThirdOrder,NN,256,65536,0.00390625,0.00390625,Struct2D_Discontinuous_ThirdOrder_NN_256,reference_file,Momentum_y,1.19322299094276,11.71774675389602,238.85542923051295,0.014302055338722223,0.12201193126043293,1.3269746068361832,0.3747770939654521
Struct,2,Discontinuous,ThirdOrder,NN,64,4096,0.015625,0.015625,Struct2D_Discontinuous_ThirdOrder_NN_64,reference_file,Energy,37621.40891550599,188599.85046706413,1764349.5324155528,0.06194823430837006,0.1958635487231408,0.8251002895278327,nan
Struct,2,Discontinuous,ThirdOrder,NN,128,16384,0.0078125,0.0078125,Struct2D_Discontinuous_ThirdOrder_NN_128,reference_file,Energy,17358.76808113618,120014.42374383428,1887554.805057427,0.028496457696380838,0.12434143022121871,0.8827173910490878,0.6521207278837713
Struct,2,Discontinuous,ThirdOrder,NN,256,65536,0.00390625,0.00390625,Struct2D_Discontinuous_ThirdOrder_NN_256,reference_file,Energy,9425.22664265218,92558.07148788829,1886710.6755517991,0.01538204195693506,0.09545861956475217,0.8823226328185353,0.3747770939654521
Struct,2,Discontinuous,ThirdOrder,NN,64,4096,0.015625,0.015625,Struct2D_Discontinuous_ThirdOrder_NN_64,reference_file,ALL_FIELDS,9408.9362566838,94299.92901203406,1764349.5324155528,0.06194624615767477,0.1958635517436212,0.8251002895278327,nan
Struct,2,Discontinuous,ThirdOrder,NN,128,16384,0.0078125,0.0078125,Struct2D_Discontinuous_ThirdOrder_NN_128,reference_file,ALL_FIELDS,4341.345714531462,60007.214276345025,1887554.805057427,0.02849556235668325,0.12434143214384677,0.8827173910490878,0.6521207278837713
Struct,2,Discontinuous,ThirdOrder,NN,256,65536,0.00390625,0.00390625,Struct2D_Discontinuous_ThirdOrder_NN_256,reference_file,ALL_FIELDS,2357.2045609637294,46279.03759829799,1886710.6755517991,0.015381578584319043,0.095458621048284,0.8823226328185353,0.3747770939654521
Struct,2,Linear,FirstOrder,NN,64,4096,0.015625,0.015625,Struct2D_Linear_FirstOrder_NN_64,reference_file,Density,0.009523809523809516,0.011085479909473865,0.019047619047619424,0.005291005291005287,0.006044199648869122,0.007936507936508094,nan
Struct,2,Linear,FirstOrder,NN,128,16384,0.0078125,0.0078125,Struct2D_Linear_FirstOrder_NN_128,reference_file,Density,0.004724409448818901,0.005476883280542994,0.009448818897638045,0.002624671916010501,0.002987044903070594,0.003937007874015852,1.0172441881926457
Struct,2,Linear,FirstOrder,NN,256,65536,0.00390625,0.00390625,Struct2D_Linear_FirstOrder_NN_256,reference_file,Density,0.002352941176470593,0.0027222855013918925,0.004705882352941337,0.0013071895424836624,0.001484920539331922,0.0019607843137255574,1.0085367566794663
Struct,2,Linear,FirstOrder,NN,64,4096,0.015625,0.015625,Struct2D_Linear_FirstOrder_NN_64,reference_file,Momentum_x,2.8571428571428514,3.401273889202374,7.588813303099187,0.010192525481313684,0.01134982934599275,0.01581002771478997,nan
Struct,2,Linear,FirstOrder,NN,128,16384,0.0078125,0.0078125,Struct2D_Linear_FirstOrder_NN_128,reference_file,Momentum_x,1.4173228346456694,1.679807283283256,3.7720875441751787,0.005059021922428332,0.005613696559535752,0.007858515717031622,1.0177794558303037
Struct,2,Linear,FirstOrder,NN,256,65536,0.00390625,0.00390625,Struct2D_Linear_FirstOrder_NN_256,reference_file,Momentum_x,0.7058823529411771,0.8347928493675377,1.8805074971165823,0.002520302436292357,0.002791810528766762,0.003917723952326213,1.0088055807109577
Struct,2,Linear,FirstOrder,NN,64,4096,0.015625,0.015625,Struct2D_Linear_FirstOrder_NN_64,reference_file,Momentum_y,1.4285714285714257,1.700636944601187,3.7944066515495933,0.010192525481313684,0.01134982934599275,0.01581002771478997,nan
Struct,2,Linear,FirstOrder,NN,128,16384,0.0078125,0.0078125,Struct2D_Linear_FirstOrder_NN_128,reference_file,Momentum_y,0.7086614173228347,0.839903641641628,1.8860437720875893,0.005059021922428332,0.005613696559535752,0.007858515717031622,1.0177794558303037
Struct,2,Linear,FirstOrder,NN,256,65536,0.00390625,0.00390625,Struct2D_Linear_FirstOrder_NN_256,reference_file,Momentum_y,0.35294117647058854,0.41739642468376886,0.9402537485582911,0.002520302436292357,0.002791810528766762,0.003917723952326213,1.0088055807109577
Struct,2,Linear,FirstOrder,NN,64,4096,0.015625,0.015625,Struct2D_Linear_FirstOrder_NN_64,reference_file,Energy,6014.6065792630925,7184.495170798235,16284.631014769897,0.0104169093943001,0.01160778552954527,0.016278513549378038,nan
Struct,2,Linear,FirstOrder,NN,128,16384,0.0078125,0.0078125,Struct2D_Linear_FirstOrder_NN_128,reference_file,Energy,2983.5084451125604,3547.908542322997,8095.83307738381,0.0051704531224119575,0.0057412024169658194,0.00809279180622303,1.0179179666873013
Struct,2,Linear,FirstOrder,NN,256,65536,0.00390625,0.00390625,Struct2D_Linear_FirstOrder_NN_256,reference_file,Energy,1485.875486690642,1763.074858270283,4036.3823831108166,0.002575829204486936,0.002855200309261356,0.004034866080437787,1.008875089206451
Struct,2,Linear,FirstOrder,NN,64,4096,0.015625,0.015625,Struct2D_Linear_FirstOrder_NN_64,reference_file,ALL_FIELDS,1504.7254543395827,3592.248088599121,16284.631014769897,0.010416730140684784,0.011607785454757644,0.016278513549378038,nan
Struct,2,Linear,FirstOrder,NN,128,16384,0.0078125,0.0078125,Struct2D_Linear_FirstOrder_NN_128,reference_file,ALL_FIELDS,746.4097884434944,1773.9545197037273,8095.83307738381,0.005170364093718834,0.005741202379992459,0.00809279180622303,1.0179179666484912
Struct,2,Linear,FirstOrder,NN,256,65536,0.00390625,0.00390625,Struct2D_Linear_FirstOrder_NN_256,reference_file,ALL_FIELDS,371.73416579030754,881.5375526560206,4036.3823831108166,0.002575784838598077,0.0028552002908784004,0.004034866080437787,1.0088750891869722
Struct,2,Linear,SecondOrder,Barycentric,64,4096,0.015625,0.015625,Struct2D_Linear_SecondOrder_Barycentric_64,reference_file,Density,1.3032110113275763e-16,2.105814259841454e-16,8.881784197001252e-16,7.240061174042091e-17,1.1481651596373147e-16,3.7007434154171886e-16,nan
Struct,2,Linear,SecondOrder,Barycentric,128,16384,0.0078125,0.0078125,Struct2D_Linear_SecondOrder_Barycentric_128,reference_file,Density,1.4638084581269917e-16,2.232407816160789e-16,8.881784197001252e-16,8.132269211816622e-17,1.2175359684088292e-16,3.7007434154171886e-16,-0.08422241146539974
Struct,2,Linear,SecondOrder,Barycentric,256,65536,0.00390625,0.00390625,Struct2D_Linear_SecondOrder_Barycentric_256,reference_file,Density,1.390794218073671e-16,2.1766978104707042e-16,1.3322676295501878e-15,7.726634544853726e-17,1.1873197300702481e-16,5.551115123125783e-16,0.03645946968731724
Struct,2,Linear,SecondOrder,Barycentric,64,4096,0.015625,0.015625,Struct2D_Linear_SecondOrder_Barycentric_64,reference_file,Momentum_x,0.02048131080389263,0.022619213766231362,0.03120961646312992,7.306469879078345e-05,7.547884250140754e-05,6.502003429818733e-05,nan
Struct,2,Linear,SecondOrder,Barycentric,128,16384,0.0078125,0.0078125,Struct2D_Linear_SecondOrder_Barycentric_128,reference_file,Momentum_x,0.004999375078122371,0.005498400806469406,0.007558110354409564,1.7844874505945507e-05,1.83749374094249e-05,1.574606323835326e-05,2.0404648015698683
Struct,2,Linear,SecondOrder,Barycentric,256,65536,0.00390625,0.00390625,Struct2D_Linear_SecondOrder_Barycentric_256,reference_file,Momentum_x,0.0012351397251841843,0.0013556990267918078,0.001859975115735324,4.40997801626949e-06,4.533885046695995e-06,3.874948157781925e-06,2.019975148897913
Struct,2,Linear,SecondOrder,Barycentric,64,4096,0.015625,0.015625,Struct2D_Linear_SecondOrder_Barycentric_64,reference_file,Momentum_y,0.010240655401946314,0.011309606883115681,0.01560480823156496,7.306469879078345e-05,7.547884250140754e-05,6.502003429818733e-05,nan
Struct,2,Linear,SecondOrder,Barycentric,128,16384,0.0078125,0.0078125,Struct2D_Linear_SecondOrder_Barycentric_128,reference_file,Momentum_y,0.0024996875390611854,0.002749200403234703,0.003779055177204782,1.7844874505945507e-05,1.83749374094249e-05,1.574606323835326e-05,2.0404648015698683
Struct,2,Linear,SecondOrder,Barycentric,256,65536,0.00390625,0.00390625,Struct2D_Linear_SecondOrder_Barycentric_256,reference_file,Momentum_y,0.0006175698625920922,0.0006778495133959039,0.000929987557867662,4.40997801626949e-06,4.533885046695995e-06,3.874948157781925e-06,2.019975148897913
Struct,2,Linear,SecondOrder,Barycentric,64,4096,0.015625,0.015625,Struct2D_Linear_SecondOrder_Barycentric_64,reference_file,Energy,45.88563748080899,50.689519990403724,72.75298840820324,7.947095488926404e-05,8.189762295836166e-05,7.272565810588703e-05,nan
Struct,2,Linear,SecondOrder,Barycentric,128,16384,0.0078125,0.0078125,Struct2D_Linear_SecondOrder_Barycentric_128,reference_file,Energy,11.200431196103642,12.321891013125335,17.630290529574268,1.9410471099929976e-05,1.9939203511662637e-05,1.762366755530698e-05,2.040463822030307
Struct,2,Linear,SecondOrder,Barycentric,256,65536,0.00390625,0.00390625,Struct2D_Linear_SecondOrder_Barycentric_256,reference_file,Energy,2.7671653543374872,3.038116190466428,4.340026924037375,4.7970004197471025e-06,4.920057844340193e-06,4.33839655461215e-06,2.0199747294200456
Struct,2,Linear,SecondOrder,Barycentric,64,4096,0.015625,0.015625,Struct2D_Linear_SecondOrder_Barycentric_64,reference_file,ALL_FIELDS,11.479089861753707,25.34476314938442,72.75298840820324,7.946604545414547e-05,8.189762115077934e-05,7.272565810588703e-05,nan
Struct,2,Linear,SecondOrder,Barycentric,128,16384,0.0078125,0.0078125,Struct2D_Linear_SecondOrder_Barycentric_128,reference_file,ALL_FIELDS,2.8019825646802063,6.160946273297901,17.630290529574268,1.940927124476675e-05,1.993920307109735e-05,1.762366755530698e-05,2.04046382203055
Struct,2,Linear,SecondOrder,Barycentric,256,65536,0.00390625,0.00390625,Struct2D_Linear_SecondOrder_Barycentric_256,reference_file,ALL_FIELDS,0.6922545159813159,1.519058284281256,4.340026924037375,4.796703802904026e-06,4.920057735570438e-06,4.33839655461215e-06,2.01997472942015
Struct,2,Linear,SecondOrder,ConsGalerkinProj,64,4096,0.015625,0.015625,Struct2D_Linear_SecondOrder_ConsGalerkinProj_64,reference_file,Density,1.2077155681772256e-13,1.8324425152047587e-13,1.5027978861326119e-12,6.709530934317921e-14,9.991131189104397e-14,6.261657858885883e-13,nan
Struct,2,Linear,SecondOrder,ConsGalerkinProj,128,16384,0.0078125,0.0078125,Struct2D_Linear_SecondOrder_ConsGalerkinProj_128,reference_file,Density,2.0362887537175162e-13,3.792086660700724e-13,5.81668047061612e-12,1.1312715298430646e-13,2.0681713579853907e-13,2.4236168627567167e-12,-1.049223993697243
Struct,2,Linear,SecondOrder,ConsGalerkinProj,256,65536,0.00390625,0.00390625,Struct2D_Linear_SecondOrder_ConsGalerkinProj_256,reference_file,Density,7.009306668610306e-13,1.424855347723635e-12,2.937383669632254e-11,3.894059260339058e-13,7.772134738733156e-13,1.2239098623467726e-11,-1.9097516236471506
Struct,2,Linear,SecondOrder,ConsGalerkinProj,64,4096,0.015625,0.015625,Struct2D_Linear_SecondOrder_ConsGalerkinProj_64,reference_file,Momentum_x,0.015572436911197224,0.01923371738737347,0.03418569699550744,5.555286100823472e-05,6.41816616793937e-05,7.122020207397383e-05,nan
Struct,2,Linear,SecondOrder,ConsGalerkinProj,128,16384,0.0078125,0.0078125,Struct2D_Linear_SecondOrder_ConsGalerkinProj_128,reference_file,Momentum_x,0.0037740761080740327,0.004632417900274035,0.008238723425506578,1.3471266602737555e-05,1.5480935633444992e-05,1.7164007136472037e-05,2.0538003129100653
Struct,2,Linear,SecondOrder,ConsGalerkinProj,256,65536,0.00390625,0.00390625,Struct2D_Linear_SecondOrder_ConsGalerkinProj_256,reference_file,Momentum_x,0.0009292743383342707,0.0011367960731528816,0.002021980795205991,3.317907536757757e-06,3.8018045416817154e-06,4.212459990012481e-06,2.0267919316022307
Struct,2,Linear,SecondOrder,ConsGalerkinProj,64,4096,0.015625,0.015625,Struct2D_Linear_SecondOrder_ConsGalerkinProj_64,reference_file,Momentum_y,0.007786218455598612,0.009616858693686735,0.01709284849775372,5.555286100823472e-05,6.41816616793937e-05,7.122020207397383e-05,nan
Struct,2,Linear,SecondOrder,ConsGalerkinProj,128,16384,0.0078125,0.0078125,Struct2D_Linear_SecondOrder_ConsGalerkinProj_128,reference_file,Momentum_y,0.0018870380540370164,0.0023162089501370174,0.004119361712753289,1.3471266602737555e-05,1.5480935633444992e-05,1.7164007136472037e-05,2.0538003129100653
Struct,2,Linear,SecondOrder,ConsGalerkinProj,256,65536,0.00390625,0.00390625,Struct2D_Linear_SecondOrder_ConsGalerkinProj_256,reference_file,Momentum_y,0.00046463716916713533,0.0005683980365764408,0.0010109903976029955,3.317907536757757e-06,3.8018045416817154e-06,4.212459990012481e-06,2.0267919316022307
Struct,2,Linear,SecondOrder,ConsGalerkinProj,64,4096,0.015625,0.015625,Struct2D_Linear_SecondOrder_ConsGalerkinProj_64,reference_file,Energy,34.88796208600126,43.10544379433745,78.82174413499888,6.0423692757337234e-05,6.96442456742503e-05,7.879213405102248e-05,nan
Struct,2,Linear,SecondOrder,ConsGalerkinProj,128,16384,0.0078125,0.0078125,Struct2D_Linear_SecondOrder_ConsGalerkinProj_128,reference_file,Energy,8.455312737673017,10.381928470601203,18.983355761505663,1.4653150460186374e-05,1.6799968803354664e-05,1.8976224496339933e-05,2.053795626041405
Struct,2,Linear,SecondOrder,ConsGalerkinProj,256,65536,0.00390625,0.00390625,Struct2D_Linear_SecondOrder_ConsGalerkinProj_256,reference_file,Energy,2.0819148645550434,2.547730996547355,4.658514903974719,3.6090891581501977e-06,4.125906676698573e-06,4.656764891728407e-06,2.026789589928005
Struct,2,Linear,SecondOrder,ConsGalerkinProj,64,4096,0.015625,0.015625,Struct2D_Linear_SecondOrder_ConsGalerkinProj_64,reference_file,ALL_FIELDS,8.727830185342045,21.55272457907956,78.82174413499888,6.041995999485057e-05,6.964424413598907e-05,7.879213405102248e-05,nan
Struct,2,Linear,SecondOrder,ConsGalerkinProj,128,16384,0.0078125,0.0078125,Struct2D_Linear_SecondOrder_ConsGalerkinProj_128,reference_file,ALL_FIELDS,2.115243462958833,5.19096488123353,18.983355761505663,1.4652244678036895e-05,1.6799968431869714e-05,1.8976224496339933e-05,2.053795626042572
Struct,2,Linear,SecondOrder,ConsGalerkinProj,256,65536,0.00390625,0.00390625,Struct2D_Linear_SecondOrder_ConsGalerkinProj_256,reference_file,ALL_FIELDS,0.5208271940158115,1.2738656567854612,4.658514903974719,3.608865994395194e-06,4.125906585414723e-06,4.656764891728407e-06,2.026789589928588
Struct,2,Linear,SecondOrder,NN,64,4096,0.015625,0.015625,Struct2D_Linear_SecondOrder_NN_64,reference_file,Density,1.163891032163189e-16,1.8712512872778586e-16,4.440892098500626e-16,6.466061289795495e-17,1.0202730477951428e-16,1.8503717077085943e-16,nan
Struct,2,Linear,SecondOrder,NN,128,16384,0.0078125,0.0078125,Struct2D_Linear_SecondOrder_NN_128,reference_file,Density,1.160367375102611e-16,1.889654594764731e-16,8.881784197001252e-16,6.446485417236729e-17,1.0306013177071591e-16,3.7007434154171886e-16,-0.014119243179842785
Struct,2,Linear,SecondOrder,NN,256,65536,0.00390625,0.00390625,Struct2D_Linear_SecondOrder_NN_256,reference_file,Density,1.1748008165238244e-16,1.9547031625625383e-16,8.881784197001252e-16,6.526671202910135e-17,1.0662286791382103e-16,3.7007434154171886e-16,-0.04882698736256985
Struct,2,Linear,SecondOrder,NN,64,4096,0.015625,0.015625,Struct2D_Linear_SecondOrder_NN_64,reference_file,Momentum_x,0.010271133543026022,0.013913030454040924,0.031209616463115708,3.664107662574402e-05,4.6426876071422694e-05,6.502003429815772e-05,nan
Struct,2,Linear,SecondOrder,NN,128,16384,0.0078125,0.0078125,Struct2D_Linear_SecondOrder_NN_128,reference_file,Momentum_x,0.002501532780837842,0.0033708287677878495,0.007558110354409564,8.929023697762957e-06,1.1264869514989445e-05,1.574606323835326e-05,2.0452614455041234
Struct,2,Linear,SecondOrder,NN,256,65536,0.00390625,0.00390625,Struct2D_Linear_SecondOrder_NN_256,reference_file,Momentum_x,0.0006176833864626951,0.0008304247511154405,0.0018599751156784805,2.205394336992261e-06,2.777202230791843e-06,3.874948157663501e-06,2.021181993289855
Struct,2,Linear,SecondOrder,NN,64,4096,0.015625,0.015625,Struct2D_Linear_SecondOrder_NN_64,reference_file,Momentum_y,0.005135566771513011,0.006956515227020462,0.015604808231557854,3.664107662574402e-05,4.6426876071422694e-05,6.502003429815772e-05,nan
Struct,2,Linear,SecondOrder,NN,128,16384,0.0078125,0.0078125,Struct2D_Linear_SecondOrder_NN_128,reference_file,Momentum_y,0.001250766390418921,0.0016854143838939248,0.003779055177204782,8.929023697762957e-06,1.1264869514989445e-05,1.574606323835326e-05,2.0452614455041234
Struct,2,Linear,SecondOrder,NN,256,65536,0.00390625,0.00390625,Struct2D_Linear_SecondOrder_NN_256,reference_file,Momentum_y,0.00030884169323134756,0.00041521237555772027,0.0009299875578392403,2.205394336992261e-06,2.777202230791843e-06,3.874948157663501e-06,2.021181993289855
Struct,2,Linear,SecondOrder,NN,64,4096,0.015625,0.015625,Struct2D_Linear_SecondOrder_NN_64,reference_file,Energy,23.01110093903091,31.186700507002413,72.75298840820324,3.985373779415967e-05,5.038746943986374e-05,7.272565810588703e-05,nan
Struct,2,Linear,SecondOrder,NN,128,16384,0.0078125,0.0078125,Struct2D_Linear_SecondOrder_NN_128,reference_file,Energy,5.604349615471087,7.555627340453957,17.630290529574268,9.712399847860159e-06,1.2226466784937256e-05,1.762366755530698e-05,2.0453074746040083
Struct,2,Linear,SecondOrder,NN,256,65536,0.00390625,0.00390625,Struct2D_Linear_SecondOrder_NN_256,reference_file,Energy,1.3838370122167798,1.8613432737092688,4.340026924037375,2.3989411106423736e-06,3.0143404664905754e-06,4.33839655461215e-06,2.02120740124467
Struct,2,Linear,SecondOrder,NN,64,4096,0.015625,0.015625,Struct2D_Linear_SecondOrder_NN_64,reference_file,ALL_FIELDS,5.7566269098363625,15.593352193154178,72.75298840820324,3.985127577089338e-05,5.03874683246599e-05,7.272565810588703e-05,nan
Struct,2,Linear,SecondOrder,NN,128,16384,0.0078125,0.0078125,Struct2D_Linear_SecondOrder_NN_128,reference_file,ALL_FIELDS,1.402025478660586,3.777814140178271,17.630290529574268,9.711799477418597e-06,1.2226466514137592e-05,1.762366755530698e-05,2.0453074745925566
Struct,2,Linear,SecondOrder,NN,256,65536,0.00390625,0.00390625,Struct2D_Linear_SecondOrder_NN_256,reference_file,ALL_FIELDS,0.3461908843241185,0.9306717526321138,4.340026924037375,2.398792774958258e-06,3.0143403997043255e-06,4.33839655461215e-06,2.0212074012383487
Struct,2,Linear,ThirdOrder,Barycentric,64,4096,0.015625,0.015625,Struct2D_Linear_ThirdOrder_Barycentric_64,reference_file,Density,1.454999315475547e-16,2.2692411041591355e-16,8.881784197001252e-16,8.083329530419706e-17,1.2372713131919786e-16,3.7007434154171886e-16,nan
Struct,2,Linear,ThirdOrder,Barycentric,128,16384,0.0078125,0.0078125,Struct2D_Linear_ThirdOrder_Barycentric_128,reference_file,Density,1.5849680509022468e-16,2.3591601498680203e-16,8.881784197001252e-16,8.805378060568038e-17,1.2866655979734292e-16,3.7007434154171886e-16,-0.05606345642315645
Struct,2,Linear,ThirdOrder,Barycentric,256,65536,0.00390625,0.00390625,Struct2D_Linear_ThirdOrder_Barycentric_256,reference_file,Density,1.4972832002024816e-16,2.297772048442865e-16,1.3322676295501878e-15,8.318240001124896e-17,1.2533618930457696e-16,5.551115123125783e-16,0.038037676360914076
Struct,2,Linear,ThirdOrder,Barycentric,64,4096,0.015625,0.015625,Struct2D_Linear_ThirdOrder_Barycentric_64,reference_file,Momentum_x,3.366404377480592e-14,5.0469620160568583e-14,2.2737367544323206e-13,1.2009256839256924e-16,1.684138339455691e-16,4.736951571734001e-16,nan
Struct,2,Linear,ThirdOrder,Barycentric,128,16384,0.0078125,0.0078125,Struct2D_Linear_ThirdOrder_Barycentric_128,reference_file,Momentum_x,3.639710061120738e-14,5.053710330451525e-14,2.2737367544323206e-13,1.2991657609958791e-16,1.6888839914716663e-16,4.736951571734001e-16,-0.0019277451690586191
Struct,2,Linear,ThirdOrder,Barycentric,256,65536,0.00390625,0.00390625,Struct2D_Linear_ThirdOrder_Barycentric_256,reference_file,Momentum_x,3.7315853532171595e-14,5.173963893770202e-14,2.8421709430404007e-13,1.332335851400694e-16,1.7303366799356809e-16,5.921189464667501e-16,-0.033927012309294666
Struct,2,Linear,ThirdOrder,Barycentric,64,4096,0.015625,0.015625,Struct2D_Linear_ThirdOrder_Barycentric_64,reference_file,Momentum_y,1.683202188740296e-14,2.5234810080284292e-14,1.1368683772161603e-13,1.2009256839256924e-16,1.684138339455691e-16,4.736951571734001e-16,nan
Struct,2,Linear,ThirdOrder,Barycentric,128,16384,0.0078125,0.0078125,Struct2D_Linear_ThirdOrder_Barycentric_128,reference_file,Momentum_y,1.819855030560369e-14,2.5268551652257625e-14,1.1368683772161603e-13,1.2991657609958791e-16,1.6888839914716663e-16,4.736951571734001e-16,-0.0019277451690586191
Struct,2,Linear,ThirdOrder,Barycentric,256,65536,0.00390625,0.00390625,Struct2D_Linear_ThirdOrder_Barycentric_256,reference_file,Momentum_y,1.8657926766085797e-14,2.586981946885101e-14,1.4210854715202004e-13,1.332335851400694e-16,1.7303366799356809e-16,5.921189464667501e-16,-0.033927012309294666
Struct,2,Linear,ThirdOrder,Barycentric,64,4096,0.015625,0.015625,Struct2D_Linear_ThirdOrder_Barycentric_64,reference_file,Energy,0.011807843412150021,0.021079600980438307,0.1337024997919798,2.0450420712558085e-08,3.405771476106845e-08,1.3365227326768575e-07,nan
Struct,2,Linear,ThirdOrder,Barycentric,128,16384,0.0078125,0.0078125,Struct2D_Linear_ThirdOrder_Barycentric_128,reference_file,Energy,0.001170663354404411,0.001909353811444777,0.015947919368045405,2.0287725365715137e-09,3.0897038597089313e-09,1.5941928391355928e-08,3.464691187998016
Struct,2,Linear,ThirdOrder,Barycentric,256,65536,0.00390625,0.00390625,Struct2D_Linear_ThirdOrder_Barycentric_256,reference_file,Energy,0.0001286246592946405,0.0001870430877721049,0.0019478198373690248,2.2297639122254163e-10,3.029057328717478e-10,1.947088121652907e-09,3.3516419082877245
Struct,2,Linear,ThirdOrder,Barycentric,64,4096,0.015625,0.015625,Struct2D_Linear_ThirdOrder_Barycentric_64,reference_file,ALL_FIELDS,0.0029519608530501657,0.010539800490219154,0.1337024997919798,2.0435475124985617e-08,3.405770977085386e-08,1.3365227326768575e-07,nan
Struct,2,Linear,ThirdOrder,Barycentric,128,16384,0.0078125,0.0078125,Struct2D_Linear_ThirdOrder_Barycentric_128,reference_file,ALL_FIELDS,0.0002926658386147913,0.0009546769057223885,0.015947919368045405,2.02728979022035e-09,3.089703406924214e-09,1.5941928391355928e-08,3.464691187998016
Struct,2,Linear,ThirdOrder,Barycentric,256,65536,0.00390625,0.00390625,Struct2D_Linear_ThirdOrder_Barycentric_256,reference_file,ALL_FIELDS,3.2156164837691004e-05,9.352154388605245e-05,0.0019478198373690248,2.228134228132998e-10,3.029056884784208e-10,1.947088121652907e-09,3.3516419082877245
Struct,2,Linear,ThirdOrder,ConsGalerkinProj,64,4096,0.015625,0.015625,Struct2D_Linear_ThirdOrder_ConsGalerkinProj_64,reference_file,Density,1.793805447063146e-13,2.746570568226419e-13,2.2173374247813626e-12,9.965585817017478e-14,1.4975283884535306e-13,9.238905936589012e-13,nan
Struct,2,Linear,ThirdOrder,ConsGalerkinProj,128,16384,0.0078125,0.0078125,Struct2D_Linear_ThirdOrder_ConsGalerkinProj_128,reference_file,Density,3.658634945566744e-13,7.34585701461266e-13,1.460698229038826e-11,2.0325749697593022e-13,4.0063670577271604e-13,6.086242620995108e-12,-1.4192994548160145
Struct,2,Linear,ThirdOrder,ConsGalerkinProj,256,65536,0.00390625,0.00390625,Struct2D_Linear_ThirdOrder_ConsGalerkinProj_256,reference_file,Density,9.81009625746973e-13,2.252849608644593e-12,7.444933558531375e-11,5.450053476372072e-13,1.228858124613234e-12,3.102055649388073e-11,-1.6167482884221263
Struct,2,Linear,ThirdOrder,ConsGalerkinProj,64,4096,0.015625,0.015625,Struct2D_Linear_ThirdOrder_ConsGalerkinProj_64,reference_file,Momentum_x,4.8605498098597266e-11,7.904705430828315e-11,6.991740519879386e-10,1.733944722656641e-13,2.637748696306337e-13,1.4566126083082054e-12,nan
Struct,2,Linear,ThirdOrder,ConsGalerkinProj,128,16384,0.0078125,0.0078125,Struct2D_Linear_ThirdOrder_ConsGalerkinProj_128,reference_file,Momentum_x,5.792123464881671e-11,1.2018319938015255e-10,2.9185684979893267e-09,2.0674527263630474e-13,4.016365565195586e-13,6.080351037477764e-12,-0.6044516266704719
Struct,2,Linear,ThirdOrder,ConsGalerkinProj,256,65536,0.00390625,0.00390625,Struct2D_Linear_ThirdOrder_ConsGalerkinProj_256,reference_file,Momentum_x,1.593002854193698e-10,4.109259892415041e-10,1.4840793483017478e-08,5.687702713797158e-13,1.3742660879013275e-12,3.0918319756286414e-11,-1.7736433441583495
Struct,2,Linear,ThirdOrder,ConsGalerkinProj,64,4096,0.015625,0.015625,Struct2D_Linear_ThirdOrder_ConsGalerkinProj_64,reference_file,Momentum_y,2.4302749049298633e-11,3.9523527154141575e-11,3.495870259939693e-10,1.733944722656641e-13,2.637748696306337e-13,1.4566126083082054e-12,nan
Struct,2,Linear,ThirdOrder,ConsGalerkinProj,128,16384,0.0078125,0.0078125,Struct2D_Linear_ThirdOrder_ConsGalerkinProj_128,reference_file,Momentum_y,2.8960617324408355e-11,6.009159969007627e-11,1.4592842489946634e-09,2.0674527263630474e-13,4.016365565195586e-13,6.080351037477764e-12,-0.6044516266704719
Struct,2,Linear,ThirdOrder,ConsGalerkinProj,256,65536,0.00390625,0.00390625,Struct2D_Linear_ThirdOrder_ConsGalerkinProj_256,reference_file,Momentum_y,7.96501427096849e-11,2.0546299462075205e-10,7.420396741508739e-09,5.687702713797158e-13,1.3742660879013275e-12,3.0918319756286414e-11,-1.7736433441583495
Struct,2,Linear,ThirdOrder,ConsGalerkinProj,64,4096,0.015625,0.015625,Struct2D_Linear_ThirdOrder_ConsGalerkinProj_64,reference_file,Energy,0.01401050920379987,0.023669675426393727,0.14545255503617227,2.426529533073336e-08,3.824242474548144e-08,1.4539791449990317e-07,nan
Struct,2,Linear,ThirdOrder,ConsGalerkinProj,128,16384,0.0078125,0.0078125,Struct2D_Linear_ThirdOrder_ConsGalerkinProj_128,reference_file,Energy,0.0014117371054691574,0.002190271277740536,0.017371750087477267,2.446556012588206e-09,3.544282667822497e-09,1.7365224236209294e-08,3.4338584509444123
Struct,2,Linear,ThirdOrder,ConsGalerkinProj,256,65536,0.00390625,0.00390625,Struct2D_Linear_ThirdOrder_ConsGalerkinProj_256,reference_file,Energy,0.00015612581777713075,0.0002191871350244132,0.002123419428244233,2.706508348828202e-10,3.5496120472263877e-10,2.122621746991713e-09,3.3208745386868648
Struct,2,Linear,ThirdOrder,ConsGalerkinProj,64,4096,0.015625,0.015625,Struct2D_Linear_ThirdOrder_ConsGalerkinProj_64,reference_file,ALL_FIELDS,0.0035026273192218745,0.011834837713196864,0.14545255503617227,2.424756188080699e-08,3.824241914211353e-08,1.4539791449990317e-07,nan
Struct,2,Linear,ThirdOrder,ConsGalerkinProj,128,16384,0.0078125,0.0078125,Struct2D_Linear_ThirdOrder_ConsGalerkinProj_128,reference_file,ALL_FIELDS,0.00035293429817921825,0.0010951356388702702,0.017371750087477267,2.4447680764650496e-09,3.544282148420937e-09,1.7365224236209294e-08,3.4338584509444092
Struct,2,Linear,ThirdOrder,ConsGalerkinProj,256,65536,0.00390625,0.00390625,Struct2D_Linear_ThirdOrder_ConsGalerkinProj_256,reference_file,ALL_FIELDS,3.9031514427142126e-05,0.00010959356751244736,0.002123419428244233,2.704534378087454e-10,3.5496115270093396e-10,2.122621746991713e-09,3.320874538683698
Struct,2,Linear,ThirdOrder,NN,64,4096,0.015625,0.015625,Struct2D_Linear_ThirdOrder_NN_64,reference_file,Density,1.146543797403421e-16,1.8609306223637942e-16,4.440892098500626e-16,6.36968776335234e-17,1.0146458526029553e-16,1.8503717077085943e-16,nan
Struct,2,Linear,ThirdOrder,NN,128,16384,0.0078125,0.0078125,Struct2D_Linear_ThirdOrder_NN_128,reference_file,Density,1.1606384256457325e-16,1.8823148632906485e-16,4.440892098500626e-16,6.447991253587403e-17,1.0265982914664043e-16,1.8503717077085943e-16,-0.016483703286730617
Struct,2,Linear,ThirdOrder,NN,256,65536,0.00390625,0.00390625,Struct2D_Linear_ThirdOrder_NN_256,reference_file,Density,1.1797474889357895e-16,1.9550879996821222e-16,4.440892098500626e-16,6.554152716309941e-17,1.0664385956010043e-16,1.8503717077085943e-16,-0.05472557120799862
Struct,2,Linear,ThirdOrder,NN,64,4096,0.015625,0.015625,Struct2D_Linear_ThirdOrder_NN_64,reference_file,Momentum_x,3.481590016285452e-14,4.816730453390113e-14,1.7053025658242404e-13,1.24201682347669e-16,1.607311567150636e-16,3.552713678800501e-16,nan
Struct,2,Linear,ThirdOrder,NN,128,16384,0.0078125,0.0078125,Struct2D_Linear_ThirdOrder_NN_128,reference_file,Momentum_x,3.577260015985573e-14,4.981042541963358e-14,1.7053025658242404e-13,1.276874710596312e-16,1.6645993655931686e-16,3.552713678800501e-16,-0.04839354053847846
Struct,2,Linear,ThirdOrder,NN,256,65536,0.00390625,0.00390625,Struct2D_Linear_ThirdOrder_NN_256,reference_file,Momentum_x,3.6073574682937704e-14,5.03387289064502e-14,2.8421709430404007e-13,1.2879811739217468e-16,1.6834858309128734e-16,5.921189464667501e-16,-0.015221054947380895
Struct,2,Linear,ThirdOrder,NN,64,4096,0.015625,0.015625,Struct2D_Linear_ThirdOrder_NN_64,reference_file,Momentum_y,1.740795008142726e-14,2.4083652266950564e-14,8.526512829121202e-14,1.24201682347669e-16,1.607311567150636e-16,3.552713678800501e-16,nan
Struct,2,Linear,ThirdOrder,NN,128,16384,0.0078125,0.0078125,Struct2D_Linear_ThirdOrder_NN_128,reference_file,Momentum_y,1.7886300079927864e-14,2.490521270981679e-14,8.526512829121202e-14,1.276874710596312e-16,1.6645993655931686e-16,3.552713678800501e-16,-0.04839354053847846
Struct,2,Linear,ThirdOrder,NN,256,65536,0.00390625,0.00390625,Struct2D_Linear_ThirdOrder_NN_256,reference_file,Momentum_y,1.8036787341468852e-14,2.51693644532251e-14,1.4210854715202004e-13,1.2879811739217468e-16,1.6834858309128734e-16,5.921189464667501e-16,-0.015221054947380895
Struct,2,Linear,ThirdOrder,NN,64,4096,0.015625,0.015625,Struct2D_Linear_ThirdOrder_NN_64,reference_file,Energy,0.11137619069214821,0.1275101151865469,0.265161287272349,1.9289635520342624e-07,2.0601448462921042e-07,2.6506167709409696e-07,nan
Struct,2,Linear,ThirdOrder,NN,128,16384,0.0078125,0.0078125,Struct2D_Linear_ThirdOrder_NN_128,reference_file,Energy,0.013666181295670654,0.01561319144408584,0.0326931809540838,2.3683643284938777e-08,2.5265164359801892e-08,3.268089947206219e-08,3.029774329066429
Struct,2,Linear,ThirdOrder,NN,256,65536,0.00390625,0.00390625,Struct2D_Linear_ThirdOrder_NN_256,reference_file,Energy,0.001692309055010277,0.001931353917275828,0.004055759869515896,2.933690693438784e-09,3.1277187556909208e-09,4.054236287519045e-09,3.0150809992764382
Struct,2,Linear,ThirdOrder,NN,64,4096,0.015625,0.015625,Struct2D_Linear_ThirdOrder_NN_64,reference_file,ALL_FIELDS,0.027844047673050137,0.06375505759327345,0.265161287272349,1.927553825836118e-07,2.0601445444349495e-07,2.6506167709409696e-07,nan
Struct,2,Linear,ThirdOrder,NN,128,16384,0.0078125,0.0078125,Struct2D_Linear_ThirdOrder_NN_128,reference_file,ALL_FIELDS,0.003416545323931107,0.00780659572204292,0.0326931809540838,2.3666333883768004e-08,2.526516065728514e-08,3.268089947206219e-08,3.029774329066429
Struct,2,Linear,ThirdOrder,NN,256,65536,0.00390625,0.00390625,Struct2D_Linear_ThirdOrder_NN_256,reference_file,ALL_FIELDS,0.00042307726376612635,0.000965676958637914,0.004055759869515896,2.9315465239723782e-09,3.1277182972980074e-09,4.054236287519045e-09,3.0150809992764382
