case,model,step,n_fixed,n_fixed_wallband,n_fixed_outer,n_moved,Eddy_Viscosity_band_scale,Eddy_Viscosity_band_rms_rel,Eddy_Viscosity_band_max_rel,Eddy_Viscosity_outer_scale,Eddy_Viscosity_outer_rms_rel,Eddy_Viscosity_outer_max_rel,Turb_Kin_Energy_band_scale,Turb_Kin_Energy_band_rms_rel,Turb_Kin_Energy_band_max_rel,Turb_Kin_Energy_outer_scale,Turb_Kin_Energy_outer_rms_rel,Turb_Kin_Energy_outer_max_rel,Omega_band_scale,Omega_band_rms_rel,Omega_band_max_rel,Omega_outer_scale,Omega_outer_rms_rel,Omega_outer_max_rel
RANS_SST_WD_0.01-20_ConsGalerkinProj_Drift_Second,SST,5,23271,8590,14681,0,7.8971e-06,0.000e+00,0.000e+00,7.5674e-06,0.000e+00,0.000e+00,2.0585e-04,0.000e+00,0.000e+00,5.6653e-05,0.000e+00,0.000e+00,5.4367e+05,0.000e+00,0.000e+00,1.8606e+01,0.000e+00,0.000e+00
RANS_SST_WD_0.01-20_ConsGalerkinProj_Drift_Second,SST,10,10669,8590,2079,12602,7.8971e-06,1.556e-03,4.732e-02,1.7460e-06,6.946e-05,1.923e-03,2.0585e-04,1.305e-04,2.385e-03,1.3563e-06,1.841e-06,4.715e-05,5.4367e+05,2.131e-06,1.534e-04,8.8179e+00,7.007e-08,1.479e-06
RANS_SST_WD_0.01-20_ConsGalerkinProj_Drift_Second,SST,15,10669,8590,2079,12602,7.8971e-06,2.936e-03,9.286e-02,1.7460e-06,6.723e-05,1.560e-03,2.0585e-04,7.147e-04,1.128e-02,1.3563e-06,1.840e-06,3.731e-05,5.4367e+05,3.266e-06,2.223e-04,8.8179e+00,7.454e-08,1.129e-06
RANS_SST_WD_0.01-20_ConsGalerkinProj_Drift_Second,SST,20,10669,8590,2079,12602,7.8971e-06,2.939e-03,8.749e-02,1.7460e-06,8.957e-05,2.431e-03,2.0585e-04,7.278e-04,9.754e-03,1.3563e-06,1.918e-06,4.346e-05,5.4367e+05,2.011e-06,4.311e-05,8.8179e+00,9.886e-08,1.508e-06
RANS_SST_WD_0.01-20_ConsGalerkinProj_Drift_Second,SST,25,10669,8590,2079,12602,7.8971e-06,3.533e-03,1.142e-01,1.7460e-06,9.023e-05,2.871e-03,2.0585e-04,9.787e-04,1.448e-02,1.3563e-06,1.908e-06,5.471e-05,5.4367e+05,2.643e-06,6.571e-05,8.8179e+00,1.015e-07,1.734e-06
RANS_SST_WD_0.01-20_ConsGalerkinProj_Drift_Second,SST,30,10669,8590,2079,12602,7.8971e-06,2.743e-03,8.071e-02,1.7460e-06,1.755e-04,6.732e-03,2.0585e-04,7.060e-04,9.086e-03,1.3563e-06,3.535e-06,1.278e-04,5.4367e+05,2.893e-06,6.518e-05,8.8179e+00,1.485e-07,3.911e-06
RANS_SST_WD_0.01-20_ConsGalerkinProj_Drift_Second,SST,35,10669,8590,2079,12602,7.8971e-06,2.641e-03,1.096e-01,1.7460e-06,1.533e-04,5.586e-03,2.0585e-04,8.192e-04,9.587e-03,1.3563e-06,3.247e-06,1.056e-04,5.4367e+05,3.085e-06,6.334e-05,8.8179e+00,1.346e-07,2.970e-06
RANS_SST_WD_0.01-20_ConsGalerkinProj_Drift_Second,SST,40,10669,8590,2079,12602,7.8971e-06,2.667e-03,6.504e-02,1.7460e-06,1.121e-04,3.272e-03,2.0585e-04,7.342e-04,7.129e-03,1.3563e-06,2.625e-06,6.806e-05,5.4367e+05,3.289e-06,6.609e-05,8.8179e+00,1.388e-07,2.078e-06
RANS_SST_WD_0.01-20_ConsGalerkinProj_Drift_Second,SST,45,10669,8590,2079,12602,7.8971e-06,2.985e-03,7.544e-02,1.7460e-06,8.175e-05,2.229e-03,2.0585e-04,8.177e-04,1.134e-02,1.3563e-06,1.949e-06,4.136e-05,5.4367e+05,3.533e-06,6.160e-05,8.8179e+00,1.227e-07,2.057e-06
RANS_SST_WD_0.01-20_ConsGalerkinProj_Drift_Second,SST,50,10669,8590,2079,12602,7.8971e-06,2.751e-03,6.972e-02,1.7460e-06,1.237e-04,3.402e-03,2.0585e-04,6.215e-04,7.231e-03,1.3563e-06,3.497e-06,1.084e-04,5.4367e+05,4.873e-06,2.557e-04,8.8179e+00,1.502e-07,3.511e-06
RANS_SST_WD_0.01-20_ConsGalerkinProj_Drift_Second,SST,55,10669,8590,2079,12602,7.8971e-06,2.895e-03,6.978e-02,1.7460e-06,1.286e-04,3.988e-03,2.0585e-04,8.585e-04,1.414e-02,1.3563e-06,3.399e-06,1.105e-04,5.4367e+05,4.876e-06,2.412e-04,8.8179e+00,1.410e-07,3.385e-06
RANS_SST_WD_0.01-20_ConsGalerkinProj_Drift_Second,SST,60,10669,8590,2079,12602,7.8971e-06,2.469e-03,5.535e-02,1.7460e-06,1.690e-04,4.898e-03,2.0585e-04,7.596e-04,7.911e-03,1.3563e-06,4.537e-06,1.530e-04,5.4367e+05,4.266e-06,1.509e-04,8.8179e+00,1.769e-07,4.723e-06
RANS_SST_WD_0.01-20_ConsGalerkinProj_Drift_Second,SST,65,10669,8590,2079,12602,7.8971e-06,3.116e-03,5.134e-02,1.7460e-06,1.492e-04,4.150e-03,2.0585e-04,8.834e-04,1.091e-02,1.3563e-06,4.170e-06,1.283e-04,5.4367e+05,4.785e-06,2.037e-04,8.8179e+00,1.668e-07,3.841e-06
RANS_SST_WD_0.01-20_ConsGalerkinProj_Drift_Second,SST,70,10669,8590,2079,12602,7.8971e-06,2.943e-03,1.008e-01,1.7460e-06,1.383e-04,4.201e-03,2.0585e-04,5.902e-04,5.690e-03,1.3563e-06,3.481e-06,1.184e-04,5.4367e+05,4.234e-06,1.085e-04,8.8179e+00,1.673e-07,4.009e-06
RANS_SST_WD_0.01-20_ConsGalerkinProj_Drift_Second,SST,75,10669,8590,2079,12602,7.8971e-06,3.293e-03,9.087e-02,1.7460e-06,1.441e-04,4.841e-03,2.0585e-04,7.690e-04,1.089e-02,1.3563e-06,3.846e-06,1.361e-04,5.4367e+05,4.248e-06,1.662e-04,8.8179e+00,1.704e-07,4.577e-06
RANS_SST_WD_0.01-20_ConsGalerkinProj_Drift_Second,SST,80,10669,8590,2079,12602,7.8971e-06,2.643e-03,4.804e-02,1.7460e-06,2.356e-04,5.656e-03,2.0585e-04,1.003e-03,1.345e-02,1.3563e-06,6.411e-06,1.484e-04,5.4367e+05,4.301e-06,1.305e-04,8.8179e+00,2.363e-07,5.104e-06
RANS_SST_WD_0.01-20_ConsGalerkinProj_Drift_Second,SST,85,10669,8590,2079,12602,7.8971e-06,3.217e-03,7.871e-02,1.7460e-06,2.119e-04,5.259e-03,2.0585e-04,1.265e-03,1.300e-02,1.3563e-06,5.812e-06,1.676e-04,5.4367e+05,4.635e-06,1.418e-04,8.8179e+00,2.130e-07,5.505e-06
RANS_SST_WD_0.01-20_ConsGalerkinProj_Drift_Second,SST,90,10669,8590,2079,12602,7.8971e-06,2.909e-03,6.336e-02,1.7460e-06,2.084e-04,5.980e-03,2.0585e-04,9.318e-04,5.531e-03,1.3563e-06,5.722e-06,1.496e-04,5.4367e+05,3.981e-06,7.390e-05,8.8179e+00,2.128e-07,5.070e-06
RANS_SST_WD_0.01-20_ConsGalerkinProj_Drift_Second,SST,95,10669,8590,2079,12602,7.8971e-06,2.987e-03,8.654e-02,1.7460e-06,2.180e-04,6.216e-03,2.0585e-04,7.799e-04,9.729e-03,1.3563e-06,5.836e-06,1.535e-04,5.4367e+05,4.024e-06,8.663e-05,8.8179e+00,2.140e-07,4.939e-06
RANS_SST_WD_0.01-20_ConsGalerkinProj_Drift_Second,SST,100,10669,8590,2079,12602,7.8971e-06,2.656e-03,6.524e-02,1.7460e-06,2.086e-04,6.419e-03,2.0585e-04,5.624e-04,6.520e-03,1.3563e-06,5.666e-06,1.783e-04,5.4367e+05,6.422e-06,3.890e-04,8.8179e+00,2.150e-07,5.782e-06
RANS_SST_WD_0.01-20_ConsGalerkinProj_Drift_Second,SST,105,10669,8590,2079,12602,7.8971e-06,2.546e-03,5.801e-02,1.7460e-06,1.985e-04,6.625e-03,2.0585e-04,6.348e-04,7.517e-03,1.3563e-06,5.312e-06,1.840e-04,5.4367e+05,7.013e-06,4.528e-04,8.8179e+00,2.034e-07,5.976e-06
RANS_SST_WD_0.01-20_ConsGalerkinProj_Drift_Second,SST,110,10669,8590,2079,12602,7.8971e-06,2.292e-03,5.491e-02,1.7460e-06,2.517e-04,7.819e-03,2.0585e-04,5.877e-04,6.830e-03,1.3563e-06,6.403e-06,2.185e-04,5.4367e+05,3.712e-06,6.369e-05,8.8179e+00,2.362e-07,7.243e-06
RANS_SST_WD_0.01-20_ConsGalerkinProj_Drift_Second,SST,115,10669,8590,2079,12602,7.8971e-06,2.617e-03,6.307e-02,1.7460e-06,2.367e-04,7.293e-03,2.0585e-04,6.794e-04,5.653e-03,1.3563e-06,6.035e-06,2.039e-04,5.4367e+05,4.345e-06,1.778e-04,8.8179e+00,2.207e-07,6.770e-06
RANS_SST_WD_0.01-20_ConsGalerkinProj_Drift_Second,SST,120,10669,8590,2079,12602,7.8971e-06,2.484e-03,8.845e-02,1.7460e-06,2.183e-04,6.202e-03,2.0585e-04,5.459e-04,7.839e-03,1.3563e-06,5.692e-06,1.410e-04,5.4367e+05,3.809e-06,7.056e-05,8.8179e+00,2.171e-07,4.619e-06
RANS_SST_WD_0.01-20_ConsGalerkinProj_Drift_Second,SST,125,10669,8590,2079,12602,7.8971e-06,2.748e-03,1.015e-01,1.7460e-06,1.866e-04,6.078e-03,2.0585e-04,8.014e-04,9.113e-03,1.3563e-06,4.644e-06,1.303e-04,5.4367e+05,3.828e-06,7.375e-05,8.8179e+00,1.905e-07,3.627e-06
RANS_SST_WD_0.01-20_ConsGalerkinProj_Drift_Second,SST,130,10669,8590,2079,12602,7.8971e-06,2.731e-03,6.365e-02,1.7460e-06,1.533e-04,3.912e-03,2.0585e-04,8.929e-04,1.018e-02,1.3563e-06,4.018e-06,1.280e-04,5.4367e+05,4.566e-06,2.005e-04,8.8179e+00,1.853e-07,4.428e-06
RANS_SST_WD_0.01-20_ConsGalerkinProj_Drift_Second,SST,135,10669,8590,2079,12602,7.8971e-06,2.866e-03,7.501e-02,1.7460e-06,1.258e-04,3.520e-03,2.0585e-04,1.091e-03,1.088e-02,1.3563e-06,3.383e-06,1.120e-04,5.4367e+05,5.221e-06,2.759e-04,8.8179e+00,1.555e-07,3.614e-06
RANS_SST_WD_0.01-20_ConsGalerkinProj_Drift_Second,SST,140,10669,8590,2079,12602,7.8971e-06,2.390e-03,7.159e-02,1.7460e-06,1.422e-04,3.302e-03,2.0585e-04,7.814e-04,8.462e-03,1.3563e-06,3.743e-06,8.620e-05,5.4367e+05,5.572e-06,3.114e-04,8.8179e+00,1.592e-07,2.667e-06
RANS_SST_WD_0.01-20_ConsGalerkinProj_Drift_Second,SST,145,10669,8590,2079,12602,7.8971e-06,3.013e-03,9.705e-02,1.7460e-06,1.326e-04,3.338e-03,2.0585e-04,8.801e-04,1.156e-02,1.3563e-06,3.225e-06,8.277e-05,5.4367e+05,5.302e-06,2.745e-04,8.8179e+00,1.442e-07,2.720e-06
RANS_SST_WD_0.01-20_ConsGalerkinProj_Drift_Second,SST,150,10669,8590,2079,12602,7.8971e-06,2.916e-03,8.323e-02,1.7460e-06,1.348e-04,2.995e-03,2.0585e-04,8.455e-04,8.746e-03,1.3563e-06,3.245e-06,9.026e-05,5.4367e+05,4.258e-06,6.265e-05,8.8179e+00,1.539e-07,3.662e-06
RANS_SST_WD_0.01-20_ConsGalerkinProj_Drift_Second,SST,155,10669,8590,2079,12602,7.8971e-06,3.983e-03,1.652e-01,1.7460e-06,1.229e-04,2.395e-03,2.0585e-04,1.216e-03,2.632e-02,1.3563e-06,3.037e-06,7.268e-05,5.4367e+05,4.275e-06,8.381e-05,8.8179e+00,1.415e-07,2.996e-06
RANS_SST_WD_0.01-20_ConsGalerkinProj_Drift_Second,SST,160,10669,8590,2079,12602,7.8971e-06,3.140e-03,8.420e-02,1.7460e-06,1.631e-04,3.676e-03,2.0585e-04,9.661e-04,1.477e-02,1.3563e-06,4.451e-06,9.342e-05,5.4367e+05,4.027e-06,8.072e-05,8.8179e+00,1.751e-07,3.333e-06
RANS_SST_WD_0.01-20_ConsGalerkinProj_Drift_Second,SST,165,10669,8590,2079,12602,7.8971e-06,3.709e-03,7.709e-02,1.7460e-06,1.612e-04,3.789e-03,2.0585e-04,9.800e-04,8.024e-03,1.3563e-06,4.795e-06,1.077e-04,5.4367e+05,4.373e-06,1.802e-04,8.8179e+00,1.933e-07,3.736e-06
RANS_SST_WD_0.01-20_ConsGalerkinProj_Drift_Second,SST,170,10669,8590,2079,12602,7.8971e-06,2.964e-03,7.505e-02,1.7460e-06,1.320e-04,3.917e-03,2.0585e-04,6.860e-04,9.145e-03,1.3563e-06,4.008e-06,1.139e-04,5.4367e+05,5.094e-06,2.796e-04,8.8179e+00,1.989e-07,4.220e-06
RANS_SST_WD_0.01-20_ConsGalerkinProj_Drift_Second,SST,175,10669,8590,2079,12602,7.8971e-06,3.137e-03,9.668e-02,1.7460e-06,1.335e-04,3.659e-03,2.0585e-04,7.787e-04,9.851e-03,1.3563e-06,3.931e-06,1.065e-04,5.4367e+05,4.868e-06,2.497e-04,8.8179e+00,1.893e-07,3.957e-06
RANS_SST_WD_0.01-20_ConsGalerkinProj_Drift_Second,SST,180,10669,8590,2079,12602,7.8971e-06,2.483e-03,6.739e-02,1.7460e-06,1.792e-04,5.342e-03,2.0585e-04,7.811e-04,7.834e-03,1.3563e-06,4.799e-06,1.542e-04,5.4367e+05,4.499e-06,1.934e-04,8.8179e+00,2.118e-07,5.610e-06
RANS_SST_WD_0.01-20_ConsGalerkinProj_Drift_Second,SST,185,10669,8590,2079,12602,7.8971e-06,3.796e-03,1.051e-01,1.7460e-06,1.899e-04,5.437e-03,2.0585e-04,8.686e-04,1.241e-02,1.3563e-06,5.080e-06,1.555e-04,5.4367e+05,4.006e-06,1.045e-04,8.8179e+00,2.050e-07,5.520e-06
RANS_SST_WD_0.01-20_ConsGalerkinProj_Drift_Second,SST,190,10669,8590,2079,12602,7.8971e-06,2.703e-03,6.333e-02,1.7460e-06,2.342e-04,5.525e-03,2.0585e-04,7.290e-04,8.192e-03,1.3563e-06,5.880e-06,1.506e-04,5.4367e+05,3.842e-06,7.648e-05,8.8179e+00,2.235e-07,5.312e-06
RANS_SST_WD_0.01-20_ConsGalerkinProj_Drift_Second,SST,195,10669,8590,2079,12602,7.8971e-06,3.036e-03,6.404e-02,1.7460e-06,2.218e-04,5.490e-03,2.0585e-04,1.030e-03,1.353e-02,1.3563e-06,5.732e-06,1.546e-04,5.4367e+05,3.774e-06,7.560e-05,8.8179e+00,2.129e-07,5.236e-06
RANS_SST_WD_0.01-20_ConsGalerkinProj_Drift_Second,SST,200,10669,8590,2079,12602,7.8971e-06,3.444e-03,1.152e-01,1.7460e-06,2.425e-04,6.707e-03,2.0585e-04,1.005e-03,1.019e-02,1.3563e-06,6.320e-06,1.857e-04,5.4367e+05,3.944e-06,7.403e-05,8.8179e+00,2.370e-07,5.973e-06
RANS_SST_WD_0.01-20_ConsGalerkinProj_Drift_Second,SST,205,10669,8590,2079,12602,7.8971e-06,4.318e-03,1.349e-01,1.7460e-06,2.464e-04,7.580e-03,2.0585e-04,1.232e-03,1.446e-02,1.3563e-06,6.570e-06,2.107e-04,5.4367e+05,4.169e-06,7.599e-05,8.8179e+00,2.382e-07,6.865e-06
RANS_SST_WD_0.01-20_ConsGalerkinProj_Drift_Second,SST,210,10669,8590,2079,12602,7.8971e-06,3.216e-03,5.580e-02,1.7460e-06,2.897e-04,8.410e-03,2.0585e-04,1.812e-03,4.215e-02,1.3563e-06,7.329e-06,2.363e-04,5.4367e+05,5.358e-06,2.841e-04,8.8179e+00,2.586e-07,7.983e-06
RANS_SST_WD_0.01-20_ConsGalerkinProj_Drift_Second,SST,215,10669,8590,2079,12602,7.8971e-06,2.367e-03,4.614e-02,1.7460e-06,2.741e-04,8.397e-03,2.0585e-04,1.615e-03,2.458e-02,1.3563e-06,7.103e-06,2.340e-04,5.4367e+05,4.661e-06,2.189e-04,8.8179e+00,2.445e-07,7.703e-06
RANS_SST_WD_0.01-20_ConsGalerkinProj_Drift_Second,SST,220,10669,8590,2079,12602,7.8971e-06,2.383e-03,5.752e-02,1.7460e-06,2.794e-04,9.166e-03,2.0585e-04,1.539e-03,1.655e-02,1.3563e-06,7.403e-06,2.519e-04,5.4367e+05,4.023e-06,1.254e-04,8.8179e+00,2.606e-07,7.917e-06
RANS_SST_WD_0.01-20_ConsGalerkinProj_Drift_Second,SST,225,10669,8590,2079,12602,7.8971e-06,3.666e-03,1.594e-01,1.7460e-06,2.859e-04,1.035e-02,2.0585e-04,1.588e-03,1.679e-02,1.3563e-06,7.606e-06,2.837e-04,5.4367e+05,3.848e-06,9.093e-05,8.8179e+00,2.603e-07,8.865e-06
RANS_SST_WD_0.01-20_ConsGalerkinProj_Drift_Second,SST,230,10669,8590,2079,12602,7.8971e-06,2.645e-03,6.124e-02,1.7460e-06,2.754e-04,8.929e-03,2.0585e-04,1.521e-03,1.334e-02,1.3563e-06,7.299e-06,2.472e-04,5.4367e+05,4.194e-06,1.479e-04,8.8179e+00,2.510e-07,7.969e-06
RANS_SST_WD_0.01-20_ConsGalerkinProj_Drift_Second,SST,235,10669,8590,2079,12602,7.8971e-06,3.403e-03,9.658e-02,1.7460e-06,2.346e-04,6.446e-03,2.0585e-04,1.249e-03,1.025e-02,1.3563e-06,6.099e-06,1.787e-04,5.4367e+05,4.767e-06,2.301e-04,8.8179e+00,2.173e-07,5.768e-06
RANS_SST_WD_0.01-20_ConsGalerkinProj_Drift_Second,SST,240,10669,8590,2079,12602,7.8971e-06,2.791e-03,8.471e-02,1.7460e-06,2.268e-04,6.950e-03,2.0585e-04,1.093e-03,8.477e-03,1.3563e-06,5.997e-06,1.926e-04,5.4367e+05,3.598e-06,5.679e-05,8.8179e+00,2.226e-07,6.206e-06
RANS_SST_WD_0.01-20_ConsGalerkinProj_Drift_Second,SST,245,10669,8590,2079,12602,7.8971e-06,3.969e-03,1.086e-01,1.7460e-06,2.321e-04,7.573e-03,2.0585e-04,8.498e-04,9.191e-03,1.3563e-06,6.105e-06,2.091e-04,5.4367e+05,3.632e-06,5.610e-05,8.8179e+00,2.217e-07,6.669e-06
RANS_SST_WD_0.01-20_ConsGalerkinProj_Drift_Second,SST,250,10669,8590,2079,12602,7.8971e-06,3.553e-03,9.245e-02,1.7460e-06,2.628e-04,7.579e-03,2.0585e-04,5.657e-04,5.202e-03,1.3563e-06,6.831e-06,2.085e-04,5.4367e+05,3.513e-06,5.288e-05,8.8179e+00,2.418e-07,6.563e-06
RANS_SST_WD_0.01-20_ConsGalerkinProj_Drift_Second,SST,255,10669,8590,2079,12602,7.8971e-06,2.720e-03,7.112e-02,1.7460e-06,2.494e-04,6.027e-03,2.0585e-04,6.895e-04,9.168e-03,1.3563e-06,6.420e-06,1.666e-04,5.4367e+05,3.609e-06,5.484e-05,8.8179e+00,2.323e-07,5.311e-06
RANS_SST_WD_0.01-20_ConsGalerkinProj_Drift_Second,SST,260,10669,8590,2079,12602,7.8971e-06,2.369e-03,8.442e-02,1.7460e-06,2.265e-04,4.825e-03,2.0585e-04,7.888e-04,1.148e-02,1.3563e-06,5.679e-06,9.166e-05,5.4367e+05,4.969e-06,2.442e-04,8.8179e+00,2.131e-07,3.332e-06
RANS_SST_WD_0.01-20_ConsGalerkinProj_Drift_Second,SST,265,10669,8590,2079,12602,7.8971e-06,4.015e-03,1.100e-01,1.7460e-06,2.125e-04,4.191e-03,2.0585e-04,9.523e-04,1.048e-02,1.3563e-06,5.742e-06,1.283e-04,5.4367e+05,5.197e-06,2.762e-04,8.8179e+00,2.172e-07,4.668e-06
RANS_SST_WD_0.01-20_ConsGalerkinProj_Drift_Second,SST,270,10669,8590,2079,12602,7.8971e-06,4.026e-03,9.822e-02,1.7460e-06,2.429e-04,6.168e-03,2.0585e-04,1.155e-03,1.205e-02,1.3563e-06,6.677e-06,1.476e-04,5.4367e+05,4.999e-06,2.439e-04,8.8179e+00,2.588e-07,5.299e-06
RANS_SST_WD_0.01-20_ConsGalerkinProj_Drift_Second,SST,275,10669,8590,2079,12602,7.8971e-06,3.718e-03,7.401e-02,1.7460e-06,2.274e-04,5.106e-03,2.0585e-04,1.190e-03,8.491e-03,1.3563e-06,6.287e-06,1.460e-04,5.4367e+05,5.475e-06,3.075e-04,8.8179e+00,2.387e-07,5.173e-06
RANS_SST_WD_0.01-20_ConsGalerkinProj_Drift_Second,SST,280,10669,8590,2079,12602,7.8971e-06,2.619e-03,6.194e-02,1.7460e-06,2.061e-04,4.548e-03,2.0585e-04,6.845e-04,7.792e-03,1.3563e-06,5.872e-06,1.129e-04,5.4367e+05,5.846e-06,3.508e-04,8.8179e+00,2.187e-07,3.842e-06
RANS_SST_WD_0.01-20_ConsGalerkinProj_Drift_Second,SST,285,10669,8590,2079,12602,7.8971e-06,3.015e-03,9.399e-02,1.7460e-06,2.187e-04,5.841e-03,2.0585e-04,7.879e-04,7.311e-03,1.3563e-06,6.343e-06,1.471e-04,5.4367e+05,4.976e-06,2.495e-04,8.8179e+00,2.310e-07,5.308e-06
RANS_SST_WD_0.01-20_ConsGalerkinProj_Drift_Second,SST,290,10669,8590,2079,12602,7.8971e-06,2.632e-03,7.485e-02,1.7460e-06,2.522e-04,5.861e-03,2.0585e-04,7.131e-04,8.414e-03,1.3563e-06,7.220e-06,2.051e-04,5.4367e+05,4.118e-06,1.223e-04,8.8179e+00,2.634e-07,7.299e-06
RANS_SST_WD_0.01-20_ConsGalerkinProj_Drift_Second,SST,295,10669,8590,2079,12602,7.8971e-06,2.415e-03,6.071e-02,1.7460e-06,2.512e-04,5.498e-03,2.0585e-04,5.912e-04,7.930e-03,1.3563e-06,7.495e-06,2.179e-04,5.4367e+05,3.644e-06,6.768e-05,8.8179e+00,2.728e-07,7.624e-06
RANS_SST_WD_0.01-20_ConsGalerkinProj_Drift_Second,SST,300,10669,8590,2079,12602,7.8971e-06,2.261e-03,5.492e-02,1.7460e-06,2.676e-04,5.462e-03,2.0585e-04,5.991e-04,8.006e-03,1.3563e-06,7.767e-06,1.959e-04,5.4367e+05,3.764e-06,9.639e-05,8.8179e+00,2.923e-07,6.645e-06
RANS_SST_WD_0.01-20_ConsGalerkinProj_Drift_Second,SST,305,10669,8590,2079,12602,7.8971e-06,2.989e-03,9.166e-02,1.7460e-06,2.700e-04,6.548e-03,2.0585e-04,7.881e-04,1.459e-02,1.3563e-06,7.602e-06,1.683e-04,5.4367e+05,3.696e-06,6.954e-05,8.8179e+00,2.755e-07,5.639e-06
RANS_SST_WD_0.01-20_ConsGalerkinProj_Drift_Second,SST,310,10669,8590,2079,12602,7.8971e-06,2.522e-03,7.029e-02,1.7460e-06,2.932e-04,7.988e-03,2.0585e-04,6.695e-04,7.011e-03,1.3563e-06,7.674e-06,1.730e-04,5.4367e+05,3.590e-06,6.311e-05,8.8179e+00,2.751e-07,5.392e-06
RANS_SST_WD_0.01-20_ConsGalerkinProj_Drift_Second,SST,315,10669,8590,2079,12602,7.8971e-06,3.570e-03,1.123e-01,1.7460e-06,3.094e-04,8.739e-03,2.0585e-04,7.213e-04,1.110e-02,1.3563e-06,7.951e-06,1.889e-04,5.4367e+05,3.826e-06,1.035e-04,8.8179e+00,2.755e-07,6.054e-06
RANS_SST_WD_0.01-20_ConsGalerkinProj_Drift_Second,SST,320,10669,8590,2079,12602,7.8971e-06,3.407e-03,6.558e-02,1.7460e-06,2.799e-04,9.219e-03,2.0585e-04,9.464e-04,1.495e-02,1.3563e-06,6.925e-06,1.983e-04,5.4367e+05,3.478e-06,5.902e-05,8.8179e+00,2.384e-07,5.605e-06
RANS_SST_WD_0.01-20_ConsGalerkinProj_Drift_Second,SST,325,10669,8590,2079,12602,7.8971e-06,4.107e-03,9.119e-02,1.7460e-06,2.980e-04,9.521e-03,2.0585e-04,1.314e-03,1.522e-02,1.3563e-06,7.505e-06,2.055e-04,5.4367e+05,3.577e-06,7.208e-05,8.8179e+00,2.587e-07,5.946e-06
RANS_SST_WD_0.01-20_ConsGalerkinProj_Drift_Second,SST,330,10669,8590,2079,12602,7.8971e-06,3.148e-03,8.409e-02,1.7460e-06,3.018e-04,6.345e-03,2.0585e-04,8.509e-04,9.028e-03,1.3563e-06,7.681e-06,1.527e-04,5.4367e+05,3.501e-06,8.108e-05,8.8179e+00,2.735e-07,5.237e-06
RANS_SST_WD_0.01-20_ConsGalerkinProj_Drift_Second,SST,335,10669,8590,2079,12602,7.8971e-06,3.777e-03,8.546e-02,1.7460e-06,2.862e-04,6.170e-03,2.0585e-04,9.202e-04,9.737e-03,1.3563e-06,7.315e-06,1.541e-04,5.4367e+05,3.633e-06,5.461e-05,8.8179e+00,2.562e-07,5.185e-06
RANS_SST_WD_0.01-20_ConsGalerkinProj_Drift_Second,SST,340,10669,8590,2079,12602,7.8971e-06,3.103e-03,8.929e-02,1.7460e-06,3.152e-04,7.064e-03,2.0585e-04,9.015e-04,9.154e-03,1.3563e-06,8.120e-06,1.756e-04,5.4367e+05,4.504e-06,2.118e-04,8.8179e+00,2.831e-07,5.799e-06
RANS_SST_WD_0.01-20_ConsGalerkinProj_Drift_Second,SST,345,10669,8590,2079,12602,7.8971e-06,3.385e-03,6.010e-02,1.7460e-06,2.898e-04,6.690e-03,2.0585e-04,9.157e-04,9.686e-03,1.3563e-06,7.639e-06,1.664e-04,5.4367e+05,5.296e-06,2.864e-04,8.8179e+00,2.658e-07,5.510e-06
RANS_SST_WD_0.01-20_ConsGalerkinProj_Drift_Second,SST,350,10669,8590,2079,12602,7.8971e-06,3.243e-03,6.603e-02,1.7460e-06,2.917e-04,7.901e-03,2.0585e-04,8.036e-04,6.928e-03,1.3563e-06,7.556e-06,1.965e-04,5.4367e+05,5.503e-06,3.135e-04,8.8179e+00,2.702e-07,6.483e-06
RANS_SST_WD_0.01-20_ConsGalerkinProj_Drift_Second,SST,355,10669,8590,2079,12602,7.8971e-06,3.624e-03,9.258e-02,1.7460e-06,2.798e-04,7.676e-03,2.0585e-04,7.586e-04,1.090e-02,1.3563e-06,7.322e-06,1.890e-04,5.4367e+05,5.732e-06,3.206e-04,8.8179e+00,2.613e-07,5.976e-06
RANS_SST_WD_0.01-20_ConsGalerkinProj_Drift_Second,SST,360,10669,8590,2079,12602,7.8971e-06,2.780e-03,5.342e-02,1.7460e-06,2.771e-04,6.340e-03,2.0585e-04,9.584e-04,8.874e-03,1.3563e-06,7.507e-06,1.601e-04,5.4367e+05,3.729e-06,9.149e-05,8.8179e+00,2.689e-07,5.367e-06
RANS_SST_WD_0.01-20_ConsGalerkinProj_Drift_Second,SST,365,10669,8590,2079,12602,7.8971e-06,2.531e-03,4.843e-02,1.7460e-06,3.150e-04,7.674e-03,2.0585e-04,8.457e-04,9.459e-03,1.3563e-06,8.424e-06,1.788e-04,5.4367e+05,3.466e-06,6.112e-05,8.8179e+00,2.939e-07,5.953e-06
RANS_SST_WD_0.01-20_ConsGalerkinProj_Drift_Second,SST,370,10669,8590,2079,12602,7.8971e-06,2.219e-03,6.263e-02,1.7460e-06,3.232e-04,7.479e-03,2.0585e-04,6.753e-04,7.769e-03,1.3563e-06,8.571e-06,1.849e-04,5.4367e+05,4.901e-06,2.752e-04,8.8179e+00,2.987e-07,5.958e-06
RANS_SST_WD_0.01-20_ConsGalerkinProj_Drift_Second,SST,375,10669,8590,2079,12602,7.8971e-06,3.204e-03,8.978e-02,1.7460e-06,3.230e-04,7.011e-03,2.0585e-04,9.939e-04,9.961e-03,1.3563e-06,8.737e-06,1.766e-04,5.4367e+05,4.710e-06,2.529e-04,8.8179e+00,2.991e-07,5.711e-06
RANS_SST_WD_0.01-20_ConsGalerkinProj_Drift_Second,SST,380,10669,8590,2079,12602,7.8971e-06,2.331e-03,5.975e-02,1.7460e-06,3.863e-04,9.235e-03,2.0585e-04,7.435e-04,5.550e-03,1.3563e-06,1.025e-05,2.562e-04,5.4367e+05,4.065e-06,1.622e-04,8.8179e+00,3.475e-07,8.323e-06
RANS_SST_WD_0.01-20_ConsGalerkinProj_Drift_Second,SST,385,10669,8590,2079,12602,7.8971e-06,2.775e-03,9.175e-02,1.7460e-06,3.663e-04,9.156e-03,2.0585e-04,7.105e-04,9.117e-03,1.3563e-06,9.540e-06,2.200e-04,5.4367e+05,4.317e-06,2.009e-04,8.8179e+00,3.204e-07,7.076e-06
RANS_SST_WD_0.01-20_ConsGalerkinProj_Drift_Second,SST,390,10669,8590,2079,12602,7.8971e-06,2.199e-03,5.218e-02,1.7460e-06,3.534e-04,8.357e-03,2.0585e-04,5.805e-04,4.351e-03,1.3563e-06,9.093e-06,1.937e-04,5.4367e+05,3.912e-06,1.299e-04,8.8179e+00,3.061e-07,6.140e-06
RANS_SST_WD_0.01-20_ConsGalerkinProj_Drift_Second,SST,395,10669,8590,2079,12602,7.8971e-06,3.042e-03,6.666e-02,1.7460e-06,3.378e-04,8.758e-03,2.0585e-04,5.951e-04,5.818e-03,1.3563e-06,8.572e-06,1.896e-04,5.4367e+05,3.226e-06,5.969e-05,8.8179e+00,2.907e-07,5.615e-06
RANS_SST_WD_0.01-20_ConsGalerkinProj_Drift_Seed2_Second,SST,5,23271,8590,14681,0,7.8971e-06,0.000e+00,0.000e+00,7.5674e-06,0.000e+00,0.000e+00,2.0585e-04,0.000e+00,0.000e+00,5.6653e-05,0.000e+00,0.000e+00,5.4367e+05,0.000e+00,0.000e+00,1.8606e+01,0.000e+00,0.000e+00
RANS_SST_WD_0.01-20_ConsGalerkinProj_Drift_Seed2_Second,SST,10,10669,8590,2079,12602,7.8971e-06,1.991e-03,5.633e-02,1.7460e-06,8.150e-05,2.161e-03,2.0585e-04,1.520e-04,3.106e-03,1.3563e-06,2.182e-06,5.304e-05,5.4367e+05,1.097e-06,3.388e-05,8.8179e+00,8.383e-08,1.687e-06
RANS_SST_WD_0.01-20_ConsGalerkinProj_Drift_Seed2_Second,SST,15,10669,8590,2079,12602,7.8971e-06,3.451e-03,7.188e-02,1.7460e-06,8.458e-05,2.290e-03,2.0585e-04,7.727e-04,8.090e-03,1.3563e-06,2.613e-06,8.259e-05,5.4367e+05,2.268e-06,1.087e-04,8.8179e+00,9.812e-08,2.705e-06
RANS_SST_WD_0.01-20_ConsGalerkinProj_Drift_Seed2_Second,SST,20,10669,8590,2079,12602,7.8971e-06,2.907e-03,4.970e-02,1.7460e-06,8.437e-05,2.363e-03,2.0585e-04,7.798e-04,9.196e-03,1.3563e-06,2.484e-06,8.792e-05,5.4367e+05,3.130e-06,1.847e-04,8.8179e+00,1.026e-07,2.403e-06
RANS_SST_WD_0.01-20_ConsGalerkinProj_Drift_Seed2_Second,SST,25,10669,8590,2079,12602,7.8971e-06,2.366e-03,7.754e-02,1.7460e-06,7.635e-05,1.774e-03,2.0585e-04,8.610e-04,1.105e-02,1.3563e-06,2.180e-06,5.464e-05,5.4367e+05,4.003e-06,2.464e-04,8.8179e+00,1.005e-07,1.674e-06
RANS_SST_WD_0.01-20_ConsGalerkinProj_Drift_Seed2_Second,SST,30,10669,8590,2079,12602,7.8971e-06,2.302e-03,7.124e-02,1.7460e-06,1.131e-04,2.415e-03,2.0585e-04,6.423e-04,4.967e-03,1.3563e-06,2.896e-06,7.368e-05,5.4367e+05,3.394e-06,1.602e-04,8.8179e+00,1.343e-07,2.339e-06
RANS_SST_WD_0.01-20_ConsGalerkinProj_Drift_Seed2_Second,SST,35,10669,8590,2079,12602,7.8971e-06,2.714e-03,8.037e-02,1.7460e-06,1.115e-04,2.488e-03,2.0585e-04,7.089e-04,7.791e-03,1.3563e-06,3.089e-06,8.232e-05,5.4367e+05,3.077e-06,8.827e-05,8.8179e+00,1.359e-07,2.616e-06
RANS_SST_WD_0.01-20_ConsGalerkinProj_Drift_Seed2_Second,SST,40,10669,8590,2079,12602,7.8971e-06,3.209e-03,9.805e-02,1.7460e-06,1.567e-04,3.830e-03,2.0585e-04,6.933e-04,8.476e-03,1.3563e-06,3.871e-06,1.009e-04,5.4367e+05,3.202e-06,8.567e-05,8.8179e+00,1.556e-07,3.003e-06
RANS_SST_WD_0.01-20_ConsGalerkinProj_Drift_Seed2_Second,SST,45,10669,8590,2079,12602,7.8971e-06,3.373e-03,8.346e-02,1.7460e-06,1.382e-04,3.518e-03,2.0585e-04,9.300e-04,1.200e-02,1.3563e-06,3.446e-06,8.685e-05,5.4367e+05,3.672e-06,9.123e-05,8.8179e+00,1.405e-07,2.800e-06
RANS_SST_WD_0.01-20_ConsGalerkinProj_Drift_Seed2_Second,SST,50,10669,8590,2079,12602,7.8971e-06,2.925e-03,7.197e-02,1.7460e-06,1.540e-04,4.482e-03,2.0585e-04,7.578e-04,8.229e-03,1.3563e-06,4.102e-06,1.100e-04,5.4367e+05,4.133e-06,1.158e-04,8.8179e+00,1.606e-07,3.448e-06
RANS_SST_WD_0.01-20_ConsGalerkinProj_Drift_Seed2_Second,SST,55,10669,8590,2079,12602,7.8971e-06,3.346e-03,9.915e-02,1.7460e-06,1.420e-04,4.032e-03,2.0585e-04,7.399e-04,8.740e-03,1.3563e-06,3.860e-06,9.747e-05,5.4367e+05,4.283e-06,1.147e-04,8.8179e+00,1.529e-07,3.195e-06
RANS_SST_WD_0.01-20_ConsGalerkinProj_Drift_Seed2_Second,SST,60,10669,8590,2079,12602,7.8971e-06,2.782e-03,8.295e-02,1.7460e-06,1.257e-04,2.711e-03,2.0585e-04,7.345e-04,8.590e-03,1.3563e-06,3.629e-06,9.560e-05,5.4367e+05,5.713e-06,2.884e-04,8.8179e+00,1.532e-07,2.985e-06
RANS_SST_WD_0.01-20_ConsGalerkinProj_Drift_Seed2_Second,SST,65,10669,8590,2079,12602,7.8971e-06,3.781e-03,7.529e-02,1.7460e-06,9.917e-05,2.695e-03,2.0585e-04,9.760e-04,2.035e-02,1.3563e-06,3.048e-06,9.860e-05,5.4367e+05,6.960e-06,4.347e-04,8.8179e+00,1.305e-07,3.168e-06
RANS_SST_WD_0.01-20_ConsGalerkinProj_Drift_Seed2_Second,SST,70,10669,8590,2079,12602,7.8971e-06,3.256e-03,8.457e-02,1.7460e-06,1.402e-04,3.142e-03,2.0585e-04,9.730e-04,1.451e-02,1.3563e-06,3.477e-06,6.890e-05,5.4367e+05,5.781e-06,3.257e-04,8.8179e+00,1.522e-07,2.265e-06
RANS_SST_WD_0.01-20_ConsGalerkinProj_Drift_Seed2_Second,SST,75,10669,8590,2079,12602,7.8971e-06,3.353e-03,7.313e-02,1.7460e-06,1.618e-04,3.918e-03,2.0585e-04,1.017e-03,1.505e-02,1.3563e-06,4.152e-06,8.554e-05,5.4367e+05,4.824e-06,2.246e-04,8.8179e+00,1.593e-07,2.713e-06
RANS_SST_WD_0.01-20_ConsGalerkinProj_Drift_Seed2_Second,SST,80,10669,8590,2079,12602,7.8971e-06,3.308e-03,6.549e-02,1.7460e-06,1.759e-04,3.454e-03,2.0585e-04,1.453e-03,1.401e-02,1.3563e-06,5.149e-06,1.293e-04,5.4367e+05,3.811e-06,6.645e-05,8.8179e+00,1.920e-07,4.344e-06
RANS_SST_WD_0.01-20_ConsGalerkinProj_Drift_Seed2_Second,SST,85,10669,8590,2079,12602,7.8971e-06,4.317e-03,1.162e-01,1.7460e-06,1.758e-04,3.644e-03,2.0585e-04,1.118e-03,1.124e-02,1.3563e-06,5.126e-06,1.322e-04,5.4367e+05,3.540e-06,6.380e-05,8.8179e+00,1.883e-07,4.489e-06
RANS_SST_WD_0.01-20_ConsGalerkinProj_Drift_Seed2_Second,SST,90,10669,8590,2079,12602,7.8971e-06,3.845e-03,1.076e-01,1.7460e-06,1.650e-04,4.802e-03,2.0585e-04,7.946e-04,8.178e-03,1.3563e-06,4.380e-06,1.009e-04,5.4367e+05,4.162e-06,1.643e-04,8.8179e+00,1.771e-07,3.486e-06
RANS_SST_WD_0.01-20_ConsGalerkinProj_Drift_Seed2_Second,SST,95,10669,8590,2079,12602,7.8971e-06,4.090e-03,1.222e-01,1.7460e-06,1.626e-04,3.565e-03,2.0585e-04,1.037e-03,1.179e-02,1.3563e-06,4.573e-06,9.912e-05,5.4367e+05,3.888e-06,5.652e-05,8.8179e+00,1.814e-07,3.126e-06
RANS_SST_WD_0.01-20_ConsGalerkinProj_Drift_Seed2_Second,SST,100,10669,8590,2079,12602,7.8971e-06,3.861e-03,8.832e-02,1.7460e-06,1.863e-04,4.311e-03,2.0585e-04,1.277e-03,1.070e-02,1.3563e-06,5.682e-06,1.591e-04,5.4367e+05,4.254e-06,1.231e-04,8.8179e+00,2.237e-07,5.211e-06
RANS_SST_WD_0.01-20_ConsGalerkinProj_Drift_Seed2_Second,SST,105,10669,8590,2079,12602,7.8971e-06,3.944e-03,1.245e-01,1.7460e-06,2.062e-04,4.296e-03,2.0585e-04,1.192e-03,2.156e-02,1.3563e-06,6.161e-06,1.580e-04,5.4367e+05,4.762e-06,1.988e-04,8.8179e+00,2.286e-07,5.140e-06
RANS_SST_WD_0.01-20_ConsGalerkinProj_Drift_Seed2_Second,SST,110,10669,8590,2079,12602,7.8971e-06,2.929e-03,6.659e-02,1.7460e-06,2.304e-04,5.988e-03,2.0585e-04,1.059e-03,1.280e-02,1.3563e-06,6.121e-06,1.491e-04,5.4367e+05,4.988e-06,2.330e-04,8.8179e+00,2.297e-07,4.956e-06
RANS_SST_WD_0.01-20_ConsGalerkinProj_Drift_Seed2_Second,SST,115,10669,8590,2079,12602,7.8971e-06,6.168e-03,1.939e-01,1.7460e-06,2.041e-04,4.839e-03,2.0585e-04,4.646e-03,2.844e-01,1.3563e-06,5.685e-06,1.299e-04,5.4367e+05,1.030e-05,5.642e-04,8.8179e+00,2.168e-07,4.415e-06
RANS_SST_WD_0.01-20_ConsGalerkinProj_Drift_Seed2_Second,SST,120,10669,8590,2079,12602,7.8971e-06,1.139e-02,2.620e-01,1.7460e-06,2.070e-04,5.731e-03,2.0585e-04,5.004e-03,1.239e-01,1.3563e-06,6.432e-06,1.885e-04,5.4367e+05,4.716e-06,1.068e-04,8.8179e+00,2.468e-07,6.516e-06
RANS_SST_WD_0.01-20_ConsGalerkinProj_Drift_Seed2_Second,SST,125,10669,8590,2079,12602,7.8971e-06,1.003e-02,1.516e-01,1.7460e-06,1.945e-04,4.939e-03,2.0585e-04,4.321e-03,4.945e-02,1.3563e-06,6.072e-06,1.615e-04,5.4367e+05,4.028e-06,5.725e-05,8.8179e+00,2.372e-07,5.518e-06
RANS_SST_WD_0.01-20_ConsGalerkinProj_Drift_Seed2_Second,SST,130,10669,8590,2079,12602,7.8971e-06,5.478e-03,6.902e-02,1.7460e-06,1.756e-04,3.889e-03,2.0585e-04,4.593e-03,3.705e-02,1.3563e-06,5.384e-06,1.256e-04,5.4367e+05,9.128e-06,5.963e-04,8.8179e+00,2.184e-07,4.174e-06
RANS_SST_WD_0.01-20_ConsGalerkinProj_Drift_Seed2_Second,SST,135,10669,8590,2079,12602,7.8971e-06,2.556e-03,8.571e-02,1.7460e-06,1.746e-04,3.588e-03,2.0585e-04,1.013e-03,7.721e-03,1.3563e-06,5.188e-06,1.095e-04,5.4367e+05,5.831e-06,2.936e-04,8.8179e+00,2.034e-07,3.776e-06
RANS_SST_WD_0.01-20_ConsGalerkinProj_Drift_Seed2_Second,SST,140,10669,8590,2079,12602,7.8971e-06,2.138e-03,6.004e-02,1.7460e-06,2.302e-04,7.128e-03,2.0585e-04,6.785e-04,6.413e-03,1.3563e-06,6.124e-06,1.769e-04,5.4367e+05,7.059e-06,4.318e-04,8.8179e+00,2.354e-07,5.797e-06
RANS_SST_WD_0.01-20_ConsGalerkinProj_Drift_Seed2_Second,SST,145,10669,8590,2079,12602,7.8971e-06,3.532e-03,1.006e-01,1.7460e-06,2.171e-04,6.831e-03,2.0585e-04,8.123e-04,1.166e-02,1.3563e-06,5.642e-06,1.674e-04,5.4367e+05,6.337e-06,3.742e-04,8.8179e+00,2.103e-07,5.187e-06
RANS_SST_WD_0.01-20_ConsGalerkinProj_Drift_Seed2_Second,SST,150,10669,8590,2079,12602,7.8971e-06,3.206e-03,8.765e-02,1.7460e-06,1.800e-04,4.206e-03,2.0585e-04,6.472e-04,6.834e-03,1.3563e-06,4.906e-06,1.010e-04,5.4367e+05,3.966e-06,5.897e-05,8.8179e+00,1.958e-07,3.561e-06
RANS_SST_WD_0.01-20_ConsGalerkinProj_Drift_Seed2_Second,SST,155,10669,8590,2079,12602,7.8971e-06,3.658e-03,1.067e-01,1.7460e-06,1.829e-04,3.695e-03,2.0585e-04,9.015e-04,9.400e-03,1.3563e-06,4.847e-06,8.816e-05,5.4367e+05,3.941e-06,8.400e-05,8.8179e+00,1.834e-07,3.214e-06
RANS_SST_WD_0.01-20_ConsGalerkinProj_Drift_Seed2_Second,SST,160,10669,8590,2079,12602,7.8971e-06,3.276e-03,1.010e-01,1.7460e-06,1.963e-04,3.757e-03,2.0585e-04,9.465e-04,7.781e-03,1.3563e-06,4.911e-06,9.025e-05,5.4367e+05,4.058e-06,1.061e-04,8.8179e+00,1.905e-07,3.343e-06
RANS_SST_WD_0.01-20_ConsGalerkinProj_Drift_Seed2_Second,SST,165,10669,8590,2079,12602,7.8971e-06,3.123e-03,8.108e-02,1.7460e-06,1.769e-04,3.651e-03,2.0585e-04,8.299e-04,8.059e-03,1.3563e-06,4.794e-06,1.045e-04,5.4367e+05,4.183e-06,1.513e-04,8.8179e+00,1.925e-07,3.937e-06
RANS_SST_WD_0.01-20_ConsGalerkinProj_Drift_Seed2_Second,SST,170,10669,8590,2079,12602,7.8971e-06,2.903e-03,6.751e-02,1.7460e-06,2.180e-04,4.758e-03,2.0585e-04,6.831e-04,6.581e-03,1.3563e-06,5.709e-06,1.109e-04,5.4367e+05,3.525e-06,5.392e-05,8.8179e+00,2.308e-07,3.838e-06
RANS_SST_WD_0.01-20_ConsGalerkinProj_Drift_Seed2_Second,SST,175,10669,8590,2079,12602,7.8971e-06,3.858e-03,8.970e-02,1.7460e-06,1.973e-04,3.972e-03,2.0585e-04,8.153e-04,1.032e-02,1.3563e-06,5.436e-06,9.040e-05,5.4367e+05,3.757e-06,6.611e-05,8.8179e+00,2.203e-07,3.432e-06
RANS_SST_WD_0.01-20_ConsGalerkinProj_Drift_Seed2_Second,SST,180,10669,8590,2079,12602,7.8971e-06,3.332e-03,8.697e-02,1.7460e-06,2.294e-04,4.635e-03,2.0585e-04,6.344e-04,6.850e-03,1.3563e-06,6.760e-06,1.701e-04,5.4367e+05,4.419e-06,1.735e-04,8.8179e+00,2.618e-07,5.450e-06
RANS_SST_WD_0.01-20_ConsGalerkinProj_Drift_Seed2_Second,SST,185,10669,8590,2079,12602,7.8971e-06,4.724e-03,1.006e-01,1.7460e-06,2.217e-04,4.279e-03,2.0585e-04,1.174e-03,1.591e-02,1.3563e-06,6.136e-06,1.224e-04,5.4367e+05,5.183e-06,2.494e-04,8.8179e+00,2.342e-07,3.727e-06
RANS_SST_WD_0.01-20_ConsGalerkinProj_Drift_Seed2_Second,SST,190,10669,8590,2079,12602,7.8971e-06,3.957e-03,8.022e-02,1.7460e-06,2.043e-04,4.381e-03,2.0585e-04,1.103e-03,1.515e-02,1.3563e-06,5.565e-06,1.287e-04,5.4367e+05,3.630e-06,5.426e-05,8.8179e+00,2.181e-07,4.224e-06
RANS_SST_WD_0.01-20_ConsGalerkinProj_Drift_Seed2_Second,SST,195,10669,8590,2079,12602,7.8971e-06,3.153e-03,5.314e-02,1.7460e-06,2.354e-04,4.728e-03,2.0585e-04,1.066e-03,1.180e-02,1.3563e-06,6.379e-06,1.309e-04,5.4367e+05,3.969e-06,1.090e-04,8.8179e+00,2.332e-07,4.261e-06
RANS_SST_WD_0.01-20_ConsGalerkinProj_Drift_Seed2_Second,SST,200,10669,8590,2079,12602,7.8971e-06,3.064e-03,7.830e-02,1.7460e-06,2.895e-04,5.748e-03,2.0585e-04,1.001e-03,1.053e-02,1.3563e-06,7.936e-06,1.571e-04,5.4367e+05,3.946e-06,8.335e-05,8.8179e+00,2.762e-07,4.895e-06
RANS_SST_WD_0.01-20_ConsGalerkinProj_Drift_Seed2_Second,SST,205,10669,8590,2079,12602,7.8971e-06,4.224e-03,8.985e-02,1.7460e-06,2.955e-04,6.143e-03,2.0585e-04,9.547e-04,1.681e-02,1.3563e-06,8.124e-06,1.688e-04,5.4367e+05,3.756e-06,7.452e-05,8.8179e+00,2.799e-07,5.292e-06
RANS_SST_WD_0.01-20_ConsGalerkinProj_Drift_Seed2_Second,SST,210,10669,8590,2079,12602,7.8971e-06,3.402e-03,7.609e-02,1.7460e-06,2.759e-04,5.756e-03,2.0585e-04,1.128e-03,1.107e-02,1.3563e-06,7.047e-06,1.578e-04,5.4367e+05,3.939e-06,1.099e-04,8.8179e+00,2.537e-07,4.892e-06
RANS_SST_WD_0.01-20_ConsGalerkinProj_Drift_Seed2_Second,SST,215,10669,8590,2079,12602,7.8971e-06,3.826e-03,8.730e-02,1.7460e-06,2.676e-04,5.401e-03,2.0585e-04,1.161e-03,1.120e-02,1.3563e-06,6.913e-06,1.485e-04,5.4367e+05,4.354e-06,1.681e-04,8.8179e+00,2.416e-07,4.731e-06
RANS_SST_WD_0.01-20_ConsGalerkinProj_Drift_Seed2_Second,SST,220,10669,8590,2079,12602,7.8971e-06,2.801e-03,6.160e-02,1.7460e-06,2.724e-04,5.619e-03,2.0585e-04,8.481e-04,1.130e-02,1.3563e-06,7.527e-06,1.555e-04,5.4367e+05,3.857e-06,6.892e-05,8.8179e+00,2.574e-07,4.751e-06
RANS_SST_WD_0.01-20_ConsGalerkinProj_Drift_Seed2_Second,SST,225,10669,8590,2079,12602,7.8971e-06,2.983e-03,7.970e-02,1.7460e-06,2.697e-04,5.947e-03,2.0585e-04,7.795e-04,9.692e-03,1.3563e-06,7.254e-06,1.502e-04,5.4367e+05,4.041e-06,8.909e-05,8.8179e+00,2.463e-07,4.793e-06
RANS_SST_WD_0.01-20_ConsGalerkinProj_Drift_Seed2_Second,SST,230,10669,8590,2079,12602,7.8971e-06,2.700e-03,8.625e-02,1.7460e-06,2.677e-04,5.891e-03,2.0585e-04,1.015e-03,1.339e-02,1.3563e-06,6.954e-06,1.679e-04,5.4367e+05,4.185e-06,8.932e-05,8.8179e+00,2.413e-07,5.356e-06
RANS_SST_WD_0.01-20_ConsGalerkinProj_Drift_Seed2_Second,SST,235,10669,8590,2079,12602,7.8971e-06,2.853e-03,5.591e-02,1.7460e-06,2.635e-04,6.481e-03,2.0585e-04,8.526e-04,9.052e-03,1.3563e-06,6.750e-06,1.682e-04,5.4367e+05,4.144e-06,7.863e-05,8.8179e+00,2.321e-07,5.297e-06
RANS_SST_WD_0.01-20_ConsGalerkinProj_Drift_Seed2_Second,SST,240,10669,8590,2079,12602,7.8971e-06,2.892e-03,6.917e-02,1.7460e-06,2.863e-04,7.265e-03,2.0585e-04,6.344e-04,5.950e-03,1.3563e-06,7.401e-06,2.047e-04,5.4367e+05,4.715e-06,1.660e-04,8.8179e+00,2.574e-07,6.547e-06
RANS_SST_WD_0.01-20_ConsGalerkinProj_Drift_Seed2_Second,SST,245,10669,8590,2079,12602,7.8971e-06,3.154e-03,8.735e-02,1.7460e-06,2.699e-04,7.372e-03,2.0585e-04,7.498e-04,9.506e-03,1.3563e-06,6.851e-06,1.555e-04,5.4367e+05,5.017e-06,2.349e-04,8.8179e+00,2.342e-07,4.767e-06
RANS_SST_WD_0.01-20_ConsGalerkinProj_Drift_Seed2_Second,SST,250,10669,8590,2079,12602,7.8971e-06,1.985e-03,5.176e-02,1.7460e-06,2.810e-04,7.361e-03,2.0585e-04,7.308e-04,5.987e-03,1.3563e-06,7.423e-06,1.820e-04,5.4367e+05,4.042e-06,8.768e-05,8.8179e+00,2.553e-07,6.396e-06
RANS_SST_WD_0.01-20_ConsGalerkinProj_Drift_Seed2_Second,SST,255,10669,8590,2079,12602,7.8971e-06,2.236e-03,5.567e-02,1.7460e-06,2.745e-04,7.328e-03,2.0585e-04,7.572e-04,6.016e-03,1.3563e-06,7.535e-06,2.152e-04,5.4367e+05,4.157e-06,8.783e-05,8.8179e+00,2.626e-07,7.619e-06
RANS_SST_WD_0.01-20_ConsGalerkinProj_Drift_Seed2_Second,SST,260,10669,8590,2079,12602,7.8971e-06,2.165e-03,9.471e-02,1.7460e-06,2.570e-04,6.633e-03,2.0585e-04,7.070e-04,6.161e-03,1.3563e-06,7.077e-06,2.066e-04,5.4367e+05,4.283e-06,1.220e-04,8.8179e+00,2.546e-07,7.143e-06
RANS_SST_WD_0.01-20_ConsGalerkinProj_Drift_Seed2_Second,SST,265,10669,8590,2079,12602,7.8971e-06,3.299e-03,1.639e-01,1.7460e-06,2.629e-04,6.392e-03,2.0585e-04,1.057e-03,2.111e-02,1.3563e-06,7.249e-06,1.997e-04,5.4367e+05,4.093e-06,5.966e-05,8.8179e+00,2.590e-07,6.936e-06
RANS_SST_WD_0.01-20_ConsGalerkinProj_Drift_Seed2_Second,SST,270,10669,8590,2079,12602,7.8971e-06,2.763e-03,5.411e-02,1.7460e-06,2.721e-04,7.305e-03,2.0585e-04,8.967e-04,7.405e-03,1.3563e-06,7.348e-06,1.780e-04,5.4367e+05,4.169e-06,1.186e-04,8.8179e+00,2.692e-07,6.336e-06
RANS_SST_WD_0.01-20_ConsGalerkinProj_Drift_Seed2_Second,SST,275,10669,8590,2079,12602,7.8971e-06,3.562e-03,8.780e-02,1.7460e-06,2.671e-04,6.427e-03,2.0585e-04,8.445e-04,9.116e-03,1.3563e-06,7.415e-06,1.789e-04,5.4367e+05,4.090e-06,1.272e-04,8.8179e+00,2.703e-07,6.285e-06
RANS_SST_WD_0.01-20_ConsGalerkinProj_Drift_Seed2_Second,SST,280,10669,8590,2079,12602,7.8971e-06,3.525e-03,1.188e-01,1.7460e-06,2.648e-04,6.459e-03,2.0585e-04,8.694e-04,9.007e-03,1.3563e-06,7.113e-06,1.475e-04,5.4367e+05,3.773e-06,7.322e-05,8.8179e+00,2.621e-07,5.154e-06
RANS_SST_WD_0.01-20_ConsGalerkinProj_Drift_Seed2_Second,SST,285,10669,8590,2079,12602,7.8971e-06,3.987e-03,1.074e-01,1.7460e-06,2.667e-04,6.802e-03,2.0585e-04,1.136e-03,1.268e-02,1.3563e-06,7.107e-06,1.881e-04,5.4367e+05,3.811e-06,5.782e-05,8.8179e+00,2.598e-07,5.887e-06
RANS_SST_WD_0.01-20_ConsGalerkinProj_Drift_Seed2_Second,SST,290,10669,8590,2079,12602,7.8971e-06,3.633e-03,8.605e-02,1.7460e-06,2.793e-04,6.796e-03,2.0585e-04,1.018e-03,9.992e-03,1.3563e-06,7.277e-06,1.910e-04,5.4367e+05,3.600e-06,5.576e-05,8.8179e+00,2.809e-07,6.308e-06
RANS_SST_WD_0.01-20_ConsGalerkinProj_Drift_Seed2_Second,SST,295,10669,8590,2079,12602,7.8971e-06,4.068e-03,1.357e-01,1.7460e-06,2.711e-04,5.694e-03,2.0585e-04,1.002e-03,1.397e-02,1.3563e-06,7.280e-06,1.598e-04,5.4367e+05,3.923e-06,6.277e-05,8.8179e+00,2.755e-07,5.259e-06
RANS_SST_WD_0.01-20_ConsGalerkinProj_Drift_Seed2_Second,SST,300,10669,8590,2079,12602,7.8971e-06,3.677e-03,8.947e-02,1.7460e-06,2.669e-04,5.489e-03,2.0585e-04,1.174e-03,1.181e-02,1.3563e-06,7.437e-06,1.504e-04,5.4367e+05,5.239e-06,2.777e-04,8.8179e+00,2.727e-07,4.574e-06
RANS_SST_WD_0.01-20_ConsGalerkinProj_Drift_Seed2_Second,SST,305,10669,8590,2079,12602,7.8971e-06,3.190e-03,8.364e-02,1.7460e-06,2.836e-04,7.553e-03,2.0585e-04,8.865e-04,1.037e-02,1.3563e-06,7.645e-06,2.084e-04,5.4367e+05,4.954e-06,2.658e-04,8.8179e+00,2.780e-07,6.478e-06
RANS_SST_WD_0.01-20_ConsGalerkinProj_Drift_Seed2_Second,SST,310,10669,8590,2079,12602,7.8971e-06,2.566e-03,7.706e-02,1.7460e-06,3.116e-04,9.234e-03,2.0585e-04,7.419e-04,7.492e-03,1.3563e-06,8.375e-06,2.559e-04,5.4367e+05,4.392e-06,1.820e-04,8.8179e+00,3.048e-07,8.037e-06
RANS_SST_WD_0.01-20_ConsGalerkinProj_Drift_Seed2_Second,SST,315,10669,8590,2079,12602,7.8971e-06,3.110e-03,1.048e-01,1.7460e-06,3.195e-04,9.887e-03,2.0585e-04,1.088e-03,1.544e-02,1.3563e-06,8.452e-06,2.743e-04,5.4367e+05,4.267e-06,1.513e-04,8.8179e+00,3.017e-07,8.642e-06
RANS_SST_WD_0.01-20_ConsGalerkinProj_Drift_Seed2_Second,SST,320,10669,8590,2079,12602,7.8971e-06,3.554e-03,8.018e-02,1.7460e-06,3.570e-04,1.141e-02,2.0585e-04,1.263e-03,1.024e-02,1.3563e-06,9.406e-06,3.212e-04,5.4367e+05,4.210e-06,1.929e-04,8.8179e+00,3.345e-07,1.057e-05
RANS_SST_WD_0.01-20_ConsGalerkinProj_Drift_Seed2_Second,SST,325,10669,8590,2079,12602,7.8971e-06,4.408e-03,9.818e-02,1.7460e-06,3.455e-04,1.080e-02,2.0585e-04,1.582e-03,2.032e-02,1.3563e-06,9.477e-06,3.019e-04,5.4367e+05,5.908e-06,2.596e-04,8.8179e+00,3.296e-07,9.734e-06
RANS_SST_WD_0.01-20_ConsGalerkinProj_Drift_Seed2_Second,SST,330,10669,8590,2079,12602,7.8971e-06,1.372e-02,4.785e-01,1.7460e-06,3.264e-04,9.277e-03,2.0585e-04,1.008e-02,4.567e-01,1.3563e-06,9.603e-06,2.571e-04,5.4367e+05,6.990e-06,2.164e-04,8.8179e+00,3.331e-07,8.079e-06
RANS_SST_WD_0.01-20_ConsGalerkinProj_Drift_Seed2_Second,SST,335,10669,8590,2079,12602,7.8971e-06,1.408e-02,3.041e-01,1.7460e-06,3.124e-04,8.540e-03,2.0585e-04,4.848e-03,8.256e-02,1.3563e-06,9.242e-06,2.370e-04,5.4367e+05,4.469e-06,1.671e-04,8.8179e+00,3.184e-07,7.608e-06
RANS_SST_WD_0.01-20_ConsGalerkinProj_Drift_Seed2_Second,SST,340,10669,8590,2079,12602,7.8971e-06,1.409e-02,2.271e-01,1.7460e-06,2.909e-04,7.101e-03,2.0585e-04,5.762e-03,4.721e-02,1.3563e-06,7.879e-06,1.949e-04,5.4367e+05,4.359e-06,7.244e-05,8.8179e+00,2.844e-07,5.949e-06
RANS_SST_WD_0.01-20_ConsGalerkinProj_Drift_Seed2_Second,SST,345,10669,8590,2079,12602,7.8971e-06,1.057e-02,1.607e-01,1.7460e-06,2.777e-04,6.778e-03,2.0585e-04,7.348e-03,4.141e-02,1.3563e-06,7.758e-06,1.846e-04,5.4367e+05,1.161e-05,7.571e-04,8.8179e+00,2.752e-07,5.485e-06
RANS_SST_WD_0.01-20_ConsGalerkinProj_Drift_Seed2_Second,SST,350,10669,8590,2079,12602,7.8971e-06,4.627e-03,1.038e-01,1.7460e-06,3.096e-04,6.119e-03,2.0585e-04,2.347e-03,1.276e-02,1.3563e-06,8.777e-06,1.681e-04,5.4367e+05,1.804e-05,1.278e-03,8.8179e+00,3.094e-07,5.467e-06
RANS_SST_WD_0.01-20_ConsGalerkinProj_Drift_Seed2_Second,SST,355,10669,8590,2079,12602,7.8971e-06,3.843e-03,8.034e-02,1.7460e-06,2.931e-04,5.656e-03,2.0585e-04,1.753e-03,1.182e-02,1.3563e-06,8.532e-06,1.679e-04,5.4367e+05,1.070e-05,7.446e-04,8.8179e+00,2.994e-07,5.500e-06
RANS_SST_WD_0.01-20_ConsGalerkinProj_Drift_Seed2_Second,SST,360,10669,8590,2079,12602,7.8971e-06,3.423e-03,7.052e-02,1.7460e-06,2.845e-04,4.875e-03,2.0585e-04,7.972e-04,1.142e-02,1.3563e-06,7.979e-06,1.401e-04,5.4367e+05,8.341e-06,5.674e-04,8.8179e+00,2.935e-07,4.499e-06
RANS_SST_WD_0.01-20_ConsGalerkinProj_Drift_Seed2_Second,SST,365,10669,8590,2079,12602,7.8971e-06,3.372e-03,8.550e-02,1.7460e-06,2.913e-04,5.438e-03,2.0585e-04,7.298e-04,1.095e-02,1.3563e-06,8.062e-06,1.388e-04,5.4367e+05,6.353e-06,4.012e-04,8.8179e+00,2.876e-07,4.490e-06
RANS_SST_WD_0.01-20_ConsGalerkinProj_Drift_Seed2_Second,SST,370,10669,8590,2079,12602,7.8971e-06,3.356e-03,8.660e-02,1.7460e-06,2.531e-04,4.339e-03,2.0585e-04,6.336e-04,6.292e-03,1.3563e-06,7.011e-06,1.248e-04,5.4367e+05,3.214e-06,5.369e-05,8.8179e+00,2.519e-07,3.764e-06
RANS_SST_WD_0.01-20_ConsGalerkinProj_Drift_Seed2_Second,SST,375,10669,8590,2079,12602,7.8971e-06,3.925e-03,1.283e-01,1.7460e-06,2.540e-04,4.686e-03,2.0585e-04,7.667e-04,7.225e-03,1.3563e-06,7.022e-06,1.199e-04,5.4367e+05,4.210e-06,1.960e-04,8.8179e+00,2.510e-07,3.589e-06
RANS_SST_WD_0.01-20_ConsGalerkinProj_Drift_Seed2_Second,SST,380,10669,8590,2079,12602,7.8971e-06,2.873e-03,6.824e-02,1.7460e-06,2.699e-04,4.123e-03,2.0585e-04,7.104e-04,6.427e-03,1.3563e-06,7.713e-06,1.567e-04,5.4367e+05,4.003e-06,1.788e-04,8.8179e+00,2.820e-07,4.942e-06
RANS_SST_WD_0.01-20_ConsGalerkinProj_Drift_Seed2_Second,SST,385,10669,8590,2079,12602,7.8971e-06,3.082e-03,9.181e-02,1.7460e-06,2.606e-04,4.550e-03,2.0585e-04,1.078e-03,1.504e-02,1.3563e-06,7.257e-06,1.320e-04,5.4367e+05,5.165e-06,2.588e-04,8.8179e+00,2.603e-07,3.889e-06
RANS_SST_WD_0.01-20_ConsGalerkinProj_Drift_Seed2_Second,SST,390,10669,8590,2079,12602,7.8971e-06,2.643e-03,5.059e-02,1.7460e-06,2.695e-04,6.026e-03,2.0585e-04,1.310e-03,1.615e-02,1.3563e-06,7.127e-06,1.266e-04,5.4367e+05,4.981e-06,1.678e-04,8.8179e+00,2.500e-07,4.227e-06
RANS_SST_WD_0.01-20_ConsGalerkinProj_Drift_Seed2_Second,SST,395,10669,8590,2079,12602,7.8971e-06,3.601e-03,9.260e-02,1.7460e-06,2.600e-04,5.262e-03,2.0585e-04,1.472e-03,1.728e-02,1.3563e-06,6.793e-06,1.095e-04,5.4367e+05,4.080e-06,8.606e-05,8.8179e+00,2.343e-07,3.380e-06
RANS_SST_WD_0.01-20_NN_Drift_Second,SST,5,23271,8590,14681,0,7.8971e-06,0.000e+00,0.000e+00,7.5674e-06,0.000e+00,0.000e+00,2.0585e-04,0.000e+00,0.000e+00,5.6653e-05,0.000e+00,0.000e+00,5.4367e+05,0.000e+00,0.000e+00,1.8606e+01,0.000e+00,0.000e+00
RANS_SST_WD_0.01-20_NN_Drift_Second,SST,10,10669,8590,2079,12602,7.8971e-06,1.535e-03,4.776e-02,1.7460e-06,5.740e-06,1.939e-04,2.0585e-04,1.262e-04,2.082e-03,1.3563e-06,1.285e-07,3.690e-06,5.4367e+05,2.081e-06,1.496e-04,8.8179e+00,6.819e-09,1.123e-07
RANS_SST_WD_0.01-20_NN_Drift_Second,SST,15,10669,8590,2079,12602,7.8971e-06,2.935e-03,9.282e-02,1.7460e-06,4.521e-05,1.482e-03,2.0585e-04,7.125e-04,1.132e-02,1.3563e-06,1.028e-06,2.820e-05,5.4367e+05,3.270e-06,2.232e-04,8.8179e+00,5.235e-08,8.597e-07
RANS_SST_WD_0.01-20_NN_Drift_Second,SST,20,10669,8590,2079,12602,7.8971e-06,2.936e-03,8.714e-02,1.7460e-06,7.848e-05,2.606e-03,2.0585e-04,7.327e-04,9.772e-03,1.3563e-06,1.785e-06,4.957e-05,5.4367e+05,1.992e-06,4.277e-05,8.8179e+00,8.740e-08,1.524e-06
RANS_SST_WD_0.01-20_NN_Drift_Second,SST,25,10669,8590,2079,12602,7.8971e-06,3.519e-03,1.142e-01,1.7460e-06,9.368e-05,3.584e-03,2.0585e-04,9.770e-04,1.455e-02,1.3563e-06,1.931e-06,6.825e-05,5.4367e+05,2.644e-06,6.561e-05,8.8179e+00,9.576e-08,2.143e-06
RANS_SST_WD_0.01-20_NN_Drift_Second,SST,30,10669,8590,2079,12602,7.8971e-06,2.667e-03,8.265e-02,1.7460e-06,1.106e-04,4.251e-03,2.0585e-04,6.913e-04,8.208e-03,1.3563e-06,2.219e-06,8.084e-05,5.4367e+05,2.900e-06,6.518e-05,8.8179e+00,1.122e-07,2.497e-06
RANS_SST_WD_0.01-20_NN_Drift_Second,SST,35,10669,8590,2079,12602,7.8971e-06,2.651e-03,1.093e-01,1.7460e-06,9.666e-05,3.234e-03,2.0585e-04,8.330e-04,9.890e-03,1.3563e-06,2.232e-06,6.105e-05,5.4367e+05,3.082e-06,6.311e-05,8.8179e+00,1.121e-07,1.631e-06
RANS_SST_WD_0.01-20_NN_Drift_Second,SST,40,10669,8590,2079,12602,7.8971e-06,2.643e-03,6.504e-02,1.7460e-06,9.553e-05,2.834e-03,2.0585e-04,7.286e-04,7.120e-03,1.3563e-06,2.553e-06,7.927e-05,5.4367e+05,3.314e-06,6.890e-05,8.8179e+00,1.244e-07,2.594e-06
RANS_SST_WD_0.01-20_NN_Drift_Second,SST,45,10669,8590,2079,12602,7.8971e-06,2.985e-03,7.553e-02,1.7460e-06,7.185e-05,1.747e-03,2.0585e-04,8.227e-04,1.117e-02,1.3563e-06,2.131e-06,5.206e-05,5.4367e+05,3.552e-06,6.150e-05,8.8179e+00,1.156e-07,1.948e-06
RANS_SST_WD_0.01-20_NN_Drift_Second,SST,50,10669,8590,2079,12602,7.8971e-06,2.724e-03,6.623e-02,1.7460e-06,7.115e-05,1.636e-03,2.0585e-04,6.314e-04,7.338e-03,1.3563e-06,2.165e-06,6.456e-05,5.4367e+05,4.967e-06,2.651e-04,8.8179e+00,1.195e-07,2.366e-06
RANS_SST_WD_0.01-20_NN_Drift_Second,SST,55,10669,8590,2079,12602,7.8971e-06,2.700e-03,7.004e-02,1.7460e-06,8.775e-05,2.124e-03,2.0585e-04,8.668e-04,1.419e-02,1.3563e-06,2.360e-06,5.055e-05,5.4367e+05,4.896e-06,2.426e-04,8.8179e+00,1.182e-07,1.723e-06
RANS_SST_WD_0.01-20_NN_Drift_Second,SST,60,10669,8590,2079,12602,7.8971e-06,2.435e-03,5.693e-02,1.7460e-06,1.057e-04,2.622e-03,2.0585e-04,7.591e-04,7.283e-03,1.3563e-06,2.746e-06,5.976e-05,5.4367e+05,4.288e-06,1.476e-04,8.8179e+00,1.313e-07,1.806e-06
RANS_SST_WD_0.01-20_NN_Drift_Second,SST,65,10669,8590,2079,12602,7.8971e-06,3.028e-03,5.113e-02,1.7460e-06,1.069e-04,3.060e-03,2.0585e-04,8.235e-04,1.063e-02,1.3563e-06,2.917e-06,8.311e-05,5.4367e+05,4.851e-06,2.078e-04,8.8179e+00,1.334e-07,2.483e-06
RANS_SST_WD_0.01-20_NN_Drift_Second,SST,70,10669,8590,2079,12602,7.8971e-06,2.819e-03,9.214e-02,1.7460e-06,1.186e-04,3.721e-03,2.0585e-04,5.733e-04,6.771e-03,1.3563e-06,3.261e-06,1.010e-04,5.4367e+05,4.277e-06,1.131e-04,8.8179e+00,1.434e-07,3.017e-06
RANS_SST_WD_0.01-20_NN_Drift_Second,SST,75,10669,8590,2079,12602,7.8971e-06,3.208e-03,9.152e-02,1.7460e-06,1.398e-04,4.334e-03,2.0585e-04,7.506e-04,1.058e-02,1.3563e-06,3.821e-06,1.178e-04,5.4367e+05,4.289e-06,1.699e-04,8.8179e+00,1.541e-07,3.539e-06
RANS_SST_WD_0.01-20_NN_Drift_Second,SST,80,10669,8590,2079,12602,7.8971e-06,2.522e-03,4.552e-02,1.7460e-06,1.604e-04,4.558e-03,2.0585e-04,9.871e-04,1.323e-02,1.3563e-06,4.329e-06,1.173e-04,5.4367e+05,4.277e-06,1.325e-04,8.8179e+00,1.720e-07,4.100e-06
RANS_SST_WD_0.01-20_NN_Drift_Second,SST,85,10669,8590,2079,12602,7.8971e-06,3.268e-03,7.963e-02,1.7460e-06,1.360e-04,4.143e-03,2.0585e-04,1.278e-03,1.380e-02,1.3563e-06,3.848e-06,1.040e-04,5.4367e+05,4.595e-06,1.455e-04,8.8179e+00,1.560e-07,3.597e-06
RANS_SST_WD_0.01-20_NN_Drift_Second,SST,90,10669,8590,2079,12602,7.8971e-06,2.968e-03,6.271e-02,1.7460e-06,1.303e-04,3.728e-03,2.0585e-04,9.592e-04,5.449e-03,1.3563e-06,3.907e-06,9.314e-05,5.4367e+05,3.900e-06,6.900e-05,8.8179e+00,1.603e-07,3.083e-06
RANS_SST_WD_0.01-20_NN_Drift_Second,SST,95,10669,8590,2079,12602,7.8971e-06,3.409e-03,8.841e-02,1.7460e-06,1.411e-04,3.946e-03,2.0585e-04,8.205e-04,1.058e-02,1.3563e-06,3.958e-06,9.629e-05,5.4367e+05,3.987e-06,7.980e-05,8.8179e+00,1.591e-07,2.944e-06
RANS_SST_WD_0.01-20_NN_Drift_Second,SST,100,10669,8590,2079,12602,7.8971e-06,2.577e-03,6.609e-02,1.7460e-06,1.661e-04,5.069e-03,2.0585e-04,6.202e-04,7.933e-03,1.3563e-06,4.522e-06,1.388e-04,5.4367e+05,6.499e-06,3.974e-04,8.8179e+00,1.798e-07,4.276e-06
RANS_SST_WD_0.01-20_NN_Drift_Second,SST,105,10669,8590,2079,12602,7.8971e-06,2.593e-03,5.715e-02,1.7460e-06,1.742e-04,5.578e-03,2.0585e-04,6.517e-04,7.093e-03,1.3563e-06,4.687e-06,1.528e-04,5.4367e+05,7.149e-06,4.652e-04,8.8179e+00,1.814e-07,4.732e-06
RANS_SST_WD_0.01-20_NN_Drift_Second,SST,110,10669,8590,2079,12602,7.8971e-06,2.266e-03,5.385e-02,1.7460e-06,1.711e-04,5.373e-03,2.0585e-04,5.779e-04,7.453e-03,1.3563e-06,4.585e-06,1.473e-04,5.4367e+05,3.638e-06,6.265e-05,8.8179e+00,1.824e-07,4.563e-06
RANS_SST_WD_0.01-20_NN_Drift_Second,SST,115,10669,8590,2079,12602,7.8971e-06,2.592e-03,6.145e-02,1.7460e-06,1.603e-04,5.130e-03,2.0585e-04,5.905e-04,6.220e-03,1.3563e-06,4.414e-06,1.404e-04,5.4367e+05,4.439e-06,1.890e-04,8.8179e+00,1.744e-07,4.333e-06
RANS_SST_WD_0.01-20_NN_Drift_Second,SST,120,10669,8590,2079,12602,7.8971e-06,2.485e-03,8.780e-02,1.7460e-06,1.695e-04,4.824e-03,2.0585e-04,5.461e-04,6.201e-03,1.3563e-06,4.483e-06,1.321e-04,5.4367e+05,3.894e-06,6.352e-05,8.8179e+00,1.766e-07,4.077e-06
RANS_SST_WD_0.01-20_NN_Drift_Second,SST,125,10669,8590,2079,12602,7.8971e-06,2.690e-03,1.023e-01,1.7460e-06,1.459e-04,3.776e-03,2.0585e-04,7.744e-04,8.005e-03,1.3563e-06,3.808e-06,8.756e-05,5.4367e+05,3.908e-06,6.874e-05,8.8179e+00,1.634e-07,2.766e-06
RANS_SST_WD_0.01-20_NN_Drift_Second,SST,130,10669,8590,2079,12602,7.8971e-06,2.524e-03,6.612e-02,1.7460e-06,1.271e-04,3.451e-03,2.0585e-04,7.011e-04,6.866e-03,1.3563e-06,3.271e-06,7.323e-05,5.4367e+05,4.462e-06,1.859e-04,8.8179e+00,1.586e-07,2.252e-06
RANS_SST_WD_0.01-20_NN_Drift_Second,SST,135,10669,8590,2079,12602,7.8971e-06,2.637e-03,7.884e-02,1.7460e-06,1.137e-04,2.581e-03,2.0585e-04,8.071e-04,6.977e-03,1.3563e-06,2.985e-06,5.181e-05,5.4367e+05,5.248e-06,2.753e-04,8.8179e+00,1.448e-07,1.719e-06
RANS_SST_WD_0.01-20_NN_Drift_Second,SST,140,10669,8590,2079,12602,7.8971e-06,2.360e-03,7.148e-02,1.7460e-06,1.138e-04,2.890e-03,2.0585e-04,7.982e-04,6.941e-03,1.3563e-06,2.995e-06,7.331e-05,5.4367e+05,5.589e-06,3.010e-04,8.8179e+00,1.437e-07,2.309e-06
RANS_SST_WD_0.01-20_NN_Drift_Second,SST,145,10669,8590,2079,12602,7.8971e-06,3.052e-03,9.637e-02,1.7460e-06,1.010e-04,3.141e-03,2.0585e-04,8.903e-04,1.147e-02,1.3563e-06,2.307e-06,5.805e-05,5.4367e+05,5.070e-06,2.441e-04,8.8179e+00,1.225e-07,1.612e-06
RANS_SST_WD_0.01-20_NN_Drift_Second,SST,150,10669,8590,2079,12602,7.8971e-06,2.964e-03,8.972e-02,1.7460e-06,1.277e-04,3.258e-03,2.0585e-04,8.565e-04,8.341e-03,1.3563e-06,3.049e-06,7.850e-05,5.4367e+05,4.295e-06,6.254e-05,8.8179e+00,1.393e-07,2.328e-06
RANS_SST_WD_0.01-20_NN_Drift_Second,SST,155,10669,8590,2079,12602,7.8971e-06,3.588e-03,1.437e-01,1.7460e-06,1.248e-04,3.380e-03,2.0585e-04,1.089e-03,1.558e-02,1.3563e-06,3.124e-06,8.278e-05,5.4367e+05,4.060e-06,7.202e-05,8.8179e+00,1.367e-07,2.575e-06
RANS_SST_WD_0.01-20_NN_Drift_Second,SST,160,10669,8590,2079,12602,7.8971e-06,2.996e-03,8.327e-02,1.7460e-06,1.258e-04,3.091e-03,2.0585e-04,9.823e-04,1.389e-02,1.3563e-06,3.318e-06,7.606e-05,5.4367e+05,4.095e-06,1.004e-04,8.8179e+00,1.461e-07,2.421e-06
RANS_SST_WD_0.01-20_NN_Drift_Second,SST,165,10669,8590,2079,12602,7.8971e-06,3.391e-03,7.644e-02,1.7460e-06,1.472e-04,4.157e-03,2.0585e-04,8.698e-04,8.197e-03,1.3563e-06,3.942e-06,1.168e-04,5.4367e+05,4.362e-06,1.675e-04,8.8179e+00,1.715e-07,3.925e-06
RANS_SST_WD_0.01-20_NN_Drift_Second,SST,170,10669,8590,2079,12602,7.8971e-06,3.051e-03,7.181e-02,1.7460e-06,1.725e-04,5.500e-03,2.0585e-04,7.340e-04,8.234e-03,1.3563e-06,4.613e-06,1.541e-04,5.4367e+05,5.066e-06,2.814e-04,8.8179e+00,2.000e-07,5.141e-06
RANS_SST_WD_0.01-20_NN_Drift_Second,SST,175,10669,8590,2079,12602,7.8971e-06,2.659e-03,6.772e-02,1.7460e-06,1.763e-04,4.912e-03,2.0585e-04,7.176e-04,7.179e-03,1.3563e-06,4.620e-06,1.377e-04,5.4367e+05,4.795e-06,2.360e-04,8.8179e+00,1.938e-07,4.597e-06
RANS_SST_WD_0.01-20_NN_Drift_Second,SST,180,10669,8590,2079,12602,7.8971e-06,2.509e-03,5.499e-02,1.7460e-06,1.987e-04,4.594e-03,2.0585e-04,7.695e-04,8.254e-03,1.3563e-06,5.217e-06,1.287e-04,5.4367e+05,4.364e-06,1.814e-04,8.8179e+00,2.056e-07,4.288e-06
RANS_SST_WD_0.01-20_NN_Drift_Second,SST,185,10669,8590,2079,12602,7.8971e-06,3.510e-03,8.221e-02,1.7460e-06,2.384e-04,4.996e-03,2.0585e-04,9.284e-04,1.012e-02,1.3563e-06,6.410e-06,1.396e-04,5.4367e+05,4.062e-06,1.146e-04,8.8179e+00,2.332e-07,4.612e-06
RANS_SST_WD_0.01-20_NN_Drift_Second,SST,190,10669,8590,2079,12602,7.8971e-06,2.783e-03,7.423e-02,1.7460e-06,2.755e-04,5.623e-03,2.0585e-04,6.685e-04,7.479e-03,1.3563e-06,7.492e-06,1.566e-04,5.4367e+05,3.806e-06,7.424e-05,8.8179e+00,2.663e-07,5.115e-06
RANS_SST_WD_0.01-20_NN_Drift_Second,SST,195,10669,8590,2079,12602,7.8971e-06,3.158e-03,5.906e-02,1.7460e-06,2.847e-04,6.798e-03,2.0585e-04,9.571e-04,1.252e-02,1.3563e-06,7.788e-06,1.673e-04,5.4367e+05,3.781e-06,7.715e-05,8.8179e+00,2.722e-07,5.346e-06
RANS_SST_WD_0.01-20_NN_Drift_Second,SST,200,10669,8590,2079,12602,7.8971e-06,3.447e-03,1.206e-01,1.7460e-06,2.984e-04,7.678e-03,2.0585e-04,9.197e-04,9.327e-03,1.3563e-06,8.146e-06,1.805e-04,5.4367e+05,3.910e-06,7.472e-05,8.8179e+00,2.821e-07,5.717e-06
RANS_SST_WD_0.01-20_NN_Drift_Second,SST,205,10669,8590,2079,12602,7.8971e-06,4.273e-03,1.348e-01,1.7460e-06,3.140e-04,7.810e-03,2.0585e-04,1.198e-03,1.867e-02,1.3563e-06,8.516e-06,2.158e-04,5.4367e+05,4.310e-06,7.771e-05,8.8179e+00,2.910e-07,6.896e-06
RANS_SST_WD_0.01-20_NN_Drift_Second,SST,210,10669,8590,2079,12602,7.8971e-06,3.682e-03,7.761e-02,1.7460e-06,3.230e-04,8.427e-03,2.0585e-04,2.006e-03,5.001e-02,1.3563e-06,8.740e-06,2.328e-04,5.4367e+05,5.329e-06,2.780e-04,8.8179e+00,2.987e-07,7.447e-06
RANS_SST_WD_0.01-20_NN_Drift_Second,SST,215,10669,8590,2079,12602,7.8971e-06,2.547e-03,4.350e-02,1.7460e-06,3.261e-04,8.531e-03,2.0585e-04,1.754e-03,2.790e-02,1.3563e-06,8.971e-06,2.347e-04,5.4367e+05,4.710e-06,2.218e-04,8.8179e+00,2.997e-07,7.395e-06
RANS_SST_WD_0.01-20_NN_Drift_Second,SST,220,10669,8590,2079,12602,7.8971e-06,2.408e-03,5.737e-02,1.7460e-06,3.288e-04,8.588e-03,2.0585e-04,1.662e-03,1.875e-02,1.3563e-06,9.083e-06,2.355e-04,5.4367e+05,4.120e-06,1.370e-04,8.8179e+00,3.025e-07,7.351e-06
RANS_SST_WD_0.01-20_NN_Drift_Second,SST,225,10669,8590,2079,12602,7.8971e-06,3.673e-03,1.557e-01,1.7460e-06,3.298e-04,9.758e-03,2.0585e-04,1.694e-03,1.650e-02,1.3563e-06,9.070e-06,2.676e-04,5.4367e+05,3.910e-06,1.012e-04,8.8179e+00,3.020e-07,8.363e-06
RANS_SST_WD_0.01-20_NN_Drift_Second,SST,230,10669,8590,2079,12602,7.8971e-06,2.763e-03,6.291e-02,1.7460e-06,3.368e-04,1.042e-02,2.0585e-04,1.669e-03,1.353e-02,1.3563e-06,9.243e-06,2.860e-04,5.4367e+05,4.216e-06,1.510e-04,8.8179e+00,3.099e-07,8.953e-06
RANS_SST_WD_0.01-20_NN_Drift_Second,SST,235,10669,8590,2079,12602,7.8971e-06,3.483e-03,9.754e-02,1.7460e-06,3.185e-04,7.972e-03,2.0585e-04,1.342e-03,9.925e-03,1.3563e-06,8.981e-06,2.190e-04,5.4367e+05,4.766e-06,2.296e-04,8.8179e+00,3.060e-07,6.865e-06
RANS_SST_WD_0.01-20_NN_Drift_Second,SST,240,10669,8590,2079,12602,7.8971e-06,2.792e-03,7.353e-02,1.7460e-06,3.102e-04,6.175e-03,2.0585e-04,1.154e-03,8.985e-03,1.3563e-06,8.862e-06,1.699e-04,5.4367e+05,3.601e-06,5.633e-05,8.8179e+00,3.055e-07,5.381e-06
RANS_SST_WD_0.01-20_NN_Drift_Second,SST,245,10669,8590,2079,12602,7.8971e-06,3.814e-03,1.030e-01,1.7460e-06,3.030e-04,7.074e-03,2.0585e-04,8.631e-04,9.098e-03,1.3563e-06,8.450e-06,1.946e-04,5.4367e+05,3.652e-06,5.610e-05,8.8179e+00,2.887e-07,6.124e-06
RANS_SST_WD_0.01-20_NN_Drift_Second,SST,250,10669,8590,2079,12602,7.8971e-06,3.491e-03,9.310e-02,1.7460e-06,2.912e-04,7.158e-03,2.0585e-04,5.448e-04,5.812e-03,1.3563e-06,7.992e-06,1.972e-04,5.4367e+05,3.501e-06,5.300e-05,8.8179e+00,2.753e-07,6.239e-06
RANS_SST_WD_0.01-20_NN_Drift_Second,SST,255,10669,8590,2079,12602,7.8971e-06,2.783e-03,7.118e-02,1.7460e-06,2.789e-04,5.930e-03,2.0585e-04,7.048e-04,9.256e-03,1.3563e-06,7.655e-06,1.647e-04,5.4367e+05,3.636e-06,5.484e-05,8.8179e+00,2.661e-07,5.336e-06
RANS_SST_WD_0.01-20_NN_Drift_Second,SST,260,10669,8590,2079,12602,7.8971e-06,2.412e-03,9.248e-02,1.7460e-06,2.767e-04,6.045e-03,2.0585e-04,8.300e-04,1.222e-02,1.3563e-06,7.572e-06,1.437e-04,5.4367e+05,4.915e-06,2.394e-04,8.8179e+00,2.673e-07,4.791e-06
RANS_SST_WD_0.01-20_NN_Drift_Second,SST,265,10669,8590,2079,12602,7.8971e-06,3.987e-03,1.110e-01,1.7460e-06,2.800e-04,6.728e-03,2.0585e-04,9.696e-04,9.490e-03,1.3563e-06,7.679e-06,1.455e-04,5.4367e+05,5.150e-06,2.757e-04,8.8179e+00,2.712e-07,4.990e-06
RANS_SST_WD_0.01-20_NN_Drift_Second,SST,270,10669,8590,2079,12602,7.8971e-06,3.816e-03,9.494e-02,1.7460e-06,2.858e-04,6.697e-03,2.0585e-04,1.139e-03,1.238e-02,1.3563e-06,7.891e-06,1.536e-04,5.4367e+05,5.033e-06,2.481e-04,8.8179e+00,2.808e-07,5.321e-06
RANS_SST_WD_0.01-20_NN_Drift_Second,SST,275,10669,8590,2079,12602,7.8971e-06,3.694e-03,7.613e-02,1.7460e-06,2.796e-04,5.452e-03,2.0585e-04,1.171e-03,9.467e-03,1.3563e-06,7.987e-06,1.542e-04,5.4367e+05,5.336e-06,2.985e-04,8.8179e+00,2.782e-07,5.285e-06
RANS_SST_WD_0.01-20_NN_Drift_Second,SST,280,10669,8590,2079,12602,7.8971e-06,2.602e-03,6.103e-02,1.7460e-06,2.747e-04,5.056e-03,2.0585e-04,6.958e-04,7.173e-03,1.3563e-06,7.983e-06,1.532e-04,5.4367e+05,5.665e-06,3.364e-04,8.8179e+00,2.761e-07,4.966e-06
RANS_SST_WD_0.01-20_NN_Drift_Second,SST,285,10669,8590,2079,12602,7.8971e-06,2.986e-03,9.374e-02,1.7460e-06,2.717e-04,4.464e-03,2.0585e-04,7.379e-04,7.505e-03,1.3563e-06,7.695e-06,1.388e-04,5.4367e+05,4.899e-06,2.478e-04,8.8179e+00,2.647e-07,4.434e-06
RANS_SST_WD_0.01-20_NN_Drift_Second,SST,290,10669,8590,2079,12602,7.8971e-06,2.579e-03,7.438e-02,1.7460e-06,2.737e-04,4.756e-03,2.0585e-04,7.025e-04,8.883e-03,1.3563e-06,7.647e-06,1.352e-04,5.4367e+05,4.137e-06,1.292e-04,8.8179e+00,2.658e-07,4.293e-06
RANS_SST_WD_0.01-20_NN_Drift_Second,SST,295,10669,8590,2079,12602,7.8971e-06,2.455e-03,6.114e-02,1.7460e-06,2.714e-04,4.550e-03,2.0585e-04,6.106e-04,7.114e-03,1.3563e-06,7.823e-06,1.489e-04,5.4367e+05,3.634e-06,7.079e-05,8.8179e+00,2.774e-07,4.838e-06
RANS_SST_WD_0.01-20_NN_Drift_Second,SST,300,10669,8590,2079,12602,7.8971e-06,2.215e-03,5.674e-02,1.7460e-06,2.737e-04,5.076e-03,2.0585e-04,5.938e-04,7.878e-03,1.3563e-06,8.046e-06,1.572e-04,5.4367e+05,3.714e-06,8.184e-05,8.8179e+00,2.898e-07,5.267e-06
RANS_SST_WD_0.01-20_NN_Drift_Second,SST,305,10669,8590,2079,12602,7.8971e-06,2.992e-03,9.238e-02,1.7460e-06,2.718e-04,5.109e-03,2.0585e-04,7.828e-04,1.401e-02,1.3563e-06,8.019e-06,1.557e-04,5.4367e+05,3.735e-06,7.114e-05,8.8179e+00,2.817e-07,5.039e-06
RANS_SST_WD_0.01-20_NN_Drift_Second,SST,310,10669,8590,2079,12602,7.8971e-06,2.462e-03,6.734e-02,1.7460e-06,2.681e-04,5.050e-03,2.0585e-04,6.276e-04,5.719e-03,1.3563e-06,7.868e-06,1.462e-04,5.4367e+05,3.622e-06,6.380e-05,8.8179e+00,2.741e-07,4.641e-06
RANS_SST_WD_0.01-20_NN_Drift_Second,SST,315,10669,8590,2079,12602,7.8971e-06,3.545e-03,1.141e-01,1.7460e-06,2.695e-04,6.027e-03,2.0585e-04,7.122e-04,1.076e-02,1.3563e-06,7.692e-06,1.501e-04,5.4367e+05,3.798e-06,9.593e-05,8.8179e+00,2.633e-07,4.994e-06
RANS_SST_WD_0.01-20_NN_Drift_Second,SST,320,10669,8590,2079,12602,7.8971e-06,3.331e-03,6.667e-02,1.7460e-06,2.720e-04,6.678e-03,2.0585e-04,9.217e-04,1.467e-02,1.3563e-06,7.559e-06,1.661e-04,5.4367e+05,3.483e-06,5.530e-05,8.8179e+00,2.583e-07,5.495e-06
RANS_SST_WD_0.01-20_NN_Drift_Second,SST,325,10669,8590,2079,12602,7.8971e-06,4.033e-03,8.636e-02,1.7460e-06,2.692e-04,6.371e-03,2.0585e-04,1.293e-03,1.509e-02,1.3563e-06,7.193e-06,1.590e-04,5.4367e+05,3.567e-06,7.130e-05,8.8179e+00,2.490e-07,5.346e-06
RANS_SST_WD_0.01-20_NN_Drift_Second,SST,330,10669,8590,2079,12602,7.8971e-06,3.144e-03,8.458e-02,1.7460e-06,2.786e-04,6.225e-03,2.0585e-04,8.729e-04,9.285e-03,1.3563e-06,7.100e-06,1.556e-04,5.4367e+05,3.518e-06,8.009e-05,8.8179e+00,2.496e-07,5.259e-06
RANS_SST_WD_0.01-20_NN_Drift_Second,SST,335,10669,8590,2079,12602,7.8971e-06,3.745e-03,8.526e-02,1.7460e-06,2.745e-04,6.179e-03,2.0585e-04,9.292e-04,9.826e-03,1.3563e-06,6.926e-06,1.539e-04,5.4367e+05,3.640e-06,5.484e-05,8.8179e+00,2.427e-07,5.131e-06
RANS_SST_WD_0.01-20_NN_Drift_Second,SST,340,10669,8590,2079,12602,7.8971e-06,3.093e-03,8.704e-02,1.7460e-06,2.812e-04,6.258e-03,2.0585e-04,9.210e-04,8.254e-03,1.3563e-06,7.202e-06,1.556e-04,5.4367e+05,4.505e-06,2.092e-04,8.8179e+00,2.541e-07,5.146e-06
RANS_SST_WD_0.01-20_NN_Drift_Second,SST,345,10669,8590,2079,12602,7.8971e-06,3.347e-03,5.848e-02,1.7460e-06,2.615e-04,5.761e-03,2.0585e-04,9.202e-04,9.268e-03,1.3563e-06,6.724e-06,1.432e-04,5.4367e+05,5.367e-06,2.917e-04,8.8179e+00,2.377e-07,4.743e-06
RANS_SST_WD_0.01-20_NN_Drift_Second,SST,350,10669,8590,2079,12602,7.8971e-06,3.245e-03,6.761e-02,1.7460e-06,2.579e-04,5.286e-03,2.0585e-04,7.845e-04,7.150e-03,1.3563e-06,6.686e-06,1.311e-04,5.4367e+05,5.400e-06,3.044e-04,8.8179e+00,2.386e-07,4.301e-06
RANS_SST_WD_0.01-20_NN_Drift_Second,SST,355,10669,8590,2079,12602,7.8971e-06,3.656e-03,9.276e-02,1.7460e-06,2.644e-04,5.366e-03,2.0585e-04,7.266e-04,1.029e-02,1.3563e-06,6.877e-06,1.313e-04,5.4367e+05,5.666e-06,3.125e-04,8.8179e+00,2.418e-07,4.061e-06
RANS_SST_WD_0.01-20_NN_Drift_Second,SST,360,10669,8590,2079,12602,7.8971e-06,2.689e-03,5.438e-02,1.7460e-06,2.746e-04,5.528e-03,2.0585e-04,9.535e-04,8.325e-03,1.3563e-06,7.221e-06,1.344e-04,5.4367e+05,3.732e-06,8.993e-05,8.8179e+00,2.531e-07,4.024e-06
RANS_SST_WD_0.01-20_NN_Drift_Second,SST,365,10669,8590,2079,12602,7.8971e-06,2.498e-03,4.547e-02,1.7460e-06,3.117e-04,6.879e-03,2.0585e-04,8.320e-04,8.167e-03,1.3563e-06,8.262e-06,1.685e-04,5.4367e+05,3.477e-06,6.434e-05,8.8179e+00,2.839e-07,5.303e-06
RANS_SST_WD_0.01-20_NN_Drift_Second,SST,370,10669,8590,2079,12602,7.8971e-06,2.140e-03,6.030e-02,1.7460e-06,3.403e-04,7.747e-03,2.0585e-04,6.812e-04,7.245e-03,1.3563e-06,9.019e-06,1.964e-04,5.4367e+05,4.892e-06,2.750e-04,8.8179e+00,3.092e-07,6.424e-06
RANS_SST_WD_0.01-20_NN_Drift_Second,SST,375,10669,8590,2079,12602,7.8971e-06,3.179e-03,8.822e-02,1.7460e-06,3.351e-04,7.528e-03,2.0585e-04,9.986e-04,1.004e-02,1.3563e-06,8.900e-06,2.086e-04,5.4367e+05,4.713e-06,2.543e-04,8.8179e+00,3.030e-07,6.733e-06
RANS_SST_WD_0.01-20_NN_Drift_Second,SST,380,10669,8590,2079,12602,7.8971e-06,2.350e-03,5.903e-02,1.7460e-06,3.249e-04,7.396e-03,2.0585e-04,7.466e-04,5.670e-03,1.3563e-06,8.651e-06,2.044e-04,5.4367e+05,4.045e-06,1.634e-04,8.8179e+00,2.954e-07,6.533e-06
RANS_SST_WD_0.01-20_NN_Drift_Second,SST,385,10669,8590,2079,12602,7.8971e-06,2.784e-03,9.158e-02,1.7460e-06,3.182e-04,6.437e-03,2.0585e-04,7.292e-04,9.412e-03,1.3563e-06,8.407e-06,1.754e-04,5.4367e+05,4.276e-06,1.972e-04,8.8179e+00,2.851e-07,5.556e-06
RANS_SST_WD_0.01-20_NN_Drift_Second,SST,390,10669,8590,2079,12602,7.8971e-06,2.188e-03,5.188e-02,1.7460e-06,3.240e-04,6.990e-03,2.0585e-04,5.681e-04,4.460e-03,1.3563e-06,8.471e-06,1.538e-04,5.4367e+05,3.866e-06,1.233e-04,8.8179e+00,2.886e-07,4.874e-06
RANS_SST_WD_0.01-20_NN_Drift_Second,SST,395,10669,8590,2079,12602,7.8971e-06,3.069e-03,6.678e-02,1.7460e-06,3.233e-04,7.451e-03,2.0585e-04,6.055e-04,5.533e-03,1.3563e-06,8.567e-06,1.595e-04,5.4367e+05,3.251e-06,6.076e-05,8.8179e+00,2.930e-07,4.765e-06
RANS_SST_WD_0.01-20_NN_Drift_Seed2_Second,SST,5,23271,8590,14681,0,7.8971e-06,0.000e+00,0.000e+00,7.5674e-06,0.000e+00,0.000e+00,2.0585e-04,0.000e+00,0.000e+00,5.6653e-05,0.000e+00,0.000e+00,5.4367e+05,0.000e+00,0.000e+00,1.8606e+01,0.000e+00,0.000e+00
RANS_SST_WD_0.01-20_NN_Drift_Seed2_Second,SST,10,10669,8590,2079,12602,7.8971e-06,1.995e-03,5.645e-02,1.7460e-06,5.479e-06,1.342e-04,2.0585e-04,1.497e-04,3.162e-03,1.3563e-06,1.643e-07,5.692e-06,5.4367e+05,1.086e-06,3.299e-05,8.8179e+00,7.367e-09,1.983e-07
RANS_SST_WD_0.01-20_NN_Drift_Seed2_Second,SST,15,10669,8590,2079,12602,7.8971e-06,3.448e-03,7.183e-02,1.7460e-06,4.141e-05,9.484e-04,2.0585e-04,7.699e-04,8.098e-03,1.3563e-06,1.235e-06,4.017e-05,5.4367e+05,2.269e-06,1.092e-04,8.8179e+00,5.552e-08,1.396e-06
RANS_SST_WD_0.01-20_NN_Drift_Seed2_Second,SST,20,10669,8590,2079,12602,7.8971e-06,2.986e-03,5.147e-02,1.7460e-06,6.230e-05,1.498e-03,2.0585e-04,7.820e-04,9.313e-03,1.3563e-06,1.866e-06,5.513e-05,5.4367e+05,3.075e-06,1.796e-04,8.8179e+00,8.762e-08,1.930e-06
RANS_SST_WD_0.01-20_NN_Drift_Seed2_Second,SST,25,10669,8590,2079,12602,7.8971e-06,2.409e-03,8.719e-02,1.7460e-06,4.605e-05,1.206e-03,2.0585e-04,9.030e-04,1.237e-02,1.3563e-06,1.361e-06,4.481e-05,5.4367e+05,3.986e-06,2.461e-04,8.8179e+00,8.181e-08,1.481e-06
RANS_SST_WD_0.01-20_NN_Drift_Seed2_Second,SST,30,10669,8590,2079,12602,7.8971e-06,2.245e-03,6.355e-02,1.7460e-06,7.607e-05,2.107e-03,2.0585e-04,7.013e-04,6.614e-03,1.3563e-06,2.042e-06,5.580e-05,5.4367e+05,3.413e-06,1.620e-04,8.8179e+00,1.012e-07,1.616e-06
RANS_SST_WD_0.01-20_NN_Drift_Seed2_Second,SST,35,10669,8590,2079,12602,7.8971e-06,2.726e-03,8.384e-02,1.7460e-06,8.959e-05,2.068e-03,2.0585e-04,7.379e-04,8.960e-03,1.3563e-06,2.282e-06,5.564e-05,5.4367e+05,3.060e-06,8.664e-05,8.8179e+00,1.072e-07,1.603e-06
RANS_SST_WD_0.01-20_NN_Drift_Seed2_Second,SST,40,10669,8590,2079,12602,7.8971e-06,3.275e-03,1.029e-01,1.7460e-06,1.058e-04,2.242e-03,2.0585e-04,7.145e-04,9.157e-03,1.3563e-06,2.629e-06,5.102e-05,5.4367e+05,3.220e-06,8.627e-05,8.8179e+00,1.240e-07,1.757e-06
RANS_SST_WD_0.01-20_NN_Drift_Seed2_Second,SST,45,10669,8590,2079,12602,7.8971e-06,3.530e-03,7.911e-02,1.7460e-06,8.307e-05,1.989e-03,2.0585e-04,9.706e-04,1.209e-02,1.3563e-06,2.026e-06,4.892e-05,5.4367e+05,3.672e-06,8.233e-05,8.8179e+00,1.063e-07,1.559e-06
RANS_SST_WD_0.01-20_NN_Drift_Seed2_Second,SST,50,10669,8590,2079,12602,7.8971e-06,3.155e-03,7.944e-02,1.7460e-06,9.255e-05,2.670e-03,2.0585e-04,8.723e-04,8.688e-03,1.3563e-06,2.394e-06,7.355e-05,5.4367e+05,4.163e-06,1.154e-04,8.8179e+00,1.141e-07,2.291e-06
RANS_SST_WD_0.01-20_NN_Drift_Seed2_Second,SST,55,10669,8590,2079,12602,7.8971e-06,3.355e-03,9.953e-02,1.7460e-06,8.854e-05,2.072e-03,2.0585e-04,7.526e-04,8.542e-03,1.3563e-06,2.439e-06,5.578e-05,5.4367e+05,4.248e-06,1.146e-04,8.8179e+00,1.140e-07,1.925e-06
RANS_SST_WD_0.01-20_NN_Drift_Seed2_Second,SST,60,10669,8590,2079,12602,7.8971e-06,2.779e-03,8.301e-02,1.7460e-06,8.536e-05,1.479e-03,2.0585e-04,7.324e-04,8.458e-03,1.3563e-06,2.503e-06,6.433e-05,5.4367e+05,5.705e-06,2.862e-04,8.8179e+00,1.224e-07,2.331e-06
RANS_SST_WD_0.01-20_NN_Drift_Seed2_Second,SST,65,10669,8590,2079,12602,7.8971e-06,3.790e-03,7.549e-02,1.7460e-06,8.549e-05,1.746e-03,2.0585e-04,9.756e-04,2.038e-02,1.3563e-06,2.478e-06,7.035e-05,5.4367e+05,7.007e-06,4.385e-04,8.8179e+00,1.146e-07,2.255e-06
RANS_SST_WD_0.01-20_NN_Drift_Seed2_Second,SST,70,10669,8590,2079,12602,7.8971e-06,3.235e-03,8.370e-02,1.7460e-06,1.122e-04,2.857e-03,2.0585e-04,9.823e-04,1.463e-02,1.3563e-06,3.100e-06,7.525e-05,5.4367e+05,5.794e-06,3.269e-04,8.8179e+00,1.313e-07,2.285e-06
RANS_SST_WD_0.01-20_NN_Drift_Seed2_Second,SST,75,10669,8590,2079,12602,7.8971e-06,3.366e-03,7.345e-02,1.7460e-06,1.415e-04,3.524e-03,2.0585e-04,1.024e-03,1.499e-02,1.3563e-06,3.910e-06,9.877e-05,5.4367e+05,4.834e-06,2.249e-04,8.8179e+00,1.482e-07,3.220e-06
RANS_SST_WD_0.01-20_NN_Drift_Seed2_Second,SST,80,10669,8590,2079,12602,7.8971e-06,3.266e-03,6.492e-02,1.7460e-06,1.667e-04,3.967e-03,2.0585e-04,1.465e-03,1.345e-02,1.3563e-06,4.571e-06,1.144e-04,5.4367e+05,3.822e-06,6.622e-05,8.8179e+00,1.708e-07,3.794e-06
RANS_SST_WD_0.01-20_NN_Drift_Seed2_Second,SST,85,10669,8590,2079,12602,7.8971e-06,4.725e-03,1.190e-01,1.7460e-06,1.828e-04,4.165e-03,2.0585e-04,1.061e-03,1.212e-02,1.3563e-06,4.864e-06,1.039e-04,5.4367e+05,3.491e-06,6.380e-05,8.8179e+00,1.771e-07,3.222e-06
RANS_SST_WD_0.01-20_NN_Drift_Seed2_Second,SST,90,10669,8590,2079,12602,7.8971e-06,3.805e-03,1.033e-01,1.7460e-06,2.014e-04,4.473e-03,2.0585e-04,8.881e-04,9.048e-03,1.3563e-06,5.287e-06,9.836e-05,5.4367e+05,4.115e-06,1.613e-04,8.8179e+00,1.952e-07,3.555e-06
RANS_SST_WD_0.01-20_NN_Drift_Seed2_Second,SST,95,10669,8590,2079,12602,7.8971e-06,4.236e-03,1.240e-01,1.7460e-06,2.040e-04,4.649e-03,2.0585e-04,1.124e-03,1.378e-02,1.3563e-06,5.446e-06,1.101e-04,5.4367e+05,3.974e-06,6.387e-05,8.8179e+00,2.001e-07,3.895e-06
RANS_SST_WD_0.01-20_NN_Drift_Seed2_Second,SST,100,10669,8590,2079,12602,7.8971e-06,4.054e-03,9.164e-02,1.7460e-06,2.121e-04,4.920e-03,2.0585e-04,1.298e-03,1.035e-02,1.3563e-06,5.730e-06,1.187e-04,5.4367e+05,4.259e-06,1.319e-04,8.8179e+00,2.118e-07,4.120e-06
RANS_SST_WD_0.01-20_NN_Drift_Seed2_Second,SST,105,10669,8590,2079,12602,7.8971e-06,4.000e-03,1.299e-01,1.7460e-06,2.321e-04,5.525e-03,2.0585e-04,1.298e-03,2.389e-02,1.3563e-06,6.171e-06,1.240e-04,5.4367e+05,4.841e-06,2.052e-04,8.8179e+00,2.198e-07,4.230e-06
RANS_SST_WD_0.01-20_NN_Drift_Seed2_Second,SST,110,10669,8590,2079,12602,7.8971e-06,3.047e-03,6.769e-02,1.7460e-06,2.373e-04,5.454e-03,2.0585e-04,1.160e-03,1.297e-02,1.3563e-06,6.384e-06,1.378e-04,5.4367e+05,4.987e-06,2.336e-04,8.8179e+00,2.270e-07,4.551e-06
RANS_SST_WD_0.01-20_NN_Drift_Seed2_Second,SST,115,10669,8590,2079,12602,7.8971e-06,6.856e-03,2.492e-01,1.7460e-06,2.085e-04,4.606e-03,2.0585e-04,5.672e-03,3.493e-01,1.3563e-06,6.024e-06,1.496e-04,5.4367e+05,1.082e-05,6.178e-04,8.8179e+00,2.176e-07,5.034e-06
RANS_SST_WD_0.01-20_NN_Drift_Seed2_Second,SST,120,10669,8590,2079,12602,7.8971e-06,1.117e-02,2.476e-01,1.7460e-06,1.935e-04,4.562e-03,2.0585e-04,4.891e-03,1.168e-01,1.3563e-06,5.883e-06,1.485e-04,5.4367e+05,4.677e-06,1.069e-04,8.8179e+00,2.182e-07,5.020e-06
RANS_SST_WD_0.01-20_NN_Drift_Seed2_Second,SST,125,10669,8590,2079,12602,7.8971e-06,9.723e-03,1.481e-01,1.7460e-06,1.785e-04,3.810e-03,2.0585e-04,4.370e-03,4.783e-02,1.3563e-06,5.603e-06,1.231e-04,5.4367e+05,4.036e-06,5.737e-05,8.8179e+00,2.119e-07,4.089e-06
RANS_SST_WD_0.01-20_NN_Drift_Seed2_Second,SST,130,10669,8590,2079,12602,7.8971e-06,5.477e-03,7.939e-02,1.7460e-06,1.724e-04,3.281e-03,2.0585e-04,4.582e-03,3.633e-02,1.3563e-06,5.549e-06,1.331e-04,5.4367e+05,9.115e-06,5.947e-04,8.8179e+00,2.150e-07,4.295e-06
RANS_SST_WD_0.01-20_NN_Drift_Seed2_Second,SST,135,10669,8590,2079,12602,7.8971e-06,2.516e-03,7.583e-02,1.7460e-06,1.706e-04,3.925e-03,2.0585e-04,1.113e-03,1.162e-02,1.3563e-06,5.638e-06,1.569e-04,5.4367e+05,5.619e-06,2.735e-04,8.8179e+00,2.104e-07,4.933e-06
RANS_SST_WD_0.01-20_NN_Drift_Seed2_Second,SST,140,10669,8590,2079,12602,7.8971e-06,2.082e-03,6.063e-02,1.7460e-06,1.672e-04,4.143e-03,2.0585e-04,7.730e-04,7.156e-03,1.3563e-06,5.521e-06,1.648e-04,5.4367e+05,6.977e-06,4.188e-04,8.8179e+00,2.047e-07,5.133e-06
RANS_SST_WD_0.01-20_NN_Drift_Seed2_Second,SST,145,10669,8590,2079,12602,7.8971e-06,3.567e-03,1.014e-01,1.7460e-06,1.540e-04,3.149e-03,2.0585e-04,8.927e-04,1.207e-02,1.3563e-06,4.781e-06,1.265e-04,5.4367e+05,6.420e-06,3.826e-04,8.8179e+00,1.799e-07,4.018e-06
RANS_SST_WD_0.01-20_NN_Drift_Seed2_Second,SST,150,10669,8590,2079,12602,7.8971e-06,3.298e-03,8.674e-02,1.7460e-06,1.531e-04,3.160e-03,2.0585e-04,6.573e-04,7.818e-03,1.3563e-06,4.458e-06,9.931e-05,5.4367e+05,3.960e-06,5.874e-05,8.8179e+00,1.738e-07,3.512e-06
RANS_SST_WD_0.01-20_NN_Drift_Seed2_Second,SST,155,10669,8590,2079,12602,7.8971e-06,3.665e-03,1.060e-01,1.7460e-06,1.566e-04,3.223e-03,2.0585e-04,9.104e-04,9.653e-03,1.3563e-06,4.411e-06,9.478e-05,5.4367e+05,3.936e-06,8.157e-05,8.8179e+00,1.703e-07,3.432e-06
RANS_SST_WD_0.01-20_NN_Drift_Seed2_Second,SST,160,10669,8590,2079,12602,7.8971e-06,3.153e-03,6.885e-02,1.7460e-06,1.602e-04,3.267e-03,2.0585e-04,9.636e-04,8.074e-03,1.3563e-06,4.360e-06,9.034e-05,5.4367e+05,4.073e-06,1.035e-04,8.8179e+00,1.731e-07,3.542e-06
RANS_SST_WD_0.01-20_NN_Drift_Seed2_Second,SST,165,10669,8590,2079,12602,7.8971e-06,3.103e-03,7.924e-02,1.7460e-06,1.616e-04,3.437e-03,2.0585e-04,8.012e-04,9.053e-03,1.3563e-06,4.312e-06,1.043e-04,5.4367e+05,4.250e-06,1.588e-04,8.8179e+00,1.758e-07,4.099e-06
RANS_SST_WD_0.01-20_NN_Drift_Seed2_Second,SST,170,10669,8590,2079,12602,7.8971e-06,2.877e-03,6.403e-02,1.7460e-06,1.720e-04,3.593e-03,2.0585e-04,6.394e-04,7.197e-03,1.3563e-06,4.511e-06,1.134e-04,5.4367e+05,3.527e-06,5.392e-05,8.8179e+00,1.871e-07,4.407e-06
RANS_SST_WD_0.01-20_NN_Drift_Seed2_Second,SST,175,10669,8590,2079,12602,7.8971e-06,3.843e-03,8.498e-02,1.7460e-06,1.629e-04,3.476e-03,2.0585e-04,7.865e-04,1.024e-02,1.3563e-06,4.448e-06,1.224e-04,5.4367e+05,3.717e-06,6.552e-05,8.8179e+00,1.843e-07,4.607e-06
RANS_SST_WD_0.01-20_NN_Drift_Seed2_Second,SST,180,10669,8590,2079,12602,7.8971e-06,3.285e-03,8.404e-02,1.7460e-06,1.640e-04,3.054e-03,2.0585e-04,6.231e-04,7.534e-03,1.3563e-06,4.548e-06,1.112e-04,5.4367e+05,4.369e-06,1.684e-04,8.8179e+00,1.885e-07,4.104e-06
RANS_SST_WD_0.01-20_NN_Drift_Seed2_Second,SST,185,10669,8590,2079,12602,7.8971e-06,4.633e-03,9.127e-02,1.7460e-06,1.797e-04,3.919e-03,2.0585e-04,1.102e-03,1.498e-02,1.3563e-06,4.804e-06,1.088e-04,5.4367e+05,5.119e-06,2.483e-04,8.8179e+00,1.892e-07,3.674e-06
RANS_SST_WD_0.01-20_NN_Drift_Seed2_Second,SST,190,10669,8590,2079,12602,7.8971e-06,4.248e-03,8.062e-02,1.7460e-06,2.095e-04,4.823e-03,2.0585e-04,1.114e-03,1.732e-02,1.3563e-06,5.658e-06,1.348e-04,5.4367e+05,3.598e-06,5.472e-05,8.8179e+00,2.152e-07,4.452e-06
RANS_SST_WD_0.01-20_NN_Drift_Seed2_Second,SST,195,10669,8590,2079,12602,7.8971e-06,4.576e-03,1.533e-01,1.7460e-06,2.372e-04,5.782e-03,2.0585e-04,1.279e-03,2.410e-02,1.3563e-06,6.377e-06,1.612e-04,5.4367e+05,4.032e-06,1.153e-04,8.8179e+00,2.313e-07,5.291e-06
RANS_SST_WD_0.01-20_NN_Drift_Seed2_Second,SST,200,10669,8590,2079,12602,7.8971e-06,4.385e-03,9.574e-02,1.7460e-06,2.623e-04,6.444e-03,2.0585e-04,1.256e-03,1.062e-02,1.3563e-06,7.039e-06,1.796e-04,5.4367e+05,4.100e-06,1.162e-04,8.8179e+00,2.496e-07,5.892e-06
RANS_SST_WD_0.01-20_NN_Drift_Seed2_Second,SST,205,10669,8590,2079,12602,7.8971e-06,4.570e-03,8.237e-02,1.7460e-06,2.720e-04,6.636e-03,2.0585e-04,1.083e-03,1.684e-02,1.3563e-06,7.448e-06,1.850e-04,5.4367e+05,3.855e-06,7.327e-05,8.8179e+00,2.588e-07,6.077e-06
RANS_SST_WD_0.01-20_NN_Drift_Seed2_Second,SST,210,10669,8590,2079,12602,7.8971e-06,3.372e-03,7.574e-02,1.7460e-06,2.752e-04,6.580e-03,2.0585e-04,1.026e-03,9.788e-03,1.3563e-06,7.574e-06,1.836e-04,5.4367e+05,4.074e-06,1.339e-04,8.8179e+00,2.620e-07,6.052e-06
RANS_SST_WD_0.01-20_NN_Drift_Seed2_Second,SST,215,10669,8590,2079,12602,7.8971e-06,3.697e-03,8.364e-02,1.7460e-06,2.613e-04,6.304e-03,2.0585e-04,1.038e-03,1.119e-02,1.3563e-06,7.162e-06,1.769e-04,5.4367e+05,4.465e-06,1.746e-04,8.8179e+00,2.434e-07,5.932e-06
RANS_SST_WD_0.01-20_NN_Drift_Seed2_Second,SST,220,10669,8590,2079,12602,7.8971e-06,2.909e-03,6.245e-02,1.7460e-06,2.533e-04,5.794e-03,2.0585e-04,7.872e-04,9.727e-03,1.3563e-06,6.982e-06,1.635e-04,5.4367e+05,3.938e-06,8.018e-05,8.8179e+00,2.376e-07,5.573e-06
RANS_SST_WD_0.01-20_NN_Drift_Seed2_Second,SST,225,10669,8590,2079,12602,7.8971e-06,3.079e-03,8.950e-02,1.7460e-06,2.499e-04,5.372e-03,2.0585e-04,8.122e-04,1.188e-02,1.3563e-06,6.970e-06,1.738e-04,5.4367e+05,4.101e-06,7.894e-05,8.8179e+00,2.354e-07,5.233e-06
RANS_SST_WD_0.01-20_NN_Drift_Seed2_Second,SST,230,10669,8590,2079,12602,7.8971e-06,2.569e-03,7.770e-02,1.7460e-06,2.504e-04,5.447e-03,2.0585e-04,9.124e-04,1.043e-02,1.3563e-06,7.023e-06,1.768e-04,5.4367e+05,4.222e-06,8.519e-05,8.8179e+00,2.371e-07,5.366e-06
RANS_SST_WD_0.01-20_NN_Drift_Seed2_Second,SST,235,10669,8590,2079,12602,7.8971e-06,3.166e-03,7.689e-02,1.7460e-06,2.490e-04,5.197e-03,2.0585e-04,8.676e-04,9.212e-03,1.3563e-06,7.063e-06,1.689e-04,5.4367e+05,4.153e-06,7.840e-05,8.8179e+00,2.382e-07,5.372e-06
RANS_SST_WD_0.01-20_NN_Drift_Seed2_Second,SST,240,10669,8590,2079,12602,7.8971e-06,2.872e-03,6.784e-02,1.7460e-06,2.421e-04,5.083e-03,2.0585e-04,6.284e-04,5.744e-03,1.3563e-06,6.794e-06,1.532e-04,5.4367e+05,4.605e-06,1.406e-04,8.8179e+00,2.338e-07,4.952e-06
RANS_SST_WD_0.01-20_NN_Drift_Seed2_Second,SST,245,10669,8590,2079,12602,7.8971e-06,3.137e-03,8.830e-02,1.7460e-06,2.291e-04,5.340e-03,2.0585e-04,7.902e-04,8.788e-03,1.3563e-06,6.060e-06,1.248e-04,5.4367e+05,5.036e-06,2.376e-04,8.8179e+00,2.061e-07,3.602e-06
RANS_SST_WD_0.01-20_NN_Drift_Seed2_Second,SST,250,10669,8590,2079,12602,7.8971e-06,2.011e-03,5.230e-02,1.7460e-06,2.255e-04,5.553e-03,2.0585e-04,9.681e-04,8.894e-03,1.3563e-06,5.803e-06,1.074e-04,5.4367e+05,4.146e-06,9.385e-05,8.8179e+00,2.011e-07,2.975e-06
RANS_SST_WD_0.01-20_NN_Drift_Seed2_Second,SST,255,10669,8590,2079,12602,7.8971e-06,2.286e-03,5.744e-02,1.7460e-06,2.149e-04,5.629e-03,2.0585e-04,9.220e-04,8.569e-03,1.3563e-06,5.625e-06,1.041e-04,5.4367e+05,4.176e-06,8.794e-05,8.8179e+00,1.996e-07,3.714e-06
RANS_SST_WD_0.01-20_NN_Drift_Seed2_Second,SST,260,10669,8590,2079,12602,7.8971e-06,2.115e-03,8.729e-02,1.7460e-06,2.011e-04,5.462e-03,2.0585e-04,6.830e-04,5.676e-03,1.3563e-06,5.360e-06,1.103e-04,5.4367e+05,4.264e-06,1.223e-04,8.8179e+00,1.984e-07,4.296e-06
RANS_SST_WD_0.01-20_NN_Drift_Seed2_Second,SST,265,10669,8590,2079,12602,7.8971e-06,3.293e-03,1.598e-01,1.7460e-06,1.785e-04,5.214e-03,2.0585e-04,1.076e-03,1.914e-02,1.3563e-06,4.734e-06,1.059e-04,5.4367e+05,4.111e-06,5.805e-05,8.8179e+00,1.814e-07,4.202e-06
RANS_SST_WD_0.01-20_NN_Drift_Seed2_Second,SST,270,10669,8590,2079,12602,7.8971e-06,2.882e-03,4.980e-02,1.7460e-06,1.729e-04,4.598e-03,2.0585e-04,9.952e-04,8.899e-03,1.3563e-06,4.602e-06,1.011e-04,5.4367e+05,4.353e-06,1.476e-04,8.8179e+00,1.829e-07,4.044e-06
RANS_SST_WD_0.01-20_NN_Drift_Seed2_Second,SST,275,10669,8590,2079,12602,7.8971e-06,3.614e-03,8.382e-02,1.7460e-06,1.597e-04,3.369e-03,2.0585e-04,9.618e-04,1.039e-02,1.3563e-06,4.422e-06,9.632e-05,5.4367e+05,4.216e-06,1.475e-04,8.8179e+00,1.811e-07,3.814e-06
RANS_SST_WD_0.01-20_NN_Drift_Seed2_Second,SST,280,10669,8590,2079,12602,7.8971e-06,3.407e-03,1.178e-01,1.7460e-06,1.592e-04,2.624e-03,2.0585e-04,8.600e-04,1.034e-02,1.3563e-06,4.464e-06,9.206e-05,5.4367e+05,3.659e-06,6.866e-05,8.8179e+00,1.892e-07,3.588e-06
RANS_SST_WD_0.01-20_NN_Drift_Seed2_Second,SST,285,10669,8590,2079,12602,7.8971e-06,4.008e-03,1.072e-01,1.7460e-06,1.725e-04,4.921e-03,2.0585e-04,1.094e-03,1.351e-02,1.3563e-06,4.711e-06,1.381e-04,5.4367e+05,3.738e-06,5.656e-05,8.8179e+00,1.948e-07,4.547e-06
RANS_SST_WD_0.01-20_NN_Drift_Seed2_Second,SST,290,10669,8590,2079,12602,7.8971e-06,3.662e-03,8.736e-02,1.7460e-06,1.890e-04,6.492e-03,2.0585e-04,1.083e-03,8.499e-03,1.3563e-06,5.093e-06,1.824e-04,5.4367e+05,3.601e-06,5.484e-05,8.8179e+00,2.068e-07,6.018e-06
RANS_SST_WD_0.01-20_NN_Drift_Seed2_Second,SST,295,10669,8590,2079,12602,7.8971e-06,4.020e-03,1.331e-01,1.7460e-06,1.675e-04,5.297e-03,2.0585e-04,9.259e-04,1.453e-02,1.3563e-06,4.711e-06,1.482e-04,5.4367e+05,3.922e-06,6.196e-05,8.8179e+00,1.942e-07,4.839e-06
RANS_SST_WD_0.01-20_NN_Drift_Seed2_Second,SST,300,10669,8590,2079,12602,7.8971e-06,3.501e-03,8.862e-02,1.7460e-06,1.658e-04,4.886e-03,2.0585e-04,1.089e-03,1.391e-02,1.3563e-06,4.858e-06,1.363e-04,5.4367e+05,5.225e-06,2.741e-04,8.8179e+00,2.015e-07,4.404e-06
RANS_SST_WD_0.01-20_NN_Drift_Seed2_Second,SST,305,10669,8590,2079,12602,7.8971e-06,3.163e-03,8.547e-02,1.7460e-06,1.956e-04,6.766e-03,2.0585e-04,9.131e-04,1.150e-02,1.3563e-06,5.484e-06,1.886e-04,5.4367e+05,4.934e-06,2.678e-04,8.8179e+00,2.204e-07,6.061e-06
RANS_SST_WD_0.01-20_NN_Drift_Seed2_Second,SST,310,10669,8590,2079,12602,7.8971e-06,2.515e-03,6.646e-02,1.7460e-06,2.218e-04,8.081e-03,2.0585e-04,8.480e-04,8.199e-03,1.3563e-06,6.176e-06,2.251e-04,5.4367e+05,4.356e-06,1.800e-04,8.8179e+00,2.453e-07,7.211e-06
RANS_SST_WD_0.01-20_NN_Drift_Seed2_Second,SST,315,10669,8590,2079,12602,7.8971e-06,3.068e-03,1.011e-01,1.7460e-06,2.376e-04,8.889e-03,2.0585e-04,9.599e-04,1.449e-02,1.3563e-06,6.538e-06,2.477e-04,5.4367e+05,4.089e-06,1.402e-04,8.8179e+00,2.497e-07,7.928e-06
RANS_SST_WD_0.01-20_NN_Drift_Seed2_Second,SST,320,10669,8590,2079,12602,7.8971e-06,3.542e-03,7.732e-02,1.7460e-06,2.517e-04,9.379e-03,2.0585e-04,1.134e-03,1.192e-02,1.3563e-06,6.825e-06,2.611e-04,5.4367e+05,3.961e-06,1.581e-04,8.8179e+00,2.551e-07,8.326e-06
RANS_SST_WD_0.01-20_NN_Drift_Seed2_Second,SST,325,10669,8590,2079,12602,7.8971e-06,4.421e-03,1.013e-01,1.7460e-06,2.408e-04,9.008e-03,2.0585e-04,1.469e-03,1.926e-02,1.3563e-06,6.416e-06,2.486e-04,5.4367e+05,4.713e-06,2.221e-04,8.8179e+00,2.331e-07,7.708e-06
RANS_SST_WD_0.01-20_NN_Drift_Seed2_Second,SST,330,10669,8590,2079,12602,7.8971e-06,4.878e-03,9.185e-02,1.7460e-06,2.359e-04,8.517e-03,2.0585e-04,2.050e-03,3.629e-02,1.3563e-06,6.289e-06,2.335e-04,5.4367e+05,7.441e-06,3.112e-04,8.8179e+00,2.265e-07,7.084e-06
RANS_SST_WD_0.01-20_NN_Drift_Seed2_Second,SST,335,10669,8590,2079,12602,7.8971e-06,4.247e-03,7.644e-02,1.7460e-06,2.280e-04,7.733e-03,2.0585e-04,1.866e-03,2.301e-02,1.3563e-06,5.964e-06,2.118e-04,5.4367e+05,4.137e-06,1.403e-04,8.8179e+00,2.116e-07,6.408e-06
RANS_SST_WD_0.01-20_NN_Drift_Seed2_Second,SST,340,10669,8590,2079,12602,7.8971e-06,3.756e-03,8.150e-02,1.7460e-06,2.221e-04,7.209e-03,2.0585e-04,2.274e-03,2.123e-02,1.3563e-06,5.719e-06,1.971e-04,5.4367e+05,3.842e-06,7.362e-05,8.8179e+00,2.032e-07,5.939e-06
RANS_SST_WD_0.01-20_NN_Drift_Seed2_Second,SST,345,10669,8590,2079,12602,7.8971e-06,5.084e-03,1.601e-01,1.7460e-06,2.098e-04,7.125e-03,2.0585e-04,3.338e-03,2.194e-02,1.3563e-06,5.533e-06,1.941e-04,5.4367e+05,6.564e-06,3.843e-04,8.8179e+00,1.988e-07,5.775e-06
RANS_SST_WD_0.01-20_NN_Drift_Seed2_Second,SST,350,10669,8590,2079,12602,7.8971e-06,4.121e-03,1.058e-01,1.7460e-06,2.059e-04,6.917e-03,2.0585e-04,1.163e-03,1.073e-02,1.3563e-06,5.483e-06,1.882e-04,5.4367e+05,8.088e-06,5.273e-04,8.8179e+00,2.019e-07,5.574e-06
RANS_SST_WD_0.01-20_NN_Drift_Seed2_Second,SST,355,10669,8590,2079,12602,7.8971e-06,3.736e-03,8.044e-02,1.7460e-06,1.916e-04,5.946e-03,2.0585e-04,9.384e-04,9.146e-03,1.3563e-06,5.118e-06,1.620e-04,5.4367e+05,5.977e-06,3.652e-04,8.8179e+00,1.903e-07,4.830e-06
RANS_SST_WD_0.01-20_NN_Drift_Seed2_Second,SST,360,10669,8590,2079,12602,7.8971e-06,3.431e-03,7.108e-02,1.7460e-06,1.827e-04,4.795e-03,2.0585e-04,7.621e-04,1.143e-02,1.3563e-06,4.839e-06,1.305e-04,5.4367e+05,6.452e-06,4.094e-04,8.8179e+00,1.855e-07,3.881e-06
RANS_SST_WD_0.01-20_NN_Drift_Seed2_Second,SST,365,10669,8590,2079,12602,7.8971e-06,3.343e-03,8.479e-02,1.7460e-06,1.925e-04,4.923e-03,2.0585e-04,7.004e-04,1.076e-02,1.3563e-06,5.031e-06,1.337e-04,5.4367e+05,5.638e-06,3.352e-04,8.8179e+00,1.841e-07,3.945e-06
RANS_SST_WD_0.01-20_NN_Drift_Seed2_Second,SST,370,10669,8590,2079,12602,7.8971e-06,3.283e-03,8.600e-02,1.7460e-06,2.043e-04,4.786e-03,2.0585e-04,6.060e-04,6.409e-03,1.3563e-06,5.403e-06,1.299e-04,5.4367e+05,3.322e-06,6.467e-05,8.8179e+00,1.945e-07,3.825e-06
RANS_SST_WD_0.01-20_NN_Drift_Seed2_Second,SST,375,10669,8590,2079,12602,7.8971e-06,3.901e-03,1.275e-01,1.7460e-06,2.122e-04,3.770e-03,2.0585e-04,6.858e-04,6.853e-03,1.3563e-06,5.820e-06,1.131e-04,5.4367e+05,4.306e-06,2.095e-04,8.8179e+00,2.053e-07,3.619e-06
RANS_SST_WD_0.01-20_NN_Drift_Seed2_Second,SST,380,10669,8590,2079,12602,7.8971e-06,2.906e-03,7.349e-02,1.7460e-06,2.207e-04,4.420e-03,2.0585e-04,6.848e-04,6.434e-03,1.3563e-06,6.171e-06,1.392e-04,5.4367e+05,3.912e-06,1.652e-04,8.8179e+00,2.178e-07,4.381e-06
RANS_SST_WD_0.01-20_NN_Drift_Seed2_Second,SST,385,10669,8590,2079,12602,7.8971e-06,3.109e-03,9.006e-02,1.7460e-06,2.204e-04,4.733e-03,2.0585e-04,8.496e-04,1.328e-02,1.3563e-06,6.122e-06,1.486e-04,5.4367e+05,4.983e-06,2.447e-04,8.8179e+00,2.118e-07,4.645e-06
RANS_SST_WD_0.01-20_NN_Drift_Seed2_Second,SST,390,10669,8590,2079,12602,7.8971e-06,2.709e-03,6.044e-02,1.7460e-06,2.280e-04,5.086e-03,2.0585e-04,8.884e-04,1.051e-02,1.3563e-06,6.219e-06,1.394e-04,5.4367e+05,4.815e-06,1.533e-04,8.8179e+00,2.150e-07,4.315e-06
RANS_SST_WD_0.01-20_NN_Drift_Seed2_Second,SST,395,10669,8590,2079,12602,7.8971e-06,2.784e-03,8.912e-02,1.7460e-06,2.370e-04,6.175e-03,2.0585e-04,1.137e-03,9.777e-03,1.3563e-06,6.226e-06,1.521e-04,5.4367e+05,4.037e-06,8.473e-05,8.8179e+00,2.113e-07,4.950e-06
RANS_SST_WD_0.05-0.10_ConsGalerkinProj_OneShot_Second,SST,5,23271,8590,14681,0,7.8971e-06,0.000e+00,0.000e+00,7.5674e-06,0.000e+00,0.000e+00,2.0585e-04,0.000e+00,0.000e+00,5.6653e-05,0.000e+00,0.000e+00,5.4367e+05,0.000e+00,0.000e+00,1.8606e+01,0.000e+00,0.000e+00
RANS_SST_WD_0.05-0.10_ConsGalerkinProj_OneShot_Second,SST,10,23271,8590,14681,0,7.8971e-06,0.000e+00,0.000e+00,7.5674e-06,0.000e+00,0.000e+00,2.0585e-04,0.000e+00,0.000e+00,5.6653e-05,0.000e+00,0.000e+00,5.4367e+05,0.000e+00,0.000e+00,1.8606e+01,0.000e+00,0.000e+00
RANS_SST_WD_0.05-0.10_ConsGalerkinProj_OneShot_Second,SST,15,23271,8590,14681,0,7.8971e-06,0.000e+00,0.000e+00,7.5674e-06,0.000e+00,0.000e+00,2.0585e-04,0.000e+00,0.000e+00,5.6653e-05,0.000e+00,0.000e+00,5.4367e+05,0.000e+00,0.000e+00,1.8606e+01,0.000e+00,0.000e+00
RANS_SST_WD_0.05-0.10_ConsGalerkinProj_OneShot_Second,SST,20,23271,8590,14681,0,7.8971e-06,0.000e+00,0.000e+00,7.5674e-06,0.000e+00,0.000e+00,2.0585e-04,0.000e+00,0.000e+00,5.6653e-05,0.000e+00,0.000e+00,5.4367e+05,0.000e+00,0.000e+00,1.8606e+01,0.000e+00,0.000e+00
RANS_SST_WD_0.05-0.10_ConsGalerkinProj_OneShot_Second,SST,25,23271,8590,14681,0,7.8971e-06,0.000e+00,0.000e+00,7.5674e-06,0.000e+00,0.000e+00,2.0585e-04,0.000e+00,0.000e+00,5.6653e-05,0.000e+00,0.000e+00,5.4367e+05,0.000e+00,0.000e+00,1.8606e+01,0.000e+00,0.000e+00
RANS_SST_WD_0.05-0.10_ConsGalerkinProj_OneShot_Second,SST,30,23271,8590,14681,0,7.8971e-06,0.000e+00,0.000e+00,7.5674e-06,0.000e+00,0.000e+00,2.0585e-04,0.000e+00,0.000e+00,5.6653e-05,0.000e+00,0.000e+00,5.4367e+05,0.000e+00,0.000e+00,1.8606e+01,0.000e+00,0.000e+00
RANS_SST_WD_0.05-0.10_ConsGalerkinProj_OneShot_Second,SST,35,23271,8590,14681,0,7.8971e-06,0.000e+00,0.000e+00,7.5674e-06,0.000e+00,0.000e+00,2.0585e-04,0.000e+00,0.000e+00,5.6653e-05,0.000e+00,0.000e+00,5.4367e+05,0.000e+00,0.000e+00,1.8606e+01,0.000e+00,0.000e+00
RANS_SST_WD_0.05-0.10_ConsGalerkinProj_OneShot_Second,SST,40,23271,8590,14681,0,7.8971e-06,0.000e+00,0.000e+00,7.5674e-06,0.000e+00,0.000e+00,2.0585e-04,0.000e+00,0.000e+00,5.6653e-05,0.000e+00,0.000e+00,5.4367e+05,0.000e+00,0.000e+00,1.8606e+01,0.000e+00,0.000e+00
RANS_SST_WD_0.05-0.10_ConsGalerkinProj_OneShot_Second,SST,45,23271,8590,14681,0,7.8971e-06,0.000e+00,0.000e+00,7.5674e-06,0.000e+00,0.000e+00,2.0585e-04,0.000e+00,0.000e+00,5.6653e-05,0.000e+00,0.000e+00,5.4367e+05,0.000e+00,0.000e+00,1.8606e+01,0.000e+00,0.000e+00
RANS_SST_WD_0.05-0.10_ConsGalerkinProj_OneShot_Second,SST,50,23271,8590,14681,0,7.8971e-06,0.000e+00,0.000e+00,7.5674e-06,0.000e+00,0.000e+00,2.0585e-04,0.000e+00,0.000e+00,5.6653e-05,0.000e+00,0.000e+00,5.4367e+05,0.000e+00,0.000e+00,1.8606e+01,0.000e+00,0.000e+00
RANS_SST_WD_0.05-0.10_ConsGalerkinProj_OneShot_Second,SST,55,23271,8590,14681,0,7.8971e-06,0.000e+00,0.000e+00,7.5674e-06,0.000e+00,0.000e+00,2.0585e-04,0.000e+00,0.000e+00,5.6653e-05,0.000e+00,0.000e+00,5.4367e+05,0.000e+00,0.000e+00,1.8606e+01,0.000e+00,0.000e+00
RANS_SST_WD_0.05-0.10_ConsGalerkinProj_OneShot_Second,SST,60,23271,8590,14681,0,7.8971e-06,0.000e+00,0.000e+00,7.5674e-06,0.000e+00,0.000e+00,2.0585e-04,0.000e+00,0.000e+00,5.6653e-05,0.000e+00,0.000e+00,5.4367e+05,0.000e+00,0.000e+00,1.8606e+01,0.000e+00,0.000e+00
RANS_SST_WD_0.05-0.10_ConsGalerkinProj_OneShot_Second,SST,65,23271,8590,14681,0,7.8971e-06,0.000e+00,0.000e+00,7.5674e-06,0.000e+00,0.000e+00,2.0585e-04,0.000e+00,0.000e+00,5.6653e-05,0.000e+00,0.000e+00,5.4367e+05,0.000e+00,0.000e+00,1.8606e+01,0.000e+00,0.000e+00
RANS_SST_WD_0.05-0.10_ConsGalerkinProj_OneShot_Second,SST,70,23271,8590,14681,0,7.8971e-06,0.000e+00,0.000e+00,7.5674e-06,0.000e+00,0.000e+00,2.0585e-04,0.000e+00,0.000e+00,5.6653e-05,0.000e+00,0.000e+00,5.4367e+05,0.000e+00,0.000e+00,1.8606e+01,0.000e+00,0.000e+00
RANS_SST_WD_0.05-0.10_ConsGalerkinProj_OneShot_Second,SST,75,23271,8590,14681,0,7.8971e-06,0.000e+00,0.000e+00,7.5674e-06,0.000e+00,0.000e+00,2.0585e-04,0.000e+00,0.000e+00,5.6653e-05,0.000e+00,0.000e+00,5.4367e+05,0.000e+00,0.000e+00,1.8606e+01,0.000e+00,0.000e+00
RANS_SST_WD_0.05-0.10_ConsGalerkinProj_OneShot_Second,SST,80,23271,8590,14681,0,7.8971e-06,0.000e+00,0.000e+00,7.5674e-06,0.000e+00,0.000e+00,2.0585e-04,0.000e+00,0.000e+00,5.6653e-05,0.000e+00,0.000e+00,5.4367e+05,0.000e+00,0.000e+00,1.8606e+01,0.000e+00,0.000e+00
RANS_SST_WD_0.05-0.10_ConsGalerkinProj_OneShot_Second,SST,85,23271,8590,14681,0,7.8971e-06,0.000e+00,0.000e+00,7.5674e-06,0.000e+00,0.000e+00,2.0585e-04,0.000e+00,0.000e+00,5.6653e-05,0.000e+00,0.000e+00,5.4367e+05,0.000e+00,0.000e+00,1.8606e+01,0.000e+00,0.000e+00
RANS_SST_WD_0.05-0.10_ConsGalerkinProj_OneShot_Second,SST,90,23271,8590,14681,0,7.8971e-06,0.000e+00,0.000e+00,7.5674e-06,0.000e+00,0.000e+00,2.0585e-04,0.000e+00,0.000e+00,5.6653e-05,0.000e+00,0.000e+00,5.4367e+05,0.000e+00,0.000e+00,1.8606e+01,0.000e+00,0.000e+00
RANS_SST_WD_0.05-0.10_ConsGalerkinProj_OneShot_Second,SST,95,23271,8590,14681,0,7.8971e-06,0.000e+00,0.000e+00,7.5674e-06,0.000e+00,0.000e+00,2.0585e-04,0.000e+00,0.000e+00,5.6653e-05,0.000e+00,0.000e+00,5.4367e+05,0.000e+00,0.000e+00,1.8606e+01,0.000e+00,0.000e+00
RANS_SST_WD_0.05-0.10_ConsGalerkinProj_OneShot_Second,SST,100,23271,8590,14681,0,7.8971e-06,0.000e+00,0.000e+00,7.5674e-06,0.000e+00,0.000e+00,2.0585e-04,0.000e+00,0.000e+00,5.6653e-05,0.000e+00,0.000e+00,5.4367e+05,0.000e+00,0.000e+00,1.8606e+01,0.000e+00,0.000e+00
RANS_SST_WD_0.05-0.10_ConsGalerkinProj_OneShot_Second,SST,105,23271,8590,14681,0,7.8971e-06,0.000e+00,0.000e+00,7.5674e-06,0.000e+00,0.000e+00,2.0585e-04,0.000e+00,0.000e+00,5.6653e-05,0.000e+00,0.000e+00,5.4367e+05,0.000e+00,0.000e+00,1.8606e+01,0.000e+00,0.000e+00
RANS_SST_WD_0.05-0.10_ConsGalerkinProj_OneShot_Second,SST,110,23271,8590,14681,0,7.8971e-06,0.000e+00,0.000e+00,7.5674e-06,0.000e+00,0.000e+00,2.0585e-04,0.000e+00,0.000e+00,5.6653e-05,0.000e+00,0.000e+00,5.4367e+05,0.000e+00,0.000e+00,1.8606e+01,0.000e+00,0.000e+00
RANS_SST_WD_0.05-0.10_ConsGalerkinProj_OneShot_Second,SST,115,23271,8590,14681,0,7.8971e-06,0.000e+00,0.000e+00,7.5674e-06,0.000e+00,0.000e+00,2.0585e-04,0.000e+00,0.000e+00,5.6653e-05,0.000e+00,0.000e+00,5.4367e+05,0.000e+00,0.000e+00,1.8606e+01,0.000e+00,0.000e+00
RANS_SST_WD_0.05-0.10_ConsGalerkinProj_OneShot_Second,SST,120,23271,8590,14681,0,7.8971e-06,0.000e+00,0.000e+00,7.5674e-06,0.000e+00,0.000e+00,2.0585e-04,0.000e+00,0.000e+00,5.6653e-05,0.000e+00,0.000e+00,5.4367e+05,0.000e+00,0.000e+00,1.8606e+01,0.000e+00,0.000e+00
RANS_SST_WD_0.05-0.10_ConsGalerkinProj_OneShot_Second,SST,125,23271,8590,14681,0,7.8971e-06,0.000e+00,0.000e+00,7.5674e-06,0.000e+00,0.000e+00,2.0585e-04,0.000e+00,0.000e+00,5.6653e-05,0.000e+00,0.000e+00,5.4367e+05,0.000e+00,0.000e+00,1.8606e+01,0.000e+00,0.000e+00
RANS_SST_WD_0.05-0.10_ConsGalerkinProj_OneShot_Second,SST,130,23271,8590,14681,0,7.8971e-06,0.000e+00,0.000e+00,7.5674e-06,0.000e+00,0.000e+00,2.0585e-04,0.000e+00,0.000e+00,5.6653e-05,0.000e+00,0.000e+00,5.4367e+05,0.000e+00,0.000e+00,1.8606e+01,0.000e+00,0.000e+00
RANS_SST_WD_0.05-0.10_ConsGalerkinProj_OneShot_Second,SST,135,23271,8590,14681,0,7.8971e-06,0.000e+00,0.000e+00,7.5674e-06,0.000e+00,0.000e+00,2.0585e-04,0.000e+00,0.000e+00,5.6653e-05,0.000e+00,0.000e+00,5.4367e+05,0.000e+00,0.000e+00,1.8606e+01,0.000e+00,0.000e+00
RANS_SST_WD_0.05-0.10_ConsGalerkinProj_OneShot_Second,SST,140,23271,8590,14681,0,7.8971e-06,0.000e+00,0.000e+00,7.5674e-06,0.000e+00,0.000e+00,2.0585e-04,0.000e+00,0.000e+00,5.6653e-05,0.000e+00,0.000e+00,5.4367e+05,0.000e+00,0.000e+00,1.8606e+01,0.000e+00,0.000e+00
RANS_SST_WD_0.05-0.10_ConsGalerkinProj_OneShot_Second,SST,145,23271,8590,14681,0,7.8971e-06,0.000e+00,0.000e+00,7.5674e-06,0.000e+00,0.000e+00,2.0585e-04,0.000e+00,0.000e+00,5.6653e-05,0.000e+00,0.000e+00,5.4367e+05,0.000e+00,0.000e+00,1.8606e+01,0.000e+00,0.000e+00
RANS_SST_WD_0.05-0.10_ConsGalerkinProj_OneShot_Second,SST,150,23271,8590,14681,0,7.8971e-06,0.000e+00,0.000e+00,7.5674e-06,0.000e+00,0.000e+00,2.0585e-04,0.000e+00,0.000e+00,5.6653e-05,0.000e+00,0.000e+00,5.4367e+05,0.000e+00,0.000e+00,1.8606e+01,0.000e+00,0.000e+00
RANS_SST_WD_0.05-0.10_ConsGalerkinProj_OneShot_Second,SST,155,23271,8590,14681,0,7.8971e-06,0.000e+00,0.000e+00,7.5674e-06,0.000e+00,0.000e+00,2.0585e-04,0.000e+00,0.000e+00,5.6653e-05,0.000e+00,0.000e+00,5.4367e+05,0.000e+00,0.000e+00,1.8606e+01,0.000e+00,0.000e+00
RANS_SST_WD_0.05-0.10_ConsGalerkinProj_OneShot_Second,SST,160,23271,8590,14681,0,7.8971e-06,0.000e+00,0.000e+00,7.5674e-06,0.000e+00,0.000e+00,2.0585e-04,0.000e+00,0.000e+00,5.6653e-05,0.000e+00,0.000e+00,5.4367e+05,0.000e+00,0.000e+00,1.8606e+01,0.000e+00,0.000e+00
RANS_SST_WD_0.05-0.10_ConsGalerkinProj_OneShot_Second,SST,165,23271,8590,14681,0,7.8971e-06,0.000e+00,0.000e+00,7.5674e-06,0.000e+00,0.000e+00,2.0585e-04,0.000e+00,0.000e+00,5.6653e-05,0.000e+00,0.000e+00,5.4367e+05,0.000e+00,0.000e+00,1.8606e+01,0.000e+00,0.000e+00
RANS_SST_WD_0.05-0.10_ConsGalerkinProj_OneShot_Second,SST,170,23271,8590,14681,0,7.8971e-06,0.000e+00,0.000e+00,7.5674e-06,0.000e+00,0.000e+00,2.0585e-04,0.000e+00,0.000e+00,5.6653e-05,0.000e+00,0.000e+00,5.4367e+05,0.000e+00,0.000e+00,1.8606e+01,0.000e+00,0.000e+00
RANS_SST_WD_0.05-0.10_ConsGalerkinProj_OneShot_Second,SST,175,23271,8590,14681,0,7.8971e-06,0.000e+00,0.000e+00,7.5674e-06,0.000e+00,0.000e+00,2.0585e-04,0.000e+00,0.000e+00,5.6653e-05,0.000e+00,0.000e+00,5.4367e+05,0.000e+00,0.000e+00,1.8606e+01,0.000e+00,0.000e+00
RANS_SST_WD_0.05-0.10_ConsGalerkinProj_OneShot_Second,SST,180,23271,8590,14681,0,7.8971e-06,0.000e+00,0.000e+00,7.5674e-06,0.000e+00,0.000e+00,2.0585e-04,0.000e+00,0.000e+00,5.6653e-05,0.000e+00,0.000e+00,5.4367e+05,0.000e+00,0.000e+00,1.8606e+01,0.000e+00,0.000e+00
RANS_SST_WD_0.05-0.10_ConsGalerkinProj_OneShot_Second,SST,185,23271,8590,14681,0,7.8971e-06,0.000e+00,0.000e+00,7.5674e-06,0.000e+00,0.000e+00,2.0585e-04,0.000e+00,0.000e+00,5.6653e-05,0.000e+00,0.000e+00,5.4367e+05,0.000e+00,0.000e+00,1.8606e+01,0.000e+00,0.000e+00
RANS_SST_WD_0.05-0.10_ConsGalerkinProj_OneShot_Second,SST,190,23271,8590,14681,0,7.8971e-06,0.000e+00,0.000e+00,7.5674e-06,0.000e+00,0.000e+00,2.0585e-04,0.000e+00,0.000e+00,5.6653e-05,0.000e+00,0.000e+00,5.4367e+05,0.000e+00,0.000e+00,1.8606e+01,0.000e+00,0.000e+00
RANS_SST_WD_0.05-0.10_ConsGalerkinProj_OneShot_Second,SST,195,23271,8590,14681,0,7.8971e-06,0.000e+00,0.000e+00,7.5674e-06,0.000e+00,0.000e+00,2.0585e-04,0.000e+00,0.000e+00,5.6653e-05,0.000e+00,0.000e+00,5.4367e+05,0.000e+00,0.000e+00,1.8606e+01,0.000e+00,0.000e+00
RANS_SST_WD_0.05-0.10_ConsGalerkinProj_OneShot_Second,SST,200,22047,8590,13457,1224,7.8971e-06,6.308e-06,2.053e-04,7.5674e-06,2.035e-04,1.680e-02,2.0585e-04,2.750e-06,2.729e-05,5.6653e-05,7.836e-05,4.692e-03,5.4367e+05,1.210e-07,4.634e-06,1.8606e+01,4.878e-05,3.511e-03
RANS_SST_WD_0.05-0.10_ConsGalerkinProj_OneShot_Second,SST,205,22047,8590,13457,1224,7.8971e-06,1.148e-05,2.948e-04,7.5674e-06,4.647e-04,2.966e-02,2.0585e-04,2.074e-05,1.731e-04,5.6653e-05,1.176e-04,5.805e-03,5.4367e+05,2.681e-07,6.531e-06,1.8606e+01,7.882e-05,4.546e-03
RANS_SST_WD_0.05-0.10_ConsGalerkinProj_OneShot_Second,SST,210,22047,8590,13457,1224,7.8971e-06,1.284e-05,2.903e-04,7.5674e-06,4.656e-04,2.969e-02,2.0585e-04,2.924e-05,1.955e-04,5.6653e-05,1.175e-04,5.810e-03,5.4367e+05,4.315e-07,6.107e-06,1.8606e+01,7.885e-05,4.551e-03
RANS_SST_WD_0.05-0.10_ConsGalerkinProj_OneShot_Second,SST,215,22047,8590,13457,1224,7.8971e-06,1.476e-05,2.884e-04,7.5674e-06,4.673e-04,2.978e-02,2.0585e-04,4.028e-05,2.460e-04,5.6653e-05,1.175e-04,5.812e-03,5.4367e+05,5.229e-07,6.438e-06,1.8606e+01,7.903e-05,4.549e-03
RANS_SST_WD_0.05-0.10_ConsGalerkinProj_OneShot_Second,SST,220,22047,8590,13457,1224,7.8971e-06,1.825e-05,2.795e-04,7.5674e-06,4.688e-04,2.985e-02,2.0585e-04,5.054e-05,2.599e-04,5.6653e-05,1.182e-04,5.808e-03,5.4367e+05,6.016e-07,7.702e-06,1.8606e+01,7.944e-05,4.553e-03
RANS_SST_WD_0.05-0.10_ConsGalerkinProj_OneShot_Second,SST,225,22047,8590,13457,1224,7.8971e-06,2.480e-05,2.753e-04,7.5674e-06,4.722e-04,2.989e-02,2.0585e-04,5.543e-05,3.332e-04,5.6653e-05,1.194e-04,5.816e-03,5.4367e+05,6.509e-07,8.507e-06,1.8606e+01,7.965e-05,4.556e-03
RANS_SST_WD_0.05-0.10_ConsGalerkinProj_OneShot_Second,SST,230,22047,8590,13457,1224,7.8971e-06,3.281e-05,3.415e-04,7.5674e-06,4.759e-04,2.989e-02,2.0585e-04,5.871e-05,3.830e-04,5.6653e-05,1.211e-04,5.798e-03,5.4367e+05,6.920e-07,9.082e-06,1.8606e+01,8.002e-05,4.555e-03
RANS_SST_WD_0.05-0.10_ConsGalerkinProj_OneShot_Second,SST,235,22047,8590,13457,1224,7.8971e-06,4.057e-05,3.411e-04,7.5674e-06,4.771e-04,2.988e-02,2.0585e-04,6.143e-05,4.144e-04,5.6653e-05,1.233e-04,5.786e-03,5.4367e+05,7.251e-07,9.542e-06,1.8606e+01,8.109e-05,4.564e-03
RANS_SST_WD_0.05-0.10_ConsGalerkinProj_OneShot_Second,SST,240,22047,8590,13457,1224,7.8971e-06,4.663e-05,3.774e-04,7.5674e-06,4.779e-04,2.990e-02,2.0585e-04,6.380e-05,4.361e-04,5.6653e-05,1.253e-04,5.837e-03,5.4367e+05,7.522e-07,1.000e-05,1.8606e+01,8.240e-05,4.593e-03
RANS_SST_WD_0.05-0.10_ConsGalerkinProj_OneShot_Second,SST,245,22047,8590,13457,1224,7.8971e-06,4.949e-05,3.711e-04,7.5674e-06,4.783e-04,2.992e-02,2.0585e-04,6.501e-05,4.455e-04,5.6653e-05,1.259e-04,5.877e-03,5.4367e+05,7.610e-07,1.023e-05,1.8606e+01,8.271e-05,4.612e-03
RANS_SST_WD_0.05-0.10_ConsGalerkinProj_OneShot_Second,SST,250,22047,8590,13457,1224,7.8971e-06,5.163e-05,3.711e-04,7.5674e-06,4.782e-04,2.993e-02,2.0585e-04,6.587e-05,4.519e-04,5.6653e-05,1.261e-04,5.896e-03,5.4367e+05,7.648e-07,1.023e-05,1.8606e+01,8.264e-05,4.622e-03
RANS_SST_WD_0.05-0.10_ConsGalerkinProj_OneShot_Second,SST,255,22047,8590,13457,1224,7.8971e-06,5.331e-05,3.716e-04,7.5674e-06,4.782e-04,2.995e-02,2.0585e-04,6.653e-05,4.568e-04,5.6653e-05,1.261e-04,5.909e-03,5.4367e+05,7.671e-07,1.023e-05,1.8606e+01,8.249e-05,4.627e-03
RANS_SST_WD_0.05-0.10_ConsGalerkinProj_OneShot_Second,SST,260,22047,8590,13457,1224,7.8971e-06,5.468e-05,3.716e-04,7.5674e-06,4.781e-04,2.995e-02,2.0585e-04,6.706e-05,4.608e-04,5.6653e-05,1.262e-04,5.918e-03,5.4367e+05,7.673e-07,1.023e-05,1.8606e+01,8.236e-05,4.629e-03
RANS_SST_WD_0.05-0.10_ConsGalerkinProj_OneShot_Second,SST,265,22047,8590,13457,1224,7.8971e-06,5.581e-05,3.710e-04,7.5674e-06,4.781e-04,2.995e-02,2.0585e-04,6.751e-05,4.642e-04,5.6653e-05,1.262e-04,5.925e-03,5.4367e+05,7.667e-07,1.023e-05,1.8606e+01,8.228e-05,4.629e-03
RANS_SST_WD_0.05-0.10_ConsGalerkinProj_OneShot_Second,SST,270,22047,8590,13457,1224,7.8971e-06,5.674e-05,3.699e-04,7.5674e-06,4.780e-04,2.996e-02,2.0585e-04,6.789e-05,4.672e-04,5.6653e-05,1.263e-04,5.930e-03,5.4367e+05,7.640e-07,1.023e-05,1.8606e+01,8.225e-05,4.630e-03
RANS_SST_WD_0.05-0.10_ConsGalerkinProj_OneShot_Second,SST,275,22047,8590,13457,1224,7.8971e-06,5.755e-05,3.684e-04,7.5674e-06,4.779e-04,2.996e-02,2.0585e-04,6.824e-05,4.699e-04,5.6653e-05,1.263e-04,5.935e-03,5.4367e+05,7.629e-07,1.023e-05,1.8606e+01,8.225e-05,4.630e-03
RANS_SST_WD_0.05-0.10_ConsGalerkinProj_OneShot_Second,SST,280,22047,8590,13457,1224,7.8971e-06,5.828e-05,3.668e-04,7.5674e-06,4.779e-04,2.996e-02,2.0585e-04,6.857e-05,4.725e-04,5.6653e-05,1.264e-04,5.939e-03,5.4367e+05,7.606e-07,1.012e-05,1.8606e+01,8.226e-05,4.630e-03
RANS_SST_WD_0.05-0.10_ConsGalerkinProj_OneShot_Second,SST,285,22047,8590,13457,1224,7.8971e-06,5.892e-05,3.650e-04,7.5674e-06,4.779e-04,2.996e-02,2.0585e-04,6.888e-05,4.749e-04,5.6653e-05,1.265e-04,5.943e-03,5.4367e+05,7.596e-07,1.012e-05,1.8606e+01,8.228e-05,4.630e-03
RANS_SST_WD_0.05-0.10_ConsGalerkinProj_OneShot_Second,SST,290,22047,8590,13457,1224,7.8971e-06,5.947e-05,3.631e-04,7.5674e-06,4.778e-04,2.996e-02,2.0585e-04,6.919e-05,4.772e-04,5.6653e-05,1.266e-04,5.946e-03,5.4367e+05,7.582e-07,1.012e-05,1.8606e+01,8.230e-05,4.630e-03
RANS_SST_WD_0.05-0.10_ConsGalerkinProj_OneShot_Second,SST,295,22047,8590,13457,1224,7.8971e-06,5.994e-05,3.612e-04,7.5674e-06,4.778e-04,2.996e-02,2.0585e-04,6.948e-05,4.793e-04,5.6653e-05,1.266e-04,5.949e-03,5.4367e+05,7.566e-07,1.012e-05,1.8606e+01,8.231e-05,4.630e-03
RANS_SST_WD_0.05-0.10_ConsGalerkinProj_OneShot_Second,SST,300,22047,8590,13457,1224,7.8971e-06,6.033e-05,3.593e-04,7.5674e-06,4.777e-04,2.996e-02,2.0585e-04,6.975e-05,4.813e-04,5.6653e-05,1.266e-04,5.951e-03,5.4367e+05,7.545e-07,1.012e-05,1.8606e+01,8.233e-05,4.630e-03
RANS_SST_WD_0.05-0.10_ConsGalerkinProj_OneShot_Second,SST,305,22047,8590,13457,1224,7.8971e-06,6.066e-05,3.602e-04,7.5674e-06,4.777e-04,2.996e-02,2.0585e-04,7.002e-05,4.832e-04,5.6653e-05,1.267e-04,5.953e-03,5.4367e+05,7.526e-07,1.000e-05,1.8606e+01,8.234e-05,4.630e-03
RANS_SST_WD_0.05-0.10_ConsGalerkinProj_OneShot_Second,SST,310,22047,8590,13457,1224,7.8971e-06,6.092e-05,3.638e-04,7.5674e-06,4.776e-04,2.997e-02,2.0585e-04,7.026e-05,4.850e-04,5.6653e-05,1.267e-04,5.954e-03,5.4367e+05,7.516e-07,1.000e-05,1.8606e+01,8.236e-05,4.630e-03
RANS_SST_WD_0.05-0.10_ConsGalerkinProj_OneShot_Second,SST,315,22047,8590,13457,1224,7.8971e-06,6.114e-05,3.666e-04,7.5674e-06,4.776e-04,2.997e-02,2.0585e-04,7.049e-05,4.865e-04,5.6653e-05,1.267e-04,5.955e-03,5.4367e+05,7.497e-07,1.000e-05,1.8606e+01,8.238e-05,4.630e-03
RANS_SST_WD_0.05-0.10_ConsGalerkinProj_OneShot_Second,SST,320,22047,8590,13457,1224,7.8971e-06,6.130e-05,3.685e-04,7.5674e-06,4.776e-04,2.997e-02,2.0585e-04,7.070e-05,4.880e-04,5.6653e-05,1.268e-04,5.956e-03,5.4367e+05,7.480e-07,1.000e-05,1.8606e+01,8.239e-05,4.630e-03
RANS_SST_WD_0.05-0.10_ConsGalerkinProj_OneShot_Second,SST,325,22047,8590,13457,1224,7.8971e-06,6.141e-05,3.697e-04,7.5674e-06,4.775e-04,2.997e-02,2.0585e-04,7.090e-05,4.893e-04,5.6653e-05,1.268e-04,5.957e-03,5.4367e+05,7.455e-07,9.887e-06,1.8606e+01,8.241e-05,4.630e-03
RANS_SST_WD_0.05-0.10_ConsGalerkinProj_OneShot_Second,SST,330,22047,8590,13457,1224,7.8971e-06,6.148e-05,3.704e-04,7.5674e-06,4.775e-04,2.997e-02,2.0585e-04,7.108e-05,4.905e-04,5.6653e-05,1.268e-04,5.958e-03,5.4367e+05,7.434e-07,9.772e-06,1.8606e+01,8.242e-05,4.630e-03
RANS_SST_WD_0.05-0.10_ConsGalerkinProj_OneShot_Second,SST,335,22047,8590,13457,1224,7.8971e-06,6.151e-05,3.706e-04,7.5674e-06,4.775e-04,2.997e-02,2.0585e-04,7.125e-05,4.915e-04,5.6653e-05,1.268e-04,5.958e-03,5.4367e+05,7.425e-07,9.772e-06,1.8606e+01,8.243e-05,4.631e-03
RANS_SST_WD_0.05-0.10_ConsGalerkinProj_OneShot_Second,SST,340,22047,8590,13457,1224,7.8971e-06,6.151e-05,3.705e-04,7.5674e-06,4.775e-04,2.997e-02,2.0585e-04,7.140e-05,4.924e-04,5.6653e-05,1.269e-04,5.958e-03,5.4367e+05,7.403e-07,9.772e-06,1.8606e+01,8.245e-05,4.631e-03
RANS_SST_WD_0.05-0.10_ConsGalerkinProj_OneShot_Second,SST,345,22047,8590,13457,1224,7.8971e-06,6.146e-05,3.700e-04,7.5674e-06,4.775e-04,2.997e-02,2.0585e-04,7.153e-05,4.932e-04,5.6653e-05,1.269e-04,5.958e-03,5.4367e+05,7.388e-07,9.772e-06,1.8606e+01,8.246e-05,4.631e-03
RANS_SST_WD_0.05-0.10_ConsGalerkinProj_OneShot_Second,SST,350,22047,8590,13457,1224,7.8971e-06,6.139e-05,3.691e-04,7.5674e-06,4.775e-04,2.997e-02,2.0585e-04,7.165e-05,4.939e-04,5.6653e-05,1.269e-04,5.958e-03,5.4367e+05,7.372e-07,9.772e-06,1.8606e+01,8.247e-05,4.631e-03
RANS_SST_WD_0.05-0.10_ConsGalerkinProj_OneShot_Second,SST,355,22047,8590,13457,1224,7.8971e-06,6.129e-05,3.681e-04,7.5674e-06,4.775e-04,2.997e-02,2.0585e-04,7.176e-05,4.944e-04,5.6653e-05,1.269e-04,5.957e-03,5.4367e+05,7.351e-07,9.772e-06,1.8606e+01,8.248e-05,4.631e-03
RANS_SST_WD_0.05-0.10_ConsGalerkinProj_OneShot_Second,SST,360,22047,8590,13457,1224,7.8971e-06,6.116e-05,3.667e-04,7.5674e-06,4.775e-04,2.997e-02,2.0585e-04,7.185e-05,4.947e-04,5.6653e-05,1.269e-04,5.957e-03,5.4367e+05,7.341e-07,9.657e-06,1.8606e+01,8.249e-05,4.631e-03
RANS_SST_WD_0.05-0.10_ConsGalerkinProj_OneShot_Second,SST,365,22047,8590,13457,1224,7.8971e-06,6.101e-05,3.653e-04,7.5674e-06,4.775e-04,2.997e-02,2.0585e-04,7.192e-05,4.950e-04,5.6653e-05,1.269e-04,5.956e-03,5.4367e+05,7.313e-07,9.657e-06,1.8606e+01,8.250e-05,4.631e-03
RANS_SST_WD_0.05-0.10_ConsGalerkinProj_OneShot_Second,SST,370,22047,8590,13457,1224,7.8971e-06,6.084e-05,3.636e-04,7.5674e-06,4.775e-04,2.997e-02,2.0585e-04,7.198e-05,4.951e-04,5.6653e-05,1.269e-04,5.956e-03,5.4367e+05,7.301e-07,9.657e-06,1.8606e+01,8.251e-05,4.631e-03
RANS_SST_WD_0.05-0.10_ConsGalerkinProj_OneShot_Second,SST,375,22047,8590,13457,1224,7.8971e-06,6.066e-05,3.619e-04,7.5674e-06,4.775e-04,2.997e-02,2.0585e-04,7.203e-05,4.951e-04,5.6653e-05,1.269e-04,5.955e-03,5.4367e+05,7.279e-07,9.657e-06,1.8606e+01,8.251e-05,4.631e-03
RANS_SST_WD_0.05-0.10_ConsGalerkinProj_OneShot_Second,SST,380,22047,8590,13457,1224,7.8971e-06,6.045e-05,3.599e-04,7.5674e-06,4.775e-04,2.997e-02,2.0585e-04,7.206e-05,4.949e-04,5.6653e-05,1.269e-04,5.954e-03,5.4367e+05,7.271e-07,9.657e-06,1.8606e+01,8.252e-05,4.632e-03
RANS_SST_WD_0.05-0.10_ConsGalerkinProj_OneShot_Second,SST,385,22047,8590,13457,1224,7.8971e-06,6.023e-05,3.579e-04,7.5674e-06,4.774e-04,2.997e-02,2.0585e-04,7.208e-05,4.946e-04,5.6653e-05,1.269e-04,5.953e-03,5.4367e+05,7.239e-07,9.657e-06,1.8606e+01,8.253e-05,4.632e-03
RANS_SST_WD_0.05-0.10_ConsGalerkinProj_OneShot_Second,SST,390,22047,8590,13457,1224,7.8971e-06,6.000e-05,3.559e-04,7.5674e-06,4.774e-04,2.997e-02,2.0585e-04,7.209e-05,4.943e-04,5.6653e-05,1.269e-04,5.952e-03,5.4367e+05,7.234e-07,9.542e-06,1.8606e+01,8.253e-05,4.632e-03
RANS_SST_WD_0.05-0.10_ConsGalerkinProj_OneShot_Second,SST,395,22047,8590,13457,1224,7.8971e-06,5.976e-05,3.538e-04,7.5674e-06,4.774e-04,2.997e-02,2.0585e-04,7.208e-05,4.938e-04,5.6653e-05,1.269e-04,5.950e-03,5.4367e+05,7.212e-07,9.427e-06,1.8606e+01,8.253e-05,4.632e-03
RANS_SST_WD_0.10-0.15_ConsGalerkinProj_OneShot_SF2_Second,SST,5,23271,8590,14681,0,7.8971e-06,0.000e+00,0.000e+00,7.5674e-06,0.000e+00,0.000e+00,2.0585e-04,0.000e+00,0.000e+00,5.6653e-05,0.000e+00,0.000e+00,5.4367e+05,0.000e+00,0.000e+00,1.8606e+01,0.000e+00,0.000e+00
RANS_SST_WD_0.10-0.15_ConsGalerkinProj_OneShot_SF2_Second,SST,10,23271,8590,14681,0,7.8971e-06,0.000e+00,0.000e+00,7.5674e-06,0.000e+00,0.000e+00,2.0585e-04,0.000e+00,0.000e+00,5.6653e-05,0.000e+00,0.000e+00,5.4367e+05,0.000e+00,0.000e+00,1.8606e+01,0.000e+00,0.000e+00
RANS_SST_WD_0.10-0.15_ConsGalerkinProj_OneShot_SF2_Second,SST,15,23271,8590,14681,0,7.8971e-06,0.000e+00,0.000e+00,7.5674e-06,0.000e+00,0.000e+00,2.0585e-04,0.000e+00,0.000e+00,5.6653e-05,0.000e+00,0.000e+00,5.4367e+05,0.000e+00,0.000e+00,1.8606e+01,0.000e+00,0.000e+00
RANS_SST_WD_0.10-0.15_ConsGalerkinProj_OneShot_SF2_Second,SST,20,23271,8590,14681,0,7.8971e-06,0.000e+00,0.000e+00,7.5674e-06,0.000e+00,0.000e+00,2.0585e-04,0.000e+00,0.000e+00,5.6653e-05,0.000e+00,0.000e+00,5.4367e+05,0.000e+00,0.000e+00,1.8606e+01,0.000e+00,0.000e+00
RANS_SST_WD_0.10-0.15_ConsGalerkinProj_OneShot_SF2_Second,SST,25,23271,8590,14681,0,7.8971e-06,0.000e+00,0.000e+00,7.5674e-06,0.000e+00,0.000e+00,2.0585e-04,0.000e+00,0.000e+00,5.6653e-05,0.000e+00,0.000e+00,5.4367e+05,0.000e+00,0.000e+00,1.8606e+01,0.000e+00,0.000e+00
RANS_SST_WD_0.10-0.15_ConsGalerkinProj_OneShot_SF2_Second,SST,30,23271,8590,14681,0,7.8971e-06,0.000e+00,0.000e+00,7.5674e-06,0.000e+00,0.000e+00,2.0585e-04,0.000e+00,0.000e+00,5.6653e-05,0.000e+00,0.000e+00,5.4367e+05,0.000e+00,0.000e+00,1.8606e+01,0.000e+00,0.000e+00
RANS_SST_WD_0.10-0.15_ConsGalerkinProj_OneShot_SF2_Second,SST,35,23271,8590,14681,0,7.8971e-06,0.000e+00,0.000e+00,7.5674e-06,0.000e+00,0.000e+00,2.0585e-04,0.000e+00,0.000e+00,5.6653e-05,0.000e+00,0.000e+00,5.4367e+05,0.000e+00,0.000e+00,1.8606e+01,0.000e+00,0.000e+00
RANS_SST_WD_0.10-0.15_ConsGalerkinProj_OneShot_SF2_Second,SST,40,23271,8590,14681,0,7.8971e-06,0.000e+00,0.000e+00,7.5674e-06,0.000e+00,0.000e+00,2.0585e-04,0.000e+00,0.000e+00,5.6653e-05,0.000e+00,0.000e+00,5.4367e+05,0.000e+00,0.000e+00,1.8606e+01,0.000e+00,0.000e+00
RANS_SST_WD_0.10-0.15_ConsGalerkinProj_OneShot_SF2_Second,SST,45,23271,8590,14681,0,7.8971e-06,0.000e+00,0.000e+00,7.5674e-06,0.000e+00,0.000e+00,2.0585e-04,0.000e+00,0.000e+00,5.6653e-05,0.000e+00,0.000e+00,5.4367e+05,0.000e+00,0.000e+00,1.8606e+01,0.000e+00,0.000e+00
RANS_SST_WD_0.10-0.15_ConsGalerkinProj_OneShot_SF2_Second,SST,50,23271,8590,14681,0,7.8971e-06,0.000e+00,0.000e+00,7.5674e-06,0.000e+00,0.000e+00,2.0585e-04,0.000e+00,0.000e+00,5.6653e-05,0.000e+00,0.000e+00,5.4367e+05,0.000e+00,0.000e+00,1.8606e+01,0.000e+00,0.000e+00
RANS_SST_WD_0.10-0.15_ConsGalerkinProj_OneShot_SF2_Second,SST,55,23271,8590,14681,0,7.8971e-06,0.000e+00,0.000e+00,7.5674e-06,0.000e+00,0.000e+00,2.0585e-04,0.000e+00,0.000e+00,5.6653e-05,0.000e+00,0.000e+00,5.4367e+05,0.000e+00,0.000e+00,1.8606e+01,0.000e+00,0.000e+00
RANS_SST_WD_0.10-0.15_ConsGalerkinProj_OneShot_SF2_Second,SST,60,23271,8590,14681,0,7.8971e-06,0.000e+00,0.000e+00,7.5674e-06,0.000e+00,0.000e+00,2.0585e-04,0.000e+00,0.000e+00,5.6653e-05,0.000e+00,0.000e+00,5.4367e+05,0.000e+00,0.000e+00,1.8606e+01,0.000e+00,0.000e+00
RANS_SST_WD_0.10-0.15_ConsGalerkinProj_OneShot_SF2_Second,SST,65,23271,8590,14681,0,7.8971e-06,0.000e+00,0.000e+00,7.5674e-06,0.000e+00,0.000e+00,2.0585e-04,0.000e+00,0.000e+00,5.6653e-05,0.000e+00,0.000e+00,5.4367e+05,0.000e+00,0.000e+00,1.8606e+01,0.000e+00,0.000e+00
RANS_SST_WD_0.10-0.15_ConsGalerkinProj_OneShot_SF2_Second,SST,70,23271,8590,14681,0,7.8971e-06,0.000e+00,0.000e+00,7.5674e-06,0.000e+00,0.000e+00,2.0585e-04,0.000e+00,0.000e+00,5.6653e-05,0.000e+00,0.000e+00,5.4367e+05,0.000e+00,0.000e+00,1.8606e+01,0.000e+00,0.000e+00
RANS_SST_WD_0.10-0.15_ConsGalerkinProj_OneShot_SF2_Second,SST,75,23271,8590,14681,0,7.8971e-06,0.000e+00,0.000e+00,7.5674e-06,0.000e+00,0.000e+00,2.0585e-04,0.000e+00,0.000e+00,5.6653e-05,0.000e+00,0.000e+00,5.4367e+05,0.000e+00,0.000e+00,1.8606e+01,0.000e+00,0.000e+00
RANS_SST_WD_0.10-0.15_ConsGalerkinProj_OneShot_SF2_Second,SST,80,23271,8590,14681,0,7.8971e-06,0.000e+00,0.000e+00,7.5674e-06,0.000e+00,0.000e+00,2.0585e-04,0.000e+00,0.000e+00,5.6653e-05,0.000e+00,0.000e+00,5.4367e+05,0.000e+00,0.000e+00,1.8606e+01,0.000e+00,0.000e+00
RANS_SST_WD_0.10-0.15_ConsGalerkinProj_OneShot_SF2_Second,SST,85,23271,8590,14681,0,7.8971e-06,0.000e+00,0.000e+00,7.5674e-06,0.000e+00,0.000e+00,2.0585e-04,0.000e+00,0.000e+00,5.6653e-05,0.000e+00,0.000e+00,5.4367e+05,0.000e+00,0.000e+00,1.8606e+01,0.000e+00,0.000e+00
RANS_SST_WD_0.10-0.15_ConsGalerkinProj_OneShot_SF2_Second,SST,90,23271,8590,14681,0,7.8971e-06,0.000e+00,0.000e+00,7.5674e-06,0.000e+00,0.000e+00,2.0585e-04,0.000e+00,0.000e+00,5.6653e-05,0.000e+00,0.000e+00,5.4367e+05,0.000e+00,0.000e+00,1.8606e+01,0.000e+00,0.000e+00
RANS_SST_WD_0.10-0.15_ConsGalerkinProj_OneShot_SF2_Second,SST,95,23271,8590,14681,0,7.8971e-06,0.000e+00,0.000e+00,7.5674e-06,0.000e+00,0.000e+00,2.0585e-04,0.000e+00,0.000e+00,5.6653e-05,0.000e+00,0.000e+00,5.4367e+05,0.000e+00,0.000e+00,1.8606e+01,0.000e+00,0.000e+00
RANS_SST_WD_0.10-0.15_ConsGalerkinProj_OneShot_SF2_Second,SST,100,23271,8590,14681,0,7.8971e-06,0.000e+00,0.000e+00,7.5674e-06,0.000e+00,0.000e+00,2.0585e-04,0.000e+00,0.000e+00,5.6653e-05,0.000e+00,0.000e+00,5.4367e+05,0.000e+00,0.000e+00,1.8606e+01,0.000e+00,0.000e+00
RANS_SST_WD_0.10-0.15_ConsGalerkinProj_OneShot_SF2_Second,SST,105,23271,8590,14681,0,7.8971e-06,0.000e+00,0.000e+00,7.5674e-06,0.000e+00,0.000e+00,2.0585e-04,0.000e+00,0.000e+00,5.6653e-05,0.000e+00,0.000e+00,5.4367e+05,0.000e+00,0.000e+00,1.8606e+01,0.000e+00,0.000e+00
RANS_SST_WD_0.10-0.15_ConsGalerkinProj_OneShot_SF2_Second,SST,110,23271,8590,14681,0,7.8971e-06,0.000e+00,0.000e+00,7.5674e-06,0.000e+00,0.000e+00,2.0585e-04,0.000e+00,0.000e+00,5.6653e-05,0.000e+00,0.000e+00,5.4367e+05,0.000e+00,0.000e+00,1.8606e+01,0.000e+00,0.000e+00
RANS_SST_WD_0.10-0.15_ConsGalerkinProj_OneShot_SF2_Second,SST,115,23271,8590,14681,0,7.8971e-06,0.000e+00,0.000e+00,7.5674e-06,0.000e+00,0.000e+00,2.0585e-04,0.000e+00,0.000e+00,5.6653e-05,0.000e+00,0.000e+00,5.4367e+05,0.000e+00,0.000e+00,1.8606e+01,0.000e+00,0.000e+00
RANS_SST_WD_0.10-0.15_ConsGalerkinProj_OneShot_SF2_Second,SST,120,23271,8590,14681,0,7.8971e-06,0.000e+00,0.000e+00,7.5674e-06,0.000e+00,0.000e+00,2.0585e-04,0.000e+00,0.000e+00,5.6653e-05,0.000e+00,0.000e+00,5.4367e+05,0.000e+00,0.000e+00,1.8606e+01,0.000e+00,0.000e+00
RANS_SST_WD_0.10-0.15_ConsGalerkinProj_OneShot_SF2_Second,SST,125,23271,8590,14681,0,7.8971e-06,0.000e+00,0.000e+00,7.5674e-06,0.000e+00,0.000e+00,2.0585e-04,0.000e+00,0.000e+00,5.6653e-05,0.000e+00,0.000e+00,5.4367e+05,0.000e+00,0.000e+00,1.8606e+01,0.000e+00,0.000e+00
RANS_SST_WD_0.10-0.15_ConsGalerkinProj_OneShot_SF2_Second,SST,130,23271,8590,14681,0,7.8971e-06,0.000e+00,0.000e+00,7.5674e-06,0.000e+00,0.000e+00,2.0585e-04,0.000e+00,0.000e+00,5.6653e-05,0.000e+00,0.000e+00,5.4367e+05,0.000e+00,0.000e+00,1.8606e+01,0.000e+00,0.000e+00
RANS_SST_WD_0.10-0.15_ConsGalerkinProj_OneShot_SF2_Second,SST,135,23271,8590,14681,0,7.8971e-06,0.000e+00,0.000e+00,7.5674e-06,0.000e+00,0.000e+00,2.0585e-04,0.000e+00,0.000e+00,5.6653e-05,0.000e+00,0.000e+00,5.4367e+05,0.000e+00,0.000e+00,1.8606e+01,0.000e+00,0.000e+00
RANS_SST_WD_0.10-0.15_ConsGalerkinProj_OneShot_SF2_Second,SST,140,23271,8590,14681,0,7.8971e-06,0.000e+00,0.000e+00,7.5674e-06,0.000e+00,0.000e+00,2.0585e-04,0.000e+00,0.000e+00,5.6653e-05,0.000e+00,0.000e+00,5.4367e+05,0.000e+00,0.000e+00,1.8606e+01,0.000e+00,0.000e+00
RANS_SST_WD_0.10-0.15_ConsGalerkinProj_OneShot_SF2_Second,SST,145,23271,8590,14681,0,7.8971e-06,0.000e+00,0.000e+00,7.5674e-06,0.000e+00,0.000e+00,2.0585e-04,0.000e+00,0.000e+00,5.6653e-05,0.000e+00,0.000e+00,5.4367e+05,0.000e+00,0.000e+00,1.8606e+01,0.000e+00,0.000e+00
RANS_SST_WD_0.10-0.15_ConsGalerkinProj_OneShot_SF2_Second,SST,150,23271,8590,14681,0,7.8971e-06,0.000e+00,0.000e+00,7.5674e-06,0.000e+00,0.000e+00,2.0585e-04,0.000e+00,0.000e+00,5.6653e-05,0.000e+00,0.000e+00,5.4367e+05,0.000e+00,0.000e+00,1.8606e+01,0.000e+00,0.000e+00
RANS_SST_WD_0.10-0.15_ConsGalerkinProj_OneShot_SF2_Second,SST,155,23271,8590,14681,0,7.8971e-06,0.000e+00,0.000e+00,7.5674e-06,0.000e+00,0.000e+00,2.0585e-04,0.000e+00,0.000e+00,5.6653e-05,0.000e+00,0.000e+00,5.4367e+05,0.000e+00,0.000e+00,1.8606e+01,0.000e+00,0.000e+00
RANS_SST_WD_0.10-0.15_ConsGalerkinProj_OneShot_SF2_Second,SST,160,23271,8590,14681,0,7.8971e-06,0.000e+00,0.000e+00,7.5674e-06,0.000e+00,0.000e+00,2.0585e-04,0.000e+00,0.000e+00,5.6653e-05,0.000e+00,0.000e+00,5.4367e+05,0.000e+00,0.000e+00,1.8606e+01,0.000e+00,0.000e+00
RANS_SST_WD_0.10-0.15_ConsGalerkinProj_OneShot_SF2_Second,SST,165,23271,8590,14681,0,7.8971e-06,0.000e+00,0.000e+00,7.5674e-06,0.000e+00,0.000e+00,2.0585e-04,0.000e+00,0.000e+00,5.6653e-05,0.000e+00,0.000e+00,5.4367e+05,0.000e+00,0.000e+00,1.8606e+01,0.000e+00,0.000e+00
RANS_SST_WD_0.10-0.15_ConsGalerkinProj_OneShot_SF2_Second,SST,170,23271,8590,14681,0,7.8971e-06,0.000e+00,0.000e+00,7.5674e-06,0.000e+00,0.000e+00,2.0585e-04,0.000e+00,0.000e+00,5.6653e-05,0.000e+00,0.000e+00,5.4367e+05,0.000e+00,0.000e+00,1.8606e+01,0.000e+00,0.000e+00
RANS_SST_WD_0.10-0.15_ConsGalerkinProj_OneShot_SF2_Second,SST,175,23271,8590,14681,0,7.8971e-06,0.000e+00,0.000e+00,7.5674e-06,0.000e+00,0.000e+00,2.0585e-04,0.000e+00,0.000e+00,5.6653e-05,0.000e+00,0.000e+00,5.4367e+05,0.000e+00,0.000e+00,1.8606e+01,0.000e+00,0.000e+00
RANS_SST_WD_0.10-0.15_ConsGalerkinProj_OneShot_SF2_Second,SST,180,23271,8590,14681,0,7.8971e-06,0.000e+00,0.000e+00,7.5674e-06,0.000e+00,0.000e+00,2.0585e-04,0.000e+00,0.000e+00,5.6653e-05,0.000e+00,0.000e+00,5.4367e+05,0.000e+00,0.000e+00,1.8606e+01,0.000e+00,0.000e+00
RANS_SST_WD_0.10-0.15_ConsGalerkinProj_OneShot_SF2_Second,SST,185,23271,8590,14681,0,7.8971e-06,0.000e+00,0.000e+00,7.5674e-06,0.000e+00,0.000e+00,2.0585e-04,0.000e+00,0.000e+00,5.6653e-05,0.000e+00,0.000e+00,5.4367e+05,0.000e+00,0.000e+00,1.8606e+01,0.000e+00,0.000e+00
RANS_SST_WD_0.10-0.15_ConsGalerkinProj_OneShot_SF2_Second,SST,190,23271,8590,14681,0,7.8971e-06,0.000e+00,0.000e+00,7.5674e-06,0.000e+00,0.000e+00,2.0585e-04,0.000e+00,0.000e+00,5.6653e-05,0.000e+00,0.000e+00,5.4367e+05,0.000e+00,0.000e+00,1.8606e+01,0.000e+00,0.000e+00
RANS_SST_WD_0.10-0.15_ConsGalerkinProj_OneShot_SF2_Second,SST,195,23271,8590,14681,0,7.8971e-06,0.000e+00,0.000e+00,7.5674e-06,0.000e+00,0.000e+00,2.0585e-04,0.000e+00,0.000e+00,5.6653e-05,0.000e+00,0.000e+00,5.4367e+05,0.000e+00,0.000e+00,1.8606e+01,0.000e+00,0.000e+00
RANS_SST_WD_0.10-0.15_ConsGalerkinProj_OneShot_SF2_Second,SST,200,22508,8590,13918,763,7.8971e-06,2.867e-06,1.032e-04,7.5674e-06,2.548e-04,1.842e-02,2.0585e-04,6.858e-07,9.756e-06,5.6653e-05,7.680e-05,7.446e-03,5.4367e+05,7.833e-08,3.348e-06,1.8606e+01,4.577e-05,3.784e-03
RANS_SST_WD_0.10-0.15_ConsGalerkinProj_OneShot_SF2_Second,SST,205,22508,8590,13918,763,7.8971e-06,5.297e-06,1.598e-04,7.5674e-06,9.014e-04,4.953e-02,2.0585e-04,5.541e-06,5.260e-05,5.6653e-05,1.529e-04,1.117e-02,5.4367e+05,2.345e-07,6.079e-06,1.8606e+01,8.621e-05,5.635e-03
RANS_SST_WD_0.10-0.15_ConsGalerkinProj_OneShot_SF2_Second,SST,210,22508,8590,13918,763,7.8971e-06,6.168e-06,1.495e-04,7.5674e-06,9.223e-04,4.934e-02,2.0585e-04,3.782e-05,3.216e-04,5.6653e-05,1.529e-04,1.113e-02,5.4367e+05,3.873e-07,7.494e-06,1.8606e+01,8.610e-05,5.616e-03
RANS_SST_WD_0.10-0.15_ConsGalerkinProj_OneShot_SF2_Second,SST,215,22508,8590,13918,763,7.8971e-06,7.953e-06,1.407e-04,7.5674e-06,9.331e-04,4.934e-02,2.0585e-04,4.364e-05,2.948e-04,5.6653e-05,1.532e-04,1.112e-02,5.4367e+05,4.915e-07,8.098e-06,1.8606e+01,8.625e-05,5.615e-03
RANS_SST_WD_0.10-0.15_ConsGalerkinProj_OneShot_SF2_Second,SST,220,22508,8590,13918,763,7.8971e-06,8.843e-06,1.400e-04,7.5674e-06,9.382e-04,4.933e-02,2.0585e-04,3.584e-05,3.677e-04,5.6653e-05,1.533e-04,1.111e-02,5.4367e+05,5.810e-07,8.457e-06,1.8606e+01,8.629e-05,5.610e-03
RANS_SST_WD_0.10-0.15_ConsGalerkinProj_OneShot_SF2_Second,SST,225,22508,8590,13918,763,7.8971e-06,1.010e-05,1.571e-04,7.5674e-06,9.409e-04,4.933e-02,2.0585e-04,4.367e-05,4.415e-04,5.6653e-05,1.533e-04,1.110e-02,5.4367e+05,6.442e-07,8.615e-06,1.8606e+01,8.638e-05,5.608e-03
RANS_SST_WD_0.10-0.15_ConsGalerkinProj_OneShot_SF2_Second,SST,230,22508,8590,13918,763,7.8971e-06,1.263e-05,1.768e-04,7.5674e-06,9.429e-04,4.935e-02,2.0585e-04,4.999e-05,5.616e-04,5.6653e-05,1.538e-04,1.110e-02,5.4367e+05,6.997e-07,8.888e-06,1.8606e+01,8.648e-05,5.610e-03
RANS_SST_WD_0.10-0.15_ConsGalerkinProj_OneShot_SF2_Second,SST,235,22508,8590,13918,763,7.8971e-06,1.651e-05,2.106e-04,7.5674e-06,9.443e-04,4.933e-02,2.0585e-04,5.358e-05,6.474e-04,5.6653e-05,1.547e-04,1.107e-02,5.4367e+05,7.454e-07,9.283e-06,1.8606e+01,8.664e-05,5.599e-03
RANS_SST_WD_0.10-0.15_ConsGalerkinProj_OneShot_SF2_Second,SST,240,22508,8590,13918,763,7.8971e-06,2.012e-05,2.469e-04,7.5674e-06,9.450e-04,4.927e-02,2.0585e-04,5.601e-05,7.110e-04,5.6653e-05,1.550e-04,1.104e-02,5.4367e+05,7.804e-07,9.657e-06,1.8606e+01,8.697e-05,5.596e-03
RANS_SST_WD_0.10-0.15_ConsGalerkinProj_OneShot_SF2_Second,SST,245,22508,8590,13918,763,7.8971e-06,2.223e-05,2.704e-04,7.5674e-06,9.459e-04,4.926e-02,2.0585e-04,5.757e-05,7.464e-04,5.6653e-05,1.551e-04,1.104e-02,5.4367e+05,7.984e-07,1.000e-05,1.8606e+01,8.746e-05,5.602e-03
RANS_SST_WD_0.10-0.15_ConsGalerkinProj_OneShot_SF2_Second,SST,250,22508,8590,13918,763,7.8971e-06,2.368e-05,2.850e-04,7.5674e-06,9.463e-04,4.927e-02,2.0585e-04,5.892e-05,7.725e-04,5.6653e-05,1.555e-04,1.104e-02,5.4367e+05,8.113e-07,1.023e-05,1.8606e+01,8.794e-05,5.601e-03
RANS_SST_WD_0.10-0.15_ConsGalerkinProj_OneShot_SF2_Second,SST,255,22508,8590,13918,763,7.8971e-06,2.487e-05,2.918e-04,7.5674e-06,9.464e-04,4.926e-02,2.0585e-04,6.000e-05,7.908e-04,5.6653e-05,1.557e-04,1.103e-02,5.4367e+05,8.200e-07,1.023e-05,1.8606e+01,8.818e-05,5.601e-03
RANS_SST_WD_0.10-0.15_ConsGalerkinProj_OneShot_SF2_Second,SST,260,22508,8590,13918,763,7.8971e-06,2.593e-05,2.989e-04,7.5674e-06,9.465e-04,4.926e-02,2.0585e-04,6.080e-05,8.034e-04,5.6653e-05,1.557e-04,1.103e-02,5.4367e+05,8.237e-07,1.023e-05,1.8606e+01,8.820e-05,5.601e-03
RANS_SST_WD_0.10-0.15_ConsGalerkinProj_OneShot_SF2_Second,SST,265,22508,8590,13918,763,7.8971e-06,2.692e-05,3.056e-04,7.5674e-06,9.467e-04,4.926e-02,2.0585e-04,6.144e-05,8.133e-04,5.6653e-05,1.557e-04,1.103e-02,5.4367e+05,8.267e-07,1.035e-05,1.8606e+01,8.814e-05,5.601e-03
RANS_SST_WD_0.10-0.15_ConsGalerkinProj_OneShot_SF2_Second,SST,270,22508,8590,13918,763,7.8971e-06,2.787e-05,3.107e-04,7.5674e-06,9.468e-04,4.926e-02,2.0585e-04,6.202e-05,8.220e-04,5.6653e-05,1.556e-04,1.103e-02,5.4367e+05,8.267e-07,1.035e-05,1.8606e+01,8.808e-05,5.601e-03
RANS_SST_WD_0.10-0.15_ConsGalerkinProj_OneShot_SF2_Second,SST,275,22508,8590,13918,763,7.8971e-06,2.876e-05,3.143e-04,7.5674e-06,9.470e-04,4.926e-02,2.0585e-04,6.253e-05,8.295e-04,5.6653e-05,1.556e-04,1.103e-02,5.4367e+05,8.271e-07,1.035e-05,1.8606e+01,8.803e-05,5.601e-03
RANS_SST_WD_0.10-0.15_ConsGalerkinProj_OneShot_SF2_Second,SST,280,22508,8590,13918,763,7.8971e-06,2.963e-05,3.170e-04,7.5674e-06,9.471e-04,4.926e-02,2.0585e-04,6.300e-05,8.365e-04,5.6653e-05,1.556e-04,1.103e-02,5.4367e+05,8.271e-07,1.023e-05,1.8606e+01,8.798e-05,5.601e-03
RANS_SST_WD_0.10-0.15_ConsGalerkinProj_OneShot_SF2_Second,SST,285,22508,8590,13918,763,7.8971e-06,3.046e-05,3.195e-04,7.5674e-06,9.472e-04,4.926e-02,2.0585e-04,6.343e-05,8.428e-04,5.6653e-05,1.556e-04,1.103e-02,5.4367e+05,8.267e-07,1.023e-05,1.8606e+01,8.795e-05,5.601e-03
RANS_SST_WD_0.10-0.15_ConsGalerkinProj_OneShot_SF2_Second,SST,290,22508,8590,13918,763,7.8971e-06,3.131e-05,3.217e-04,7.5674e-06,9.473e-04,4.926e-02,2.0585e-04,6.386e-05,8.489e-04,5.6653e-05,1.555e-04,1.103e-02,5.4367e+05,8.264e-07,1.023e-05,1.8606e+01,8.791e-05,5.602e-03
RANS_SST_WD_0.10-0.15_ConsGalerkinProj_OneShot_SF2_Second,SST,295,22508,8590,13918,763,7.8971e-06,3.216e-05,3.239e-04,7.5674e-06,9.475e-04,4.926e-02,2.0585e-04,6.429e-05,8.549e-04,5.6653e-05,1.555e-04,1.103e-02,5.4367e+05,8.261e-07,1.023e-05,1.8606e+01,8.788e-05,5.602e-03
RANS_SST_WD_0.10-0.15_ConsGalerkinProj_OneShot_SF2_Second,SST,300,22508,8590,13918,763,7.8971e-06,3.302e-05,3.261e-04,7.5674e-06,9.476e-04,4.926e-02,2.0585e-04,6.472e-05,8.606e-04,5.6653e-05,1.555e-04,1.103e-02,5.4367e+05,8.256e-07,1.023e-05,1.8606e+01,8.785e-05,5.602e-03
RANS_SST_WD_0.10-0.15_ConsGalerkinProj_OneShot_SF2_Second,SST,305,22508,8590,13918,763,7.8971e-06,3.389e-05,3.282e-04,7.5674e-06,9.477e-04,4.926e-02,2.0585e-04,6.514e-05,8.662e-04,5.6653e-05,1.555e-04,1.103e-02,5.4367e+05,8.240e-07,1.012e-05,1.8606e+01,8.782e-05,5.602e-03
RANS_SST_WD_0.10-0.15_ConsGalerkinProj_OneShot_SF2_Second,SST,310,22508,8590,13918,763,7.8971e-06,3.478e-05,3.302e-04,7.5674e-06,9.478e-04,4.926e-02,2.0585e-04,6.557e-05,8.716e-04,5.6653e-05,1.555e-04,1.103e-02,5.4367e+05,8.252e-07,1.012e-05,1.8606e+01,8.779e-05,5.602e-03
RANS_SST_WD_0.10-0.15_ConsGalerkinProj_OneShot_SF2_Second,SST,315,22508,8590,13918,763,7.8971e-06,3.569e-05,3.320e-04,7.5674e-06,9.479e-04,4.927e-02,2.0585e-04,6.599e-05,8.769e-04,5.6653e-05,1.555e-04,1.103e-02,5.4367e+05,8.238e-07,1.012e-05,1.8606e+01,8.777e-05,5.602e-03
RANS_SST_WD_0.10-0.15_ConsGalerkinProj_OneShot_SF2_Second,SST,320,22508,8590,13918,763,7.8971e-06,3.661e-05,3.337e-04,7.5674e-06,9.480e-04,4.927e-02,2.0585e-04,6.642e-05,8.821e-04,5.6653e-05,1.555e-04,1.104e-02,5.4367e+05,8.237e-07,1.012e-05,1.8606e+01,8.775e-05,5.602e-03
RANS_SST_WD_0.10-0.15_ConsGalerkinProj_OneShot_SF2_Second,SST,325,22508,8590,13918,763,7.8971e-06,3.756e-05,3.351e-04,7.5674e-06,9.482e-04,4.927e-02,2.0585e-04,6.684e-05,8.871e-04,5.6653e-05,1.555e-04,1.104e-02,5.4367e+05,8.231e-07,1.012e-05,1.8606e+01,8.773e-05,5.603e-03
RANS_SST_WD_0.10-0.15_ConsGalerkinProj_OneShot_SF2_Second,SST,330,22508,8590,13918,763,7.8971e-06,3.850e-05,3.365e-04,7.5674e-06,9.483e-04,4.927e-02,2.0585e-04,6.726e-05,8.920e-04,5.6653e-05,1.555e-04,1.104e-02,5.4367e+05,8.222e-07,9.887e-06,1.8606e+01,8.772e-05,5.603e-03
RANS_SST_WD_0.10-0.15_ConsGalerkinProj_OneShot_SF2_Second,SST,335,22508,8590,13918,763,7.8971e-06,3.945e-05,3.377e-04,7.5674e-06,9.484e-04,4.927e-02,2.0585e-04,6.767e-05,8.967e-04,5.6653e-05,1.555e-04,1.104e-02,5.4367e+05,8.216e-07,9.887e-06,1.8606e+01,8.770e-05,5.603e-03
RANS_SST_WD_0.10-0.15_ConsGalerkinProj_OneShot_SF2_Second,SST,340,22508,8590,13918,763,7.8971e-06,4.039e-05,3.388e-04,7.5674e-06,9.485e-04,4.927e-02,2.0585e-04,6.809e-05,9.013e-04,5.6653e-05,1.555e-04,1.104e-02,5.4367e+05,8.205e-07,9.887e-06,1.8606e+01,8.769e-05,5.603e-03
RANS_SST_WD_0.10-0.15_ConsGalerkinProj_OneShot_SF2_Second,SST,345,22508,8590,13918,763,7.8971e-06,4.131e-05,3.398e-04,7.5674e-06,9.486e-04,4.927e-02,2.0585e-04,6.850e-05,9.059e-04,5.6653e-05,1.555e-04,1.104e-02,5.4367e+05,8.197e-07,9.887e-06,1.8606e+01,8.768e-05,5.603e-03
RANS_SST_WD_0.10-0.15_ConsGalerkinProj_OneShot_SF2_Second,SST,350,22508,8590,13918,763,7.8971e-06,4.222e-05,3.408e-04,7.5674e-06,9.487e-04,4.927e-02,2.0585e-04,6.890e-05,9.103e-04,5.6653e-05,1.555e-04,1.104e-02,5.4367e+05,8.203e-07,9.887e-06,1.8606e+01,8.767e-05,5.603e-03
RANS_SST_WD_0.10-0.15_ConsGalerkinProj_OneShot_SF2_Second,SST,355,22508,8590,13918,763,7.8971e-06,4.311e-05,3.418e-04,7.5674e-06,9.487e-04,4.927e-02,2.0585e-04,6.931e-05,9.146e-04,5.6653e-05,1.555e-04,1.104e-02,5.4367e+05,8.189e-07,9.887e-06,1.8606e+01,8.766e-05,5.603e-03
RANS_SST_WD_0.10-0.15_ConsGalerkinProj_OneShot_SF2_Second,SST,360,22508,8590,13918,763,7.8971e-06,4.397e-05,3.427e-04,7.5674e-06,9.488e-04,4.927e-02,2.0585e-04,6.971e-05,9.188e-04,5.6653e-05,1.555e-04,1.104e-02,5.4367e+05,8.186e-07,9.772e-06,1.8606e+01,8.765e-05,5.603e-03
RANS_SST_WD_0.10-0.15_ConsGalerkinProj_OneShot_SF2_Second,SST,365,22508,8590,13918,763,7.8971e-06,4.482e-05,3.436e-04,7.5674e-06,9.489e-04,4.927e-02,2.0585e-04,7.011e-05,9.229e-04,5.6653e-05,1.555e-04,1.104e-02,5.4367e+05,8.178e-07,9.772e-06,1.8606e+01,8.765e-05,5.604e-03
RANS_SST_WD_0.10-0.15_ConsGalerkinProj_OneShot_SF2_Second,SST,370,22508,8590,13918,763,7.8971e-06,4.564e-05,3.445e-04,7.5674e-06,9.490e-04,4.927e-02,2.0585e-04,7.050e-05,9.269e-04,5.6653e-05,1.555e-04,1.104e-02,5.4367e+05,8.177e-07,9.772e-06,1.8606e+01,8.764e-05,5.604e-03
RANS_SST_WD_0.10-0.15_ConsGalerkinProj_OneShot_SF2_Second,SST,375,22508,8590,13918,763,7.8971e-06,4.644e-05,3.454e-04,7.5674e-06,9.491e-04,4.927e-02,2.0585e-04,7.089e-05,9.309e-04,5.6653e-05,1.555e-04,1.104e-02,5.4367e+05,8.171e-07,9.772e-06,1.8606e+01,8.764e-05,5.604e-03
RANS_SST_WD_0.10-0.15_ConsGalerkinProj_OneShot_SF2_Second,SST,380,22508,8590,13918,763,7.8971e-06,4.721e-05,3.462e-04,7.5674e-06,9.492e-04,4.928e-02,2.0585e-04,7.128e-05,9.347e-04,5.6653e-05,1.555e-04,1.104e-02,5.4367e+05,8.175e-07,9.772e-06,1.8606e+01,8.763e-05,5.604e-03
RANS_SST_WD_0.10-0.15_ConsGalerkinProj_OneShot_SF2_Second,SST,385,22508,8590,13918,763,7.8971e-06,4.796e-05,3.471e-04,7.5674e-06,9.492e-04,4.928e-02,2.0585e-04,7.166e-05,9.384e-04,5.6653e-05,1.555e-04,1.104e-02,5.4367e+05,8.153e-07,9.772e-06,1.8606e+01,8.762e-05,5.604e-03
RANS_SST_WD_0.10-0.15_ConsGalerkinProj_OneShot_SF2_Second,SST,390,22508,8590,13918,763,7.8971e-06,4.868e-05,3.479e-04,7.5674e-06,9.493e-04,4.928e-02,2.0585e-04,7.204e-05,9.420e-04,5.6653e-05,1.555e-04,1.104e-02,5.4367e+05,8.161e-07,9.772e-06,1.8606e+01,8.762e-05,5.604e-03
RANS_SST_WD_0.10-0.15_ConsGalerkinProj_OneShot_SF2_Second,SST,395,22508,8590,13918,763,7.8971e-06,4.937e-05,3.487e-04,7.5674e-06,9.494e-04,4.928e-02,2.0585e-04,7.241e-05,9.456e-04,5.6653e-05,1.555e-04,1.104e-02,5.4367e+05,8.153e-07,9.664e-06,1.8606e+01,8.761e-05,5.604e-03
RANS_SST_WD_0.10-0.15_ConsGalerkinProj_OneShot_Second,SST,5,23271,8590,14681,0,7.8971e-06,0.000e+00,0.000e+00,7.5674e-06,0.000e+00,0.000e+00,2.0585e-04,0.000e+00,0.000e+00,5.6653e-05,0.000e+00,0.000e+00,5.4367e+05,0.000e+00,0.000e+00,1.8606e+01,0.000e+00,0.000e+00
RANS_SST_WD_0.10-0.15_ConsGalerkinProj_OneShot_Second,SST,10,23271,8590,14681,0,7.8971e-06,0.000e+00,0.000e+00,7.5674e-06,0.000e+00,0.000e+00,2.0585e-04,0.000e+00,0.000e+00,5.6653e-05,0.000e+00,0.000e+00,5.4367e+05,0.000e+00,0.000e+00,1.8606e+01,0.000e+00,0.000e+00
RANS_SST_WD_0.10-0.15_ConsGalerkinProj_OneShot_Second,SST,15,23271,8590,14681,0,7.8971e-06,0.000e+00,0.000e+00,7.5674e-06,0.000e+00,0.000e+00,2.0585e-04,0.000e+00,0.000e+00,5.6653e-05,0.000e+00,0.000e+00,5.4367e+05,0.000e+00,0.000e+00,1.8606e+01,0.000e+00,0.000e+00
RANS_SST_WD_0.10-0.15_ConsGalerkinProj_OneShot_Second,SST,20,23271,8590,14681,0,7.8971e-06,0.000e+00,0.000e+00,7.5674e-06,0.000e+00,0.000e+00,2.0585e-04,0.000e+00,0.000e+00,5.6653e-05,0.000e+00,0.000e+00,5.4367e+05,0.000e+00,0.000e+00,1.8606e+01,0.000e+00,0.000e+00
RANS_SST_WD_0.10-0.15_ConsGalerkinProj_OneShot_Second,SST,25,23271,8590,14681,0,7.8971e-06,0.000e+00,0.000e+00,7.5674e-06,0.000e+00,0.000e+00,2.0585e-04,0.000e+00,0.000e+00,5.6653e-05,0.000e+00,0.000e+00,5.4367e+05,0.000e+00,0.000e+00,1.8606e+01,0.000e+00,0.000e+00
RANS_SST_WD_0.10-0.15_ConsGalerkinProj_OneShot_Second,SST,30,23271,8590,14681,0,7.8971e-06,0.000e+00,0.000e+00,7.5674e-06,0.000e+00,0.000e+00,2.0585e-04,0.000e+00,0.000e+00,5.6653e-05,0.000e+00,0.000e+00,5.4367e+05,0.000e+00,0.000e+00,1.8606e+01,0.000e+00,0.000e+00
RANS_SST_WD_0.10-0.15_ConsGalerkinProj_OneShot_Second,SST,35,23271,8590,14681,0,7.8971e-06,0.000e+00,0.000e+00,7.5674e-06,0.000e+00,0.000e+00,2.0585e-04,0.000e+00,0.000e+00,5.6653e-05,0.000e+00,0.000e+00,5.4367e+05,0.000e+00,0.000e+00,1.8606e+01,0.000e+00,0.000e+00
RANS_SST_WD_0.10-0.15_ConsGalerkinProj_OneShot_Second,SST,40,23271,8590,14681,0,7.8971e-06,0.000e+00,0.000e+00,7.5674e-06,0.000e+00,0.000e+00,2.0585e-04,0.000e+00,0.000e+00,5.6653e-05,0.000e+00,0.000e+00,5.4367e+05,0.000e+00,0.000e+00,1.8606e+01,0.000e+00,0.000e+00
RANS_SST_WD_0.10-0.15_ConsGalerkinProj_OneShot_Second,SST,45,23271,8590,14681,0,7.8971e-06,0.000e+00,0.000e+00,7.5674e-06,0.000e+00,0.000e+00,2.0585e-04,0.000e+00,0.000e+00,5.6653e-05,0.000e+00,0.000e+00,5.4367e+05,0.000e+00,0.000e+00,1.8606e+01,0.000e+00,0.000e+00
RANS_SST_WD_0.10-0.15_ConsGalerkinProj_OneShot_Second,SST,50,23271,8590,14681,0,7.8971e-06,0.000e+00,0.000e+00,7.5674e-06,0.000e+00,0.000e+00,2.0585e-04,0.000e+00,0.000e+00,5.6653e-05,0.000e+00,0.000e+00,5.4367e+05,0.000e+00,0.000e+00,1.8606e+01,0.000e+00,0.000e+00
RANS_SST_WD_0.10-0.15_ConsGalerkinProj_OneShot_Second,SST,55,23271,8590,14681,0,7.8971e-06,0.000e+00,0.000e+00,7.5674e-06,0.000e+00,0.000e+00,2.0585e-04,0.000e+00,0.000e+00,5.6653e-05,0.000e+00,0.000e+00,5.4367e+05,0.000e+00,0.000e+00,1.8606e+01,0.000e+00,0.000e+00
RANS_SST_WD_0.10-0.15_ConsGalerkinProj_OneShot_Second,SST,60,23271,8590,14681,0,7.8971e-06,0.000e+00,0.000e+00,7.5674e-06,0.000e+00,0.000e+00,2.0585e-04,0.000e+00,0.000e+00,5.6653e-05,0.000e+00,0.000e+00,5.4367e+05,0.000e+00,0.000e+00,1.8606e+01,0.000e+00,0.000e+00
RANS_SST_WD_0.10-0.15_ConsGalerkinProj_OneShot_Second,SST,65,23271,8590,14681,0,7.8971e-06,0.000e+00,0.000e+00,7.5674e-06,0.000e+00,0.000e+00,2.0585e-04,0.000e+00,0.000e+00,5.6653e-05,0.000e+00,0.000e+00,5.4367e+05,0.000e+00,0.000e+00,1.8606e+01,0.000e+00,0.000e+00
RANS_SST_WD_0.10-0.15_ConsGalerkinProj_OneShot_Second,SST,70,23271,8590,14681,0,7.8971e-06,0.000e+00,0.000e+00,7.5674e-06,0.000e+00,0.000e+00,2.0585e-04,0.000e+00,0.000e+00,5.6653e-05,0.000e+00,0.000e+00,5.4367e+05,0.000e+00,0.000e+00,1.8606e+01,0.000e+00,0.000e+00
RANS_SST_WD_0.10-0.15_ConsGalerkinProj_OneShot_Second,SST,75,23271,8590,14681,0,7.8971e-06,0.000e+00,0.000e+00,7.5674e-06,0.000e+00,0.000e+00,2.0585e-04,0.000e+00,0.000e+00,5.6653e-05,0.000e+00,0.000e+00,5.4367e+05,0.000e+00,0.000e+00,1.8606e+01,0.000e+00,0.000e+00
RANS_SST_WD_0.10-0.15_ConsGalerkinProj_OneShot_Second,SST,80,23271,8590,14681,0,7.8971e-06,0.000e+00,0.000e+00,7.5674e-06,0.000e+00,0.000e+00,2.0585e-04,0.000e+00,0.000e+00,5.6653e-05,0.000e+00,0.000e+00,5.4367e+05,0.000e+00,0.000e+00,1.8606e+01,0.000e+00,0.000e+00
RANS_SST_WD_0.10-0.15_ConsGalerkinProj_OneShot_Second,SST,85,23271,8590,14681,0,7.8971e-06,0.000e+00,0.000e+00,7.5674e-06,0.000e+00,0.000e+00,2.0585e-04,0.000e+00,0.000e+00,5.6653e-05,0.000e+00,0.000e+00,5.4367e+05,0.000e+00,0.000e+00,1.8606e+01,0.000e+00,0.000e+00
RANS_SST_WD_0.10-0.15_ConsGalerkinProj_OneShot_Second,SST,90,23271,8590,14681,0,7.8971e-06,0.000e+00,0.000e+00,7.5674e-06,0.000e+00,0.000e+00,2.0585e-04,0.000e+00,0.000e+00,5.6653e-05,0.000e+00,0.000e+00,5.4367e+05,0.000e+00,0.000e+00,1.8606e+01,0.000e+00,0.000e+00
RANS_SST_WD_0.10-0.15_ConsGalerkinProj_OneShot_Second,SST,95,23271,8590,14681,0,7.8971e-06,0.000e+00,0.000e+00,7.5674e-06,0.000e+00,0.000e+00,2.0585e-04,0.000e+00,0.000e+00,5.6653e-05,0.000e+00,0.000e+00,5.4367e+05,0.000e+00,0.000e+00,1.8606e+01,0.000e+00,0.000e+00
RANS_SST_WD_0.10-0.15_ConsGalerkinProj_OneShot_Second,SST,100,23271,8590,14681,0,7.8971e-06,0.000e+00,0.000e+00,7.5674e-06,0.000e+00,0.000e+00,2.0585e-04,0.000e+00,0.000e+00,5.6653e-05,0.000e+00,0.000e+00,5.4367e+05,0.000e+00,0.000e+00,1.8606e+01,0.000e+00,0.000e+00
RANS_SST_WD_0.10-0.15_ConsGalerkinProj_OneShot_Second,SST,105,23271,8590,14681,0,7.8971e-06,0.000e+00,0.000e+00,7.5674e-06,0.000e+00,0.000e+00,2.0585e-04,0.000e+00,0.000e+00,5.6653e-05,0.000e+00,0.000e+00,5.4367e+05,0.000e+00,0.000e+00,1.8606e+01,0.000e+00,0.000e+00
RANS_SST_WD_0.10-0.15_ConsGalerkinProj_OneShot_Second,SST,110,23271,8590,14681,0,7.8971e-06,0.000e+00,0.000e+00,7.5674e-06,0.000e+00,0.000e+00,2.0585e-04,0.000e+00,0.000e+00,5.6653e-05,0.000e+00,0.000e+00,5.4367e+05,0.000e+00,0.000e+00,1.8606e+01,0.000e+00,0.000e+00
RANS_SST_WD_0.10-0.15_ConsGalerkinProj_OneShot_Second,SST,115,23271,8590,14681,0,7.8971e-06,0.000e+00,0.000e+00,7.5674e-06,0.000e+00,0.000e+00,2.0585e-04,0.000e+00,0.000e+00,5.6653e-05,0.000e+00,0.000e+00,5.4367e+05,0.000e+00,0.000e+00,1.8606e+01,0.000e+00,0.000e+00
RANS_SST_WD_0.10-0.15_ConsGalerkinProj_OneShot_Second,SST,120,23271,8590,14681,0,7.8971e-06,0.000e+00,0.000e+00,7.5674e-06,0.000e+00,0.000e+00,2.0585e-04,0.000e+00,0.000e+00,5.6653e-05,0.000e+00,0.000e+00,5.4367e+05,0.000e+00,0.000e+00,1.8606e+01,0.000e+00,0.000e+00
RANS_SST_WD_0.10-0.15_ConsGalerkinProj_OneShot_Second,SST,125,23271,8590,14681,0,7.8971e-06,0.000e+00,0.000e+00,7.5674e-06,0.000e+00,0.000e+00,2.0585e-04,0.000e+00,0.000e+00,5.6653e-05,0.000e+00,0.000e+00,5.4367e+05,0.000e+00,0.000e+00,1.8606e+01,0.000e+00,0.000e+00
RANS_SST_WD_0.10-0.15_ConsGalerkinProj_OneShot_Second,SST,130,23271,8590,14681,0,7.8971e-06,0.000e+00,0.000e+00,7.5674e-06,0.000e+00,0.000e+00,2.0585e-04,0.000e+00,0.000e+00,5.6653e-05,0.000e+00,0.000e+00,5.4367e+05,0.000e+00,0.000e+00,1.8606e+01,0.000e+00,0.000e+00
RANS_SST_WD_0.10-0.15_ConsGalerkinProj_OneShot_Second,SST,135,23271,8590,14681,0,7.8971e-06,0.000e+00,0.000e+00,7.5674e-06,0.000e+00,0.000e+00,2.0585e-04,0.000e+00,0.000e+00,5.6653e-05,0.000e+00,0.000e+00,5.4367e+05,0.000e+00,0.000e+00,1.8606e+01,0.000e+00,0.000e+00
RANS_SST_WD_0.10-0.15_ConsGalerkinProj_OneShot_Second,SST,140,23271,8590,14681,0,7.8971e-06,0.000e+00,0.000e+00,7.5674e-06,0.000e+00,0.000e+00,2.0585e-04,0.000e+00,0.000e+00,5.6653e-05,0.000e+00,0.000e+00,5.4367e+05,0.000e+00,0.000e+00,1.8606e+01,0.000e+00,0.000e+00
RANS_SST_WD_0.10-0.15_ConsGalerkinProj_OneShot_Second,SST,145,23271,8590,14681,0,7.8971e-06,0.000e+00,0.000e+00,7.5674e-06,0.000e+00,0.000e+00,2.0585e-04,0.000e+00,0.000e+00,5.6653e-05,0.000e+00,0.000e+00,5.4367e+05,0.000e+00,0.000e+00,1.8606e+01,0.000e+00,0.000e+00
RANS_SST_WD_0.10-0.15_ConsGalerkinProj_OneShot_Second,SST,150,23271,8590,14681,0,7.8971e-06,0.000e+00,0.000e+00,7.5674e-06,0.000e+00,0.000e+00,2.0585e-04,0.000e+00,0.000e+00,5.6653e-05,0.000e+00,0.000e+00,5.4367e+05,0.000e+00,0.000e+00,1.8606e+01,0.000e+00,0.000e+00
RANS_SST_WD_0.10-0.15_ConsGalerkinProj_OneShot_Second,SST,155,23271,8590,14681,0,7.8971e-06,0.000e+00,0.000e+00,7.5674e-06,0.000e+00,0.000e+00,2.0585e-04,0.000e+00,0.000e+00,5.6653e-05,0.000e+00,0.000e+00,5.4367e+05,0.000e+00,0.000e+00,1.8606e+01,0.000e+00,0.000e+00
RANS_SST_WD_0.10-0.15_ConsGalerkinProj_OneShot_Second,SST,160,23271,8590,14681,0,7.8971e-06,0.000e+00,0.000e+00,7.5674e-06,0.000e+00,0.000e+00,2.0585e-04,0.000e+00,0.000e+00,5.6653e-05,0.000e+00,0.000e+00,5.4367e+05,0.000e+00,0.000e+00,1.8606e+01,0.000e+00,0.000e+00
RANS_SST_WD_0.10-0.15_ConsGalerkinProj_OneShot_Second,SST,165,23271,8590,14681,0,7.8971e-06,0.000e+00,0.000e+00,7.5674e-06,0.000e+00,0.000e+00,2.0585e-04,0.000e+00,0.000e+00,5.6653e-05,0.000e+00,0.000e+00,5.4367e+05,0.000e+00,0.000e+00,1.8606e+01,0.000e+00,0.000e+00
RANS_SST_WD_0.10-0.15_ConsGalerkinProj_OneShot_Second,SST,170,23271,8590,14681,0,7.8971e-06,0.000e+00,0.000e+00,7.5674e-06,0.000e+00,0.000e+00,2.0585e-04,0.000e+00,0.000e+00,5.6653e-05,0.000e+00,0.000e+00,5.4367e+05,0.000e+00,0.000e+00,1.8606e+01,0.000e+00,0.000e+00
RANS_SST_WD_0.10-0.15_ConsGalerkinProj_OneShot_Second,SST,175,23271,8590,14681,0,7.8971e-06,0.000e+00,0.000e+00,7.5674e-06,0.000e+00,0.000e+00,2.0585e-04,0.000e+00,0.000e+00,5.6653e-05,0.000e+00,0.000e+00,5.4367e+05,0.000e+00,0.000e+00,1.8606e+01,0.000e+00,0.000e+00
RANS_SST_WD_0.10-0.15_ConsGalerkinProj_OneShot_Second,SST,180,23271,8590,14681,0,7.8971e-06,0.000e+00,0.000e+00,7.5674e-06,0.000e+00,0.000e+00,2.0585e-04,0.000e+00,0.000e+00,5.6653e-05,0.000e+00,0.000e+00,5.4367e+05,0.000e+00,0.000e+00,1.8606e+01,0.000e+00,0.000e+00
RANS_SST_WD_0.10-0.15_ConsGalerkinProj_OneShot_Second,SST,185,23271,8590,14681,0,7.8971e-06,0.000e+00,0.000e+00,7.5674e-06,0.000e+00,0.000e+00,2.0585e-04,0.000e+00,0.000e+00,5.6653e-05,0.000e+00,0.000e+00,5.4367e+05,0.000e+00,0.000e+00,1.8606e+01,0.000e+00,0.000e+00
RANS_SST_WD_0.10-0.15_ConsGalerkinProj_OneShot_Second,SST,190,23271,8590,14681,0,7.8971e-06,0.000e+00,0.000e+00,7.5674e-06,0.000e+00,0.000e+00,2.0585e-04,0.000e+00,0.000e+00,5.6653e-05,0.000e+00,0.000e+00,5.4367e+05,0.000e+00,0.000e+00,1.8606e+01,0.000e+00,0.000e+00
RANS_SST_WD_0.10-0.15_ConsGalerkinProj_OneShot_Second,SST,195,23271,8590,14681,0,7.8971e-06,0.000e+00,0.000e+00,7.5674e-06,0.000e+00,0.000e+00,2.0585e-04,0.000e+00,0.000e+00,5.6653e-05,0.000e+00,0.000e+00,5.4367e+05,0.000e+00,0.000e+00,1.8606e+01,0.000e+00,0.000e+00
RANS_SST_WD_0.10-0.15_ConsGalerkinProj_OneShot_Second,SST,200,22508,8590,13918,763,7.8971e-06,1.197e-06,4.463e-05,7.5674e-06,1.278e-04,9.229e-03,2.0585e-04,3.669e-07,4.630e-06,5.6653e-05,3.711e-05,3.666e-03,5.4367e+05,4.805e-08,1.466e-06,1.8606e+01,2.225e-05,1.868e-03
RANS_SST_WD_0.10-0.15_ConsGalerkinProj_OneShot_Second,SST,205,22508,8590,13918,763,7.8971e-06,3.656e-06,7.745e-05,7.5674e-06,4.456e-04,2.581e-02,2.0585e-04,3.899e-06,2.566e-05,5.6653e-05,7.061e-05,5.253e-03,5.4367e+05,1.489e-07,2.852e-06,1.8606e+01,3.972e-05,2.678e-03
RANS_SST_WD_0.10-0.15_ConsGalerkinProj_OneShot_Second,SST,210,22508,8590,13918,763,7.8971e-06,4.384e-06,6.622e-05,7.5674e-06,4.559e-04,2.564e-02,2.0585e-04,1.067e-05,7.882e-05,5.6653e-05,7.077e-05,5.224e-03,5.4367e+05,2.366e-07,3.693e-06,1.8606e+01,3.971e-05,2.667e-03
RANS_SST_WD_0.10-0.15_ConsGalerkinProj_OneShot_Second,SST,215,22508,8590,13918,763,7.8971e-06,4.992e-06,5.499e-05,7.5674e-06,4.617e-04,2.563e-02,2.0585e-04,1.821e-05,1.238e-04,5.6653e-05,7.098e-05,5.220e-03,5.4367e+05,3.001e-07,4.153e-06,1.8606e+01,3.980e-05,2.666e-03
RANS_SST_WD_0.10-0.15_ConsGalerkinProj_OneShot_Second,SST,220,22508,8590,13918,763,7.8971e-06,5.484e-06,5.350e-05,7.5674e-06,4.643e-04,2.562e-02,2.0585e-04,1.820e-05,1.154e-04,5.6653e-05,7.116e-05,5.214e-03,5.4367e+05,3.569e-07,4.943e-06,1.8606e+01,3.982e-05,2.663e-03
RANS_SST_WD_0.10-0.15_ConsGalerkinProj_OneShot_Second,SST,225,22508,8590,13918,763,7.8971e-06,5.502e-06,5.684e-05,7.5674e-06,4.657e-04,2.561e-02,2.0585e-04,1.911e-05,1.604e-04,5.6653e-05,7.110e-05,5.205e-03,5.4367e+05,4.043e-07,5.633e-06,1.8606e+01,3.984e-05,2.661e-03
RANS_SST_WD_0.10-0.15_ConsGalerkinProj_OneShot_Second,SST,230,22508,8590,13918,763,7.8971e-06,4.939e-06,6.818e-05,7.5674e-06,4.667e-04,2.562e-02,2.0585e-04,2.189e-05,1.831e-04,5.6653e-05,7.106e-05,5.203e-03,5.4367e+05,4.399e-07,6.093e-06,1.8606e+01,3.989e-05,2.662e-03
RANS_SST_WD_0.10-0.15_ConsGalerkinProj_OneShot_Second,SST,235,22508,8590,13918,763,7.8971e-06,5.058e-06,7.958e-05,7.5674e-06,4.672e-04,2.561e-02,2.0585e-04,2.434e-05,2.007e-04,5.6653e-05,7.115e-05,5.197e-03,5.4367e+05,4.673e-07,6.553e-06,1.8606e+01,3.995e-05,2.662e-03
RANS_SST_WD_0.10-0.15_ConsGalerkinProj_OneShot_Second,SST,240,22508,8590,13918,763,7.8971e-06,5.515e-06,9.956e-05,7.5674e-06,4.680e-04,2.561e-02,2.0585e-04,2.595e-05,2.240e-04,5.6653e-05,7.140e-05,5.201e-03,5.4367e+05,4.872e-07,6.783e-06,1.8606e+01,4.004e-05,2.668e-03
RANS_SST_WD_0.10-0.15_ConsGalerkinProj_OneShot_Second,SST,245,22508,8590,13918,763,7.8971e-06,5.915e-06,9.657e-05,7.5674e-06,4.685e-04,2.562e-02,2.0585e-04,2.711e-05,2.425e-04,5.6653e-05,7.160e-05,5.207e-03,5.4367e+05,5.013e-07,7.128e-06,1.8606e+01,4.005e-05,2.670e-03
RANS_SST_WD_0.10-0.15_ConsGalerkinProj_OneShot_Second,SST,250,22508,8590,13918,763,7.8971e-06,6.396e-06,8.661e-05,7.5674e-06,4.686e-04,2.561e-02,2.0585e-04,2.792e-05,2.564e-04,5.6653e-05,7.167e-05,5.207e-03,5.4367e+05,5.112e-07,7.242e-06,1.8606e+01,4.007e-05,2.669e-03
RANS_SST_WD_0.10-0.15_ConsGalerkinProj_OneShot_Second,SST,255,22508,8590,13918,763,7.8971e-06,6.892e-06,7.820e-05,7.5674e-06,4.688e-04,2.562e-02,2.0585e-04,2.848e-05,2.667e-04,5.6653e-05,7.173e-05,5.209e-03,5.4367e+05,5.179e-07,7.242e-06,1.8606e+01,4.012e-05,2.670e-03
RANS_SST_WD_0.10-0.15_ConsGalerkinProj_OneShot_Second,SST,260,22508,8590,13918,763,7.8971e-06,7.326e-06,8.632e-05,7.5674e-06,4.689e-04,2.562e-02,2.0585e-04,2.892e-05,2.747e-04,5.6653e-05,7.177e-05,5.210e-03,5.4367e+05,5.204e-07,7.242e-06,1.8606e+01,4.017e-05,2.670e-03
RANS_SST_WD_0.10-0.15_ConsGalerkinProj_OneShot_Second,SST,265,22508,8590,13918,763,7.8971e-06,7.663e-06,9.116e-05,7.5674e-06,4.689e-04,2.562e-02,2.0585e-04,2.927e-05,2.812e-04,5.6653e-05,7.179e-05,5.209e-03,5.4367e+05,5.219e-07,7.357e-06,1.8606e+01,4.021e-05,2.669e-03
RANS_SST_WD_0.10-0.15_ConsGalerkinProj_OneShot_Second,SST,270,22508,8590,13918,763,7.8971e-06,7.922e-06,9.013e-05,7.5674e-06,4.690e-04,2.561e-02,2.0585e-04,2.957e-05,2.868e-04,5.6653e-05,7.182e-05,5.209e-03,5.4367e+05,5.208e-07,7.357e-06,1.8606e+01,4.025e-05,2.669e-03
RANS_SST_WD_0.10-0.15_ConsGalerkinProj_OneShot_Second,SST,275,22508,8590,13918,763,7.8971e-06,8.130e-06,8.684e-05,7.5674e-06,4.690e-04,2.561e-02,2.0585e-04,2.983e-05,2.915e-04,5.6653e-05,7.184e-05,5.209e-03,5.4367e+05,5.211e-07,7.357e-06,1.8606e+01,4.028e-05,2.669e-03
RANS_SST_WD_0.10-0.15_ConsGalerkinProj_OneShot_Second,SST,280,22508,8590,13918,763,7.8971e-06,8.334e-06,8.279e-05,7.5674e-06,4.691e-04,2.561e-02,2.0585e-04,3.007e-05,2.961e-04,5.6653e-05,7.186e-05,5.208e-03,5.4367e+05,5.200e-07,7.242e-06,1.8606e+01,4.031e-05,2.668e-03
RANS_SST_WD_0.10-0.15_ConsGalerkinProj_OneShot_Second,SST,285,22508,8590,13918,763,7.8971e-06,8.557e-06,7.908e-05,7.5674e-06,4.691e-04,2.561e-02,2.0585e-04,3.031e-05,3.004e-04,5.6653e-05,7.187e-05,5.208e-03,5.4367e+05,5.199e-07,7.242e-06,1.8606e+01,4.033e-05,2.668e-03
RANS_SST_WD_0.10-0.15_ConsGalerkinProj_OneShot_Second,SST,290,22508,8590,13918,763,7.8971e-06,8.813e-06,7.616e-05,7.5674e-06,4.691e-04,2.561e-02,2.0585e-04,3.054e-05,3.046e-04,5.6653e-05,7.189e-05,5.208e-03,5.4367e+05,5.192e-07,7.242e-06,1.8606e+01,4.035e-05,2.668e-03
RANS_SST_WD_0.10-0.15_ConsGalerkinProj_OneShot_Second,SST,295,22508,8590,13918,763,7.8971e-06,9.101e-06,7.415e-05,7.5674e-06,4.692e-04,2.561e-02,2.0585e-04,3.076e-05,3.086e-04,5.6653e-05,7.190e-05,5.208e-03,5.4367e+05,5.187e-07,7.242e-06,1.8606e+01,4.036e-05,2.668e-03
RANS_SST_WD_0.10-0.15_ConsGalerkinProj_OneShot_Second,SST,300,22508,8590,13918,763,7.8971e-06,9.416e-06,7.294e-05,7.5674e-06,4.692e-04,2.561e-02,2.0585e-04,3.097e-05,3.125e-04,5.6653e-05,7.192e-05,5.207e-03,5.4367e+05,5.178e-07,7.242e-06,1.8606e+01,4.037e-05,2.668e-03
RANS_SST_WD_0.10-0.15_ConsGalerkinProj_OneShot_Second,SST,305,22508,8590,13918,763,7.8971e-06,9.751e-06,7.227e-05,7.5674e-06,4.692e-04,2.561e-02,2.0585e-04,3.117e-05,3.162e-04,5.6653e-05,7.193e-05,5.207e-03,5.4367e+05,5.172e-07,7.128e-06,1.8606e+01,4.037e-05,2.668e-03
RANS_SST_WD_0.10-0.15_ConsGalerkinProj_OneShot_Second,SST,310,22508,8590,13918,763,7.8971e-06,1.010e-05,7.197e-05,7.5674e-06,4.693e-04,2.561e-02,2.0585e-04,3.137e-05,3.198e-04,5.6653e-05,7.194e-05,5.207e-03,5.4367e+05,5.161e-07,7.128e-06,1.8606e+01,4.037e-05,2.668e-03
RANS_SST_WD_0.10-0.15_ConsGalerkinProj_OneShot_Second,SST,315,22508,8590,13918,763,7.8971e-06,1.047e-05,7.194e-05,7.5674e-06,4.693e-04,2.561e-02,2.0585e-04,3.156e-05,3.232e-04,5.6653e-05,7.194e-05,5.207e-03,5.4367e+05,5.158e-07,7.128e-06,1.8606e+01,4.037e-05,2.668e-03
RANS_SST_WD_0.10-0.15_ConsGalerkinProj_OneShot_Second,SST,320,22508,8590,13918,763,7.8971e-06,1.085e-05,7.211e-05,7.5674e-06,4.693e-04,2.561e-02,2.0585e-04,3.176e-05,3.265e-04,5.6653e-05,7.195e-05,5.207e-03,5.4367e+05,5.153e-07,7.128e-06,1.8606e+01,4.037e-05,2.668e-03
RANS_SST_WD_0.10-0.15_ConsGalerkinProj_OneShot_Second,SST,325,22508,8590,13918,763,7.8971e-06,1.124e-05,7.251e-05,7.5674e-06,4.693e-04,2.561e-02,2.0585e-04,3.194e-05,3.297e-04,5.6653e-05,7.196e-05,5.207e-03,5.4367e+05,5.141e-07,7.128e-06,1.8606e+01,4.036e-05,2.667e-03
RANS_SST_WD_0.10-0.15_ConsGalerkinProj_OneShot_Second,SST,330,22508,8590,13918,763,7.8971e-06,1.164e-05,7.320e-05,7.5674e-06,4.694e-04,2.561e-02,2.0585e-04,3.213e-05,3.327e-04,5.6653e-05,7.196e-05,5.207e-03,5.4367e+05,5.138e-07,7.013e-06,1.8606e+01,4.035e-05,2.667e-03
RANS_SST_WD_0.10-0.15_ConsGalerkinProj_OneShot_Second,SST,335,22508,8590,13918,763,7.8971e-06,1.204e-05,7.414e-05,7.5674e-06,4.694e-04,2.561e-02,2.0585e-04,3.231e-05,3.357e-04,5.6653e-05,7.196e-05,5.207e-03,5.4367e+05,5.134e-07,7.013e-06,1.8606e+01,4.034e-05,2.667e-03
RANS_SST_WD_0.10-0.15_ConsGalerkinProj_OneShot_Second,SST,340,22508,8590,13918,763,7.8971e-06,1.244e-05,7.532e-05,7.5674e-06,4.694e-04,2.561e-02,2.0585e-04,3.250e-05,3.385e-04,5.6653e-05,7.196e-05,5.207e-03,5.4367e+05,5.124e-07,7.013e-06,1.8606e+01,4.033e-05,2.667e-03
RANS_SST_WD_0.10-0.15_ConsGalerkinProj_OneShot_Second,SST,345,22508,8590,13918,763,7.8971e-06,1.284e-05,7.666e-05,7.5674e-06,4.695e-04,2.561e-02,2.0585e-04,3.269e-05,3.412e-04,5.6653e-05,7.197e-05,5.207e-03,5.4367e+05,5.117e-07,7.013e-06,1.8606e+01,4.032e-05,2.667e-03
RANS_SST_WD_0.10-0.15_ConsGalerkinProj_OneShot_Second,SST,350,22508,8590,13918,763,7.8971e-06,1.324e-05,7.808e-05,7.5674e-06,4.695e-04,2.561e-02,2.0585e-04,3.288e-05,3.438e-04,5.6653e-05,7.197e-05,5.206e-03,5.4367e+05,5.111e-07,7.013e-06,1.8606e+01,4.031e-05,2.667e-03
RANS_SST_WD_0.10-0.15_ConsGalerkinProj_OneShot_Second,SST,355,22508,8590,13918,763,7.8971e-06,1.365e-05,7.948e-05,7.5674e-06,4.695e-04,2.561e-02,2.0585e-04,3.307e-05,3.464e-04,5.6653e-05,7.197e-05,5.206e-03,5.4367e+05,5.107e-07,7.013e-06,1.8606e+01,4.030e-05,2.667e-03
RANS_SST_WD_0.10-0.15_ConsGalerkinProj_OneShot_Second,SST,360,22508,8590,13918,763,7.8971e-06,1.406e-05,8.081e-05,7.5674e-06,4.696e-04,2.561e-02,2.0585e-04,3.327e-05,3.488e-04,5.6653e-05,7.197e-05,5.206e-03,5.4367e+05,5.098e-07,6.898e-06,1.8606e+01,4.029e-05,2.667e-03
RANS_SST_WD_0.10-0.15_ConsGalerkinProj_OneShot_Second,SST,365,22508,8590,13918,763,7.8971e-06,1.448e-05,8.200e-05,7.5674e-06,4.696e-04,2.561e-02,2.0585e-04,3.346e-05,3.512e-04,5.6653e-05,7.197e-05,5.206e-03,5.4367e+05,5.085e-07,6.898e-06,1.8606e+01,4.028e-05,2.667e-03
RANS_SST_WD_0.10-0.15_ConsGalerkinProj_OneShot_Second,SST,370,22508,8590,13918,763,7.8971e-06,1.490e-05,8.301e-05,7.5674e-06,4.696e-04,2.561e-02,2.0585e-04,3.366e-05,3.535e-04,5.6653e-05,7.197e-05,5.206e-03,5.4367e+05,5.080e-07,6.898e-06,1.8606e+01,4.027e-05,2.667e-03
RANS_SST_WD_0.10-0.15_ConsGalerkinProj_OneShot_Second,SST,375,22508,8590,13918,763,7.8971e-06,1.531e-05,8.386e-05,7.5674e-06,4.696e-04,2.561e-02,2.0585e-04,3.386e-05,3.557e-04,5.6653e-05,7.197e-05,5.206e-03,5.4367e+05,5.073e-07,6.898e-06,1.8606e+01,4.026e-05,2.667e-03
RANS_SST_WD_0.10-0.15_ConsGalerkinProj_OneShot_Second,SST,380,22508,8590,13918,763,7.8971e-06,1.573e-05,8.459e-05,7.5674e-06,4.697e-04,2.561e-02,2.0585e-04,3.407e-05,3.579e-04,5.6653e-05,7.197e-05,5.206e-03,5.4367e+05,5.076e-07,6.898e-06,1.8606e+01,4.025e-05,2.667e-03
RANS_SST_WD_0.10-0.15_ConsGalerkinProj_OneShot_Second,SST,385,22508,8590,13918,763,7.8971e-06,1.614e-05,8.569e-05,7.5674e-06,4.697e-04,2.561e-02,2.0585e-04,3.427e-05,3.600e-04,5.6653e-05,7.197e-05,5.206e-03,5.4367e+05,5.054e-07,6.898e-06,1.8606e+01,4.024e-05,2.667e-03
RANS_SST_WD_0.10-0.15_ConsGalerkinProj_OneShot_Second,SST,390,22508,8590,13918,763,7.8971e-06,1.656e-05,8.793e-05,7.5674e-06,4.697e-04,2.561e-02,2.0585e-04,3.448e-05,3.621e-04,5.6653e-05,7.197e-05,5.206e-03,5.4367e+05,5.062e-07,6.898e-06,1.8606e+01,4.024e-05,2.667e-03
RANS_SST_WD_0.10-0.15_ConsGalerkinProj_OneShot_Second,SST,395,22508,8590,13918,763,7.8971e-06,1.697e-05,8.998e-05,7.5674e-06,4.698e-04,2.561e-02,2.0585e-04,3.469e-05,3.641e-04,5.6653e-05,7.197e-05,5.206e-03,5.4367e+05,5.046e-07,6.783e-06,1.8606e+01,4.023e-05,2.667e-03
RANS_SST_WD_0.20-0.25_ConsGalerkinProj_OneShot_Long_Second,SST,5,23271,8590,14681,0,7.8971e-06,0.000e+00,0.000e+00,7.5674e-06,0.000e+00,0.000e+00,2.0585e-04,0.000e+00,0.000e+00,5.6653e-05,0.000e+00,0.000e+00,5.4367e+05,0.000e+00,0.000e+00,1.8606e+01,0.000e+00,0.000e+00
RANS_SST_WD_0.20-0.25_ConsGalerkinProj_OneShot_Long_Second,SST,10,23271,8590,14681,0,7.8971e-06,0.000e+00,0.000e+00,7.5674e-06,0.000e+00,0.000e+00,2.0585e-04,0.000e+00,0.000e+00,5.6653e-05,0.000e+00,0.000e+00,5.4367e+05,0.000e+00,0.000e+00,1.8606e+01,0.000e+00,0.000e+00
RANS_SST_WD_0.20-0.25_ConsGalerkinProj_OneShot_Long_Second,SST,15,23271,8590,14681,0,7.8971e-06,0.000e+00,0.000e+00,7.5674e-06,0.000e+00,0.000e+00,2.0585e-04,0.000e+00,0.000e+00,5.6653e-05,0.000e+00,0.000e+00,5.4367e+05,0.000e+00,0.000e+00,1.8606e+01,0.000e+00,0.000e+00
RANS_SST_WD_0.20-0.25_ConsGalerkinProj_OneShot_Long_Second,SST,20,23271,8590,14681,0,7.8971e-06,0.000e+00,0.000e+00,7.5674e-06,0.000e+00,0.000e+00,2.0585e-04,0.000e+00,0.000e+00,5.6653e-05,0.000e+00,0.000e+00,5.4367e+05,0.000e+00,0.000e+00,1.8606e+01,0.000e+00,0.000e+00
RANS_SST_WD_0.20-0.25_ConsGalerkinProj_OneShot_Long_Second,SST,25,23271,8590,14681,0,7.8971e-06,0.000e+00,0.000e+00,7.5674e-06,0.000e+00,0.000e+00,2.0585e-04,0.000e+00,0.000e+00,5.6653e-05,0.000e+00,0.000e+00,5.4367e+05,0.000e+00,0.000e+00,1.8606e+01,0.000e+00,0.000e+00
RANS_SST_WD_0.20-0.25_ConsGalerkinProj_OneShot_Long_Second,SST,30,23271,8590,14681,0,7.8971e-06,0.000e+00,0.000e+00,7.5674e-06,0.000e+00,0.000e+00,2.0585e-04,0.000e+00,0.000e+00,5.6653e-05,0.000e+00,0.000e+00,5.4367e+05,0.000e+00,0.000e+00,1.8606e+01,0.000e+00,0.000e+00
RANS_SST_WD_0.20-0.25_ConsGalerkinProj_OneShot_Long_Second,SST,35,23271,8590,14681,0,7.8971e-06,0.000e+00,0.000e+00,7.5674e-06,0.000e+00,0.000e+00,2.0585e-04,0.000e+00,0.000e+00,5.6653e-05,0.000e+00,0.000e+00,5.4367e+05,0.000e+00,0.000e+00,1.8606e+01,0.000e+00,0.000e+00
RANS_SST_WD_0.20-0.25_ConsGalerkinProj_OneShot_Long_Second,SST,40,23271,8590,14681,0,7.8971e-06,0.000e+00,0.000e+00,7.5674e-06,0.000e+00,0.000e+00,2.0585e-04,0.000e+00,0.000e+00,5.6653e-05,0.000e+00,0.000e+00,5.4367e+05,0.000e+00,0.000e+00,1.8606e+01,0.000e+00,0.000e+00
RANS_SST_WD_0.20-0.25_ConsGalerkinProj_OneShot_Long_Second,SST,45,23271,8590,14681,0,7.8971e-06,0.000e+00,0.000e+00,7.5674e-06,0.000e+00,0.000e+00,2.0585e-04,0.000e+00,0.000e+00,5.6653e-05,0.000e+00,0.000e+00,5.4367e+05,0.000e+00,0.000e+00,1.8606e+01,0.000e+00,0.000e+00
RANS_SST_WD_0.20-0.25_ConsGalerkinProj_OneShot_Long_Second,SST,50,23271,8590,14681,0,7.8971e-06,0.000e+00,0.000e+00,7.5674e-06,0.000e+00,0.000e+00,2.0585e-04,0.000e+00,0.000e+00,5.6653e-05,0.000e+00,0.000e+00,5.4367e+05,0.000e+00,0.000e+00,1.8606e+01,0.000e+00,0.000e+00
RANS_SST_WD_0.20-0.25_ConsGalerkinProj_OneShot_Long_Second,SST,55,23271,8590,14681,0,7.8971e-06,0.000e+00,0.000e+00,7.5674e-06,0.000e+00,0.000e+00,2.0585e-04,0.000e+00,0.000e+00,5.6653e-05,0.000e+00,0.000e+00,5.4367e+05,0.000e+00,0.000e+00,1.8606e+01,0.000e+00,0.000e+00
RANS_SST_WD_0.20-0.25_ConsGalerkinProj_OneShot_Long_Second,SST,60,23271,8590,14681,0,7.8971e-06,0.000e+00,0.000e+00,7.5674e-06,0.000e+00,0.000e+00,2.0585e-04,0.000e+00,0.000e+00,5.6653e-05,0.000e+00,0.000e+00,5.4367e+05,0.000e+00,0.000e+00,1.8606e+01,0.000e+00,0.000e+00
RANS_SST_WD_0.20-0.25_ConsGalerkinProj_OneShot_Long_Second,SST,65,23271,8590,14681,0,7.8971e-06,0.000e+00,0.000e+00,7.5674e-06,0.000e+00,0.000e+00,2.0585e-04,0.000e+00,0.000e+00,5.6653e-05,0.000e+00,0.000e+00,5.4367e+05,0.000e+00,0.000e+00,1.8606e+01,0.000e+00,0.000e+00
RANS_SST_WD_0.20-0.25_ConsGalerkinProj_OneShot_Long_Second,SST,70,23271,8590,14681,0,7.8971e-06,0.000e+00,0.000e+00,7.5674e-06,0.000e+00,0.000e+00,2.0585e-04,0.000e+00,0.000e+00,5.6653e-05,0.000e+00,0.000e+00,5.4367e+05,0.000e+00,0.000e+00,1.8606e+01,0.000e+00,0.000e+00
RANS_SST_WD_0.20-0.25_ConsGalerkinProj_OneShot_Long_Second,SST,75,23271,8590,14681,0,7.8971e-06,0.000e+00,0.000e+00,7.5674e-06,0.000e+00,0.000e+00,2.0585e-04,0.000e+00,0.000e+00,5.6653e-05,0.000e+00,0.000e+00,5.4367e+05,0.000e+00,0.000e+00,1.8606e+01,0.000e+00,0.000e+00
RANS_SST_WD_0.20-0.25_ConsGalerkinProj_OneShot_Long_Second,SST,80,23271,8590,14681,0,7.8971e-06,0.000e+00,0.000e+00,7.5674e-06,0.000e+00,0.000e+00,2.0585e-04,0.000e+00,0.000e+00,5.6653e-05,0.000e+00,0.000e+00,5.4367e+05,0.000e+00,0.000e+00,1.8606e+01,0.000e+00,0.000e+00
RANS_SST_WD_0.20-0.25_ConsGalerkinProj_OneShot_Long_Second,SST,85,23271,8590,14681,0,7.8971e-06,0.000e+00,0.000e+00,7.5674e-06,0.000e+00,0.000e+00,2.0585e-04,0.000e+00,0.000e+00,5.6653e-05,0.000e+00,0.000e+00,5.4367e+05,0.000e+00,0.000e+00,1.8606e+01,0.000e+00,0.000e+00
RANS_SST_WD_0.20-0.25_ConsGalerkinProj_OneShot_Long_Second,SST,90,23271,8590,14681,0,7.8971e-06,0.000e+00,0.000e+00,7.5674e-06,0.000e+00,0.000e+00,2.0585e-04,0.000e+00,0.000e+00,5.6653e-05,0.000e+00,0.000e+00,5.4367e+05,0.000e+00,0.000e+00,1.8606e+01,0.000e+00,0.000e+00
RANS_SST_WD_0.20-0.25_ConsGalerkinProj_OneShot_Long_Second,SST,95,23271,8590,14681,0,7.8971e-06,0.000e+00,0.000e+00,7.5674e-06,0.000e+00,0.000e+00,2.0585e-04,0.000e+00,0.000e+00,5.6653e-05,0.000e+00,0.000e+00,5.4367e+05,0.000e+00,0.000e+00,1.8606e+01,0.000e+00,0.000e+00
RANS_SST_WD_0.20-0.25_ConsGalerkinProj_OneShot_Long_Second,SST,100,23271,8590,14681,0,7.8971e-06,0.000e+00,0.000e+00,7.5674e-06,0.000e+00,0.000e+00,2.0585e-04,0.000e+00,0.000e+00,5.6653e-05,0.000e+00,0.000e+00,5.4367e+05,0.000e+00,0.000e+00,1.8606e+01,0.000e+00,0.000e+00
RANS_SST_WD_0.20-0.25_ConsGalerkinProj_OneShot_Long_Second,SST,105,23271,8590,14681,0,7.8971e-06,0.000e+00,0.000e+00,7.5674e-06,0.000e+00,0.000e+00,2.0585e-04,0.000e+00,0.000e+00,5.6653e-05,0.000e+00,0.000e+00,5.4367e+05,0.000e+00,0.000e+00,1.8606e+01,0.000e+00,0.000e+00
RANS_SST_WD_0.20-0.25_ConsGalerkinProj_OneShot_Long_Second,SST,110,23271,8590,14681,0,7.8971e-06,0.000e+00,0.000e+00,7.5674e-06,0.000e+00,0.000e+00,2.0585e-04,0.000e+00,0.000e+00,5.6653e-05,0.000e+00,0.000e+00,5.4367e+05,0.000e+00,0.000e+00,1.8606e+01,0.000e+00,0.000e+00
RANS_SST_WD_0.20-0.25_ConsGalerkinProj_OneShot_Long_Second,SST,115,23271,8590,14681,0,7.8971e-06,0.000e+00,0.000e+00,7.5674e-06,0.000e+00,0.000e+00,2.0585e-04,0.000e+00,0.000e+00,5.6653e-05,0.000e+00,0.000e+00,5.4367e+05,0.000e+00,0.000e+00,1.8606e+01,0.000e+00,0.000e+00
RANS_SST_WD_0.20-0.25_ConsGalerkinProj_OneShot_Long_Second,SST,120,23271,8590,14681,0,7.8971e-06,0.000e+00,0.000e+00,7.5674e-06,0.000e+00,0.000e+00,2.0585e-04,0.000e+00,0.000e+00,5.6653e-05,0.000e+00,0.000e+00,5.4367e+05,0.000e+00,0.000e+00,1.8606e+01,0.000e+00,0.000e+00
RANS_SST_WD_0.20-0.25_ConsGalerkinProj_OneShot_Long_Second,SST,125,23271,8590,14681,0,7.8971e-06,0.000e+00,0.000e+00,7.5674e-06,0.000e+00,0.000e+00,2.0585e-04,0.000e+00,0.000e+00,5.6653e-05,0.000e+00,0.000e+00,5.4367e+05,0.000e+00,0.000e+00,1.8606e+01,0.000e+00,0.000e+00
RANS_SST_WD_0.20-0.25_ConsGalerkinProj_OneShot_Long_Second,SST,130,23271,8590,14681,0,7.8971e-06,0.000e+00,0.000e+00,7.5674e-06,0.000e+00,0.000e+00,2.0585e-04,0.000e+00,0.000e+00,5.6653e-05,0.000e+00,0.000e+00,5.4367e+05,0.000e+00,0.000e+00,1.8606e+01,0.000e+00,0.000e+00
RANS_SST_WD_0.20-0.25_ConsGalerkinProj_OneShot_Long_Second,SST,135,23271,8590,14681,0,7.8971e-06,0.000e+00,0.000e+00,7.5674e-06,0.000e+00,0.000e+00,2.0585e-04,0.000e+00,0.000e+00,5.6653e-05,0.000e+00,0.000e+00,5.4367e+05,0.000e+00,0.000e+00,1.8606e+01,0.000e+00,0.000e+00
RANS_SST_WD_0.20-0.25_ConsGalerkinProj_OneShot_Long_Second,SST,140,23271,8590,14681,0,7.8971e-06,0.000e+00,0.000e+00,7.5674e-06,0.000e+00,0.000e+00,2.0585e-04,0.000e+00,0.000e+00,5.6653e-05,0.000e+00,0.000e+00,5.4367e+05,0.000e+00,0.000e+00,1.8606e+01,0.000e+00,0.000e+00
RANS_SST_WD_0.20-0.25_ConsGalerkinProj_OneShot_Long_Second,SST,145,23271,8590,14681,0,7.8971e-06,0.000e+00,0.000e+00,7.5674e-06,0.000e+00,0.000e+00,2.0585e-04,0.000e+00,0.000e+00,5.6653e-05,0.000e+00,0.000e+00,5.4367e+05,0.000e+00,0.000e+00,1.8606e+01,0.000e+00,0.000e+00
RANS_SST_WD_0.20-0.25_ConsGalerkinProj_OneShot_Long_Second,SST,150,23271,8590,14681,0,7.8971e-06,0.000e+00,0.000e+00,7.5674e-06,0.000e+00,0.000e+00,2.0585e-04,0.000e+00,0.000e+00,5.6653e-05,0.000e+00,0.000e+00,5.4367e+05,0.000e+00,0.000e+00,1.8606e+01,0.000e+00,0.000e+00
RANS_SST_WD_0.20-0.25_ConsGalerkinProj_OneShot_Long_Second,SST,155,23271,8590,14681,0,7.8971e-06,0.000e+00,0.000e+00,7.5674e-06,0.000e+00,0.000e+00,2.0585e-04,0.000e+00,0.000e+00,5.6653e-05,0.000e+00,0.000e+00,5.4367e+05,0.000e+00,0.000e+00,1.8606e+01,0.000e+00,0.000e+00
RANS_SST_WD_0.20-0.25_ConsGalerkinProj_OneShot_Long_Second,SST,160,23271,8590,14681,0,7.8971e-06,0.000e+00,0.000e+00,7.5674e-06,0.000e+00,0.000e+00,2.0585e-04,0.000e+00,0.000e+00,5.6653e-05,0.000e+00,0.000e+00,5.4367e+05,0.000e+00,0.000e+00,1.8606e+01,0.000e+00,0.000e+00
RANS_SST_WD_0.20-0.25_ConsGalerkinProj_OneShot_Long_Second,SST,165,23271,8590,14681,0,7.8971e-06,0.000e+00,0.000e+00,7.5674e-06,0.000e+00,0.000e+00,2.0585e-04,0.000e+00,0.000e+00,5.6653e-05,0.000e+00,0.000e+00,5.4367e+05,0.000e+00,0.000e+00,1.8606e+01,0.000e+00,0.000e+00
RANS_SST_WD_0.20-0.25_ConsGalerkinProj_OneShot_Long_Second,SST,170,23271,8590,14681,0,7.8971e-06,0.000e+00,0.000e+00,7.5674e-06,0.000e+00,0.000e+00,2.0585e-04,0.000e+00,0.000e+00,5.6653e-05,0.000e+00,0.000e+00,5.4367e+05,0.000e+00,0.000e+00,1.8606e+01,0.000e+00,0.000e+00
RANS_SST_WD_0.20-0.25_ConsGalerkinProj_OneShot_Long_Second,SST,175,23271,8590,14681,0,7.8971e-06,0.000e+00,0.000e+00,7.5674e-06,0.000e+00,0.000e+00,2.0585e-04,0.000e+00,0.000e+00,5.6653e-05,0.000e+00,0.000e+00,5.4367e+05,0.000e+00,0.000e+00,1.8606e+01,0.000e+00,0.000e+00
RANS_SST_WD_0.20-0.25_ConsGalerkinProj_OneShot_Long_Second,SST,180,23271,8590,14681,0,7.8971e-06,0.000e+00,0.000e+00,7.5674e-06,0.000e+00,0.000e+00,2.0585e-04,0.000e+00,0.000e+00,5.6653e-05,0.000e+00,0.000e+00,5.4367e+05,0.000e+00,0.000e+00,1.8606e+01,0.000e+00,0.000e+00
RANS_SST_WD_0.20-0.25_ConsGalerkinProj_OneShot_Long_Second,SST,185,23271,8590,14681,0,7.8971e-06,0.000e+00,0.000e+00,7.5674e-06,0.000e+00,0.000e+00,2.0585e-04,0.000e+00,0.000e+00,5.6653e-05,0.000e+00,0.000e+00,5.4367e+05,0.000e+00,0.000e+00,1.8606e+01,0.000e+00,0.000e+00
RANS_SST_WD_0.20-0.25_ConsGalerkinProj_OneShot_Long_Second,SST,190,23271,8590,14681,0,7.8971e-06,0.000e+00,0.000e+00,7.5674e-06,0.000e+00,0.000e+00,2.0585e-04,0.000e+00,0.000e+00,5.6653e-05,0.000e+00,0.000e+00,5.4367e+05,0.000e+00,0.000e+00,1.8606e+01,0.000e+00,0.000e+00
RANS_SST_WD_0.20-0.25_ConsGalerkinProj_OneShot_Long_Second,SST,195,23271,8590,14681,0,7.8971e-06,0.000e+00,0.000e+00,7.5674e-06,0.000e+00,0.000e+00,2.0585e-04,0.000e+00,0.000e+00,5.6653e-05,0.000e+00,0.000e+00,5.4367e+05,0.000e+00,0.000e+00,1.8606e+01,0.000e+00,0.000e+00
RANS_SST_WD_0.20-0.25_ConsGalerkinProj_OneShot_Long_Second,SST,200,23271,8590,14681,0,7.8971e-06,0.000e+00,0.000e+00,7.5674e-06,0.000e+00,0.000e+00,2.0585e-04,0.000e+00,0.000e+00,5.6653e-05,0.000e+00,0.000e+00,5.4367e+05,0.000e+00,0.000e+00,1.8606e+01,0.000e+00,0.000e+00
RANS_SST_WD_0.20-0.25_ConsGalerkinProj_OneShot_Long_Second,SST,205,23271,8590,14681,0,7.8971e-06,0.000e+00,0.000e+00,7.5674e-06,0.000e+00,0.000e+00,2.0585e-04,0.000e+00,0.000e+00,5.6653e-05,0.000e+00,0.000e+00,5.4367e+05,0.000e+00,0.000e+00,1.8606e+01,0.000e+00,0.000e+00
RANS_SST_WD_0.20-0.25_ConsGalerkinProj_OneShot_Long_Second,SST,210,23271,8590,14681,0,7.8971e-06,0.000e+00,0.000e+00,7.5674e-06,0.000e+00,0.000e+00,2.0585e-04,0.000e+00,0.000e+00,5.6653e-05,0.000e+00,0.000e+00,5.4367e+05,0.000e+00,0.000e+00,1.8606e+01,0.000e+00,0.000e+00
RANS_SST_WD_0.20-0.25_ConsGalerkinProj_OneShot_Long_Second,SST,215,23271,8590,14681,0,7.8971e-06,0.000e+00,0.000e+00,7.5674e-06,0.000e+00,0.000e+00,2.0585e-04,0.000e+00,0.000e+00,5.6653e-05,0.000e+00,0.000e+00,5.4367e+05,0.000e+00,0.000e+00,1.8606e+01,0.000e+00,0.000e+00
RANS_SST_WD_0.20-0.25_ConsGalerkinProj_OneShot_Long_Second,SST,220,23271,8590,14681,0,7.8971e-06,0.000e+00,0.000e+00,7.5674e-06,0.000e+00,0.000e+00,2.0585e-04,0.000e+00,0.000e+00,5.6653e-05,0.000e+00,0.000e+00,5.4367e+05,0.000e+00,0.000e+00,1.8606e+01,0.000e+00,0.000e+00
RANS_SST_WD_0.20-0.25_ConsGalerkinProj_OneShot_Long_Second,SST,225,23271,8590,14681,0,7.8971e-06,0.000e+00,0.000e+00,7.5674e-06,0.000e+00,0.000e+00,2.0585e-04,0.000e+00,0.000e+00,5.6653e-05,0.000e+00,0.000e+00,5.4367e+05,0.000e+00,0.000e+00,1.8606e+01,0.000e+00,0.000e+00
RANS_SST_WD_0.20-0.25_ConsGalerkinProj_OneShot_Long_Second,SST,230,23271,8590,14681,0,7.8971e-06,0.000e+00,0.000e+00,7.5674e-06,0.000e+00,0.000e+00,2.0585e-04,0.000e+00,0.000e+00,5.6653e-05,0.000e+00,0.000e+00,5.4367e+05,0.000e+00,0.000e+00,1.8606e+01,0.000e+00,0.000e+00
RANS_SST_WD_0.20-0.25_ConsGalerkinProj_OneShot_Long_Second,SST,235,23271,8590,14681,0,7.8971e-06,0.000e+00,0.000e+00,7.5674e-06,0.000e+00,0.000e+00,2.0585e-04,0.000e+00,0.000e+00,5.6653e-05,0.000e+00,0.000e+00,5.4367e+05,0.000e+00,0.000e+00,1.8606e+01,0.000e+00,0.000e+00
RANS_SST_WD_0.20-0.25_ConsGalerkinProj_OneShot_Long_Second,SST,240,23271,8590,14681,0,7.8971e-06,0.000e+00,0.000e+00,7.5674e-06,0.000e+00,0.000e+00,2.0585e-04,0.000e+00,0.000e+00,5.6653e-05,0.000e+00,0.000e+00,5.4367e+05,0.000e+00,0.000e+00,1.8606e+01,0.000e+00,0.000e+00
RANS_SST_WD_0.20-0.25_ConsGalerkinProj_OneShot_Long_Second,SST,245,23271,8590,14681,0,7.8971e-06,0.000e+00,0.000e+00,7.5674e-06,0.000e+00,0.000e+00,2.0585e-04,0.000e+00,0.000e+00,5.6653e-05,0.000e+00,0.000e+00,5.4367e+05,0.000e+00,0.000e+00,1.8606e+01,0.000e+00,0.000e+00
RANS_SST_WD_0.20-0.25_ConsGalerkinProj_OneShot_Long_Second,SST,250,23271,8590,14681,0,7.8971e-06,0.000e+00,0.000e+00,7.5674e-06,0.000e+00,0.000e+00,2.0585e-04,0.000e+00,0.000e+00,5.6653e-05,0.000e+00,0.000e+00,5.4367e+05,0.000e+00,0.000e+00,1.8606e+01,0.000e+00,0.000e+00
RANS_SST_WD_0.20-0.25_ConsGalerkinProj_OneShot_Long_Second,SST,255,23271,8590,14681,0,7.8971e-06,0.000e+00,0.000e+00,7.5674e-06,0.000e+00,0.000e+00,2.0585e-04,0.000e+00,0.000e+00,5.6653e-05,0.000e+00,0.000e+00,5.4367e+05,0.000e+00,0.000e+00,1.8606e+01,0.000e+00,0.000e+00
RANS_SST_WD_0.20-0.25_ConsGalerkinProj_OneShot_Long_Second,SST,260,23271,8590,14681,0,7.8971e-06,0.000e+00,0.000e+00,7.5674e-06,0.000e+00,0.000e+00,2.0585e-04,0.000e+00,0.000e+00,5.6653e-05,0.000e+00,0.000e+00,5.4367e+05,0.000e+00,0.000e+00,1.8606e+01,0.000e+00,0.000e+00
RANS_SST_WD_0.20-0.25_ConsGalerkinProj_OneShot_Long_Second,SST,265,23271,8590,14681,0,7.8971e-06,0.000e+00,0.000e+00,7.5674e-06,0.000e+00,0.000e+00,2.0585e-04,0.000e+00,0.000e+00,5.6653e-05,0.000e+00,0.000e+00,5.4367e+05,0.000e+00,0.000e+00,1.8606e+01,0.000e+00,0.000e+00
RANS_SST_WD_0.20-0.25_ConsGalerkinProj_OneShot_Long_Second,SST,270,23271,8590,14681,0,7.8971e-06,0.000e+00,0.000e+00,7.5674e-06,0.000e+00,0.000e+00,2.0585e-04,0.000e+00,0.000e+00,5.6653e-05,0.000e+00,0.000e+00,5.4367e+05,0.000e+00,0.000e+00,1.8606e+01,0.000e+00,0.000e+00
RANS_SST_WD_0.20-0.25_ConsGalerkinProj_OneShot_Long_Second,SST,275,23271,8590,14681,0,7.8971e-06,0.000e+00,0.000e+00,7.5674e-06,0.000e+00,0.000e+00,2.0585e-04,0.000e+00,0.000e+00,5.6653e-05,0.000e+00,0.000e+00,5.4367e+05,0.000e+00,0.000e+00,1.8606e+01,0.000e+00,0.000e+00
RANS_SST_WD_0.20-0.25_ConsGalerkinProj_OneShot_Long_Second,SST,280,23271,8590,14681,0,7.8971e-06,0.000e+00,0.000e+00,7.5674e-06,0.000e+00,0.000e+00,2.0585e-04,0.000e+00,0.000e+00,5.6653e-05,0.000e+00,0.000e+00,5.4367e+05,0.000e+00,0.000e+00,1.8606e+01,0.000e+00,0.000e+00
RANS_SST_WD_0.20-0.25_ConsGalerkinProj_OneShot_Long_Second,SST,285,23271,8590,14681,0,7.8971e-06,0.000e+00,0.000e+00,7.5674e-06,0.000e+00,0.000e+00,2.0585e-04,0.000e+00,0.000e+00,5.6653e-05,0.000e+00,0.000e+00,5.4367e+05,0.000e+00,0.000e+00,1.8606e+01,0.000e+00,0.000e+00
RANS_SST_WD_0.20-0.25_ConsGalerkinProj_OneShot_Long_Second,SST,290,23271,8590,14681,0,7.8971e-06,0.000e+00,0.000e+00,7.5674e-06,0.000e+00,0.000e+00,2.0585e-04,0.000e+00,0.000e+00,5.6653e-05,0.000e+00,0.000e+00,5.4367e+05,0.000e+00,0.000e+00,1.8606e+01,0.000e+00,0.000e+00
RANS_SST_WD_0.20-0.25_ConsGalerkinProj_OneShot_Long_Second,SST,295,23271,8590,14681,0,7.8971e-06,0.000e+00,0.000e+00,7.5674e-06,0.000e+00,0.000e+00,2.0585e-04,0.000e+00,0.000e+00,5.6653e-05,0.000e+00,0.000e+00,5.4367e+05,0.000e+00,0.000e+00,1.8606e+01,0.000e+00,0.000e+00
RANS_SST_WD_0.20-0.25_ConsGalerkinProj_OneShot_Long_Second,SST,300,23271,8590,14681,0,7.8971e-06,0.000e+00,0.000e+00,7.5674e-06,0.000e+00,0.000e+00,2.0585e-04,0.000e+00,0.000e+00,5.6653e-05,0.000e+00,0.000e+00,5.4367e+05,0.000e+00,0.000e+00,1.8606e+01,0.000e+00,0.000e+00
RANS_SST_WD_0.20-0.25_ConsGalerkinProj_OneShot_Long_Second,SST,305,23271,8590,14681,0,7.8971e-06,0.000e+00,0.000e+00,7.5674e-06,0.000e+00,0.000e+00,2.0585e-04,0.000e+00,0.000e+00,5.6653e-05,0.000e+00,0.000e+00,5.4367e+05,0.000e+00,0.000e+00,1.8606e+01,0.000e+00,0.000e+00
RANS_SST_WD_0.20-0.25_ConsGalerkinProj_OneShot_Long_Second,SST,310,23271,8590,14681,0,7.8971e-06,0.000e+00,0.000e+00,7.5674e-06,0.000e+00,0.000e+00,2.0585e-04,0.000e+00,0.000e+00,5.6653e-05,0.000e+00,0.000e+00,5.4367e+05,0.000e+00,0.000e+00,1.8606e+01,0.000e+00,0.000e+00
RANS_SST_WD_0.20-0.25_ConsGalerkinProj_OneShot_Long_Second,SST,315,23271,8590,14681,0,7.8971e-06,0.000e+00,0.000e+00,7.5674e-06,0.000e+00,0.000e+00,2.0585e-04,0.000e+00,0.000e+00,5.6653e-05,0.000e+00,0.000e+00,5.4367e+05,0.000e+00,0.000e+00,1.8606e+01,0.000e+00,0.000e+00
RANS_SST_WD_0.20-0.25_ConsGalerkinProj_OneShot_Long_Second,SST,320,23271,8590,14681,0,7.8971e-06,0.000e+00,0.000e+00,7.5674e-06,0.000e+00,0.000e+00,2.0585e-04,0.000e+00,0.000e+00,5.6653e-05,0.000e+00,0.000e+00,5.4367e+05,0.000e+00,0.000e+00,1.8606e+01,0.000e+00,0.000e+00
RANS_SST_WD_0.20-0.25_ConsGalerkinProj_OneShot_Long_Second,SST,325,23271,8590,14681,0,7.8971e-06,0.000e+00,0.000e+00,7.5674e-06,0.000e+00,0.000e+00,2.0585e-04,0.000e+00,0.000e+00,5.6653e-05,0.000e+00,0.000e+00,5.4367e+05,0.000e+00,0.000e+00,1.8606e+01,0.000e+00,0.000e+00
RANS_SST_WD_0.20-0.25_ConsGalerkinProj_OneShot_Long_Second,SST,330,23271,8590,14681,0,7.8971e-06,0.000e+00,0.000e+00,7.5674e-06,0.000e+00,0.000e+00,2.0585e-04,0.000e+00,0.000e+00,5.6653e-05,0.000e+00,0.000e+00,5.4367e+05,0.000e+00,0.000e+00,1.8606e+01,0.000e+00,0.000e+00
RANS_SST_WD_0.20-0.25_ConsGalerkinProj_OneShot_Long_Second,SST,335,23271,8590,14681,0,7.8971e-06,0.000e+00,0.000e+00,7.5674e-06,0.000e+00,0.000e+00,2.0585e-04,0.000e+00,0.000e+00,5.6653e-05,0.000e+00,0.000e+00,5.4367e+05,0.000e+00,0.000e+00,1.8606e+01,0.000e+00,0.000e+00
RANS_SST_WD_0.20-0.25_ConsGalerkinProj_OneShot_Long_Second,SST,340,23271,8590,14681,0,7.8971e-06,0.000e+00,0.000e+00,7.5674e-06,0.000e+00,0.000e+00,2.0585e-04,0.000e+00,0.000e+00,5.6653e-05,0.000e+00,0.000e+00,5.4367e+05,0.000e+00,0.000e+00,1.8606e+01,0.000e+00,0.000e+00
RANS_SST_WD_0.20-0.25_ConsGalerkinProj_OneShot_Long_Second,SST,345,23271,8590,14681,0,7.8971e-06,0.000e+00,0.000e+00,7.5674e-06,0.000e+00,0.000e+00,2.0585e-04,0.000e+00,0.000e+00,5.6653e-05,0.000e+00,0.000e+00,5.4367e+05,0.000e+00,0.000e+00,1.8606e+01,0.000e+00,0.000e+00
RANS_SST_WD_0.20-0.25_ConsGalerkinProj_OneShot_Long_Second,SST,350,23271,8590,14681,0,7.8971e-06,0.000e+00,0.000e+00,7.5674e-06,0.000e+00,0.000e+00,2.0585e-04,0.000e+00,0.000e+00,5.6653e-05,0.000e+00,0.000e+00,5.4367e+05,0.000e+00,0.000e+00,1.8606e+01,0.000e+00,0.000e+00
RANS_SST_WD_0.20-0.25_ConsGalerkinProj_OneShot_Long_Second,SST,355,23271,8590,14681,0,7.8971e-06,0.000e+00,0.000e+00,7.5674e-06,0.000e+00,0.000e+00,2.0585e-04,0.000e+00,0.000e+00,5.6653e-05,0.000e+00,0.000e+00,5.4367e+05,0.000e+00,0.000e+00,1.8606e+01,0.000e+00,0.000e+00
RANS_SST_WD_0.20-0.25_ConsGalerkinProj_OneShot_Long_Second,SST,360,23271,8590,14681,0,7.8971e-06,0.000e+00,0.000e+00,7.5674e-06,0.000e+00,0.000e+00,2.0585e-04,0.000e+00,0.000e+00,5.6653e-05,0.000e+00,0.000e+00,5.4367e+05,0.000e+00,0.000e+00,1.8606e+01,0.000e+00,0.000e+00
RANS_SST_WD_0.20-0.25_ConsGalerkinProj_OneShot_Long_Second,SST,365,23271,8590,14681,0,7.8971e-06,0.000e+00,0.000e+00,7.5674e-06,0.000e+00,0.000e+00,2.0585e-04,0.000e+00,0.000e+00,5.6653e-05,0.000e+00,0.000e+00,5.4367e+05,0.000e+00,0.000e+00,1.8606e+01,0.000e+00,0.000e+00
RANS_SST_WD_0.20-0.25_ConsGalerkinProj_OneShot_Long_Second,SST,370,23271,8590,14681,0,7.8971e-06,0.000e+00,0.000e+00,7.5674e-06,0.000e+00,0.000e+00,2.0585e-04,0.000e+00,0.000e+00,5.6653e-05,0.000e+00,0.000e+00,5.4367e+05,0.000e+00,0.000e+00,1.8606e+01,0.000e+00,0.000e+00
RANS_SST_WD_0.20-0.25_ConsGalerkinProj_OneShot_Long_Second,SST,375,23271,8590,14681,0,7.8971e-06,0.000e+00,0.000e+00,7.5674e-06,0.000e+00,0.000e+00,2.0585e-04,0.000e+00,0.000e+00,5.6653e-05,0.000e+00,0.000e+00,5.4367e+05,0.000e+00,0.000e+00,1.8606e+01,0.000e+00,0.000e+00
RANS_SST_WD_0.20-0.25_ConsGalerkinProj_OneShot_Long_Second,SST,380,23271,8590,14681,0,7.8971e-06,0.000e+00,0.000e+00,7.5674e-06,0.000e+00,0.000e+00,2.0585e-04,0.000e+00,0.000e+00,5.6653e-05,0.000e+00,0.000e+00,5.4367e+05,0.000e+00,0.000e+00,1.8606e+01,0.000e+00,0.000e+00
RANS_SST_WD_0.20-0.25_ConsGalerkinProj_OneShot_Long_Second,SST,385,23271,8590,14681,0,7.8971e-06,0.000e+00,0.000e+00,7.5674e-06,0.000e+00,0.000e+00,2.0585e-04,0.000e+00,0.000e+00,5.6653e-05,0.000e+00,0.000e+00,5.4367e+05,0.000e+00,0.000e+00,1.8606e+01,0.000e+00,0.000e+00
RANS_SST_WD_0.20-0.25_ConsGalerkinProj_OneShot_Long_Second,SST,390,23271,8590,14681,0,7.8971e-06,0.000e+00,0.000e+00,7.5674e-06,0.000e+00,0.000e+00,2.0585e-04,0.000e+00,0.000e+00,5.6653e-05,0.000e+00,0.000e+00,5.4367e+05,0.000e+00,0.000e+00,1.8606e+01,0.000e+00,0.000e+00
RANS_SST_WD_0.20-0.25_ConsGalerkinProj_OneShot_Long_Second,SST,395,23271,8590,14681,0,7.8971e-06,0.000e+00,0.000e+00,7.5674e-06,0.000e+00,0.000e+00,2.0585e-04,0.000e+00,0.000e+00,5.6653e-05,0.000e+00,0.000e+00,5.4367e+05,0.000e+00,0.000e+00,1.8606e+01,0.000e+00,0.000e+00
RANS_SST_WD_0.20-0.25_ConsGalerkinProj_OneShot_Long_Second,SST,400,22877,8590,14287,394,7.8971e-06,1.935e-07,3.858e-06,7.5674e-06,6.748e-05,3.286e-03,2.0585e-04,6.557e-08,1.449e-06,5.6653e-05,2.039e-05,1.984e-03,5.4367e+05,1.361e-08,2.299e-07,1.8606e+01,1.233e-05,1.178e-03
RANS_SST_WD_0.20-0.25_ConsGalerkinProj_OneShot_Long_Second,SST,405,22877,8590,14287,394,7.8971e-06,7.524e-07,6.680e-06,7.5674e-06,1.998e-04,1.450e-02,2.0585e-04,4.532e-07,5.938e-06,5.6653e-05,4.065e-05,3.038e-03,5.4367e+05,5.974e-08,8.047e-07,1.8606e+01,2.500e-05,1.830e-03
RANS_SST_WD_0.20-0.25_ConsGalerkinProj_OneShot_Long_Second,SST,410,22877,8590,14287,394,7.8971e-06,9.243e-07,7.774e-06,7.5674e-06,2.158e-04,1.427e-02,2.0585e-04,3.186e-06,2.856e-05,5.6653e-05,4.105e-05,3.034e-03,5.4367e+05,1.330e-07,1.609e-06,1.8606e+01,2.522e-05,1.828e-03
RANS_SST_WD_0.20-0.25_ConsGalerkinProj_OneShot_Long_Second,SST,415,22877,8590,14287,394,7.8971e-06,1.364e-06,1.126e-05,7.5674e-06,2.210e-04,1.427e-02,2.0585e-04,1.200e-05,1.136e-04,5.6653e-05,4.114e-05,3.034e-03,5.4367e+05,1.960e-07,2.529e-06,1.8606e+01,2.527e-05,1.827e-03
RANS_SST_WD_0.20-0.25_ConsGalerkinProj_OneShot_Long_Second,SST,420,22877,8590,14287,394,7.8971e-06,2.794e-06,4.005e-05,7.5674e-06,2.234e-04,1.427e-02,2.0585e-04,2.486e-05,2.171e-04,5.6653e-05,4.117e-05,3.034e-03,5.4367e+05,2.525e-07,3.334e-06,1.8606e+01,2.528e-05,1.827e-03
RANS_SST_WD_0.20-0.25_ConsGalerkinProj_OneShot_Long_Second,SST,425,22877,8590,14287,394,7.8971e-06,4.768e-06,8.741e-05,7.5674e-06,2.247e-04,1.427e-02,2.0585e-04,3.424e-05,2.608e-04,5.6653e-05,4.124e-05,3.033e-03,5.4367e+05,3.039e-07,4.024e-06,1.8606e+01,2.542e-05,1.827e-03
RANS_SST_WD_0.20-0.25_ConsGalerkinProj_OneShot_Long_Second,SST,430,22877,8590,14287,394,7.8971e-06,5.813e-06,1.257e-04,7.5674e-06,2.255e-04,1.427e-02,2.0585e-04,3.988e-05,2.602e-04,5.6653e-05,4.216e-05,3.032e-03,5.4367e+05,3.484e-07,4.713e-06,1.8606e+01,2.609e-05,1.827e-03
RANS_SST_WD_0.20-0.25_ConsGalerkinProj_OneShot_Long_Second,SST,435,22877,8590,14287,394,7.8971e-06,8.939e-06,1.013e-04,7.5674e-06,2.266e-04,1.426e-02,2.0585e-04,4.271e-05,2.418e-04,5.6653e-05,4.543e-05,3.033e-03,5.4367e+05,3.857e-07,5.288e-06,1.8606e+01,2.702e-05,1.828e-03
RANS_SST_WD_0.20-0.25_ConsGalerkinProj_OneShot_Long_Second,SST,440,22877,8590,14287,394,7.8971e-06,1.371e-05,1.201e-04,7.5674e-06,2.285e-04,1.426e-02,2.0585e-04,4.447e-05,2.189e-04,5.6653e-05,5.251e-05,3.040e-03,5.4367e+05,4.221e-07,5.748e-06,1.8606e+01,2.814e-05,1.832e-03
RANS_SST_WD_0.20-0.25_ConsGalerkinProj_OneShot_Long_Second,SST,445,22877,8590,14287,394,7.8971e-06,1.954e-05,1.365e-04,7.5674e-06,2.288e-04,1.426e-02,2.0585e-04,4.603e-05,2.025e-04,5.6653e-05,5.780e-05,3.050e-03,5.4367e+05,4.548e-07,6.208e-06,1.8606e+01,2.867e-05,1.836e-03
RANS_SST_WD_0.20-0.25_ConsGalerkinProj_OneShot_Long_Second,SST,450,22877,8590,14287,394,7.8971e-06,2.320e-05,1.505e-04,7.5674e-06,2.297e-04,1.427e-02,2.0585e-04,4.699e-05,1.949e-04,5.6653e-05,5.881e-05,3.053e-03,5.4367e+05,4.671e-07,6.323e-06,1.8606e+01,2.892e-05,1.836e-03
RANS_SST_WD_0.20-0.25_ConsGalerkinProj_OneShot_Long_Second,SST,455,22877,8590,14287,394,7.8971e-06,2.576e-05,1.666e-04,7.5674e-06,2.307e-04,1.428e-02,2.0585e-04,4.770e-05,1.936e-04,5.6653e-05,5.934e-05,3.054e-03,5.4367e+05,4.724e-07,6.438e-06,1.8606e+01,2.919e-05,1.836e-03
RANS_SST_WD_0.20-0.25_ConsGalerkinProj_OneShot_Long_Second,SST,460,22877,8590,14287,394,7.8971e-06,2.765e-05,1.776e-04,7.5674e-06,2.312e-04,1.427e-02,2.0585e-04,4.826e-05,1.929e-04,5.6653e-05,5.976e-05,3.055e-03,5.4367e+05,4.746e-07,6.553e-06,1.8606e+01,2.934e-05,1.835e-03
RANS_SST_WD_0.20-0.25_ConsGalerkinProj_OneShot_Long_Second,SST,465,22877,8590,14287,394,7.8971e-06,2.935e-05,1.871e-04,7.5674e-06,2.316e-04,1.427e-02,2.0585e-04,4.878e-05,1.923e-04,5.6653e-05,6.007e-05,3.054e-03,5.4367e+05,4.749e-07,6.553e-06,1.8606e+01,2.940e-05,1.835e-03
RANS_SST_WD_0.20-0.25_ConsGalerkinProj_OneShot_Long_Second,SST,470,22877,8590,14287,394,7.8971e-06,3.080e-05,1.947e-04,7.5674e-06,2.319e-04,1.428e-02,2.0585e-04,4.924e-05,1.918e-04,5.6653e-05,6.028e-05,3.053e-03,5.4367e+05,4.755e-07,6.553e-06,1.8606e+01,2.939e-05,1.834e-03
RANS_SST_WD_0.20-0.25_ConsGalerkinProj_OneShot_Long_Second,SST,475,22877,8590,14287,394,7.8971e-06,3.212e-05,2.013e-04,7.5674e-06,2.322e-04,1.428e-02,2.0585e-04,4.965e-05,1.913e-04,5.6653e-05,6.043e-05,3.053e-03,5.4367e+05,4.747e-07,6.553e-06,1.8606e+01,2.936e-05,1.834e-03
RANS_SST_WD_0.20-0.25_ConsGalerkinProj_OneShot_Long_Second,SST,480,22877,8590,14287,394,7.8971e-06,3.336e-05,2.091e-04,7.5674e-06,2.325e-04,1.428e-02,2.0585e-04,5.005e-05,1.908e-04,5.6653e-05,6.054e-05,3.053e-03,5.4367e+05,4.739e-07,6.553e-06,1.8606e+01,2.932e-05,1.834e-03
RANS_SST_WD_0.20-0.25_ConsGalerkinProj_OneShot_Long_Second,SST,485,22877,8590,14287,394,7.8971e-06,3.455e-05,2.195e-04,7.5674e-06,2.327e-04,1.428e-02,2.0585e-04,5.044e-05,1.903e-04,5.6653e-05,6.063e-05,3.053e-03,5.4367e+05,4.731e-07,6.553e-06,1.8606e+01,2.927e-05,1.834e-03
RANS_SST_WD_0.20-0.25_ConsGalerkinProj_OneShot_Long_Second,SST,490,22877,8590,14287,394,7.8971e-06,3.570e-05,2.293e-04,7.5674e-06,2.329e-04,1.428e-02,2.0585e-04,5.083e-05,1.897e-04,5.6653e-05,6.070e-05,3.053e-03,5.4367e+05,4.724e-07,6.553e-06,1.8606e+01,2.922e-05,1.834e-03
RANS_SST_WD_0.20-0.25_ConsGalerkinProj_OneShot_Long_Second,SST,495,22877,8590,14287,394,7.8971e-06,3.680e-05,2.383e-04,7.5674e-06,2.330e-04,1.429e-02,2.0585e-04,5.120e-05,1.892e-04,5.6653e-05,6.075e-05,3.053e-03,5.4367e+05,4.718e-07,6.438e-06,1.8606e+01,2.916e-05,1.834e-03
RANS_SST_WD_0.20-0.25_ConsGalerkinProj_OneShot_Long_Second,SST,500,22877,8590,14287,394,7.8971e-06,3.785e-05,2.465e-04,7.5674e-06,2.332e-04,1.429e-02,2.0585e-04,5.157e-05,1.886e-04,5.6653e-05,6.078e-05,3.053e-03,5.4367e+05,4.708e-07,6.438e-06,1.8606e+01,2.908e-05,1.834e-03
RANS_SST_WD_0.20-0.25_ConsGalerkinProj_OneShot_Long_Second,SST,505,22877,8590,14287,394,7.8971e-06,3.885e-05,2.541e-04,7.5674e-06,2.333e-04,1.429e-02,2.0585e-04,5.193e-05,1.880e-04,5.6653e-05,6.078e-05,3.053e-03,5.4367e+05,4.706e-07,6.438e-06,1.8606e+01,2.900e-05,1.834e-03
RANS_SST_WD_0.20-0.25_ConsGalerkinProj_OneShot_Long_Second,SST,510,22877,8590,14287,394,7.8971e-06,3.980e-05,2.612e-04,7.5674e-06,2.334e-04,1.429e-02,2.0585e-04,5.229e-05,1.874e-04,5.6653e-05,6.075e-05,3.053e-03,5.4367e+05,4.691e-07,6.438e-06,1.8606e+01,2.892e-05,1.834e-03
RANS_SST_WD_0.20-0.25_ConsGalerkinProj_OneShot_Long_Second,SST,515,22877,8590,14287,394,7.8971e-06,4.068e-05,2.678e-04,7.5674e-06,2.335e-04,1.429e-02,2.0585e-04,5.264e-05,1.868e-04,5.6653e-05,6.071e-05,3.053e-03,5.4367e+05,4.673e-07,6.323e-06,1.8606e+01,2.883e-05,1.833e-03
RANS_SST_WD_0.20-0.25_ConsGalerkinProj_OneShot_Long_Second,SST,520,22877,8590,14287,394,7.8971e-06,4.151e-05,2.738e-04,7.5674e-06,2.336e-04,1.429e-02,2.0585e-04,5.299e-05,1.862e-04,5.6653e-05,6.065e-05,3.053e-03,5.4367e+05,4.673e-07,6.323e-06,1.8606e+01,2.875e-05,1.833e-03
RANS_SST_WD_0.20-0.25_ConsGalerkinProj_OneShot_Long_Second,SST,525,22877,8590,14287,394,7.8971e-06,4.229e-05,2.792e-04,7.5674e-06,2.337e-04,1.429e-02,2.0585e-04,5.333e-05,1.856e-04,5.6653e-05,6.058e-05,3.053e-03,5.4367e+05,4.658e-07,6.323e-06,1.8606e+01,2.867e-05,1.833e-03
RANS_SST_WD_0.20-0.25_ConsGalerkinProj_OneShot_Long_Second,SST,530,22877,8590,14287,394,7.8971e-06,4.302e-05,2.840e-04,7.5674e-06,2.338e-04,1.429e-02,2.0585e-04,5.366e-05,1.849e-04,5.6653e-05,6.049e-05,3.053e-03,5.4367e+05,4.658e-07,6.323e-06,1.8606e+01,2.860e-05,1.833e-03
RANS_SST_WD_0.20-0.25_ConsGalerkinProj_OneShot_Long_Second,SST,535,22877,8590,14287,394,7.8971e-06,4.370e-05,2.884e-04,7.5674e-06,2.339e-04,1.429e-02,2.0585e-04,5.398e-05,1.843e-04,5.6653e-05,6.040e-05,3.053e-03,5.4367e+05,4.646e-07,6.323e-06,1.8606e+01,2.853e-05,1.833e-03
RANS_SST_WD_0.20-0.25_ConsGalerkinProj_OneShot_Long_Second,SST,540,22877,8590,14287,394,7.8971e-06,4.433e-05,2.921e-04,7.5674e-06,2.340e-04,1.429e-02,2.0585e-04,5.430e-05,1.837e-04,5.6653e-05,6.030e-05,3.053e-03,5.4367e+05,4.636e-07,6.323e-06,1.8606e+01,2.846e-05,1.833e-03
RANS_SST_WD_0.20-0.25_ConsGalerkinProj_OneShot_Long_Second,SST,545,22877,8590,14287,394,7.8971e-06,4.493e-05,2.954e-04,7.5674e-06,2.340e-04,1.429e-02,2.0585e-04,5.461e-05,1.831e-04,5.6653e-05,6.018e-05,3.053e-03,5.4367e+05,4.631e-07,6.323e-06,1.8606e+01,2.840e-05,1.833e-03
RANS_SST_WD_0.20-0.25_ConsGalerkinProj_OneShot_Long_Second,SST,550,22877,8590,14287,394,7.8971e-06,4.549e-05,2.983e-04,7.5674e-06,2.341e-04,1.429e-02,2.0585e-04,5.490e-05,1.825e-04,5.6653e-05,6.006e-05,3.053e-03,5.4367e+05,4.622e-07,6.323e-06,1.8606e+01,2.835e-05,1.833e-03
RANS_SST_WD_0.20-0.25_ConsGalerkinProj_OneShot_Long_Second,SST,555,22877,8590,14287,394,7.8971e-06,4.601e-05,3.008e-04,7.5674e-06,2.341e-04,1.429e-02,2.0585e-04,5.519e-05,1.819e-04,5.6653e-05,5.993e-05,3.053e-03,5.4367e+05,4.614e-07,6.323e-06,1.8606e+01,2.829e-05,1.833e-03
RANS_SST_WD_0.20-0.25_ConsGalerkinProj_OneShot_Long_Second,SST,560,22877,8590,14287,394,7.8971e-06,4.649e-05,3.029e-04,7.5674e-06,2.342e-04,1.429e-02,2.0585e-04,5.548e-05,1.814e-04,5.6653e-05,5.980e-05,3.053e-03,5.4367e+05,4.605e-07,6.323e-06,1.8606e+01,2.824e-05,1.833e-03
RANS_SST_WD_0.20-0.25_ConsGalerkinProj_OneShot_Long_Second,SST,565,22877,8590,14287,394,7.8971e-06,4.694e-05,3.046e-04,7.5674e-06,2.342e-04,1.430e-02,2.0585e-04,5.575e-05,1.808e-04,5.6653e-05,5.965e-05,3.053e-03,5.4367e+05,4.598e-07,6.323e-06,1.8606e+01,2.820e-05,1.833e-03
RANS_SST_WD_0.20-0.25_ConsGalerkinProj_OneShot_Long_Second,SST,570,22877,8590,14287,394,7.8971e-06,4.735e-05,3.060e-04,7.5674e-06,2.343e-04,1.430e-02,2.0585e-04,5.602e-05,1.803e-04,5.6653e-05,5.950e-05,3.052e-03,5.4367e+05,4.583e-07,6.323e-06,1.8606e+01,2.816e-05,1.833e-03
RANS_SST_WD_0.20-0.25_ConsGalerkinProj_OneShot_Long_Second,SST,575,22877,8590,14287,394,7.8971e-06,4.774e-05,3.070e-04,7.5674e-06,2.343e-04,1.430e-02,2.0585e-04,5.627e-05,1.797e-04,5.6653e-05,5.934e-05,3.052e-03,5.4367e+05,4.578e-07,6.323e-06,1.8606e+01,2.812e-05,1.833e-03
RANS_SST_WD_0.20-0.25_ConsGalerkinProj_OneShot_Long_Second,SST,580,22877,8590,14287,394,7.8971e-06,4.809e-05,3.078e-04,7.5674e-06,2.343e-04,1.430e-02,2.0585e-04,5.652e-05,1.792e-04,5.6653e-05,5.918e-05,3.052e-03,5.4367e+05,4.574e-07,6.208e-06,1.8606e+01,2.808e-05,1.833e-03
RANS_SST_WD_0.20-0.25_ConsGalerkinProj_OneShot_Long_Second,SST,585,22877,8590,14287,394,7.8971e-06,4.842e-05,3.083e-04,7.5674e-06,2.343e-04,1.430e-02,2.0585e-04,5.676e-05,1.787e-04,5.6653e-05,5.901e-05,3.052e-03,5.4367e+05,4.560e-07,6.093e-06,1.8606e+01,2.804e-05,1.832e-03
RANS_SST_WD_0.20-0.25_ConsGalerkinProj_OneShot_Long_Second,SST,590,22877,8590,14287,394,7.8971e-06,4.872e-05,3.087e-04,7.5674e-06,2.343e-04,1.430e-02,2.0585e-04,5.700e-05,1.782e-04,5.6653e-05,5.884e-05,3.052e-03,5.4367e+05,4.555e-07,6.093e-06,1.8606e+01,2.801e-05,1.832e-03
RANS_SST_WD_0.20-0.25_ConsGalerkinProj_OneShot_Long_Second,SST,595,22877,8590,14287,394,7.8971e-06,4.899e-05,3.087e-04,7.5674e-06,2.343e-04,1.430e-02,2.0585e-04,5.722e-05,1.778e-04,5.6653e-05,5.866e-05,3.052e-03,5.4367e+05,4.544e-07,6.093e-06,1.8606e+01,2.797e-05,1.832e-03
RANS_SST_WD_0.20-0.25_ConsGalerkinProj_OneShot_Long_Second,SST,600,22877,8590,14287,394,7.8971e-06,4.924e-05,3.085e-04,7.5674e-06,2.343e-04,1.430e-02,2.0585e-04,5.744e-05,1.773e-04,5.6653e-05,5.848e-05,3.051e-03,5.4367e+05,4.544e-07,6.093e-06,1.8606e+01,2.794e-05,1.832e-03
RANS_SST_WD_0.20-0.25_ConsGalerkinProj_OneShot_Long_Second,SST,605,22877,8590,14287,394,7.8971e-06,4.947e-05,3.081e-04,7.5674e-06,2.343e-04,1.430e-02,2.0585e-04,5.765e-05,1.769e-04,5.6653e-05,5.830e-05,3.051e-03,5.4367e+05,4.528e-07,6.093e-06,1.8606e+01,2.791e-05,1.832e-03
RANS_SST_WD_0.20-0.25_ConsGalerkinProj_OneShot_Long_Second,SST,610,22877,8590,14287,394,7.8971e-06,4.967e-05,3.076e-04,7.5674e-06,2.343e-04,1.430e-02,2.0585e-04,5.784e-05,1.765e-04,5.6653e-05,5.811e-05,3.051e-03,5.4367e+05,4.529e-07,6.093e-06,1.8606e+01,2.788e-05,1.832e-03
RANS_SST_WD_0.20-0.25_ConsGalerkinProj_OneShot_Long_Second,SST,615,22877,8590,14287,394,7.8971e-06,4.986e-05,3.069e-04,7.5674e-06,2.343e-04,1.430e-02,2.0585e-04,5.803e-05,1.760e-04,5.6653e-05,5.793e-05,3.051e-03,5.4367e+05,4.505e-07,6.093e-06,1.8606e+01,2.785e-05,1.832e-03
RANS_SST_WD_0.20-0.25_ConsGalerkinProj_OneShot_Long_Second,SST,620,22877,8590,14287,394,7.8971e-06,5.003e-05,3.060e-04,7.5674e-06,2.343e-04,1.430e-02,2.0585e-04,5.822e-05,1.756e-04,5.6653e-05,5.774e-05,3.051e-03,5.4367e+05,4.511e-07,6.093e-06,1.8606e+01,2.782e-05,1.832e-03
RANS_SST_WD_0.20-0.25_ConsGalerkinProj_OneShot_Long_Second,SST,625,22877,8590,14287,394,7.8971e-06,5.018e-05,3.049e-04,7.5674e-06,2.343e-04,1.430e-02,2.0585e-04,5.839e-05,1.752e-04,5.6653e-05,5.756e-05,3.050e-03,5.4367e+05,4.496e-07,5.978e-06,1.8606e+01,2.780e-05,1.832e-03
RANS_SST_WD_0.20-0.25_ConsGalerkinProj_OneShot_Long_Second,SST,630,22877,8590,14287,394,7.8971e-06,5.031e-05,3.038e-04,7.5674e-06,2.343e-04,1.430e-02,2.0585e-04,5.856e-05,1.749e-04,5.6653e-05,5.737e-05,3.050e-03,5.4367e+05,4.487e-07,5.978e-06,1.8606e+01,2.777e-05,1.832e-03
RANS_SST_WD_0.20-0.25_ConsGalerkinProj_OneShot_Long_Second,SST,635,22877,8590,14287,394,7.8971e-06,5.043e-05,3.025e-04,7.5674e-06,2.343e-04,1.430e-02,2.0585e-04,5.871e-05,1.746e-04,5.6653e-05,5.718e-05,3.050e-03,5.4367e+05,4.473e-07,5.978e-06,1.8606e+01,2.775e-05,1.832e-03
RANS_SST_WD_0.20-0.25_ConsGalerkinProj_OneShot_Long_Second,SST,640,22877,8590,14287,394,7.8971e-06,5.054e-05,3.012e-04,7.5674e-06,2.342e-04,1.430e-02,2.0585e-04,5.886e-05,1.742e-04,5.6653e-05,5.700e-05,3.050e-03,5.4367e+05,4.477e-07,5.978e-06,1.8606e+01,2.773e-05,1.832e-03
RANS_SST_WD_0.20-0.25_ConsGalerkinProj_OneShot_Long_Second,SST,645,22877,8590,14287,394,7.8971e-06,5.063e-05,2.997e-04,7.5674e-06,2.342e-04,1.430e-02,2.0585e-04,5.900e-05,1.739e-04,5.6653e-05,5.682e-05,3.049e-03,5.4367e+05,4.472e-07,5.978e-06,1.8606e+01,2.771e-05,1.832e-03
RANS_SST_WD_0.20-0.25_ConsGalerkinProj_OneShot_Long_Second,SST,650,22877,8590,14287,394,7.8971e-06,5.071e-05,2.982e-04,7.5674e-06,2.342e-04,1.430e-02,2.0585e-04,5.913e-05,1.736e-04,5.6653e-05,5.663e-05,3.049e-03,5.4367e+05,4.460e-07,5.978e-06,1.8606e+01,2.769e-05,1.832e-03
RANS_SST_WD_0.20-0.25_ConsGalerkinProj_OneShot_Long_Second,SST,655,22877,8590,14287,394,7.8971e-06,5.077e-05,2.966e-04,7.5674e-06,2.341e-04,1.430e-02,2.0585e-04,5.926e-05,1.733e-04,5.6653e-05,5.645e-05,3.049e-03,5.4367e+05,4.450e-07,5.978e-06,1.8606e+01,2.767e-05,1.832e-03
RANS_SST_WD_0.20-0.25_ConsGalerkinProj_OneShot_Long_Second,SST,660,22877,8590,14287,394,7.8971e-06,5.082e-05,2.948e-04,7.5674e-06,2.341e-04,1.430e-02,2.0585e-04,5.938e-05,1.731e-04,5.6653e-05,5.627e-05,3.049e-03,5.4367e+05,4.449e-07,5.978e-06,1.8606e+01,2.765e-05,1.831e-03
RANS_SST_WD_0.20-0.25_ConsGalerkinProj_OneShot_Long_Second,SST,665,22877,8590,14287,394,7.8971e-06,5.086e-05,2.931e-04,7.5674e-06,2.341e-04,1.430e-02,2.0585e-04,5.948e-05,1.728e-04,5.6653e-05,5.609e-05,3.048e-03,5.4367e+05,4.435e-07,5.863e-06,1.8606e+01,2.763e-05,1.831e-03
RANS_SST_WD_0.20-0.25_ConsGalerkinProj_OneShot_Long_Second,SST,670,22877,8590,14287,394,7.8971e-06,5.089e-05,2.914e-04,7.5674e-06,2.340e-04,1.430e-02,2.0585e-04,5.959e-05,1.725e-04,5.6653e-05,5.590e-05,3.048e-03,5.4367e+05,4.430e-07,5.863e-06,1.8606e+01,2.762e-05,1.831e-03
RANS_SST_WD_0.20-0.25_ConsGalerkinProj_OneShot_Long_Second,SST,675,22877,8590,14287,394,7.8971e-06,5.091e-05,2.895e-04,7.5674e-06,2.340e-04,1.430e-02,2.0585e-04,5.968e-05,1.723e-04,5.6653e-05,5.573e-05,3.048e-03,5.4367e+05,4.411e-07,5.863e-06,1.8606e+01,2.760e-05,1.831e-03
RANS_SST_WD_0.20-0.25_ConsGalerkinProj_OneShot_Long_Second,SST,680,22877,8590,14287,394,7.8971e-06,5.092e-05,2.876e-04,7.5674e-06,2.339e-04,1.430e-02,2.0585e-04,5.977e-05,1.721e-04,5.6653e-05,5.555e-05,3.048e-03,5.4367e+05,4.416e-07,5.863e-06,1.8606e+01,2.758e-05,1.831e-03
RANS_SST_WD_0.20-0.25_ConsGalerkinProj_OneShot_Long_Second,SST,685,22877,8590,14287,394,7.8971e-06,5.092e-05,2.857e-04,7.5674e-06,2.339e-04,1.430e-02,2.0585e-04,5.984e-05,1.719e-04,5.6653e-05,5.537e-05,3.047e-03,5.4367e+05,4.405e-07,5.863e-06,1.8606e+01,2.757e-05,1.831e-03
RANS_SST_WD_0.20-0.25_ConsGalerkinProj_OneShot_Long_Second,SST,690,22877,8590,14287,394,7.8971e-06,5.091e-05,2.837e-04,7.5674e-06,2.338e-04,1.430e-02,2.0585e-04,5.992e-05,1.717e-04,5.6653e-05,5.520e-05,3.047e-03,5.4367e+05,4.408e-07,5.863e-06,1.8606e+01,2.755e-05,1.831e-03
RANS_SST_WD_0.20-0.25_ConsGalerkinProj_OneShot_Long_Second,SST,695,22877,8590,14287,394,7.8971e-06,5.090e-05,2.817e-04,7.5674e-06,2.338e-04,1.430e-02,2.0585e-04,5.998e-05,1.715e-04,5.6653e-05,5.502e-05,3.047e-03,5.4367e+05,4.401e-07,5.863e-06,1.8606e+01,2.754e-05,1.831e-03
RANS_SST_WD_0.20-0.25_ConsGalerkinProj_OneShot_Long_Second,SST,700,22877,8590,14287,394,7.8971e-06,5.087e-05,2.797e-04,7.5674e-06,2.337e-04,1.431e-02,2.0585e-04,6.004e-05,1.713e-04,5.6653e-05,5.485e-05,3.047e-03,5.4367e+05,4.388e-07,5.748e-06,1.8606e+01,2.753e-05,1.831e-03
RANS_SST_WD_0.20-0.25_ConsGalerkinProj_OneShot_Long_Second,SST,705,22877,8590,14287,394,7.8971e-06,5.084e-05,2.778e-04,7.5674e-06,2.337e-04,1.431e-02,2.0585e-04,6.009e-05,1.711e-04,5.6653e-05,5.468e-05,3.046e-03,5.4367e+05,4.377e-07,5.748e-06,1.8606e+01,2.751e-05,1.831e-03
RANS_SST_WD_0.20-0.25_ConsGalerkinProj_OneShot_Long_Second,SST,710,22877,8590,14287,394,7.8971e-06,5.081e-05,2.758e-04,7.5674e-06,2.336e-04,1.431e-02,2.0585e-04,6.013e-05,1.710e-04,5.6653e-05,5.451e-05,3.046e-03,5.4367e+05,4.380e-07,5.863e-06,1.8606e+01,2.750e-05,1.831e-03
RANS_SST_WD_0.20-0.25_ConsGalerkinProj_OneShot_Long_Second,SST,715,22877,8590,14287,394,7.8971e-06,5.076e-05,2.738e-04,7.5674e-06,2.336e-04,1.431e-02,2.0585e-04,6.017e-05,1.708e-04,5.6653e-05,5.434e-05,3.046e-03,5.4367e+05,4.359e-07,5.863e-06,1.8606e+01,2.749e-05,1.831e-03
RANS_SST_WD_0.20-0.25_ConsGalerkinProj_OneShot_Long_Second,SST,720,22877,8590,14287,394,7.8971e-06,5.071e-05,2.719e-04,7.5674e-06,2.335e-04,1.431e-02,2.0585e-04,6.020e-05,1.708e-04,5.6653e-05,5.418e-05,3.046e-03,5.4367e+05,4.361e-07,5.863e-06,1.8606e+01,2.747e-05,1.831e-03
RANS_SST_WD_0.20-0.25_ConsGalerkinProj_OneShot_Long_Second,SST,725,22877,8590,14287,394,7.8971e-06,5.066e-05,2.698e-04,7.5674e-06,2.335e-04,1.431e-02,2.0585e-04,6.023e-05,1.710e-04,5.6653e-05,5.401e-05,3.045e-03,5.4367e+05,4.344e-07,5.863e-06,1.8606e+01,2.746e-05,1.831e-03
RANS_SST_WD_0.20-0.25_ConsGalerkinProj_OneShot_Long_Second,SST,730,22877,8590,14287,394,7.8971e-06,5.060e-05,2.678e-04,7.5674e-06,2.334e-04,1.431e-02,2.0585e-04,6.025e-05,1.712e-04,5.6653e-05,5.385e-05,3.045e-03,5.4367e+05,4.352e-07,5.863e-06,1.8606e+01,2.745e-05,1.831e-03
RANS_SST_WD_0.20-0.25_ConsGalerkinProj_OneShot_Long_Second,SST,735,22877,8590,14287,394,7.8971e-06,5.053e-05,2.658e-04,7.5674e-06,2.333e-04,1.431e-02,2.0585e-04,6.026e-05,1.714e-04,5.6653e-05,5.369e-05,3.045e-03,5.4367e+05,4.336e-07,5.748e-06,1.8606e+01,2.744e-05,1.831e-03
RANS_SST_WD_0.20-0.25_ConsGalerkinProj_OneShot_Long_Second,SST,740,22877,8590,14287,394,7.8971e-06,5.046e-05,2.638e-04,7.5674e-06,2.333e-04,1.431e-02,2.0585e-04,6.027e-05,1.716e-04,5.6653e-05,5.353e-05,3.044e-03,5.4367e+05,4.331e-07,5.748e-06,1.8606e+01,2.742e-05,1.831e-03
RANS_SST_WD_0.20-0.25_ConsGalerkinProj_OneShot_Long_Second,SST,745,22877,8590,14287,394,7.8971e-06,5.038e-05,2.618e-04,7.5674e-06,2.332e-04,1.431e-02,2.0585e-04,6.027e-05,1.718e-04,5.6653e-05,5.337e-05,3.044e-03,5.4367e+05,4.320e-07,5.748e-06,1.8606e+01,2.741e-05,1.830e-03
RANS_SST_WD_0.20-0.25_ConsGalerkinProj_OneShot_Long_Second,SST,750,22877,8590,14287,394,7.8971e-06,5.030e-05,2.598e-04,7.5674e-06,2.332e-04,1.431e-02,2.0585e-04,6.026e-05,1.720e-04,5.6653e-05,5.322e-05,3.044e-03,5.4367e+05,4.321e-07,5.748e-06,1.8606e+01,2.740e-05,1.830e-03
RANS_SST_WD_0.20-0.25_ConsGalerkinProj_OneShot_Long_Second,SST,755,22877,8590,14287,394,7.8971e-06,5.021e-05,2.579e-04,7.5674e-06,2.331e-04,1.431e-02,2.0585e-04,6.026e-05,1.721e-04,5.6653e-05,5.307e-05,3.044e-03,5.4367e+05,4.313e-07,5.748e-06,1.8606e+01,2.739e-05,1.830e-03
RANS_SST_WD_0.20-0.25_ConsGalerkinProj_OneShot_Long_Second,SST,760,22877,8590,14287,394,7.8971e-06,5.012e-05,2.558e-04,7.5674e-06,2.331e-04,1.431e-02,2.0585e-04,6.024e-05,1.724e-04,5.6653e-05,5.291e-05,3.043e-03,5.4367e+05,4.309e-07,5.633e-06,1.8606e+01,2.738e-05,1.830e-03
RANS_SST_WD_0.20-0.25_ConsGalerkinProj_OneShot_Long_Second,SST,765,22877,8590,14287,394,7.8971e-06,5.003e-05,2.539e-04,7.5674e-06,2.330e-04,1.431e-02,2.0585e-04,6.022e-05,1.724e-04,5.6653e-05,5.277e-05,3.043e-03,5.4367e+05,4.302e-07,5.633e-06,1.8606e+01,2.737e-05,1.830e-03
RANS_SST_WD_0.20-0.25_ConsGalerkinProj_OneShot_Long_Second,SST,770,22877,8590,14287,394,7.8971e-06,4.993e-05,2.520e-04,7.5674e-06,2.329e-04,1.431e-02,2.0585e-04,6.020e-05,1.726e-04,5.6653e-05,5.262e-05,3.043e-03,5.4367e+05,4.295e-07,5.633e-06,1.8606e+01,2.736e-05,1.830e-03
RANS_SST_WD_0.20-0.25_ConsGalerkinProj_OneShot_Long_Second,SST,775,22877,8590,14287,394,7.8971e-06,4.983e-05,2.500e-04,7.5674e-06,2.329e-04,1.431e-02,2.0585e-04,6.017e-05,1.728e-04,5.6653e-05,5.247e-05,3.043e-03,5.4367e+05,4.280e-07,5.633e-06,1.8606e+01,2.734e-05,1.830e-03
RANS_SST_WD_0.20-0.25_ConsGalerkinProj_OneShot_Long_Second,SST,780,22877,8590,14287,394,7.8971e-06,4.972e-05,2.481e-04,7.5674e-06,2.328e-04,1.431e-02,2.0585e-04,6.014e-05,1.730e-04,5.6653e-05,5.233e-05,3.042e-03,5.4367e+05,4.280e-07,5.633e-06,1.8606e+01,2.733e-05,1.830e-03
RANS_SST_WD_0.20-0.25_ConsGalerkinProj_OneShot_Long_Second,SST,785,22877,8590,14287,394,7.8971e-06,4.962e-05,2.462e-04,7.5674e-06,2.328e-04,1.431e-02,2.0585e-04,6.011e-05,1.732e-04,5.6653e-05,5.219e-05,3.042e-03,5.4367e+05,4.269e-07,5.633e-06,1.8606e+01,2.732e-05,1.830e-03
RANS_SST_WD_0.20-0.25_ConsGalerkinProj_OneShot_Long_Second,SST,790,22877,8590,14287,394,7.8971e-06,4.950e-05,2.443e-04,7.5674e-06,2.327e-04,1.431e-02,2.0585e-04,6.007e-05,1.733e-04,5.6653e-05,5.205e-05,3.042e-03,5.4367e+05,4.267e-07,5.518e-06,1.8606e+01,2.731e-05,1.830e-03
RANS_SST_WD_0.20-0.25_ConsGalerkinProj_OneShot_Long_Second,SST,795,22877,8590,14287,394,7.8971e-06,4.939e-05,2.425e-04,7.5674e-06,2.326e-04,1.431e-02,2.0585e-04,6.002e-05,1.736e-04,5.6653e-05,5.191e-05,3.042e-03,5.4367e+05,4.257e-07,5.518e-06,1.8606e+01,2.730e-05,1.830e-03
RANS_SST_WD_0.20-0.25_ConsGalerkinProj_OneShot_Second,SST,5,23271,8590,14681,0,7.8971e-06,0.000e+00,0.000e+00,7.5674e-06,0.000e+00,0.000e+00,2.0585e-04,0.000e+00,0.000e+00,5.6653e-05,0.000e+00,0.000e+00,5.4367e+05,0.000e+00,0.000e+00,1.8606e+01,0.000e+00,0.000e+00
RANS_SST_WD_0.20-0.25_ConsGalerkinProj_OneShot_Second,SST,10,23271,8590,14681,0,7.8971e-06,0.000e+00,0.000e+00,7.5674e-06,0.000e+00,0.000e+00,2.0585e-04,0.000e+00,0.000e+00,5.6653e-05,0.000e+00,0.000e+00,5.4367e+05,0.000e+00,0.000e+00,1.8606e+01,0.000e+00,0.000e+00
RANS_SST_WD_0.20-0.25_ConsGalerkinProj_OneShot_Second,SST,15,23271,8590,14681,0,7.8971e-06,0.000e+00,0.000e+00,7.5674e-06,0.000e+00,0.000e+00,2.0585e-04,0.000e+00,0.000e+00,5.6653e-05,0.000e+00,0.000e+00,5.4367e+05,0.000e+00,0.000e+00,1.8606e+01,0.000e+00,0.000e+00
RANS_SST_WD_0.20-0.25_ConsGalerkinProj_OneShot_Second,SST,20,23271,8590,14681,0,7.8971e-06,0.000e+00,0.000e+00,7.5674e-06,0.000e+00,0.000e+00,2.0585e-04,0.000e+00,0.000e+00,5.6653e-05,0.000e+00,0.000e+00,5.4367e+05,0.000e+00,0.000e+00,1.8606e+01,0.000e+00,0.000e+00
RANS_SST_WD_0.20-0.25_ConsGalerkinProj_OneShot_Second,SST,25,23271,8590,14681,0,7.8971e-06,0.000e+00,0.000e+00,7.5674e-06,0.000e+00,0.000e+00,2.0585e-04,0.000e+00,0.000e+00,5.6653e-05,0.000e+00,0.000e+00,5.4367e+05,0.000e+00,0.000e+00,1.8606e+01,0.000e+00,0.000e+00
RANS_SST_WD_0.20-0.25_ConsGalerkinProj_OneShot_Second,SST,30,23271,8590,14681,0,7.8971e-06,0.000e+00,0.000e+00,7.5674e-06,0.000e+00,0.000e+00,2.0585e-04,0.000e+00,0.000e+00,5.6653e-05,0.000e+00,0.000e+00,5.4367e+05,0.000e+00,0.000e+00,1.8606e+01,0.000e+00,0.000e+00
RANS_SST_WD_0.20-0.25_ConsGalerkinProj_OneShot_Second,SST,35,23271,8590,14681,0,7.8971e-06,0.000e+00,0.000e+00,7.5674e-06,0.000e+00,0.000e+00,2.0585e-04,0.000e+00,0.000e+00,5.6653e-05,0.000e+00,0.000e+00,5.4367e+05,0.000e+00,0.000e+00,1.8606e+01,0.000e+00,0.000e+00
RANS_SST_WD_0.20-0.25_ConsGalerkinProj_OneShot_Second,SST,40,23271,8590,14681,0,7.8971e-06,0.000e+00,0.000e+00,7.5674e-06,0.000e+00,0.000e+00,2.0585e-04,0.000e+00,0.000e+00,5.6653e-05,0.000e+00,0.000e+00,5.4367e+05,0.000e+00,0.000e+00,1.8606e+01,0.000e+00,0.000e+00
RANS_SST_WD_0.20-0.25_ConsGalerkinProj_OneShot_Second,SST,45,23271,8590,14681,0,7.8971e-06,0.000e+00,0.000e+00,7.5674e-06,0.000e+00,0.000e+00,2.0585e-04,0.000e+00,0.000e+00,5.6653e-05,0.000e+00,0.000e+00,5.4367e+05,0.000e+00,0.000e+00,1.8606e+01,0.000e+00,0.000e+00
RANS_SST_WD_0.20-0.25_ConsGalerkinProj_OneShot_Second,SST,50,23271,8590,14681,0,7.8971e-06,0.000e+00,0.000e+00,7.5674e-06,0.000e+00,0.000e+00,2.0585e-04,0.000e+00,0.000e+00,5.6653e-05,0.000e+00,0.000e+00,5.4367e+05,0.000e+00,0.000e+00,1.8606e+01,0.000e+00,0.000e+00
RANS_SST_WD_0.20-0.25_ConsGalerkinProj_OneShot_Second,SST,55,23271,8590,14681,0,7.8971e-06,0.000e+00,0.000e+00,7.5674e-06,0.000e+00,0.000e+00,2.0585e-04,0.000e+00,0.000e+00,5.6653e-05,0.000e+00,0.000e+00,5.4367e+05,0.000e+00,0.000e+00,1.8606e+01,0.000e+00,0.000e+00
RANS_SST_WD_0.20-0.25_ConsGalerkinProj_OneShot_Second,SST,60,23271,8590,14681,0,7.8971e-06,0.000e+00,0.000e+00,7.5674e-06,0.000e+00,0.000e+00,2.0585e-04,0.000e+00,0.000e+00,5.6653e-05,0.000e+00,0.000e+00,5.4367e+05,0.000e+00,0.000e+00,1.8606e+01,0.000e+00,0.000e+00
RANS_SST_WD_0.20-0.25_ConsGalerkinProj_OneShot_Second,SST,65,23271,8590,14681,0,7.8971e-06,0.000e+00,0.000e+00,7.5674e-06,0.000e+00,0.000e+00,2.0585e-04,0.000e+00,0.000e+00,5.6653e-05,0.000e+00,0.000e+00,5.4367e+05,0.000e+00,0.000e+00,1.8606e+01,0.000e+00,0.000e+00
RANS_SST_WD_0.20-0.25_ConsGalerkinProj_OneShot_Second,SST,70,23271,8590,14681,0,7.8971e-06,0.000e+00,0.000e+00,7.5674e-06,0.000e+00,0.000e+00,2.0585e-04,0.000e+00,0.000e+00,5.6653e-05,0.000e+00,0.000e+00,5.4367e+05,0.000e+00,0.000e+00,1.8606e+01,0.000e+00,0.000e+00
RANS_SST_WD_0.20-0.25_ConsGalerkinProj_OneShot_Second,SST,75,23271,8590,14681,0,7.8971e-06,0.000e+00,0.000e+00,7.5674e-06,0.000e+00,0.000e+00,2.0585e-04,0.000e+00,0.000e+00,5.6653e-05,0.000e+00,0.000e+00,5.4367e+05,0.000e+00,0.000e+00,1.8606e+01,0.000e+00,0.000e+00
RANS_SST_WD_0.20-0.25_ConsGalerkinProj_OneShot_Second,SST,80,23271,8590,14681,0,7.8971e-06,0.000e+00,0.000e+00,7.5674e-06,0.000e+00,0.000e+00,2.0585e-04,0.000e+00,0.000e+00,5.6653e-05,0.000e+00,0.000e+00,5.4367e+05,0.000e+00,0.000e+00,1.8606e+01,0.000e+00,0.000e+00
RANS_SST_WD_0.20-0.25_ConsGalerkinProj_OneShot_Second,SST,85,23271,8590,14681,0,7.8971e-06,0.000e+00,0.000e+00,7.5674e-06,0.000e+00,0.000e+00,2.0585e-04,0.000e+00,0.000e+00,5.6653e-05,0.000e+00,0.000e+00,5.4367e+05,0.000e+00,0.000e+00,1.8606e+01,0.000e+00,0.000e+00
RANS_SST_WD_0.20-0.25_ConsGalerkinProj_OneShot_Second,SST,90,23271,8590,14681,0,7.8971e-06,0.000e+00,0.000e+00,7.5674e-06,0.000e+00,0.000e+00,2.0585e-04,0.000e+00,0.000e+00,5.6653e-05,0.000e+00,0.000e+00,5.4367e+05,0.000e+00,0.000e+00,1.8606e+01,0.000e+00,0.000e+00
RANS_SST_WD_0.20-0.25_ConsGalerkinProj_OneShot_Second,SST,95,23271,8590,14681,0,7.8971e-06,0.000e+00,0.000e+00,7.5674e-06,0.000e+00,0.000e+00,2.0585e-04,0.000e+00,0.000e+00,5.6653e-05,0.000e+00,0.000e+00,5.4367e+05,0.000e+00,0.000e+00,1.8606e+01,0.000e+00,0.000e+00
RANS_SST_WD_0.20-0.25_ConsGalerkinProj_OneShot_Second,SST,100,23271,8590,14681,0,7.8971e-06,0.000e+00,0.000e+00,7.5674e-06,0.000e+00,0.000e+00,2.0585e-04,0.000e+00,0.000e+00,5.6653e-05,0.000e+00,0.000e+00,5.4367e+05,0.000e+00,0.000e+00,1.8606e+01,0.000e+00,0.000e+00
RANS_SST_WD_0.20-0.25_ConsGalerkinProj_OneShot_Second,SST,105,23271,8590,14681,0,7.8971e-06,0.000e+00,0.000e+00,7.5674e-06,0.000e+00,0.000e+00,2.0585e-04,0.000e+00,0.000e+00,5.6653e-05,0.000e+00,0.000e+00,5.4367e+05,0.000e+00,0.000e+00,1.8606e+01,0.000e+00,0.000e+00
RANS_SST_WD_0.20-0.25_ConsGalerkinProj_OneShot_Second,SST,110,23271,8590,14681,0,7.8971e-06,0.000e+00,0.000e+00,7.5674e-06,0.000e+00,0.000e+00,2.0585e-04,0.000e+00,0.000e+00,5.6653e-05,0.000e+00,0.000e+00,5.4367e+05,0.000e+00,0.000e+00,1.8606e+01,0.000e+00,0.000e+00
RANS_SST_WD_0.20-0.25_ConsGalerkinProj_OneShot_Second,SST,115,23271,8590,14681,0,7.8971e-06,0.000e+00,0.000e+00,7.5674e-06,0.000e+00,0.000e+00,2.0585e-04,0.000e+00,0.000e+00,5.6653e-05,0.000e+00,0.000e+00,5.4367e+05,0.000e+00,0.000e+00,1.8606e+01,0.000e+00,0.000e+00
RANS_SST_WD_0.20-0.25_ConsGalerkinProj_OneShot_Second,SST,120,23271,8590,14681,0,7.8971e-06,0.000e+00,0.000e+00,7.5674e-06,0.000e+00,0.000e+00,2.0585e-04,0.000e+00,0.000e+00,5.6653e-05,0.000e+00,0.000e+00,5.4367e+05,0.000e+00,0.000e+00,1.8606e+01,0.000e+00,0.000e+00
RANS_SST_WD_0.20-0.25_ConsGalerkinProj_OneShot_Second,SST,125,23271,8590,14681,0,7.8971e-06,0.000e+00,0.000e+00,7.5674e-06,0.000e+00,0.000e+00,2.0585e-04,0.000e+00,0.000e+00,5.6653e-05,0.000e+00,0.000e+00,5.4367e+05,0.000e+00,0.000e+00,1.8606e+01,0.000e+00,0.000e+00
RANS_SST_WD_0.20-0.25_ConsGalerkinProj_OneShot_Second,SST,130,23271,8590,14681,0,7.8971e-06,0.000e+00,0.000e+00,7.5674e-06,0.000e+00,0.000e+00,2.0585e-04,0.000e+00,0.000e+00,5.6653e-05,0.000e+00,0.000e+00,5.4367e+05,0.000e+00,0.000e+00,1.8606e+01,0.000e+00,0.000e+00
RANS_SST_WD_0.20-0.25_ConsGalerkinProj_OneShot_Second,SST,135,23271,8590,14681,0,7.8971e-06,0.000e+00,0.000e+00,7.5674e-06,0.000e+00,0.000e+00,2.0585e-04,0.000e+00,0.000e+00,5.6653e-05,0.000e+00,0.000e+00,5.4367e+05,0.000e+00,0.000e+00,1.8606e+01,0.000e+00,0.000e+00
RANS_SST_WD_0.20-0.25_ConsGalerkinProj_OneShot_Second,SST,140,23271,8590,14681,0,7.8971e-06,0.000e+00,0.000e+00,7.5674e-06,0.000e+00,0.000e+00,2.0585e-04,0.000e+00,0.000e+00,5.6653e-05,0.000e+00,0.000e+00,5.4367e+05,0.000e+00,0.000e+00,1.8606e+01,0.000e+00,0.000e+00
RANS_SST_WD_0.20-0.25_ConsGalerkinProj_OneShot_Second,SST,145,23271,8590,14681,0,7.8971e-06,0.000e+00,0.000e+00,7.5674e-06,0.000e+00,0.000e+00,2.0585e-04,0.000e+00,0.000e+00,5.6653e-05,0.000e+00,0.000e+00,5.4367e+05,0.000e+00,0.000e+00,1.8606e+01,0.000e+00,0.000e+00
RANS_SST_WD_0.20-0.25_ConsGalerkinProj_OneShot_Second,SST,150,23271,8590,14681,0,7.8971e-06,0.000e+00,0.000e+00,7.5674e-06,0.000e+00,0.000e+00,2.0585e-04,0.000e+00,0.000e+00,5.6653e-05,0.000e+00,0.000e+00,5.4367e+05,0.000e+00,0.000e+00,1.8606e+01,0.000e+00,0.000e+00
RANS_SST_WD_0.20-0.25_ConsGalerkinProj_OneShot_Second,SST,155,23271,8590,14681,0,7.8971e-06,0.000e+00,0.000e+00,7.5674e-06,0.000e+00,0.000e+00,2.0585e-04,0.000e+00,0.000e+00,5.6653e-05,0.000e+00,0.000e+00,5.4367e+05,0.000e+00,0.000e+00,1.8606e+01,0.000e+00,0.000e+00
RANS_SST_WD_0.20-0.25_ConsGalerkinProj_OneShot_Second,SST,160,23271,8590,14681,0,7.8971e-06,0.000e+00,0.000e+00,7.5674e-06,0.000e+00,0.000e+00,2.0585e-04,0.000e+00,0.000e+00,5.6653e-05,0.000e+00,0.000e+00,5.4367e+05,0.000e+00,0.000e+00,1.8606e+01,0.000e+00,0.000e+00
RANS_SST_WD_0.20-0.25_ConsGalerkinProj_OneShot_Second,SST,165,23271,8590,14681,0,7.8971e-06,0.000e+00,0.000e+00,7.5674e-06,0.000e+00,0.000e+00,2.0585e-04,0.000e+00,0.000e+00,5.6653e-05,0.000e+00,0.000e+00,5.4367e+05,0.000e+00,0.000e+00,1.8606e+01,0.000e+00,0.000e+00
RANS_SST_WD_0.20-0.25_ConsGalerkinProj_OneShot_Second,SST,170,23271,8590,14681,0,7.8971e-06,0.000e+00,0.000e+00,7.5674e-06,0.000e+00,0.000e+00,2.0585e-04,0.000e+00,0.000e+00,5.6653e-05,0.000e+00,0.000e+00,5.4367e+05,0.000e+00,0.000e+00,1.8606e+01,0.000e+00,0.000e+00
RANS_SST_WD_0.20-0.25_ConsGalerkinProj_OneShot_Second,SST,175,23271,8590,14681,0,7.8971e-06,0.000e+00,0.000e+00,7.5674e-06,0.000e+00,0.000e+00,2.0585e-04,0.000e+00,0.000e+00,5.6653e-05,0.000e+00,0.000e+00,5.4367e+05,0.000e+00,0.000e+00,1.8606e+01,0.000e+00,0.000e+00
RANS_SST_WD_0.20-0.25_ConsGalerkinProj_OneShot_Second,SST,180,23271,8590,14681,0,7.8971e-06,0.000e+00,0.000e+00,7.5674e-06,0.000e+00,0.000e+00,2.0585e-04,0.000e+00,0.000e+00,5.6653e-05,0.000e+00,0.000e+00,5.4367e+05,0.000e+00,0.000e+00,1.8606e+01,0.000e+00,0.000e+00
RANS_SST_WD_0.20-0.25_ConsGalerkinProj_OneShot_Second,SST,185,23271,8590,14681,0,7.8971e-06,0.000e+00,0.000e+00,7.5674e-06,0.000e+00,0.000e+00,2.0585e-04,0.000e+00,0.000e+00,5.6653e-05,0.000e+00,0.000e+00,5.4367e+05,0.000e+00,0.000e+00,1.8606e+01,0.000e+00,0.000e+00
RANS_SST_WD_0.20-0.25_ConsGalerkinProj_OneShot_Second,SST,190,23271,8590,14681,0,7.8971e-06,0.000e+00,0.000e+00,7.5674e-06,0.000e+00,0.000e+00,2.0585e-04,0.000e+00,0.000e+00,5.6653e-05,0.000e+00,0.000e+00,5.4367e+05,0.000e+00,0.000e+00,1.8606e+01,0.000e+00,0.000e+00
RANS_SST_WD_0.20-0.25_ConsGalerkinProj_OneShot_Second,SST,195,23271,8590,14681,0,7.8971e-06,0.000e+00,0.000e+00,7.5674e-06,0.000e+00,0.000e+00,2.0585e-04,0.000e+00,0.000e+00,5.6653e-05,0.000e+00,0.000e+00,5.4367e+05,0.000e+00,0.000e+00,1.8606e+01,0.000e+00,0.000e+00
RANS_SST_WD_0.20-0.25_ConsGalerkinProj_OneShot_Second,SST,200,22877,8590,14287,394,7.8971e-06,3.793e-07,4.549e-06,7.5674e-06,1.097e-04,8.726e-03,2.0585e-04,1.180e-07,7.953e-07,5.6653e-05,2.324e-05,1.763e-03,5.4367e+05,2.649e-08,3.449e-07,1.8606e+01,1.443e-05,1.135e-03
RANS_SST_WD_0.20-0.25_ConsGalerkinProj_OneShot_Second,SST,205,22877,8590,14287,394,7.8971e-06,1.972e-06,2.401e-05,7.5674e-06,3.214e-04,2.732e-02,2.0585e-04,1.340e-06,6.292e-06,5.6653e-05,4.449e-05,2.558e-03,5.4367e+05,9.016e-08,1.265e-06,1.8606e+01,2.805e-05,1.689e-03
RANS_SST_WD_0.20-0.25_ConsGalerkinProj_OneShot_Second,SST,210,22877,8590,14287,394,7.8971e-06,2.179e-06,2.407e-05,7.5674e-06,3.396e-04,2.709e-02,2.0585e-04,3.610e-06,2.206e-05,5.6653e-05,4.447e-05,2.541e-03,5.4367e+05,1.658e-07,2.069e-06,1.8606e+01,2.806e-05,1.678e-03
RANS_SST_WD_0.20-0.25_ConsGalerkinProj_OneShot_Second,SST,215,22877,8590,14287,394,7.8971e-06,2.460e-06,1.958e-05,7.5674e-06,3.448e-04,2.712e-02,2.0585e-04,1.139e-05,1.095e-04,5.6653e-05,4.455e-05,2.541e-03,5.4367e+05,2.346e-07,2.989e-06,1.8606e+01,2.811e-05,1.678e-03
RANS_SST_WD_0.20-0.25_ConsGalerkinProj_OneShot_Second,SST,220,22877,8590,14287,394,7.8971e-06,3.314e-06,3.169e-05,7.5674e-06,3.466e-04,2.712e-02,2.0585e-04,2.540e-05,2.257e-04,5.6653e-05,4.461e-05,2.541e-03,5.4367e+05,2.967e-07,3.909e-06,1.8606e+01,2.813e-05,1.678e-03
RANS_SST_WD_0.20-0.25_ConsGalerkinProj_OneShot_Second,SST,225,22877,8590,14287,394,7.8971e-06,5.226e-06,8.908e-05,7.5674e-06,3.474e-04,2.713e-02,2.0585e-04,3.610e-05,2.725e-04,5.6653e-05,4.467e-05,2.539e-03,5.4367e+05,3.527e-07,4.713e-06,1.8606e+01,2.825e-05,1.677e-03
RANS_SST_WD_0.20-0.25_ConsGalerkinProj_OneShot_Second,SST,230,22877,8590,14287,394,7.8971e-06,6.405e-06,1.473e-04,7.5674e-06,3.480e-04,2.713e-02,2.0585e-04,4.122e-05,2.679e-04,5.6653e-05,4.541e-05,2.538e-03,5.4367e+05,3.981e-07,5.288e-06,1.8606e+01,2.887e-05,1.677e-03
RANS_SST_WD_0.20-0.25_ConsGalerkinProj_OneShot_Second,SST,235,22877,8590,14287,394,7.8971e-06,8.975e-06,1.181e-04,7.5674e-06,3.486e-04,2.713e-02,2.0585e-04,4.360e-05,2.462e-04,5.6653e-05,4.814e-05,2.538e-03,5.4367e+05,4.338e-07,5.863e-06,1.8606e+01,2.970e-05,1.677e-03
RANS_SST_WD_0.20-0.25_ConsGalerkinProj_OneShot_Second,SST,240,22877,8590,14287,394,7.8971e-06,1.286e-05,1.322e-04,7.5674e-06,3.497e-04,2.713e-02,2.0585e-04,4.494e-05,2.250e-04,5.6653e-05,5.364e-05,2.540e-03,5.4367e+05,4.649e-07,6.323e-06,1.8606e+01,3.064e-05,1.678e-03
RANS_SST_WD_0.20-0.25_ConsGalerkinProj_OneShot_Second,SST,245,22877,8590,14287,394,7.8971e-06,1.623e-05,1.405e-04,7.5674e-06,3.498e-04,2.713e-02,2.0585e-04,4.584e-05,2.114e-04,5.6653e-05,5.840e-05,2.547e-03,5.4367e+05,4.811e-07,6.553e-06,1.8606e+01,3.111e-05,1.680e-03
RANS_SST_WD_0.20-0.25_ConsGalerkinProj_OneShot_Second,SST,250,22877,8590,14287,394,7.8971e-06,1.878e-05,1.468e-04,7.5674e-06,3.494e-04,2.712e-02,2.0585e-04,4.648e-05,2.041e-04,5.6653e-05,6.055e-05,2.555e-03,5.4367e+05,4.882e-07,6.668e-06,1.8606e+01,3.117e-05,1.682e-03
RANS_SST_WD_0.20-0.25_ConsGalerkinProj_OneShot_Second,SST,255,22877,8590,14287,394,7.8971e-06,2.103e-05,1.532e-04,7.5674e-06,3.490e-04,2.712e-02,2.0585e-04,4.703e-05,2.000e-04,5.6653e-05,6.159e-05,2.560e-03,5.4367e+05,4.932e-07,6.668e-06,1.8606e+01,3.111e-05,1.684e-03
RANS_SST_WD_0.20-0.25_ConsGalerkinProj_OneShot_Second,SST,260,22877,8590,14287,394,7.8971e-06,2.311e-05,1.596e-04,7.5674e-06,3.487e-04,2.711e-02,2.0585e-04,4.754e-05,1.967e-04,5.6653e-05,6.223e-05,2.563e-03,5.4367e+05,4.953e-07,6.668e-06,1.8606e+01,3.105e-05,1.684e-03
RANS_SST_WD_0.20-0.25_ConsGalerkinProj_OneShot_Second,SST,265,22877,8590,14287,394,7.8971e-06,2.496e-05,1.657e-04,7.5674e-06,3.485e-04,2.711e-02,2.0585e-04,4.799e-05,1.939e-04,5.6653e-05,6.271e-05,2.565e-03,5.4367e+05,4.964e-07,6.783e-06,1.8606e+01,3.102e-05,1.684e-03
RANS_SST_WD_0.20-0.25_ConsGalerkinProj_OneShot_Second,SST,270,22877,8590,14287,394,7.8971e-06,2.662e-05,1.757e-04,7.5674e-06,3.483e-04,2.711e-02,2.0585e-04,4.840e-05,1.914e-04,5.6653e-05,6.311e-05,2.566e-03,5.4367e+05,4.953e-07,6.783e-06,1.8606e+01,3.100e-05,1.685e-03
RANS_SST_WD_0.20-0.25_ConsGalerkinProj_OneShot_Second,SST,275,22877,8590,14287,394,7.8971e-06,2.816e-05,1.849e-04,7.5674e-06,3.482e-04,2.711e-02,2.0585e-04,4.878e-05,1.891e-04,5.6653e-05,6.345e-05,2.567e-03,5.4367e+05,4.945e-07,6.783e-06,1.8606e+01,3.099e-05,1.685e-03
RANS_SST_WD_0.20-0.25_ConsGalerkinProj_OneShot_Second,SST,280,22877,8590,14287,394,7.8971e-06,2.969e-05,1.935e-04,7.5674e-06,3.481e-04,2.711e-02,2.0585e-04,4.917e-05,1.866e-04,5.6653e-05,6.376e-05,2.568e-03,5.4367e+05,4.935e-07,6.668e-06,1.8606e+01,3.097e-05,1.685e-03
RANS_SST_WD_0.20-0.25_ConsGalerkinProj_OneShot_Second,SST,285,22877,8590,14287,394,7.8971e-06,3.121e-05,2.019e-04,7.5674e-06,3.480e-04,2.711e-02,2.0585e-04,4.956e-05,1.842e-04,5.6653e-05,6.403e-05,2.570e-03,5.4367e+05,4.931e-07,6.668e-06,1.8606e+01,3.095e-05,1.686e-03
RANS_SST_WD_0.20-0.25_ConsGalerkinProj_OneShot_Second,SST,290,22877,8590,14287,394,7.8971e-06,3.270e-05,2.097e-04,7.5674e-06,3.479e-04,2.711e-02,2.0585e-04,4.994e-05,1.817e-04,5.6653e-05,6.427e-05,2.571e-03,5.4367e+05,4.926e-07,6.668e-06,1.8606e+01,3.093e-05,1.686e-03
RANS_SST_WD_0.20-0.25_ConsGalerkinProj_OneShot_Second,SST,295,22877,8590,14287,394,7.8971e-06,3.416e-05,2.171e-04,7.5674e-06,3.478e-04,2.711e-02,2.0585e-04,5.033e-05,1.792e-04,5.6653e-05,6.447e-05,2.572e-03,5.4367e+05,4.921e-07,6.668e-06,1.8606e+01,3.090e-05,1.687e-03
RANS_SST_WD_0.20-0.25_ConsGalerkinProj_OneShot_Second,SST,300,22877,8590,14287,394,7.8971e-06,3.558e-05,2.242e-04,7.5674e-06,3.478e-04,2.711e-02,2.0585e-04,5.070e-05,1.767e-04,5.6653e-05,6.464e-05,2.573e-03,5.4367e+05,4.911e-07,6.668e-06,1.8606e+01,3.087e-05,1.687e-03
RANS_SST_WD_0.20-0.25_ConsGalerkinProj_OneShot_Second,SST,305,22877,8590,14287,394,7.8971e-06,3.695e-05,2.355e-04,7.5674e-06,3.477e-04,2.710e-02,2.0585e-04,5.107e-05,1.743e-04,5.6653e-05,6.478e-05,2.574e-03,5.4367e+05,4.901e-07,6.553e-06,1.8606e+01,3.083e-05,1.688e-03
RANS_SST_WD_0.20-0.25_ConsGalerkinProj_OneShot_Second,SST,310,22877,8590,14287,394,7.8971e-06,3.825e-05,2.463e-04,7.5674e-06,3.477e-04,2.710e-02,2.0585e-04,5.144e-05,1.717e-04,5.6653e-05,6.489e-05,2.575e-03,5.4367e+05,4.895e-07,6.553e-06,1.8606e+01,3.079e-05,1.688e-03
RANS_SST_WD_0.20-0.25_ConsGalerkinProj_OneShot_Second,SST,315,22877,8590,14287,394,7.8971e-06,3.950e-05,2.565e-04,7.5674e-06,3.476e-04,2.710e-02,2.0585e-04,5.180e-05,1.707e-04,5.6653e-05,6.497e-05,2.576e-03,5.4367e+05,4.890e-07,6.553e-06,1.8606e+01,3.075e-05,1.688e-03
RANS_SST_WD_0.20-0.25_ConsGalerkinProj_OneShot_Second,SST,320,22877,8590,14287,394,7.8971e-06,4.069e-05,2.659e-04,7.5674e-06,3.476e-04,2.710e-02,2.0585e-04,5.215e-05,1.702e-04,5.6653e-05,6.503e-05,2.576e-03,5.4367e+05,4.879e-07,6.553e-06,1.8606e+01,3.070e-05,1.689e-03
RANS_SST_WD_0.20-0.25_ConsGalerkinProj_OneShot_Second,SST,325,22877,8590,14287,394,7.8971e-06,4.180e-05,2.747e-04,7.5674e-06,3.476e-04,2.710e-02,2.0585e-04,5.249e-05,1.698e-04,5.6653e-05,6.505e-05,2.577e-03,5.4367e+05,4.868e-07,6.553e-06,1.8606e+01,3.065e-05,1.689e-03
RANS_SST_WD_0.20-0.25_ConsGalerkinProj_OneShot_Second,SST,330,22877,8590,14287,394,7.8971e-06,4.285e-05,2.829e-04,7.5674e-06,3.475e-04,2.710e-02,2.0585e-04,5.282e-05,1.695e-04,5.6653e-05,6.505e-05,2.578e-03,5.4367e+05,4.859e-07,6.438e-06,1.8606e+01,3.059e-05,1.689e-03
RANS_SST_WD_0.20-0.25_ConsGalerkinProj_OneShot_Second,SST,335,22877,8590,14287,394,7.8971e-06,4.383e-05,2.903e-04,7.5674e-06,3.475e-04,2.710e-02,2.0585e-04,5.315e-05,1.693e-04,5.6653e-05,6.503e-05,2.578e-03,5.4367e+05,4.861e-07,6.438e-06,1.8606e+01,3.054e-05,1.689e-03
RANS_SST_WD_0.20-0.25_ConsGalerkinProj_OneShot_Second,SST,340,22877,8590,14287,394,7.8971e-06,4.474e-05,2.972e-04,7.5674e-06,3.475e-04,2.710e-02,2.0585e-04,5.347e-05,1.692e-04,5.6653e-05,6.498e-05,2.579e-03,5.4367e+05,4.848e-07,6.438e-06,1.8606e+01,3.048e-05,1.689e-03
RANS_SST_WD_0.20-0.25_ConsGalerkinProj_OneShot_Second,SST,345,22877,8590,14287,394,7.8971e-06,4.558e-05,3.037e-04,7.5674e-06,3.474e-04,2.710e-02,2.0585e-04,5.378e-05,1.690e-04,5.6653e-05,6.492e-05,2.579e-03,5.4367e+05,4.842e-07,6.438e-06,1.8606e+01,3.043e-05,1.689e-03
RANS_SST_WD_0.20-0.25_ConsGalerkinProj_OneShot_Second,SST,350,22877,8590,14287,394,7.8971e-06,4.635e-05,3.095e-04,7.5674e-06,3.474e-04,2.710e-02,2.0585e-04,5.409e-05,1.690e-04,5.6653e-05,6.483e-05,2.580e-03,5.4367e+05,4.831e-07,6.438e-06,1.8606e+01,3.038e-05,1.689e-03
RANS_SST_WD_0.20-0.25_ConsGalerkinProj_OneShot_Second,SST,355,22877,8590,14287,394,7.8971e-06,4.706e-05,3.148e-04,7.5674e-06,3.474e-04,2.709e-02,2.0585e-04,5.439e-05,1.690e-04,5.6653e-05,6.473e-05,2.580e-03,5.4367e+05,4.824e-07,6.438e-06,1.8606e+01,3.033e-05,1.689e-03
RANS_SST_WD_0.20-0.25_ConsGalerkinProj_OneShot_Second,SST,360,22877,8590,14287,394,7.8971e-06,4.771e-05,3.194e-04,7.5674e-06,3.473e-04,2.709e-02,2.0585e-04,5.469e-05,1.692e-04,5.6653e-05,6.462e-05,2.581e-03,5.4367e+05,4.817e-07,6.323e-06,1.8606e+01,3.027e-05,1.690e-03
RANS_SST_WD_0.20-0.25_ConsGalerkinProj_OneShot_Second,SST,365,22877,8590,14287,394,7.8971e-06,4.830e-05,3.235e-04,7.5674e-06,3.473e-04,2.709e-02,2.0585e-04,5.497e-05,1.693e-04,5.6653e-05,6.449e-05,2.581e-03,5.4367e+05,4.809e-07,6.323e-06,1.8606e+01,3.023e-05,1.690e-03
RANS_SST_WD_0.20-0.25_ConsGalerkinProj_OneShot_Second,SST,370,22877,8590,14287,394,7.8971e-06,4.884e-05,3.271e-04,7.5674e-06,3.473e-04,2.709e-02,2.0585e-04,5.526e-05,1.695e-04,5.6653e-05,6.435e-05,2.581e-03,5.4367e+05,4.799e-07,6.323e-06,1.8606e+01,3.018e-05,1.690e-03
RANS_SST_WD_0.20-0.25_ConsGalerkinProj_OneShot_Second,SST,375,22877,8590,14287,394,7.8971e-06,4.933e-05,3.303e-04,7.5674e-06,3.472e-04,2.709e-02,2.0585e-04,5.553e-05,1.698e-04,5.6653e-05,6.420e-05,2.582e-03,5.4367e+05,4.790e-07,6.323e-06,1.8606e+01,3.014e-05,1.690e-03
RANS_SST_WD_0.20-0.25_ConsGalerkinProj_OneShot_Second,SST,380,22877,8590,14287,394,7.8971e-06,4.977e-05,3.331e-04,7.5674e-06,3.472e-04,2.709e-02,2.0585e-04,5.580e-05,1.702e-04,5.6653e-05,6.404e-05,2.582e-03,5.4367e+05,4.796e-07,6.323e-06,1.8606e+01,3.010e-05,1.690e-03
RANS_SST_WD_0.20-0.25_ConsGalerkinProj_OneShot_Second,SST,385,22877,8590,14287,394,7.8971e-06,5.016e-05,3.353e-04,7.5674e-06,3.472e-04,2.709e-02,2.0585e-04,5.606e-05,1.705e-04,5.6653e-05,6.387e-05,2.582e-03,5.4367e+05,4.782e-07,6.323e-06,1.8606e+01,3.006e-05,1.690e-03
RANS_SST_WD_0.20-0.25_ConsGalerkinProj_OneShot_Second,SST,390,22877,8590,14287,394,7.8971e-06,5.051e-05,3.372e-04,7.5674e-06,3.472e-04,2.709e-02,2.0585e-04,5.632e-05,1.709e-04,5.6653e-05,6.370e-05,2.582e-03,5.4367e+05,4.782e-07,6.323e-06,1.8606e+01,3.002e-05,1.689e-03
RANS_SST_WD_0.20-0.25_ConsGalerkinProj_OneShot_Second,SST,395,22877,8590,14287,394,7.8971e-06,5.082e-05,3.387e-04,7.5674e-06,3.471e-04,2.709e-02,2.0585e-04,5.657e-05,1.714e-04,5.6653e-05,6.353e-05,2.583e-03,5.4367e+05,4.774e-07,6.208e-06,1.8606e+01,2.999e-05,1.689e-03
