case,model,step,steps_after_event,dCL,dCD,dCDp,dCDv,dCMz
RANS_SA_WD_0.05-0.10_ConsGalerkinProj_OneShot_Second,SA,200,0,2.308740e-05,-4.854800e-07,-1.000000e-06,0.000000e+00,1.012513e-05
RANS_SA_WD_0.05-0.10_ConsGalerkinProj_OneShot_Second,SA,201,1,6.570910e-05,5.952470e-06,5.000000e-06,0.000000e+00,2.166997e-05
RANS_SA_WD_0.05-0.10_ConsGalerkinProj_OneShot_Second,SA,202,2,8.597470e-05,8.564430e-06,8.000000e-06,0.000000e+00,2.530888e-05
RANS_SA_WD_0.05-0.10_ConsGalerkinProj_OneShot_Second,SA,203,3,9.090840e-05,9.095160e-06,9.000000e-06,0.000000e+00,2.612016e-05
RANS_SA_WD_0.05-0.10_ConsGalerkinProj_OneShot_Second,SA,204,4,8.645550e-05,9.275970e-06,9.000000e-06,0.000000e+00,2.580457e-05
RANS_SA_WD_0.05-0.10_ConsGalerkinProj_OneShot_Second,SA,205,5,7.704090e-05,8.899770e-06,8.000000e-06,0.000000e+00,2.437434e-05
RANS_SA_WD_0.05-0.10_ConsGalerkinProj_OneShot_Second,SA,206,6,6.795130e-05,7.976840e-06,8.000000e-06,0.000000e+00,2.264923e-05
RANS_SA_WD_0.05-0.10_ConsGalerkinProj_OneShot_Second,SA,207,7,6.310430e-05,7.358890e-06,7.000000e-06,0.000000e+00,2.134120e-05
RANS_SA_WD_0.05-0.10_ConsGalerkinProj_OneShot_Second,SA,208,8,6.236320e-05,7.179150e-06,7.000000e-06,0.000000e+00,2.097717e-05
RANS_SA_WD_0.05-0.10_ConsGalerkinProj_OneShot_Second,SA,209,9,6.434510e-05,7.214430e-06,7.000000e-06,0.000000e+00,2.135766e-05
RANS_SA_WD_0.05-0.10_ConsGalerkinProj_OneShot_Second,SA,210,10,6.746690e-05,7.389140e-06,7.000000e-06,0.000000e+00,2.207711e-05
RANS_SA_WD_0.05-0.10_ConsGalerkinProj_OneShot_Second,SA,211,11,7.044830e-05,7.597660e-06,7.000000e-06,0.000000e+00,2.275552e-05
RANS_SA_WD_0.05-0.10_ConsGalerkinProj_OneShot_Second,SA,212,12,7.248800e-05,7.717010e-06,7.000000e-06,0.000000e+00,2.322808e-05
RANS_SA_WD_0.05-0.10_ConsGalerkinProj_OneShot_Second,SA,213,13,7.400180e-05,7.777570e-06,7.000000e-06,0.000000e+00,2.358350e-05
RANS_SA_WD_0.05-0.10_ConsGalerkinProj_OneShot_Second,SA,214,14,7.495680e-05,7.758240e-06,7.000000e-06,0.000000e+00,2.376720e-05
RANS_SA_WD_0.05-0.10_ConsGalerkinProj_OneShot_Second,SA,215,15,7.545360e-05,7.606400e-06,7.000000e-06,0.000000e+00,2.375898e-05
RANS_SA_WD_0.05-0.10_ConsGalerkinProj_OneShot_Second,SA,216,16,7.601230e-05,7.486460e-06,7.000000e-06,0.000000e+00,2.377854e-05
RANS_SA_WD_0.05-0.10_ConsGalerkinProj_OneShot_Second,SA,217,17,7.672150e-05,7.393640e-06,7.000000e-06,0.000000e+00,2.389206e-05
RANS_SA_WD_0.05-0.10_ConsGalerkinProj_OneShot_Second,SA,218,18,7.757120e-05,7.397940e-06,7.000000e-06,0.000000e+00,2.405359e-05
RANS_SA_WD_0.05-0.10_ConsGalerkinProj_OneShot_Second,SA,219,19,7.872810e-05,7.463970e-06,7.000000e-06,0.000000e+00,2.441779e-05
RANS_SA_WD_0.05-0.10_ConsGalerkinProj_OneShot_Second,SA,220,20,7.969170e-05,7.487010e-06,7.000000e-06,0.000000e+00,2.463796e-05
RANS_SA_WD_0.05-0.10_ConsGalerkinProj_OneShot_Second,SA,221,21,8.043200e-05,7.461850e-06,7.000000e-06,0.000000e+00,2.474611e-05
RANS_SA_WD_0.05-0.10_ConsGalerkinProj_OneShot_Second,SA,222,22,8.088980e-05,7.388350e-06,7.000000e-06,0.000000e+00,2.471208e-05
RANS_SA_WD_0.05-0.10_ConsGalerkinProj_OneShot_Second,SA,223,23,8.109750e-05,7.281890e-06,7.000000e-06,0.000000e+00,2.454408e-05
RANS_SA_WD_0.05-0.10_ConsGalerkinProj_OneShot_Second,SA,224,24,8.108600e-05,7.150180e-06,7.000000e-06,0.000000e+00,2.425807e-05
RANS_SA_WD_0.05-0.10_ConsGalerkinProj_OneShot_Second,SA,225,25,8.082620e-05,6.986750e-06,7.000000e-06,0.000000e+00,2.384362e-05
RANS_SA_WD_0.05-0.10_ConsGalerkinProj_OneShot_Second,SA,226,26,8.032060e-05,6.794040e-06,6.000000e-06,0.000000e+00,2.330804e-05
RANS_SA_WD_0.05-0.10_ConsGalerkinProj_OneShot_Second,SA,227,27,7.952550e-05,6.566860e-06,6.000000e-06,0.000000e+00,2.264452e-05
RANS_SA_WD_0.05-0.10_ConsGalerkinProj_OneShot_Second,SA,228,28,7.851410e-05,6.319230e-06,6.000000e-06,0.000000e+00,2.190658e-05
RANS_SA_WD_0.05-0.10_ConsGalerkinProj_OneShot_Second,SA,229,29,7.733110e-05,6.057550e-06,6.000000e-06,0.000000e+00,2.112873e-05
RANS_SA_WD_0.05-0.10_ConsGalerkinProj_OneShot_Second,SA,230,30,7.614720e-05,5.802530e-06,5.000000e-06,0.000000e+00,2.039776e-05
RANS_SA_WD_0.05-0.10_ConsGalerkinProj_OneShot_Second,SA,231,31,7.513010e-05,5.573570e-06,5.000000e-06,0.000000e+00,1.978859e-05
RANS_SA_WD_0.05-0.10_ConsGalerkinProj_OneShot_Second,SA,232,32,7.436220e-05,5.383400e-06,5.000000e-06,0.000000e+00,1.932626e-05
RANS_SA_WD_0.05-0.10_ConsGalerkinProj_OneShot_Second,SA,233,33,7.396020e-05,5.245000e-06,5.000000e-06,0.000000e+00,1.905625e-05
RANS_SA_WD_0.05-0.10_ConsGalerkinProj_OneShot_Second,SA,234,34,7.381710e-05,5.143950e-06,5.000000e-06,0.000000e+00,1.889842e-05
RANS_SA_WD_0.05-0.10_ConsGalerkinProj_OneShot_Second,SA,235,35,7.394910e-05,5.082230e-06,5.000000e-06,0.000000e+00,1.885963e-05
RANS_SA_WD_0.05-0.10_ConsGalerkinProj_OneShot_Second,SA,236,36,7.429840e-05,5.054390e-06,5.000000e-06,0.000000e+00,1.890824e-05
RANS_SA_WD_0.05-0.10_ConsGalerkinProj_OneShot_Second,SA,237,37,7.509270e-05,5.033550e-06,5.000000e-06,0.000000e+00,1.917263e-05
RANS_SA_WD_0.05-0.10_ConsGalerkinProj_OneShot_Second,SA,238,38,7.596130e-05,5.045070e-06,5.000000e-06,0.000000e+00,1.943682e-05
RANS_SA_WD_0.05-0.10_ConsGalerkinProj_OneShot_Second,SA,239,39,7.650180e-05,5.087400e-06,5.000000e-06,0.000000e+00,1.950280e-05
RANS_SA_WD_0.05-0.10_ConsGalerkinProj_OneShot_Second,SA,240,40,7.694320e-05,5.144610e-06,5.000000e-06,0.000000e+00,1.951053e-05
RANS_SA_WD_0.05-0.10_ConsGalerkinProj_OneShot_Second,SA,241,41,7.734180e-05,5.196950e-06,5.000000e-06,0.000000e+00,1.952801e-05
RANS_SA_WD_0.05-0.10_ConsGalerkinProj_OneShot_Second,SA,242,42,7.754780e-05,5.227850e-06,5.000000e-06,0.000000e+00,1.950511e-05
RANS_SA_WD_0.05-0.10_ConsGalerkinProj_OneShot_Second,SA,243,43,7.764690e-05,5.225060e-06,5.000000e-06,0.000000e+00,1.946786e-05
RANS_SA_WD_0.05-0.10_ConsGalerkinProj_OneShot_Second,SA,244,44,7.765230e-05,5.192910e-06,5.000000e-06,0.000000e+00,1.942906e-05
RANS_SA_WD_0.05-0.10_ConsGalerkinProj_OneShot_Second,SA,245,45,7.762290e-05,5.144710e-06,5.000000e-06,0.000000e+00,1.939349e-05
RANS_SA_WD_0.05-0.10_ConsGalerkinProj_OneShot_Second,SA,246,46,7.763360e-05,5.097160e-06,5.000000e-06,0.000000e+00,1.936742e-05
RANS_SA_WD_0.05-0.10_ConsGalerkinProj_OneShot_Second,SA,247,47,7.772710e-05,5.066710e-06,5.000000e-06,0.000000e+00,1.934941e-05
RANS_SA_WD_0.05-0.10_ConsGalerkinProj_OneShot_Second,SA,248,48,7.791520e-05,5.057270e-06,5.000000e-06,0.000000e+00,1.933534e-05
RANS_SA_WD_0.05-0.10_ConsGalerkinProj_OneShot_Second,SA,249,49,7.815700e-05,5.062540e-06,5.000000e-06,0.000000e+00,1.933532e-05
RANS_SA_WD_0.05-0.10_ConsGalerkinProj_OneShot_Second,SA,250,50,7.843360e-05,5.067530e-06,5.000000e-06,0.000000e+00,1.935479e-05
RANS_SA_WD_0.05-0.10_ConsGalerkinProj_OneShot_Second,SA,251,51,7.872700e-05,5.061020e-06,5.000000e-06,0.000000e+00,1.940207e-05
RANS_SA_WD_0.05-0.10_ConsGalerkinProj_OneShot_Second,SA,252,52,7.899680e-05,5.041410e-06,5.000000e-06,0.000000e+00,1.946056e-05
RANS_SA_WD_0.05-0.10_ConsGalerkinProj_OneShot_Second,SA,253,53,7.925120e-05,5.017370e-06,5.000000e-06,0.000000e+00,1.951144e-05
RANS_SA_WD_0.05-0.10_ConsGalerkinProj_OneShot_Second,SA,254,54,7.951690e-05,4.998610e-06,5.000000e-06,0.000000e+00,1.954389e-05
RANS_SA_WD_0.05-0.10_ConsGalerkinProj_OneShot_Second,SA,255,55,7.976420e-05,4.992440e-06,5.000000e-06,0.000000e+00,1.955267e-05
RANS_SA_WD_0.05-0.10_ConsGalerkinProj_OneShot_Second,SA,256,56,7.999410e-05,4.994010e-06,5.000000e-06,0.000000e+00,1.954549e-05
RANS_SA_WD_0.05-0.10_ConsGalerkinProj_OneShot_Second,SA,257,57,8.018560e-05,4.996560e-06,5.000000e-06,0.000000e+00,1.953340e-05
RANS_SA_WD_0.05-0.10_ConsGalerkinProj_OneShot_Second,SA,258,58,8.035540e-05,4.992220e-06,5.000000e-06,0.000000e+00,1.952675e-05
RANS_SA_WD_0.05-0.10_ConsGalerkinProj_OneShot_Second,SA,259,59,8.051230e-05,4.978670e-06,5.000000e-06,0.000000e+00,1.952942e-05
RANS_SA_WD_0.05-0.10_ConsGalerkinProj_OneShot_Second,SA,260,60,8.065830e-05,4.958180e-06,5.000000e-06,0.000000e+00,1.953994e-05
RANS_SA_WD_0.05-0.10_ConsGalerkinProj_OneShot_Second,SA,261,61,8.079280e-05,4.936320e-06,5.000000e-06,0.000000e+00,1.954957e-05
RANS_SA_WD_0.05-0.10_ConsGalerkinProj_OneShot_Second,SA,262,62,8.090830e-05,4.919840e-06,5.000000e-06,0.000000e+00,1.954947e-05
RANS_SA_WD_0.05-0.10_ConsGalerkinProj_OneShot_Second,SA,263,63,8.102160e-05,4.908180e-06,5.000000e-06,0.000000e+00,1.953678e-05
RANS_SA_WD_0.05-0.10_ConsGalerkinProj_OneShot_Second,SA,264,64,8.115080e-05,4.900630e-06,5.000000e-06,0.000000e+00,1.951411e-05
RANS_SA_WD_0.05-0.10_ConsGalerkinProj_OneShot_Second,SA,265,65,8.129050e-05,4.894440e-06,5.000000e-06,0.000000e+00,1.949371e-05
RANS_SA_WD_0.05-0.10_ConsGalerkinProj_OneShot_Second,SA,266,66,8.145270e-05,4.885700e-06,5.000000e-06,0.000000e+00,1.948125e-05
RANS_SA_WD_0.05-0.10_ConsGalerkinProj_OneShot_Second,SA,267,67,8.164150e-05,4.873920e-06,5.000000e-06,0.000000e+00,1.948053e-05
RANS_SA_WD_0.05-0.10_ConsGalerkinProj_OneShot_Second,SA,268,68,8.184780e-05,4.860280e-06,5.000000e-06,0.000000e+00,1.949325e-05
RANS_SA_WD_0.05-0.10_ConsGalerkinProj_OneShot_Second,SA,269,69,8.205220e-05,4.846380e-06,5.000000e-06,0.000000e+00,1.951572e-05
RANS_SA_WD_0.05-0.10_ConsGalerkinProj_OneShot_Second,SA,270,70,8.223440e-05,4.833530e-06,5.000000e-06,0.000000e+00,1.953952e-05
RANS_SA_WD_0.05-0.10_ConsGalerkinProj_OneShot_Second,SA,271,71,8.238270e-05,4.822160e-06,5.000000e-06,0.000000e+00,1.955542e-05
RANS_SA_WD_0.05-0.10_ConsGalerkinProj_OneShot_Second,SA,272,72,8.249810e-05,4.811600e-06,5.000000e-06,0.000000e+00,1.955776e-05
RANS_SA_WD_0.05-0.10_ConsGalerkinProj_OneShot_Second,SA,273,73,8.259320e-05,4.800630e-06,5.000000e-06,0.000000e+00,1.954661e-05
RANS_SA_WD_0.05-0.10_ConsGalerkinProj_OneShot_Second,SA,274,74,8.268680e-05,4.788300e-06,5.000000e-06,0.000000e+00,1.952746e-05
RANS_SA_WD_0.05-0.10_ConsGalerkinProj_OneShot_Second,SA,275,75,8.279760e-05,4.774660e-06,5.000000e-06,0.000000e+00,1.950888e-05
RANS_SA_WD_0.05-0.10_ConsGalerkinProj_OneShot_Second,SA,276,76,8.293780e-05,4.760820e-06,4.000000e-06,0.000000e+00,1.949928e-05
RANS_SA_WD_0.05-0.10_ConsGalerkinProj_OneShot_Second,SA,277,77,8.311050e-05,4.748240e-06,4.000000e-06,0.000000e+00,1.950381e-05
RANS_SA_WD_0.05-0.10_ConsGalerkinProj_OneShot_Second,SA,278,78,8.330920e-05,4.737940e-06,4.000000e-06,0.000000e+00,1.952271e-05
RANS_SA_WD_0.05-0.10_ConsGalerkinProj_OneShot_Second,SA,279,79,8.352240e-05,4.729870e-06,4.000000e-06,0.000000e+00,1.955169e-05
RANS_SA_WD_0.05-0.10_ConsGalerkinProj_OneShot_Second,SA,280,80,8.373770e-05,4.723080e-06,4.000000e-06,0.000000e+00,1.958404e-05
RANS_SA_WD_0.05-0.10_ConsGalerkinProj_OneShot_Second,SA,281,81,8.394570e-05,4.716290e-06,4.000000e-06,0.000000e+00,1.961338e-05
RANS_SA_WD_0.05-0.10_ConsGalerkinProj_OneShot_Second,SA,282,82,8.414190e-05,4.708480e-06,4.000000e-06,0.000000e+00,1.963570e-05
RANS_SA_WD_0.05-0.10_ConsGalerkinProj_OneShot_Second,SA,283,83,8.432650e-05,4.699400e-06,4.000000e-06,0.000000e+00,1.964995e-05
RANS_SA_WD_0.05-0.10_ConsGalerkinProj_OneShot_Second,SA,284,84,8.450170e-05,4.689390e-06,4.000000e-06,0.000000e+00,1.965734e-05
RANS_SA_WD_0.05-0.10_ConsGalerkinProj_OneShot_Second,SA,285,85,8.466990e-05,4.679030e-06,4.000000e-06,0.000000e+00,1.965997e-05
RANS_SA_WD_0.05-0.10_ConsGalerkinProj_OneShot_Second,SA,286,86,8.483260e-05,4.668610e-06,4.000000e-06,0.000000e+00,1.965975e-05
RANS_SA_WD_0.05-0.10_ConsGalerkinProj_OneShot_Second,SA,287,87,8.498880e-05,4.657820e-06,4.000000e-06,0.000000e+00,1.965816e-05
RANS_SA_WD_0.05-0.10_ConsGalerkinProj_OneShot_Second,SA,288,88,8.513740e-05,4.645850e-06,4.000000e-06,0.000000e+00,1.965651e-05
RANS_SA_WD_0.05-0.10_ConsGalerkinProj_OneShot_Second,SA,289,89,8.527720e-05,4.631850e-06,4.000000e-06,0.000000e+00,1.965639e-05
RANS_SA_WD_0.05-0.10_ConsGalerkinProj_OneShot_Second,SA,290,90,8.540900e-05,4.615520e-06,4.000000e-06,0.000000e+00,1.965954e-05
RANS_SA_WD_0.05-0.10_ConsGalerkinProj_OneShot_Second,SA,291,91,8.553630e-05,4.597480e-06,4.000000e-06,0.000000e+00,1.966717e-05
RANS_SA_WD_0.05-0.10_ConsGalerkinProj_OneShot_Second,SA,292,92,8.566470e-05,4.579280e-06,4.000000e-06,0.000000e+00,1.967919e-05
RANS_SA_WD_0.05-0.10_ConsGalerkinProj_OneShot_Second,SA,293,93,8.580110e-05,4.562910e-06,4.000000e-06,0.000000e+00,1.969385e-05
RANS_SA_WD_0.05-0.10_ConsGalerkinProj_OneShot_Second,SA,294,94,8.595160e-05,4.549970e-06,4.000000e-06,0.000000e+00,1.970837e-05
RANS_SA_WD_0.05-0.10_ConsGalerkinProj_OneShot_Second,SA,295,95,8.611950e-05,4.540960e-06,4.000000e-06,0.000000e+00,1.972027e-05
RANS_SA_WD_0.05-0.10_ConsGalerkinProj_OneShot_Second,SA,296,96,8.630430e-05,4.534970e-06,4.000000e-06,0.000000e+00,1.972861e-05
RANS_SA_WD_0.05-0.10_ConsGalerkinProj_OneShot_Second,SA,297,97,8.650120e-05,4.529950e-06,4.000000e-06,0.000000e+00,1.973462e-05
RANS_SA_WD_0.05-0.10_ConsGalerkinProj_OneShot_Second,SA,298,98,8.670230e-05,4.523580e-06,4.000000e-06,0.000000e+00,1.974096e-05
RANS_SA_WD_0.05-0.10_ConsGalerkinProj_OneShot_Second,SA,299,99,8.689840e-05,4.514140e-06,4.000000e-06,0.000000e+00,1.975021e-05
RANS_SA_WD_0.05-0.10_ConsGalerkinProj_OneShot_Second,SA,300,100,8.708100e-05,4.501210e-06,4.000000e-06,0.000000e+00,1.976339e-05
RANS_SA_WD_0.05-0.10_ConsGalerkinProj_OneShot_Second,SA,301,101,8.724440e-05,4.485720e-06,4.000000e-06,0.000000e+00,1.977916e-05
RANS_SA_WD_0.05-0.10_ConsGalerkinProj_OneShot_Second,SA,302,102,8.738680e-05,4.469480e-06,4.000000e-06,0.000000e+00,1.979440e-05
RANS_SA_WD_0.05-0.10_ConsGalerkinProj_OneShot_Second,SA,303,103,8.751130e-05,4.454280e-06,4.000000e-06,0.000000e+00,1.980560e-05
RANS_SA_WD_0.05-0.10_ConsGalerkinProj_OneShot_Second,SA,304,104,8.762470e-05,4.441170e-06,4.000000e-06,0.000000e+00,1.981042e-05
RANS_SA_WD_0.05-0.10_ConsGalerkinProj_OneShot_Second,SA,305,105,8.773550e-05,4.430130e-06,4.000000e-06,0.000000e+00,1.980871e-05
RANS_SA_WD_0.05-0.10_ConsGalerkinProj_OneShot_Second,SA,306,106,8.785230e-05,4.420230e-06,4.000000e-06,0.000000e+00,1.980254e-05
RANS_SA_WD_0.05-0.10_ConsGalerkinProj_OneShot_Second,SA,307,107,8.798120e-05,4.410180e-06,4.000000e-06,0.000000e+00,1.979544e-05
RANS_SA_WD_0.05-0.10_ConsGalerkinProj_OneShot_Second,SA,308,108,8.812400e-05,4.398920e-06,4.000000e-06,0.000000e+00,1.979125e-05
RANS_SA_WD_0.05-0.10_ConsGalerkinProj_OneShot_Second,SA,309,109,8.827960e-05,4.386150e-06,4.000000e-06,0.000000e+00,1.979310e-05
RANS_SA_WD_0.05-0.10_ConsGalerkinProj_OneShot_Second,SA,310,110,8.844350e-05,4.372290e-06,4.000000e-06,0.000000e+00,1.980257e-05
RANS_SA_WD_0.05-0.10_ConsGalerkinProj_OneShot_Second,SA,311,111,8.861050e-05,4.358350e-06,4.000000e-06,0.000000e+00,1.981932e-05
RANS_SA_WD_0.05-0.10_ConsGalerkinProj_OneShot_Second,SA,312,112,8.877530e-05,4.345390e-06,4.000000e-06,0.000000e+00,1.984096e-05
RANS_SA_WD_0.05-0.10_ConsGalerkinProj_OneShot_Second,SA,313,113,8.893370e-05,4.334040e-06,4.000000e-06,0.000000e+00,1.986347e-05
RANS_SA_WD_0.05-0.10_ConsGalerkinProj_OneShot_Second,SA,314,114,8.908300e-05,4.324260e-06,4.000000e-06,0.000000e+00,1.988209e-05
RANS_SA_WD_0.05-0.10_ConsGalerkinProj_OneShot_Second,SA,315,115,8.922210e-05,4.315310e-06,4.000000e-06,0.000000e+00,1.989282e-05
RANS_SA_WD_0.05-0.10_ConsGalerkinProj_OneShot_Second,SA,316,116,8.935120e-05,4.306090e-06,4.000000e-06,0.000000e+00,1.989393e-05
RANS_SA_WD_0.05-0.10_ConsGalerkinProj_OneShot_Second,SA,317,117,8.947300e-05,4.295640e-06,4.000000e-06,0.000000e+00,1.988693e-05
RANS_SA_WD_0.05-0.10_ConsGalerkinProj_OneShot_Second,SA,318,118,8.959170e-05,4.283590e-06,4.000000e-06,0.000000e+00,1.987637e-05
RANS_SA_WD_0.05-0.10_ConsGalerkinProj_OneShot_Second,SA,319,119,8.971280e-05,4.270380e-06,4.000000e-06,0.000000e+00,1.986831e-05
RANS_SA_WD_0.05-0.10_ConsGalerkinProj_OneShot_Second,SA,320,120,8.984110e-05,4.257040e-06,4.000000e-06,0.000000e+00,1.986807e-05
RANS_SA_WD_0.05-0.10_ConsGalerkinProj_OneShot_Second,SA,321,121,8.997940e-05,4.244690e-06,4.000000e-06,0.000000e+00,1.987812e-05
RANS_SA_WD_0.05-0.10_ConsGalerkinProj_OneShot_Second,SA,322,122,9.012730e-05,4.234000e-06,4.000000e-06,0.000000e+00,1.989717e-05
RANS_SA_WD_0.05-0.10_ConsGalerkinProj_OneShot_Second,SA,323,123,9.028220e-05,4.224800e-06,4.000000e-06,0.000000e+00,1.992084e-05
RANS_SA_WD_0.05-0.10_ConsGalerkinProj_OneShot_Second,SA,324,124,9.043950e-05,4.216280e-06,4.000000e-06,0.000000e+00,1.994348e-05
RANS_SA_WD_0.05-0.10_ConsGalerkinProj_OneShot_Second,SA,325,125,9.059490e-05,4.207320e-06,4.000000e-06,0.000000e+00,1.996039e-05
RANS_SA_WD_0.05-0.10_ConsGalerkinProj_OneShot_Second,SA,326,126,9.074500e-05,4.197170e-06,4.000000e-06,0.000000e+00,1.996937e-05
RANS_SA_WD_0.05-0.10_ConsGalerkinProj_OneShot_Second,SA,327,127,9.088810e-05,4.185770e-06,4.000000e-06,0.000000e+00,1.997103e-05
RANS_SA_WD_0.05-0.10_ConsGalerkinProj_OneShot_Second,SA,328,128,9.102330e-05,4.173730e-06,4.000000e-06,0.000000e+00,1.996811e-05
RANS_SA_WD_0.05-0.10_ConsGalerkinProj_OneShot_Second,SA,329,129,9.115030e-05,4.161900e-06,4.000000e-06,0.000000e+00,1.996413e-05
RANS_SA_WD_0.05-0.10_ConsGalerkinProj_OneShot_Second,SA,330,130,9.126920e-05,4.150850e-06,4.000000e-06,0.000000e+00,1.996207e-05
RANS_SA_WD_0.05-0.10_ConsGalerkinProj_OneShot_Second,SA,331,131,9.138080e-05,4.140510e-06,4.000000e-06,0.000000e+00,1.996362e-05
RANS_SA_WD_0.05-0.10_ConsGalerkinProj_OneShot_Second,SA,332,132,9.148680e-05,4.130250e-06,4.000000e-06,0.000000e+00,1.996895e-05
RANS_SA_WD_0.05-0.10_ConsGalerkinProj_OneShot_Second,SA,333,133,9.158970e-05,4.119240e-06,4.000000e-06,0.000000e+00,1.997696e-05
RANS_SA_WD_0.05-0.10_ConsGalerkinProj_OneShot_Second,SA,334,134,9.169300e-05,4.106980e-06,4.000000e-06,0.000000e+00,1.998593e-05
RANS_SA_WD_0.05-0.10_ConsGalerkinProj_OneShot_Second,SA,335,135,9.180040e-05,4.093670e-06,4.000000e-06,0.000000e+00,1.999409e-05
RANS_SA_WD_0.05-0.10_ConsGalerkinProj_OneShot_Second,SA,336,136,9.191460e-05,4.080140e-06,4.000000e-06,0.000000e+00,2.000034e-05
RANS_SA_WD_0.05-0.10_ConsGalerkinProj_OneShot_Second,SA,337,137,9.203770e-05,4.067570e-06,4.000000e-06,0.000000e+00,2.000457e-05
RANS_SA_WD_0.05-0.10_ConsGalerkinProj_OneShot_Second,SA,338,138,9.217010e-05,4.056840e-06,4.000000e-06,0.000000e+00,2.000776e-05
RANS_SA_WD_0.05-0.10_ConsGalerkinProj_OneShot_Second,SA,339,139,9.231090e-05,4.048210e-06,4.000000e-06,0.000000e+00,2.001161e-05
RANS_SA_WD_0.05-0.10_ConsGalerkinProj_OneShot_Second,SA,340,140,9.245750e-05,4.041160e-06,4.000000e-06,0.000000e+00,2.001779e-05
RANS_SA_WD_0.05-0.10_ConsGalerkinProj_OneShot_Second,SA,341,141,9.260650e-05,4.034640e-06,4.000000e-06,0.000000e+00,2.002730e-05
RANS_SA_WD_0.05-0.10_ConsGalerkinProj_OneShot_Second,SA,342,142,9.275300e-05,4.027510e-06,4.000000e-06,0.000000e+00,2.003986e-05
RANS_SA_WD_0.05-0.10_ConsGalerkinProj_OneShot_Second,SA,343,143,9.289250e-05,4.019020e-06,4.000000e-06,0.000000e+00,2.005402e-05
RANS_SA_WD_0.05-0.10_ConsGalerkinProj_OneShot_Second,SA,344,144,9.302140e-05,4.009060e-06,4.000000e-06,0.000000e+00,2.006758e-05
RANS_SA_WD_0.05-0.10_ConsGalerkinProj_OneShot_Second,SA,345,145,9.313820e-05,3.998080e-06,4.000000e-06,0.000000e+00,2.007836e-05
RANS_SA_WD_0.05-0.10_ConsGalerkinProj_OneShot_Second,SA,346,146,9.324420e-05,3.986780e-06,4.000000e-06,0.000000e+00,2.008490e-05
RANS_SA_WD_0.05-0.10_ConsGalerkinProj_OneShot_Second,SA,347,147,9.334260e-05,3.975790e-06,4.000000e-06,0.000000e+00,2.008683e-05
RANS_SA_WD_0.05-0.10_ConsGalerkinProj_OneShot_Second,SA,348,148,9.343750e-05,3.965310e-06,4.000000e-06,0.000000e+00,2.008495e-05
RANS_SA_WD_0.05-0.10_ConsGalerkinProj_OneShot_Second,SA,349,149,9.353280e-05,3.955190e-06,4.000000e-06,0.000000e+00,2.008091e-05
RANS_SA_WD_0.05-0.10_ConsGalerkinProj_OneShot_Second,SA,350,150,9.363090e-05,3.945040e-06,4.000000e-06,0.000000e+00,2.007678e-05
RANS_SA_WD_0.05-0.10_ConsGalerkinProj_OneShot_Second,SA,351,151,9.373250e-05,3.934560e-06,4.000000e-06,0.000000e+00,2.007461e-05
RANS_SA_WD_0.05-0.10_ConsGalerkinProj_OneShot_Second,SA,352,152,9.383690e-05,3.923710e-06,4.000000e-06,0.000000e+00,2.007597e-05
RANS_SA_WD_0.05-0.10_ConsGalerkinProj_OneShot_Second,SA,353,153,9.394320e-05,3.912800e-06,4.000000e-06,0.000000e+00,2.008157e-05
RANS_SA_WD_0.05-0.10_ConsGalerkinProj_OneShot_Second,SA,354,154,9.405060e-05,3.902270e-06,4.000000e-06,0.000000e+00,2.009110e-05
RANS_SA_WD_0.05-0.10_ConsGalerkinProj_OneShot_Second,SA,355,155,9.415940e-05,3.892500e-06,4.000000e-06,0.000000e+00,2.010321e-05
RANS_SA_WD_0.05-0.10_ConsGalerkinProj_OneShot_Second,SA,356,156,9.427040e-05,3.883650e-06,4.000000e-06,0.000000e+00,2.011585e-05
RANS_SA_WD_0.05-0.10_ConsGalerkinProj_OneShot_Second,SA,357,157,9.438450e-05,3.875610e-06,4.000000e-06,0.000000e+00,2.012690e-05
RANS_SA_WD_0.05-0.10_ConsGalerkinProj_OneShot_Second,SA,358,158,9.450190e-05,3.868060e-06,4.000000e-06,0.000000e+00,2.013479e-05
RANS_SA_WD_0.05-0.10_ConsGalerkinProj_OneShot_Second,SA,359,159,9.462190e-05,3.860690e-06,4.000000e-06,0.000000e+00,2.013912e-05
RANS_SA_WD_0.05-0.10_ConsGalerkinProj_OneShot_Second,SA,360,160,9.474210e-05,3.853200e-06,4.000000e-06,0.000000e+00,2.014076e-05
RANS_SA_WD_0.05-0.10_ConsGalerkinProj_OneShot_Second,SA,361,161,9.486010e-05,3.845390e-06,4.000000e-06,0.000000e+00,2.014155e-05
RANS_SA_WD_0.05-0.10_ConsGalerkinProj_OneShot_Second,SA,362,162,9.497360e-05,3.837130e-06,4.000000e-06,0.000000e+00,2.014361e-05
RANS_SA_WD_0.05-0.10_ConsGalerkinProj_OneShot_Second,SA,363,163,9.508110e-05,3.828320e-06,4.000000e-06,0.000000e+00,2.014850e-05
RANS_SA_WD_0.05-0.10_ConsGalerkinProj_OneShot_Second,SA,364,164,9.518290e-05,3.818940e-06,4.000000e-06,0.000000e+00,2.015662e-05
RANS_SA_WD_0.05-0.10_ConsGalerkinProj_OneShot_Second,SA,365,165,9.528040e-05,3.809100e-06,4.000000e-06,0.000000e+00,2.016697e-05
RANS_SA_WD_0.05-0.10_ConsGalerkinProj_OneShot_Second,SA,366,166,9.537530e-05,3.799030e-06,4.000000e-06,0.000000e+00,2.017752e-05
RANS_SA_WD_0.05-0.10_ConsGalerkinProj_OneShot_Second,SA,367,167,9.546950e-05,3.789080e-06,4.000000e-06,0.000000e+00,2.018596e-05
RANS_SA_WD_0.05-0.10_ConsGalerkinProj_OneShot_Second,SA,368,168,9.556360e-05,3.779600e-06,4.000000e-06,0.000000e+00,2.019058e-05
RANS_SA_WD_0.05-0.10_ConsGalerkinProj_OneShot_Second,SA,369,169,9.565810e-05,3.770780e-06,4.000000e-06,0.000000e+00,2.019107e-05
RANS_SA_WD_0.05-0.10_ConsGalerkinProj_OneShot_Second,SA,370,170,9.575290e-05,3.762640e-06,4.000000e-06,0.000000e+00,2.018873e-05
RANS_SA_WD_0.05-0.10_ConsGalerkinProj_OneShot_Second,SA,371,171,9.584860e-05,3.755020e-06,4.000000e-06,0.000000e+00,2.018607e-05
RANS_SA_WD_0.05-0.10_ConsGalerkinProj_OneShot_Second,SA,372,172,9.594580e-05,3.747640e-06,4.000000e-06,0.000000e+00,2.018594e-05
RANS_SA_WD_0.05-0.10_ConsGalerkinProj_OneShot_Second,SA,373,173,9.604580e-05,3.740220e-06,4.000000e-06,0.000000e+00,2.019043e-05
RANS_SA_WD_0.05-0.10_ConsGalerkinProj_OneShot_Second,SA,374,174,9.614890e-05,3.732660e-06,4.000000e-06,0.000000e+00,2.019999e-05
RANS_SA_WD_0.05-0.10_ConsGalerkinProj_OneShot_Second,SA,375,175,9.625500e-05,3.724910e-06,4.000000e-06,0.000000e+00,2.021325e-05
RANS_SA_WD_0.05-0.10_ConsGalerkinProj_OneShot_Second,SA,376,176,9.636260e-05,3.717090e-06,4.000000e-06,0.000000e+00,2.022751e-05
RANS_SA_WD_0.05-0.10_ConsGalerkinProj_OneShot_Second,SA,377,177,9.646970e-05,3.709330e-06,4.000000e-06,0.000000e+00,2.023979e-05
RANS_SA_WD_0.05-0.10_ConsGalerkinProj_OneShot_Second,SA,378,178,9.657440e-05,3.701720e-06,4.000000e-06,0.000000e+00,2.024800e-05
RANS_SA_WD_0.05-0.10_ConsGalerkinProj_OneShot_Second,SA,379,179,9.667590e-05,3.694340e-06,4.000000e-06,0.000000e+00,2.025169e-05
RANS_SA_WD_0.05-0.10_ConsGalerkinProj_OneShot_Second,SA,380,180,9.677420e-05,3.687150e-06,4.000000e-06,0.000000e+00,2.025214e-05
RANS_SA_WD_0.05-0.10_ConsGalerkinProj_OneShot_Second,SA,381,181,9.687070e-05,3.680010e-06,4.000000e-06,0.000000e+00,2.025169e-05
RANS_SA_WD_0.05-0.10_ConsGalerkinProj_OneShot_Second,SA,382,182,9.696620e-05,3.672760e-06,3.000000e-06,0.000000e+00,2.025269e-05
RANS_SA_WD_0.05-0.10_ConsGalerkinProj_OneShot_Second,SA,383,183,9.706140e-05,3.665200e-06,3.000000e-06,0.000000e+00,2.025656e-05
RANS_SA_WD_0.05-0.10_ConsGalerkinProj_OneShot_Second,SA,384,184,9.715560e-05,3.657190e-06,3.000000e-06,0.000000e+00,2.026333e-05
RANS_SA_WD_0.05-0.10_ConsGalerkinProj_OneShot_Second,SA,385,185,9.724750e-05,3.648660e-06,3.000000e-06,0.000000e+00,2.027174e-05
RANS_SA_WD_0.05-0.10_ConsGalerkinProj_OneShot_Second,SA,386,186,9.733580e-05,3.639710e-06,3.000000e-06,0.000000e+00,2.027997e-05
RANS_SA_WD_0.05-0.10_ConsGalerkinProj_OneShot_Second,SA,387,187,9.742010e-05,3.630580e-06,3.000000e-06,0.000000e+00,2.028646e-05
RANS_SA_WD_0.05-0.10_ConsGalerkinProj_OneShot_Second,SA,388,188,9.750140e-05,3.621610e-06,3.000000e-06,0.000000e+00,2.029050e-05
RANS_SA_WD_0.05-0.10_ConsGalerkinProj_OneShot_Second,SA,389,189,9.758180e-05,3.613140e-06,3.000000e-06,0.000000e+00,2.029245e-05
RANS_SA_WD_0.05-0.10_ConsGalerkinProj_OneShot_Second,SA,390,190,9.766390e-05,3.605370e-06,3.000000e-06,0.000000e+00,2.029344e-05
RANS_SA_WD_0.05-0.10_ConsGalerkinProj_OneShot_Second,SA,391,191,9.774960e-05,3.598320e-06,3.000000e-06,0.000000e+00,2.029481e-05
RANS_SA_WD_0.05-0.10_ConsGalerkinProj_OneShot_Second,SA,392,192,9.783990e-05,3.591770e-06,3.000000e-06,0.000000e+00,2.029761e-05
RANS_SA_WD_0.05-0.10_ConsGalerkinProj_OneShot_Second,SA,393,193,9.793370e-05,3.585400e-06,3.000000e-06,0.000000e+00,2.030229e-05
RANS_SA_WD_0.05-0.10_ConsGalerkinProj_OneShot_Second,SA,394,194,9.802940e-05,3.578920e-06,3.000000e-06,0.000000e+00,2.030869e-05
RANS_SA_WD_0.05-0.10_ConsGalerkinProj_OneShot_Second,SA,395,195,9.812490e-05,3.572140e-06,3.000000e-06,0.000000e+00,2.031630e-05
RANS_SA_WD_0.05-0.10_ConsGalerkinProj_OneShot_Second,SA,396,196,9.821830e-05,3.565120e-06,3.000000e-06,0.000000e+00,2.032451e-05
RANS_SA_WD_0.05-0.10_ConsGalerkinProj_OneShot_Second,SA,397,197,9.830910e-05,3.558060e-06,3.000000e-06,0.000000e+00,2.033275e-05
RANS_SA_WD_0.05-0.10_ConsGalerkinProj_OneShot_Second,SA,398,198,9.839770e-05,3.551200e-06,3.000000e-06,0.000000e+00,2.034057e-05
RANS_SA_WD_0.05-0.10_ConsGalerkinProj_OneShot_Second,SA,399,199,9.848510e-05,3.544690e-06,3.000000e-06,0.000000e+00,2.034756e-05
RANS_SA_WD_0.10-0.15_ConsGalerkinProj_OneShot_SF2_Second,SA,200,0,4.332920e-05,2.652020e-06,2.000000e-06,0.000000e+00,1.376540e-05
RANS_SA_WD_0.10-0.15_ConsGalerkinProj_OneShot_SF2_Second,SA,201,1,8.548120e-05,9.104350e-06,9.000000e-06,0.000000e+00,2.728582e-05
RANS_SA_WD_0.10-0.15_ConsGalerkinProj_OneShot_SF2_Second,SA,202,2,1.080324e-04,1.171989e-05,1.100000e-05,0.000000e+00,3.077850e-05
RANS_SA_WD_0.10-0.15_ConsGalerkinProj_OneShot_SF2_Second,SA,203,3,1.176857e-04,1.158031e-05,1.100000e-05,0.000000e+00,2.938603e-05
RANS_SA_WD_0.10-0.15_ConsGalerkinProj_OneShot_SF2_Second,SA,204,4,1.202605e-04,1.063704e-05,1.000000e-05,0.000000e+00,2.749130e-05
RANS_SA_WD_0.10-0.15_ConsGalerkinProj_OneShot_SF2_Second,SA,205,5,1.196192e-04,9.375860e-06,9.000000e-06,0.000000e+00,2.609518e-05
RANS_SA_WD_0.10-0.15_ConsGalerkinProj_OneShot_SF2_Second,SA,206,6,1.195003e-04,8.039380e-06,8.000000e-06,0.000000e+00,2.516448e-05
RANS_SA_WD_0.10-0.15_ConsGalerkinProj_OneShot_SF2_Second,SA,207,7,1.209215e-04,7.285250e-06,7.000000e-06,0.000000e+00,2.452728e-05
RANS_SA_WD_0.10-0.15_ConsGalerkinProj_OneShot_SF2_Second,SA,208,8,1.220638e-04,7.196670e-06,7.000000e-06,0.000000e+00,2.430928e-05
RANS_SA_WD_0.10-0.15_ConsGalerkinProj_OneShot_SF2_Second,SA,209,9,1.210504e-04,7.364560e-06,7.000000e-06,0.000000e+00,2.441350e-05
RANS_SA_WD_0.10-0.15_ConsGalerkinProj_OneShot_SF2_Second,SA,210,10,1.171882e-04,8.070690e-06,8.000000e-06,0.000000e+00,2.444908e-05
RANS_SA_WD_0.10-0.15_ConsGalerkinProj_OneShot_SF2_Second,SA,211,11,1.120421e-04,8.139870e-06,8.000000e-06,0.000000e+00,2.437778e-05
RANS_SA_WD_0.10-0.15_ConsGalerkinProj_OneShot_SF2_Second,SA,212,12,1.078508e-04,8.308120e-06,8.000000e-06,0.000000e+00,2.417596e-05
RANS_SA_WD_0.10-0.15_ConsGalerkinProj_OneShot_SF2_Second,SA,213,13,1.054865e-04,8.267210e-06,8.000000e-06,0.000000e+00,2.396614e-05
RANS_SA_WD_0.10-0.15_ConsGalerkinProj_OneShot_SF2_Second,SA,214,14,1.047858e-04,8.258090e-06,8.000000e-06,0.000000e+00,2.389107e-05
RANS_SA_WD_0.10-0.15_ConsGalerkinProj_OneShot_SF2_Second,SA,215,15,1.051937e-04,8.336950e-06,8.000000e-06,0.000000e+00,2.400133e-05
RANS_SA_WD_0.10-0.15_ConsGalerkinProj_OneShot_SF2_Second,SA,216,16,1.059610e-04,8.485550e-06,8.000000e-06,0.000000e+00,2.428085e-05
RANS_SA_WD_0.10-0.15_ConsGalerkinProj_OneShot_SF2_Second,SA,217,17,1.067619e-04,8.608150e-06,8.000000e-06,0.000000e+00,2.452454e-05
RANS_SA_WD_0.10-0.15_ConsGalerkinProj_OneShot_SF2_Second,SA,218,18,1.074210e-04,8.692420e-06,8.000000e-06,0.000000e+00,2.470776e-05
RANS_SA_WD_0.10-0.15_ConsGalerkinProj_OneShot_SF2_Second,SA,219,19,1.079014e-04,8.725810e-06,8.000000e-06,0.000000e+00,2.482087e-05
RANS_SA_WD_0.10-0.15_ConsGalerkinProj_OneShot_SF2_Second,SA,220,20,1.083140e-04,8.748240e-06,8.000000e-06,0.000000e+00,2.489388e-05
RANS_SA_WD_0.10-0.15_ConsGalerkinProj_OneShot_SF2_Second,SA,221,21,1.087331e-04,8.764160e-06,8.000000e-06,0.000000e+00,2.496561e-05
RANS_SA_WD_0.10-0.15_ConsGalerkinProj_OneShot_SF2_Second,SA,222,22,1.091746e-04,8.775360e-06,8.000000e-06,0.000000e+00,2.504061e-05
RANS_SA_WD_0.10-0.15_ConsGalerkinProj_OneShot_SF2_Second,SA,223,23,1.096011e-04,8.776390e-06,8.000000e-06,0.000000e+00,2.510080e-05
RANS_SA_WD_0.10-0.15_ConsGalerkinProj_OneShot_SF2_Second,SA,224,24,1.100218e-04,8.773880e-06,8.000000e-06,0.000000e+00,2.513823e-05
RANS_SA_WD_0.10-0.15_ConsGalerkinProj_OneShot_SF2_Second,SA,225,25,1.103453e-04,8.751240e-06,8.000000e-06,0.000000e+00,2.512094e-05
RANS_SA_WD_0.10-0.15_ConsGalerkinProj_OneShot_SF2_Second,SA,226,26,1.105104e-04,8.704720e-06,8.000000e-06,0.000000e+00,2.502289e-05
RANS_SA_WD_0.10-0.15_ConsGalerkinProj_OneShot_SF2_Second,SA,227,27,1.105157e-04,8.638640e-06,8.000000e-06,0.000000e+00,2.484427e-05
RANS_SA_WD_0.10-0.15_ConsGalerkinProj_OneShot_SF2_Second,SA,228,28,1.107569e-04,8.605930e-06,8.000000e-06,0.000000e+00,2.475917e-05
RANS_SA_WD_0.10-0.15_ConsGalerkinProj_OneShot_SF2_Second,SA,229,29,1.106984e-04,8.532390e-06,8.000000e-06,0.000000e+00,2.451474e-05
RANS_SA_WD_0.10-0.15_ConsGalerkinProj_OneShot_SF2_Second,SA,230,30,1.106496e-04,8.450990e-06,8.000000e-06,0.000000e+00,2.426540e-05
RANS_SA_WD_0.10-0.15_ConsGalerkinProj_OneShot_SF2_Second,SA,231,31,1.102995e-04,8.328050e-06,8.000000e-06,0.000000e+00,2.387776e-05
RANS_SA_WD_0.10-0.15_ConsGalerkinProj_OneShot_SF2_Second,SA,232,32,1.098508e-04,8.190030e-06,8.000000e-06,0.000000e+00,2.346611e-05
RANS_SA_WD_0.10-0.15_ConsGalerkinProj_OneShot_SF2_Second,SA,233,33,1.093339e-04,8.042080e-06,8.000000e-06,0.000000e+00,2.305421e-05
RANS_SA_WD_0.10-0.15_ConsGalerkinProj_OneShot_SF2_Second,SA,234,34,1.088843e-04,7.902920e-06,7.000000e-06,0.000000e+00,2.270259e-05
RANS_SA_WD_0.10-0.15_ConsGalerkinProj_OneShot_SF2_Second,SA,235,35,1.086137e-04,7.787780e-06,7.000000e-06,0.000000e+00,2.245259e-05
RANS_SA_WD_0.10-0.15_ConsGalerkinProj_OneShot_SF2_Second,SA,236,36,1.085496e-04,7.701920e-06,7.000000e-06,0.000000e+00,2.230909e-05
RANS_SA_WD_0.10-0.15_ConsGalerkinProj_OneShot_SF2_Second,SA,237,37,1.087660e-04,7.650250e-06,7.000000e-06,0.000000e+00,2.229986e-05
RANS_SA_WD_0.10-0.15_ConsGalerkinProj_OneShot_SF2_Second,SA,238,38,1.091104e-04,7.617530e-06,7.000000e-06,0.000000e+00,2.234140e-05
RANS_SA_WD_0.10-0.15_ConsGalerkinProj_OneShot_SF2_Second,SA,239,39,1.096879e-04,7.606820e-06,7.000000e-06,0.000000e+00,2.248006e-05
RANS_SA_WD_0.10-0.15_ConsGalerkinProj_OneShot_SF2_Second,SA,240,40,1.103621e-04,7.610150e-06,7.000000e-06,0.000000e+00,2.264011e-05
RANS_SA_WD_0.10-0.15_ConsGalerkinProj_OneShot_SF2_Second,SA,241,41,1.112561e-04,7.640850e-06,7.000000e-06,0.000000e+00,2.288666e-05
RANS_SA_WD_0.10-0.15_ConsGalerkinProj_OneShot_SF2_Second,SA,242,42,1.123806e-04,7.687760e-06,7.000000e-06,0.000000e+00,2.324308e-05
RANS_SA_WD_0.10-0.15_ConsGalerkinProj_OneShot_SF2_Second,SA,243,43,1.131824e-04,7.722750e-06,7.000000e-06,0.000000e+00,2.341869e-05
RANS_SA_WD_0.10-0.15_ConsGalerkinProj_OneShot_SF2_Second,SA,244,44,1.136929e-04,7.741890e-06,7.000000e-06,0.000000e+00,2.344380e-05
RANS_SA_WD_0.10-0.15_ConsGalerkinProj_OneShot_SF2_Second,SA,245,45,1.139341e-04,7.738690e-06,7.000000e-06,0.000000e+00,2.334491e-05
RANS_SA_WD_0.10-0.15_ConsGalerkinProj_OneShot_SF2_Second,SA,246,46,1.140369e-04,7.715780e-06,7.000000e-06,0.000000e+00,2.321947e-05
RANS_SA_WD_0.10-0.15_ConsGalerkinProj_OneShot_SF2_Second,SA,247,47,1.140820e-04,7.679570e-06,7.000000e-06,0.000000e+00,2.310776e-05
RANS_SA_WD_0.10-0.15_ConsGalerkinProj_OneShot_SF2_Second,SA,248,48,1.140114e-04,7.628550e-06,7.000000e-06,0.000000e+00,2.299112e-05
RANS_SA_WD_0.10-0.15_ConsGalerkinProj_OneShot_SF2_Second,SA,249,49,1.140148e-04,7.583130e-06,7.000000e-06,0.000000e+00,2.292268e-05
RANS_SA_WD_0.10-0.15_ConsGalerkinProj_OneShot_SF2_Second,SA,250,50,1.140528e-04,7.543140e-06,7.000000e-06,0.000000e+00,2.286802e-05
RANS_SA_WD_0.10-0.15_ConsGalerkinProj_OneShot_SF2_Second,SA,251,51,1.141480e-04,7.513030e-06,7.000000e-06,0.000000e+00,2.281902e-05
RANS_SA_WD_0.10-0.15_ConsGalerkinProj_OneShot_SF2_Second,SA,252,52,1.143073e-04,7.492540e-06,7.000000e-06,0.000000e+00,2.277682e-05
RANS_SA_WD_0.10-0.15_ConsGalerkinProj_OneShot_SF2_Second,SA,253,53,1.145126e-04,7.476410e-06,7.000000e-06,0.000000e+00,2.274478e-05
RANS_SA_WD_0.10-0.15_ConsGalerkinProj_OneShot_SF2_Second,SA,254,54,1.147374e-04,7.459210e-06,7.000000e-06,0.000000e+00,2.272719e-05
RANS_SA_WD_0.10-0.15_ConsGalerkinProj_OneShot_SF2_Second,SA,255,55,1.149598e-04,7.437950e-06,7.000000e-06,0.000000e+00,2.272403e-05
RANS_SA_WD_0.10-0.15_ConsGalerkinProj_OneShot_SF2_Second,SA,256,56,1.151666e-04,7.413500e-06,7.000000e-06,0.000000e+00,2.272863e-05
RANS_SA_WD_0.10-0.15_ConsGalerkinProj_OneShot_SF2_Second,SA,257,57,1.153661e-04,7.387480e-06,7.000000e-06,0.000000e+00,2.273210e-05
RANS_SA_WD_0.10-0.15_ConsGalerkinProj_OneShot_SF2_Second,SA,258,58,1.155149e-04,7.361120e-06,7.000000e-06,0.000000e+00,2.272052e-05
RANS_SA_WD_0.10-0.15_ConsGalerkinProj_OneShot_SF2_Second,SA,259,59,1.156200e-04,7.335270e-06,7.000000e-06,0.000000e+00,2.269069e-05
RANS_SA_WD_0.10-0.15_ConsGalerkinProj_OneShot_SF2_Second,SA,260,60,1.157202e-04,7.310180e-06,7.000000e-06,0.000000e+00,2.265231e-05
RANS_SA_WD_0.10-0.15_ConsGalerkinProj_OneShot_SF2_Second,SA,261,61,1.158259e-04,7.285490e-06,7.000000e-06,0.000000e+00,2.261707e-05
RANS_SA_WD_0.10-0.15_ConsGalerkinProj_OneShot_SF2_Second,SA,262,62,1.159192e-04,7.260800e-06,7.000000e-06,0.000000e+00,2.259137e-05
RANS_SA_WD_0.10-0.15_ConsGalerkinProj_OneShot_SF2_Second,SA,263,63,1.160240e-04,7.235780e-06,7.000000e-06,0.000000e+00,2.257697e-05
RANS_SA_WD_0.10-0.15_ConsGalerkinProj_OneShot_SF2_Second,SA,264,64,1.161665e-04,7.214120e-06,7.000000e-06,0.000000e+00,2.257653e-05
RANS_SA_WD_0.10-0.15_ConsGalerkinProj_OneShot_SF2_Second,SA,265,65,1.163318e-04,7.197720e-06,7.000000e-06,0.000000e+00,2.258703e-05
RANS_SA_WD_0.10-0.15_ConsGalerkinProj_OneShot_SF2_Second,SA,266,66,1.165289e-04,7.185060e-06,7.000000e-06,0.000000e+00,2.260223e-05
RANS_SA_WD_0.10-0.15_ConsGalerkinProj_OneShot_SF2_Second,SA,267,67,1.167586e-04,7.176370e-06,7.000000e-06,0.000000e+00,2.261484e-05
RANS_SA_WD_0.10-0.15_ConsGalerkinProj_OneShot_SF2_Second,SA,268,68,1.169990e-04,7.168850e-06,7.000000e-06,0.000000e+00,2.262041e-05
RANS_SA_WD_0.10-0.15_ConsGalerkinProj_OneShot_SF2_Second,SA,269,69,1.172065e-04,7.160200e-06,7.000000e-06,0.000000e+00,2.261600e-05
RANS_SA_WD_0.10-0.15_ConsGalerkinProj_OneShot_SF2_Second,SA,270,70,1.173931e-04,7.148900e-06,7.000000e-06,0.000000e+00,2.260220e-05
RANS_SA_WD_0.10-0.15_ConsGalerkinProj_OneShot_SF2_Second,SA,271,71,1.175691e-04,7.136040e-06,7.000000e-06,0.000000e+00,2.258358e-05
RANS_SA_WD_0.10-0.15_ConsGalerkinProj_OneShot_SF2_Second,SA,272,72,1.177293e-04,7.121120e-06,7.000000e-06,0.000000e+00,2.256438e-05
RANS_SA_WD_0.10-0.15_ConsGalerkinProj_OneShot_SF2_Second,SA,273,73,1.178663e-04,7.103350e-06,7.000000e-06,0.000000e+00,2.254658e-05
RANS_SA_WD_0.10-0.15_ConsGalerkinProj_OneShot_SF2_Second,SA,274,74,1.179754e-04,7.082140e-06,7.000000e-06,0.000000e+00,2.252784e-05
RANS_SA_WD_0.10-0.15_ConsGalerkinProj_OneShot_SF2_Second,SA,275,75,1.180594e-04,7.057620e-06,6.000000e-06,0.000000e+00,2.250506e-05
RANS_SA_WD_0.10-0.15_ConsGalerkinProj_OneShot_SF2_Second,SA,276,76,1.181220e-04,7.033000e-06,6.000000e-06,0.000000e+00,2.247964e-05
RANS_SA_WD_0.10-0.15_ConsGalerkinProj_OneShot_SF2_Second,SA,277,77,1.181841e-04,7.007600e-06,6.000000e-06,0.000000e+00,2.245104e-05
RANS_SA_WD_0.10-0.15_ConsGalerkinProj_OneShot_SF2_Second,SA,278,78,1.182713e-04,6.984400e-06,6.000000e-06,0.000000e+00,2.242451e-05
RANS_SA_WD_0.10-0.15_ConsGalerkinProj_OneShot_SF2_Second,SA,279,79,1.183904e-04,6.964280e-06,6.000000e-06,0.000000e+00,2.240431e-05
RANS_SA_WD_0.10-0.15_ConsGalerkinProj_OneShot_SF2_Second,SA,280,80,1.185350e-04,6.946880e-06,6.000000e-06,0.000000e+00,2.239239e-05
RANS_SA_WD_0.10-0.15_ConsGalerkinProj_OneShot_SF2_Second,SA,281,81,1.186926e-04,6.931380e-06,6.000000e-06,0.000000e+00,2.238734e-05
RANS_SA_WD_0.10-0.15_ConsGalerkinProj_OneShot_SF2_Second,SA,282,82,1.188525e-04,6.917030e-06,6.000000e-06,0.000000e+00,2.238606e-05
RANS_SA_WD_0.10-0.15_ConsGalerkinProj_OneShot_SF2_Second,SA,283,83,1.190077e-04,6.903250e-06,6.000000e-06,0.000000e+00,2.238548e-05
RANS_SA_WD_0.10-0.15_ConsGalerkinProj_OneShot_SF2_Second,SA,284,84,1.191538e-04,6.889390e-06,6.000000e-06,0.000000e+00,2.238325e-05
RANS_SA_WD_0.10-0.15_ConsGalerkinProj_OneShot_SF2_Second,SA,285,85,1.192883e-04,6.874710e-06,6.000000e-06,0.000000e+00,2.237761e-05
RANS_SA_WD_0.10-0.15_ConsGalerkinProj_OneShot_SF2_Second,SA,286,86,1.194104e-04,6.858630e-06,6.000000e-06,0.000000e+00,2.236727e-05
RANS_SA_WD_0.10-0.15_ConsGalerkinProj_OneShot_SF2_Second,SA,287,87,1.195202e-04,6.840740e-06,6.000000e-06,0.000000e+00,2.235168e-05
RANS_SA_WD_0.10-0.15_ConsGalerkinProj_OneShot_SF2_Second,SA,288,88,1.196197e-04,6.820980e-06,6.000000e-06,0.000000e+00,2.233136e-05
RANS_SA_WD_0.10-0.15_ConsGalerkinProj_OneShot_SF2_Second,SA,289,89,1.197118e-04,6.799600e-06,6.000000e-06,0.000000e+00,2.230797e-05
RANS_SA_WD_0.10-0.15_ConsGalerkinProj_OneShot_SF2_Second,SA,290,90,1.198004e-04,6.777120e-06,6.000000e-06,0.000000e+00,2.228403e-05
RANS_SA_WD_0.10-0.15_ConsGalerkinProj_OneShot_SF2_Second,SA,291,91,1.198903e-04,6.754240e-06,6.000000e-06,0.000000e+00,2.226229e-05
RANS_SA_WD_0.10-0.15_ConsGalerkinProj_OneShot_SF2_Second,SA,292,92,1.199859e-04,6.731790e-06,6.000000e-06,0.000000e+00,2.224505e-05
RANS_SA_WD_0.10-0.15_ConsGalerkinProj_OneShot_SF2_Second,SA,293,93,1.200910e-04,6.710490e-06,6.000000e-06,0.000000e+00,2.223351e-05
RANS_SA_WD_0.10-0.15_ConsGalerkinProj_OneShot_SF2_Second,SA,294,94,1.202083e-04,6.690820e-06,6.000000e-06,0.000000e+00,2.222747e-05
RANS_SA_WD_0.10-0.15_ConsGalerkinProj_OneShot_SF2_Second,SA,295,95,1.203383e-04,6.672910e-06,6.000000e-06,0.000000e+00,2.222548e-05
RANS_SA_WD_0.10-0.15_ConsGalerkinProj_OneShot_SF2_Second,SA,296,96,1.204800e-04,6.656640e-06,6.000000e-06,0.000000e+00,2.222534e-05
RANS_SA_WD_0.10-0.15_ConsGalerkinProj_OneShot_SF2_Second,SA,297,97,1.206300e-04,6.641520e-06,6.000000e-06,0.000000e+00,2.222473e-05
RANS_SA_WD_0.10-0.15_ConsGalerkinProj_OneShot_SF2_Second,SA,298,98,1.207834e-04,6.626950e-06,6.000000e-06,0.000000e+00,2.222181e-05
RANS_SA_WD_0.10-0.15_ConsGalerkinProj_OneShot_SF2_Second,SA,299,99,1.209343e-04,6.612230e-06,6.000000e-06,0.000000e+00,2.221548e-05
RANS_SA_WD_0.10-0.15_ConsGalerkinProj_OneShot_SF2_Second,SA,300,100,1.210762e-04,6.596750e-06,6.000000e-06,0.000000e+00,2.220540e-05
RANS_SA_WD_0.10-0.15_ConsGalerkinProj_OneShot_SF2_Second,SA,301,101,1.212037e-04,6.580050e-06,6.000000e-06,0.000000e+00,2.219181e-05
RANS_SA_WD_0.10-0.15_ConsGalerkinProj_OneShot_SF2_Second,SA,302,102,1.213132e-04,6.561920e-06,6.000000e-06,0.000000e+00,2.217532e-05
RANS_SA_WD_0.10-0.15_ConsGalerkinProj_OneShot_SF2_Second,SA,303,103,1.214041e-04,6.542450e-06,6.000000e-06,0.000000e+00,2.215675e-05
RANS_SA_WD_0.10-0.15_ConsGalerkinProj_OneShot_SF2_Second,SA,304,104,1.214793e-04,6.522010e-06,6.000000e-06,0.000000e+00,2.213705e-05
RANS_SA_WD_0.10-0.15_ConsGalerkinProj_OneShot_SF2_Second,SA,305,105,1.215447e-04,6.501140e-06,6.000000e-06,0.000000e+00,2.211719e-05
RANS_SA_WD_0.10-0.15_ConsGalerkinProj_OneShot_SF2_Second,SA,306,106,1.216084e-04,6.480480e-06,6.000000e-06,0.000000e+00,2.209809e-05
RANS_SA_WD_0.10-0.15_ConsGalerkinProj_OneShot_SF2_Second,SA,307,107,1.216779e-04,6.460500e-06,6.000000e-06,0.000000e+00,2.208043e-05
RANS_SA_WD_0.10-0.15_ConsGalerkinProj_OneShot_SF2_Second,SA,308,108,1.217591e-04,6.441490e-06,6.000000e-06,0.000000e+00,2.206462e-05
RANS_SA_WD_0.10-0.15_ConsGalerkinProj_OneShot_SF2_Second,SA,309,109,1.218553e-04,6.423450e-06,6.000000e-06,0.000000e+00,2.205078e-05
RANS_SA_WD_0.10-0.15_ConsGalerkinProj_OneShot_SF2_Second,SA,310,110,1.219651e-04,6.406140e-06,6.000000e-06,0.000000e+00,2.203885e-05
RANS_SA_WD_0.10-0.15_ConsGalerkinProj_OneShot_SF2_Second,SA,311,111,1.220850e-04,6.389190e-06,6.000000e-06,0.000000e+00,2.202870e-05
RANS_SA_WD_0.10-0.15_ConsGalerkinProj_OneShot_SF2_Second,SA,312,112,1.222087e-04,6.372230e-06,6.000000e-06,0.000000e+00,2.202012e-05
RANS_SA_WD_0.10-0.15_ConsGalerkinProj_OneShot_SF2_Second,SA,313,113,1.223298e-04,6.355020e-06,6.000000e-06,0.000000e+00,2.201270e-05
RANS_SA_WD_0.10-0.15_ConsGalerkinProj_OneShot_SF2_Second,SA,314,114,1.224424e-04,6.337440e-06,6.000000e-06,0.000000e+00,2.200566e-05
RANS_SA_WD_0.10-0.15_ConsGalerkinProj_OneShot_SF2_Second,SA,315,115,1.225428e-04,6.319600e-06,6.000000e-06,0.000000e+00,2.199781e-05
RANS_SA_WD_0.10-0.15_ConsGalerkinProj_OneShot_SF2_Second,SA,316,116,1.226295e-04,6.301650e-06,6.000000e-06,0.000000e+00,2.198780e-05
RANS_SA_WD_0.10-0.15_ConsGalerkinProj_OneShot_SF2_Second,SA,317,117,1.227043e-04,6.283820e-06,6.000000e-06,0.000000e+00,2.197457e-05
RANS_SA_WD_0.10-0.15_ConsGalerkinProj_OneShot_SF2_Second,SA,318,118,1.227709e-04,6.266260e-06,6.000000e-06,0.000000e+00,2.195792e-05
RANS_SA_WD_0.10-0.15_ConsGalerkinProj_OneShot_SF2_Second,SA,319,119,1.228351e-04,6.249070e-06,6.000000e-06,0.000000e+00,2.193881e-05
RANS_SA_WD_0.10-0.15_ConsGalerkinProj_OneShot_SF2_Second,SA,320,120,1.229032e-04,6.232270e-06,6.000000e-06,0.000000e+00,2.191927e-05
RANS_SA_WD_0.10-0.15_ConsGalerkinProj_OneShot_SF2_Second,SA,321,121,1.229806e-04,6.215850e-06,6.000000e-06,0.000000e+00,2.190182e-05
RANS_SA_WD_0.10-0.15_ConsGalerkinProj_OneShot_SF2_Second,SA,322,122,1.230709e-04,6.199820e-06,6.000000e-06,0.000000e+00,2.188873e-05
RANS_SA_WD_0.10-0.15_ConsGalerkinProj_OneShot_SF2_Second,SA,323,123,1.231751e-04,6.184190e-06,6.000000e-06,0.000000e+00,2.188123e-05
RANS_SA_WD_0.10-0.15_ConsGalerkinProj_OneShot_SF2_Second,SA,324,124,1.232911e-04,6.169020e-06,6.000000e-06,0.000000e+00,2.187909e-05
RANS_SA_WD_0.10-0.15_ConsGalerkinProj_OneShot_SF2_Second,SA,325,125,1.234147e-04,6.154340e-06,6.000000e-06,0.000000e+00,2.188062e-05
RANS_SA_WD_0.10-0.15_ConsGalerkinProj_OneShot_SF2_Second,SA,326,126,1.235398e-04,6.140100e-06,6.000000e-06,0.000000e+00,2.188315e-05
RANS_SA_WD_0.10-0.15_ConsGalerkinProj_OneShot_SF2_Second,SA,327,127,1.236600e-04,6.126130e-06,6.000000e-06,0.000000e+00,2.188370e-05
RANS_SA_WD_0.10-0.15_ConsGalerkinProj_OneShot_SF2_Second,SA,328,128,1.237690e-04,6.112180e-06,5.000000e-06,0.000000e+00,2.187981e-05
RANS_SA_WD_0.10-0.15_ConsGalerkinProj_OneShot_SF2_Second,SA,329,129,1.238626e-04,6.097930e-06,5.000000e-06,0.000000e+00,2.187007e-05
RANS_SA_WD_0.10-0.15_ConsGalerkinProj_OneShot_SF2_Second,SA,330,130,1.239389e-04,6.083040e-06,5.000000e-06,0.000000e+00,2.185445e-05
RANS_SA_WD_0.10-0.15_ConsGalerkinProj_OneShot_SF2_Second,SA,331,131,1.239982e-04,6.067280e-06,5.000000e-06,0.000000e+00,2.183418e-05
RANS_SA_WD_0.10-0.15_ConsGalerkinProj_OneShot_SF2_Second,SA,332,132,1.240438e-04,6.050520e-06,5.000000e-06,0.000000e+00,2.181138e-05
RANS_SA_WD_0.10-0.15_ConsGalerkinProj_OneShot_SF2_Second,SA,333,133,1.240805e-04,6.032840e-06,5.000000e-06,0.000000e+00,2.178842e-05
RANS_SA_WD_0.10-0.15_ConsGalerkinProj_OneShot_SF2_Second,SA,334,134,1.241143e-04,6.014480e-06,5.000000e-06,0.000000e+00,2.176741e-05
RANS_SA_WD_0.10-0.15_ConsGalerkinProj_OneShot_SF2_Second,SA,335,135,1.241515e-04,5.995850e-06,5.000000e-06,0.000000e+00,2.174970e-05
RANS_SA_WD_0.10-0.15_ConsGalerkinProj_OneShot_SF2_Second,SA,336,136,1.241971e-04,5.977480e-06,5.000000e-06,0.000000e+00,2.173580e-05
RANS_SA_WD_0.10-0.15_ConsGalerkinProj_OneShot_SF2_Second,SA,337,137,1.242550e-04,5.959940e-06,5.000000e-06,0.000000e+00,2.172551e-05
RANS_SA_WD_0.10-0.15_ConsGalerkinProj_OneShot_SF2_Second,SA,338,138,1.243272e-04,5.943730e-06,5.000000e-06,0.000000e+00,2.171815e-05
RANS_SA_WD_0.10-0.15_ConsGalerkinProj_OneShot_SF2_Second,SA,339,139,1.244137e-04,5.929190e-06,5.000000e-06,0.000000e+00,2.171292e-05
RANS_SA_WD_0.10-0.15_ConsGalerkinProj_OneShot_SF2_Second,SA,340,140,1.245126e-04,5.916390e-06,5.000000e-06,0.000000e+00,2.170908e-05
RANS_SA_WD_0.10-0.15_ConsGalerkinProj_OneShot_SF2_Second,SA,341,141,1.246203e-04,5.905110e-06,5.000000e-06,0.000000e+00,2.170605e-05
RANS_SA_WD_0.10-0.15_ConsGalerkinProj_OneShot_SF2_Second,SA,342,142,1.247319e-04,5.894840e-06,5.000000e-06,0.000000e+00,2.170331e-05
RANS_SA_WD_0.10-0.15_ConsGalerkinProj_OneShot_SF2_Second,SA,343,143,1.248418e-04,5.884930e-06,5.000000e-06,0.000000e+00,2.170032e-05
RANS_SA_WD_0.10-0.15_ConsGalerkinProj_OneShot_SF2_Second,SA,344,144,1.249444e-04,5.874660e-06,5.000000e-06,0.000000e+00,2.169645e-05
RANS_SA_WD_0.10-0.15_ConsGalerkinProj_OneShot_SF2_Second,SA,345,145,1.250353e-04,5.863470e-06,5.000000e-06,0.000000e+00,2.169096e-05
RANS_SA_WD_0.10-0.15_ConsGalerkinProj_OneShot_SF2_Second,SA,346,146,1.251115e-04,5.851010e-06,5.000000e-06,0.000000e+00,2.168315e-05
RANS_SA_WD_0.10-0.15_ConsGalerkinProj_OneShot_SF2_Second,SA,347,147,1.251722e-04,5.837220e-06,5.000000e-06,0.000000e+00,2.167251e-05
RANS_SA_WD_0.10-0.15_ConsGalerkinProj_OneShot_SF2_Second,SA,348,148,1.252186e-04,5.822270e-06,5.000000e-06,0.000000e+00,2.165888e-05
RANS_SA_WD_0.10-0.15_ConsGalerkinProj_OneShot_SF2_Second,SA,349,149,1.252541e-04,5.806520e-06,5.000000e-06,0.000000e+00,2.164256e-05
RANS_SA_WD_0.10-0.15_ConsGalerkinProj_OneShot_SF2_Second,SA,350,150,1.252831e-04,5.790430e-06,5.000000e-06,0.000000e+00,2.162429e-05
RANS_SA_WD_0.10-0.15_ConsGalerkinProj_OneShot_SF2_Second,SA,351,151,1.253105e-04,5.774420e-06,5.000000e-06,0.000000e+00,2.160518e-05
RANS_SA_WD_0.10-0.15_ConsGalerkinProj_OneShot_SF2_Second,SA,352,152,1.253405e-04,5.758850e-06,5.000000e-06,0.000000e+00,2.158652e-05
RANS_SA_WD_0.10-0.15_ConsGalerkinProj_OneShot_SF2_Second,SA,353,153,1.253765e-04,5.744000e-06,5.000000e-06,0.000000e+00,2.156954e-05
RANS_SA_WD_0.10-0.15_ConsGalerkinProj_OneShot_SF2_Second,SA,354,154,1.254204e-04,5.729980e-06,5.000000e-06,0.000000e+00,2.155522e-05
RANS_SA_WD_0.10-0.15_ConsGalerkinProj_OneShot_SF2_Second,SA,355,155,1.254725e-04,5.716880e-06,5.000000e-06,0.000000e+00,2.154408e-05
RANS_SA_WD_0.10-0.15_ConsGalerkinProj_OneShot_SF2_Second,SA,356,156,1.255323e-04,5.704640e-06,5.000000e-06,0.000000e+00,2.153614e-05
RANS_SA_WD_0.10-0.15_ConsGalerkinProj_OneShot_SF2_Second,SA,357,157,1.255982e-04,5.693200e-06,5.000000e-06,0.000000e+00,2.153084e-05
RANS_SA_WD_0.10-0.15_ConsGalerkinProj_OneShot_SF2_Second,SA,358,158,1.256685e-04,5.682410e-06,5.000000e-06,0.000000e+00,2.152716e-05
RANS_SA_WD_0.10-0.15_ConsGalerkinProj_OneShot_SF2_Second,SA,359,159,1.257411e-04,5.672120e-06,5.000000e-06,0.000000e+00,2.152388e-05
RANS_SA_WD_0.10-0.15_ConsGalerkinProj_OneShot_SF2_Second,SA,360,160,1.258139e-04,5.662130e-06,5.000000e-06,0.000000e+00,2.151980e-05
RANS_SA_WD_0.10-0.15_ConsGalerkinProj_OneShot_SF2_Second,SA,361,161,1.258851e-04,5.652200e-06,5.000000e-06,0.000000e+00,2.151407e-05
RANS_SA_WD_0.10-0.15_ConsGalerkinProj_OneShot_SF2_Second,SA,362,162,1.259529e-04,5.642100e-06,5.000000e-06,0.000000e+00,2.150635e-05
RANS_SA_WD_0.10-0.15_ConsGalerkinProj_OneShot_SF2_Second,SA,363,163,1.260160e-04,5.631580e-06,5.000000e-06,0.000000e+00,2.149687e-05
RANS_SA_WD_0.10-0.15_ConsGalerkinProj_OneShot_SF2_Second,SA,364,164,1.260735e-04,5.620480e-06,5.000000e-06,0.000000e+00,2.148627e-05
RANS_SA_WD_0.10-0.15_ConsGalerkinProj_OneShot_SF2_Second,SA,365,165,1.261253e-04,5.608770e-06,5.000000e-06,0.000000e+00,2.147537e-05
RANS_SA_WD_0.10-0.15_ConsGalerkinProj_OneShot_SF2_Second,SA,366,166,1.261718e-04,5.596530e-06,5.000000e-06,0.000000e+00,2.146488e-05
RANS_SA_WD_0.10-0.15_ConsGalerkinProj_OneShot_SF2_Second,SA,367,167,1.262141e-04,5.584050e-06,5.000000e-06,0.000000e+00,2.145512e-05
RANS_SA_WD_0.10-0.15_ConsGalerkinProj_OneShot_SF2_Second,SA,368,168,1.262535e-04,5.571660e-06,5.000000e-06,0.000000e+00,2.144598e-05
RANS_SA_WD_0.10-0.15_ConsGalerkinProj_OneShot_SF2_Second,SA,369,169,1.262917e-04,5.559700e-06,5.000000e-06,0.000000e+00,2.143704e-05
RANS_SA_WD_0.10-0.15_ConsGalerkinProj_OneShot_SF2_Second,SA,370,170,1.263298e-04,5.548400e-06,5.000000e-06,0.000000e+00,2.142779e-05
RANS_SA_WD_0.10-0.15_ConsGalerkinProj_OneShot_SF2_Second,SA,371,171,1.263694e-04,5.537830e-06,5.000000e-06,0.000000e+00,2.141792e-05
RANS_SA_WD_0.10-0.15_ConsGalerkinProj_OneShot_SF2_Second,SA,372,172,1.264111e-04,5.527910e-06,5.000000e-06,0.000000e+00,2.140749e-05
RANS_SA_WD_0.10-0.15_ConsGalerkinProj_OneShot_SF2_Second,SA,373,173,1.264556e-04,5.518420e-06,5.000000e-06,0.000000e+00,2.139700e-05
RANS_SA_WD_0.10-0.15_ConsGalerkinProj_OneShot_SF2_Second,SA,374,174,1.265031e-04,5.509200e-06,5.000000e-06,0.000000e+00,2.138718e-05
RANS_SA_WD_0.10-0.15_ConsGalerkinProj_OneShot_SF2_Second,SA,375,175,1.265536e-04,5.500080e-06,5.000000e-06,0.000000e+00,2.137877e-05
RANS_SA_WD_0.10-0.15_ConsGalerkinProj_OneShot_SF2_Second,SA,376,176,1.266066e-04,5.491000e-06,5.000000e-06,0.000000e+00,2.137217e-05
RANS_SA_WD_0.10-0.15_ConsGalerkinProj_OneShot_SF2_Second,SA,377,177,1.266612e-04,5.481960e-06,5.000000e-06,0.000000e+00,2.136729e-05
RANS_SA_WD_0.10-0.15_ConsGalerkinProj_OneShot_SF2_Second,SA,378,178,1.267163e-04,5.472980e-06,5.000000e-06,0.000000e+00,2.136353e-05
RANS_SA_WD_0.10-0.15_ConsGalerkinProj_OneShot_SF2_Second,SA,379,179,1.267709e-04,5.464060e-06,5.000000e-06,0.000000e+00,2.135997e-05
RANS_SA_WD_0.10-0.15_ConsGalerkinProj_OneShot_SF2_Second,SA,380,180,1.268237e-04,5.455150e-06,5.000000e-06,0.000000e+00,2.135562e-05
RANS_SA_WD_0.10-0.15_ConsGalerkinProj_OneShot_SF2_Second,SA,381,181,1.268741e-04,5.446150e-06,5.000000e-06,0.000000e+00,2.134979e-05
RANS_SA_WD_0.10-0.15_ConsGalerkinProj_OneShot_SF2_Second,SA,382,182,1.269215e-04,5.436980e-06,5.000000e-06,0.000000e+00,2.134225e-05
RANS_SA_WD_0.10-0.15_ConsGalerkinProj_OneShot_SF2_Second,SA,383,183,1.269659e-04,5.427570e-06,5.000000e-06,0.000000e+00,2.133323e-05
RANS_SA_WD_0.10-0.15_ConsGalerkinProj_OneShot_SF2_Second,SA,384,184,1.270073e-04,5.417910e-06,5.000000e-06,0.000000e+00,2.132338e-05
RANS_SA_WD_0.10-0.15_ConsGalerkinProj_OneShot_SF2_Second,SA,385,185,1.270460e-04,5.408010e-06,5.000000e-06,0.000000e+00,2.131340e-05
RANS_SA_WD_0.10-0.15_ConsGalerkinProj_OneShot_SF2_Second,SA,386,186,1.270823e-04,5.397950e-06,5.000000e-06,0.000000e+00,2.130390e-05
RANS_SA_WD_0.10-0.15_ConsGalerkinProj_OneShot_SF2_Second,SA,387,187,1.271166e-04,5.387810e-06,5.000000e-06,0.000000e+00,2.129516e-05
RANS_SA_WD_0.10-0.15_ConsGalerkinProj_OneShot_SF2_Second,SA,388,188,1.271491e-04,5.377670e-06,5.000000e-06,0.000000e+00,2.128712e-05
RANS_SA_WD_0.10-0.15_ConsGalerkinProj_OneShot_SF2_Second,SA,389,189,1.271805e-04,5.367640e-06,5.000000e-06,0.000000e+00,2.127951e-05
RANS_SA_WD_0.10-0.15_ConsGalerkinProj_OneShot_SF2_Second,SA,390,190,1.272115e-04,5.357830e-06,5.000000e-06,0.000000e+00,2.127198e-05
RANS_SA_WD_0.10-0.15_ConsGalerkinProj_OneShot_SF2_Second,SA,391,191,1.272429e-04,5.348340e-06,5.000000e-06,0.000000e+00,2.126427e-05
RANS_SA_WD_0.10-0.15_ConsGalerkinProj_OneShot_SF2_Second,SA,392,192,1.272756e-04,5.339260e-06,5.000000e-06,0.000000e+00,2.125635e-05
RANS_SA_WD_0.10-0.15_ConsGalerkinProj_OneShot_SF2_Second,SA,393,193,1.273102e-04,5.330650e-06,5.000000e-06,0.000000e+00,2.124839e-05
RANS_SA_WD_0.10-0.15_ConsGalerkinProj_OneShot_SF2_Second,SA,394,194,1.273472e-04,5.322520e-06,5.000000e-06,0.000000e+00,2.124071e-05
RANS_SA_WD_0.10-0.15_ConsGalerkinProj_OneShot_SF2_Second,SA,395,195,1.273868e-04,5.314830e-06,5.000000e-06,0.000000e+00,2.123365e-05
RANS_SA_WD_0.10-0.15_ConsGalerkinProj_OneShot_SF2_Second,SA,396,196,1.274284e-04,5.307510e-06,5.000000e-06,0.000000e+00,2.122747e-05
RANS_SA_WD_0.10-0.15_ConsGalerkinProj_OneShot_SF2_Second,SA,397,197,1.274716e-04,5.300430e-06,5.000000e-06,0.000000e+00,2.122224e-05
RANS_SA_WD_0.10-0.15_ConsGalerkinProj_OneShot_SF2_Second,SA,398,198,1.275151e-04,5.293510e-06,5.000000e-06,0.000000e+00,2.121786e-05
RANS_SA_WD_0.10-0.15_ConsGalerkinProj_OneShot_SF2_Second,SA,399,199,1.275582e-04,5.286650e-06,5.000000e-06,0.000000e+00,2.121401e-05
RANS_SA_WD_0.10-0.15_ConsGalerkinProj_OneShot_Second,SA,200,0,2.035940e-05,2.192570e-06,2.000000e-06,0.000000e+00,5.305810e-06
RANS_SA_WD_0.10-0.15_ConsGalerkinProj_OneShot_Second,SA,201,1,3.358000e-05,4.679460e-06,4.000000e-06,0.000000e+00,1.053421e-05
RANS_SA_WD_0.10-0.15_ConsGalerkinProj_OneShot_Second,SA,202,2,4.068440e-05,5.535530e-06,5.000000e-06,0.000000e+00,1.253381e-05
RANS_SA_WD_0.10-0.15_ConsGalerkinProj_OneShot_Second,SA,203,3,4.439110e-05,5.517710e-06,5.000000e-06,0.000000e+00,1.222465e-05
RANS_SA_WD_0.10-0.15_ConsGalerkinProj_OneShot_Second,SA,204,4,4.634350e-05,5.147060e-06,5.000000e-06,0.000000e+00,1.121438e-05
RANS_SA_WD_0.10-0.15_ConsGalerkinProj_OneShot_Second,SA,205,5,4.818150e-05,4.617390e-06,4.000000e-06,0.000000e+00,1.036243e-05
RANS_SA_WD_0.10-0.15_ConsGalerkinProj_OneShot_Second,SA,206,6,5.044510e-05,4.158210e-06,4.000000e-06,0.000000e+00,9.935150e-06
RANS_SA_WD_0.10-0.15_ConsGalerkinProj_OneShot_Second,SA,207,7,5.227000e-05,3.851530e-06,3.000000e-06,0.000000e+00,9.889755e-06
RANS_SA_WD_0.10-0.15_ConsGalerkinProj_OneShot_Second,SA,208,8,5.312220e-05,3.713960e-06,3.000000e-06,0.000000e+00,1.000275e-05
RANS_SA_WD_0.10-0.15_ConsGalerkinProj_OneShot_Second,SA,209,9,5.263190e-05,3.694370e-06,3.000000e-06,0.000000e+00,1.012664e-05
RANS_SA_WD_0.10-0.15_ConsGalerkinProj_OneShot_Second,SA,210,10,5.110880e-05,3.751880e-06,3.000000e-06,0.000000e+00,1.020035e-05
RANS_SA_WD_0.10-0.15_ConsGalerkinProj_OneShot_Second,SA,211,11,4.922770e-05,3.846980e-06,3.000000e-06,0.000000e+00,1.021362e-05
RANS_SA_WD_0.10-0.15_ConsGalerkinProj_OneShot_Second,SA,212,12,4.760330e-05,3.945930e-06,3.000000e-06,0.000000e+00,1.018715e-05
RANS_SA_WD_0.10-0.15_ConsGalerkinProj_OneShot_Second,SA,213,13,4.663980e-05,4.058830e-06,4.000000e-06,0.000000e+00,1.016831e-05
RANS_SA_WD_0.10-0.15_ConsGalerkinProj_OneShot_Second,SA,214,14,4.635360e-05,4.165110e-06,4.000000e-06,0.000000e+00,1.019234e-05
RANS_SA_WD_0.10-0.15_ConsGalerkinProj_OneShot_Second,SA,215,15,4.650740e-05,4.240190e-06,4.000000e-06,0.000000e+00,1.024953e-05
RANS_SA_WD_0.10-0.15_ConsGalerkinProj_OneShot_Second,SA,216,16,4.680870e-05,4.295430e-06,4.000000e-06,0.000000e+00,1.030655e-05
RANS_SA_WD_0.10-0.15_ConsGalerkinProj_OneShot_Second,SA,217,17,4.707890e-05,4.341680e-06,4.000000e-06,0.000000e+00,1.034595e-05
RANS_SA_WD_0.10-0.15_ConsGalerkinProj_OneShot_Second,SA,218,18,4.729030e-05,4.364990e-06,4.000000e-06,0.000000e+00,1.037455e-05
RANS_SA_WD_0.10-0.15_ConsGalerkinProj_OneShot_Second,SA,219,19,4.747620e-05,4.367820e-06,4.000000e-06,0.000000e+00,1.041107e-05
RANS_SA_WD_0.10-0.15_ConsGalerkinProj_OneShot_Second,SA,220,20,4.768250e-05,4.373880e-06,4.000000e-06,0.000000e+00,1.044878e-05
RANS_SA_WD_0.10-0.15_ConsGalerkinProj_OneShot_Second,SA,221,21,4.795230e-05,4.404170e-06,4.000000e-06,0.000000e+00,1.043401e-05
RANS_SA_WD_0.10-0.15_ConsGalerkinProj_OneShot_Second,SA,222,22,4.830100e-05,4.437080e-06,4.000000e-06,0.000000e+00,1.055164e-05
RANS_SA_WD_0.10-0.15_ConsGalerkinProj_OneShot_Second,SA,223,23,4.868030e-05,4.455460e-06,4.000000e-06,0.000000e+00,1.068153e-05
RANS_SA_WD_0.10-0.15_ConsGalerkinProj_OneShot_Second,SA,224,24,4.907660e-05,4.475060e-06,4.000000e-06,0.000000e+00,1.077586e-05
RANS_SA_WD_0.10-0.15_ConsGalerkinProj_OneShot_Second,SA,225,25,4.946570e-05,4.493350e-06,4.000000e-06,0.000000e+00,1.084718e-05
RANS_SA_WD_0.10-0.15_ConsGalerkinProj_OneShot_Second,SA,226,26,4.984970e-05,4.509830e-06,4.000000e-06,0.000000e+00,1.091520e-05
RANS_SA_WD_0.10-0.15_ConsGalerkinProj_OneShot_Second,SA,227,27,5.021080e-05,4.521940e-06,4.000000e-06,0.000000e+00,1.097645e-05
RANS_SA_WD_0.10-0.15_ConsGalerkinProj_OneShot_Second,SA,228,28,5.049670e-05,4.519790e-06,4.000000e-06,0.000000e+00,1.100717e-05
RANS_SA_WD_0.10-0.15_ConsGalerkinProj_OneShot_Second,SA,229,29,5.065290e-05,4.492070e-06,4.000000e-06,0.000000e+00,1.097316e-05
RANS_SA_WD_0.10-0.15_ConsGalerkinProj_OneShot_Second,SA,230,30,5.073560e-05,4.449020e-06,4.000000e-06,0.000000e+00,1.089848e-05
RANS_SA_WD_0.10-0.15_ConsGalerkinProj_OneShot_Second,SA,231,31,5.066060e-05,4.378090e-06,4.000000e-06,0.000000e+00,1.074473e-05
RANS_SA_WD_0.10-0.15_ConsGalerkinProj_OneShot_Second,SA,232,32,5.058120e-05,4.308440e-06,4.000000e-06,0.000000e+00,1.060136e-05
RANS_SA_WD_0.10-0.15_ConsGalerkinProj_OneShot_Second,SA,233,33,5.051770e-05,4.243580e-06,4.000000e-06,0.000000e+00,1.047605e-05
RANS_SA_WD_0.10-0.15_ConsGalerkinProj_OneShot_Second,SA,234,34,5.044530e-05,4.181200e-06,4.000000e-06,0.000000e+00,1.034930e-05
RANS_SA_WD_0.10-0.15_ConsGalerkinProj_OneShot_Second,SA,235,35,5.056210e-05,4.145020e-06,4.000000e-06,0.000000e+00,1.031618e-05
RANS_SA_WD_0.10-0.15_ConsGalerkinProj_OneShot_Second,SA,236,36,5.123110e-05,4.161610e-06,4.000000e-06,0.000000e+00,1.054675e-05
RANS_SA_WD_0.10-0.15_ConsGalerkinProj_OneShot_Second,SA,237,37,5.172640e-05,4.177970e-06,4.000000e-06,0.000000e+00,1.063066e-05
RANS_SA_WD_0.10-0.15_ConsGalerkinProj_OneShot_Second,SA,238,38,5.184040e-05,4.167490e-06,4.000000e-06,0.000000e+00,1.051253e-05
RANS_SA_WD_0.10-0.15_ConsGalerkinProj_OneShot_Second,SA,239,39,5.188010e-05,4.157650e-06,4.000000e-06,0.000000e+00,1.039172e-05
RANS_SA_WD_0.10-0.15_ConsGalerkinProj_OneShot_Second,SA,240,40,5.179750e-05,4.138760e-06,4.000000e-06,0.000000e+00,1.025551e-05
RANS_SA_WD_0.10-0.15_ConsGalerkinProj_OneShot_Second,SA,241,41,5.167200e-05,4.114820e-06,4.000000e-06,0.000000e+00,1.015611e-05
RANS_SA_WD_0.10-0.15_ConsGalerkinProj_OneShot_Second,SA,242,42,5.164470e-05,4.098730e-06,4.000000e-06,0.000000e+00,1.013640e-05
RANS_SA_WD_0.10-0.15_ConsGalerkinProj_OneShot_Second,SA,243,43,5.171750e-05,4.092180e-06,4.000000e-06,0.000000e+00,1.016951e-05
RANS_SA_WD_0.10-0.15_ConsGalerkinProj_OneShot_Second,SA,244,44,5.195320e-05,4.095980e-06,4.000000e-06,0.000000e+00,1.025095e-05
RANS_SA_WD_0.10-0.15_ConsGalerkinProj_OneShot_Second,SA,245,45,5.233230e-05,4.106110e-06,4.000000e-06,0.000000e+00,1.035569e-05
RANS_SA_WD_0.10-0.15_ConsGalerkinProj_OneShot_Second,SA,246,46,5.276680e-05,4.115010e-06,4.000000e-06,0.000000e+00,1.046166e-05
RANS_SA_WD_0.10-0.15_ConsGalerkinProj_OneShot_Second,SA,247,47,5.319690e-05,4.118910e-06,4.000000e-06,0.000000e+00,1.055926e-05
RANS_SA_WD_0.10-0.15_ConsGalerkinProj_OneShot_Second,SA,248,48,5.358930e-05,4.117660e-06,4.000000e-06,0.000000e+00,1.064734e-05
RANS_SA_WD_0.10-0.15_ConsGalerkinProj_OneShot_Second,SA,249,49,5.393540e-05,4.114030e-06,4.000000e-06,0.000000e+00,1.072534e-05
RANS_SA_WD_0.10-0.15_ConsGalerkinProj_OneShot_Second,SA,250,50,5.423880e-05,4.112380e-06,4.000000e-06,0.000000e+00,1.078824e-05
RANS_SA_WD_0.10-0.15_ConsGalerkinProj_OneShot_Second,SA,251,51,5.450630e-05,4.115200e-06,4.000000e-06,0.000000e+00,1.083156e-05
RANS_SA_WD_0.10-0.15_ConsGalerkinProj_OneShot_Second,SA,252,52,5.474350e-05,4.121430e-06,4.000000e-06,0.000000e+00,1.085597e-05
RANS_SA_WD_0.10-0.15_ConsGalerkinProj_OneShot_Second,SA,253,53,5.495140e-05,4.127670e-06,4.000000e-06,0.000000e+00,1.086542e-05
RANS_SA_WD_0.10-0.15_ConsGalerkinProj_OneShot_Second,SA,254,54,5.513930e-05,4.131020e-06,4.000000e-06,0.000000e+00,1.086280e-05
RANS_SA_WD_0.10-0.15_ConsGalerkinProj_OneShot_Second,SA,255,55,5.528000e-05,4.128450e-06,4.000000e-06,0.000000e+00,1.085061e-05
RANS_SA_WD_0.10-0.15_ConsGalerkinProj_OneShot_Second,SA,256,56,5.538860e-05,4.119140e-06,4.000000e-06,0.000000e+00,1.083106e-05
RANS_SA_WD_0.10-0.15_ConsGalerkinProj_OneShot_Second,SA,257,57,5.546260e-05,4.104360e-06,4.000000e-06,0.000000e+00,1.080250e-05
RANS_SA_WD_0.10-0.15_ConsGalerkinProj_OneShot_Second,SA,258,58,5.549250e-05,4.084300e-06,4.000000e-06,0.000000e+00,1.076176e-05
RANS_SA_WD_0.10-0.15_ConsGalerkinProj_OneShot_Second,SA,259,59,5.548270e-05,4.061570e-06,4.000000e-06,0.000000e+00,1.071337e-05
RANS_SA_WD_0.10-0.15_ConsGalerkinProj_OneShot_Second,SA,260,60,5.545100e-05,4.036180e-06,4.000000e-06,0.000000e+00,1.065752e-05
RANS_SA_WD_0.10-0.15_ConsGalerkinProj_OneShot_Second,SA,261,61,5.542840e-05,4.012610e-06,4.000000e-06,0.000000e+00,1.060941e-05
RANS_SA_WD_0.10-0.15_ConsGalerkinProj_OneShot_Second,SA,262,62,5.542580e-05,3.990490e-06,3.000000e-06,0.000000e+00,1.057142e-05
RANS_SA_WD_0.10-0.15_ConsGalerkinProj_OneShot_Second,SA,263,63,5.546570e-05,3.972400e-06,3.000000e-06,0.000000e+00,1.055327e-05
RANS_SA_WD_0.10-0.15_ConsGalerkinProj_OneShot_Second,SA,264,64,5.555260e-05,3.959720e-06,3.000000e-06,0.000000e+00,1.055837e-05
RANS_SA_WD_0.10-0.15_ConsGalerkinProj_OneShot_Second,SA,265,65,5.567100e-05,3.952560e-06,3.000000e-06,0.000000e+00,1.058070e-05
RANS_SA_WD_0.10-0.15_ConsGalerkinProj_OneShot_Second,SA,266,66,5.582640e-05,3.949370e-06,3.000000e-06,0.000000e+00,1.061552e-05
RANS_SA_WD_0.10-0.15_ConsGalerkinProj_OneShot_Second,SA,267,67,5.602150e-05,3.950140e-06,3.000000e-06,0.000000e+00,1.065743e-05
RANS_SA_WD_0.10-0.15_ConsGalerkinProj_OneShot_Second,SA,268,68,5.624510e-05,3.953730e-06,3.000000e-06,0.000000e+00,1.070203e-05
RANS_SA_WD_0.10-0.15_ConsGalerkinProj_OneShot_Second,SA,269,69,5.647640e-05,3.958270e-06,3.000000e-06,0.000000e+00,1.074289e-05
RANS_SA_WD_0.10-0.15_ConsGalerkinProj_OneShot_Second,SA,270,70,5.668000e-05,3.961820e-06,3.000000e-06,0.000000e+00,1.077322e-05
RANS_SA_WD_0.10-0.15_ConsGalerkinProj_OneShot_Second,SA,271,71,5.687070e-05,3.964190e-06,3.000000e-06,0.000000e+00,1.079626e-05
RANS_SA_WD_0.10-0.15_ConsGalerkinProj_OneShot_Second,SA,272,72,5.705070e-05,3.965420e-06,3.000000e-06,0.000000e+00,1.081298e-05
RANS_SA_WD_0.10-0.15_ConsGalerkinProj_OneShot_Second,SA,273,73,5.721680e-05,3.964830e-06,3.000000e-06,0.000000e+00,1.082687e-05
RANS_SA_WD_0.10-0.15_ConsGalerkinProj_OneShot_Second,SA,274,74,5.736400e-05,3.961290e-06,3.000000e-06,0.000000e+00,1.083996e-05
RANS_SA_WD_0.10-0.15_ConsGalerkinProj_OneShot_Second,SA,275,75,5.748710e-05,3.953680e-06,3.000000e-06,0.000000e+00,1.085110e-05
RANS_SA_WD_0.10-0.15_ConsGalerkinProj_OneShot_Second,SA,276,76,5.758550e-05,3.941800e-06,3.000000e-06,0.000000e+00,1.085868e-05
RANS_SA_WD_0.10-0.15_ConsGalerkinProj_OneShot_Second,SA,277,77,5.766390e-05,3.926560e-06,3.000000e-06,0.000000e+00,1.086178e-05
RANS_SA_WD_0.10-0.15_ConsGalerkinProj_OneShot_Second,SA,278,78,5.772920e-05,3.909600e-06,3.000000e-06,0.000000e+00,1.086037e-05
RANS_SA_WD_0.10-0.15_ConsGalerkinProj_OneShot_Second,SA,279,79,5.778950e-05,3.892670e-06,3.000000e-06,0.000000e+00,1.085531e-05
RANS_SA_WD_0.10-0.15_ConsGalerkinProj_OneShot_Second,SA,280,80,5.785270e-05,3.877260e-06,3.000000e-06,0.000000e+00,1.084830e-05
RANS_SA_WD_0.10-0.15_ConsGalerkinProj_OneShot_Second,SA,281,81,5.792560e-05,3.864450e-06,3.000000e-06,0.000000e+00,1.084151e-05
RANS_SA_WD_0.10-0.15_ConsGalerkinProj_OneShot_Second,SA,282,82,5.801290e-05,3.854660e-06,3.000000e-06,0.000000e+00,1.083707e-05
RANS_SA_WD_0.10-0.15_ConsGalerkinProj_OneShot_Second,SA,283,83,5.811630e-05,3.847750e-06,3.000000e-06,0.000000e+00,1.083669e-05
RANS_SA_WD_0.10-0.15_ConsGalerkinProj_OneShot_Second,SA,284,84,5.823420e-05,3.843080e-06,3.000000e-06,0.000000e+00,1.084127e-05
RANS_SA_WD_0.10-0.15_ConsGalerkinProj_OneShot_Second,SA,285,85,5.836310e-05,3.839760e-06,3.000000e-06,0.000000e+00,1.085067e-05
RANS_SA_WD_0.10-0.15_ConsGalerkinProj_OneShot_Second,SA,286,86,5.849820e-05,3.836900e-06,3.000000e-06,0.000000e+00,1.086363e-05
RANS_SA_WD_0.10-0.15_ConsGalerkinProj_OneShot_Second,SA,287,87,5.863390e-05,3.833600e-06,3.000000e-06,0.000000e+00,1.087798e-05
RANS_SA_WD_0.10-0.15_ConsGalerkinProj_OneShot_Second,SA,288,88,5.876600e-05,3.829160e-06,3.000000e-06,0.000000e+00,1.089105e-05
RANS_SA_WD_0.10-0.15_ConsGalerkinProj_OneShot_Second,SA,289,89,5.889110e-05,3.823130e-06,3.000000e-06,0.000000e+00,1.090043e-05
RANS_SA_WD_0.10-0.15_ConsGalerkinProj_OneShot_Second,SA,290,90,5.900760e-05,3.815370e-06,3.000000e-06,0.000000e+00,1.090461e-05
RANS_SA_WD_0.10-0.15_ConsGalerkinProj_OneShot_Second,SA,291,91,5.911550e-05,3.806040e-06,3.000000e-06,0.000000e+00,1.090347e-05
RANS_SA_WD_0.10-0.15_ConsGalerkinProj_OneShot_Second,SA,292,92,5.921550e-05,3.795520e-06,3.000000e-06,0.000000e+00,1.089829e-05
RANS_SA_WD_0.10-0.15_ConsGalerkinProj_OneShot_Second,SA,293,93,5.930890e-05,3.784280e-06,3.000000e-06,0.000000e+00,1.089135e-05
RANS_SA_WD_0.10-0.15_ConsGalerkinProj_OneShot_Second,SA,294,94,5.939790e-05,3.772740e-06,3.000000e-06,0.000000e+00,1.088523e-05
RANS_SA_WD_0.10-0.15_ConsGalerkinProj_OneShot_Second,SA,295,95,5.948430e-05,3.761210e-06,3.000000e-06,0.000000e+00,1.088201e-05
RANS_SA_WD_0.10-0.15_ConsGalerkinProj_OneShot_Second,SA,296,96,5.957050e-05,3.749960e-06,3.000000e-06,0.000000e+00,1.088271e-05
RANS_SA_WD_0.10-0.15_ConsGalerkinProj_OneShot_Second,SA,297,97,5.965830e-05,3.739150e-06,3.000000e-06,0.000000e+00,1.088707e-05
RANS_SA_WD_0.10-0.15_ConsGalerkinProj_OneShot_Second,SA,298,98,5.974920e-05,3.728960e-06,3.000000e-06,0.000000e+00,1.089376e-05
RANS_SA_WD_0.10-0.15_ConsGalerkinProj_OneShot_Second,SA,299,99,5.984430e-05,3.719490e-06,3.000000e-06,0.000000e+00,1.090091e-05
RANS_SA_WD_0.10-0.15_ConsGalerkinProj_OneShot_Second,SA,300,100,5.994320e-05,3.710790e-06,3.000000e-06,0.000000e+00,1.090672e-05
RANS_SA_WD_0.10-0.15_ConsGalerkinProj_OneShot_Second,SA,301,101,6.004530e-05,3.702730e-06,3.000000e-06,0.000000e+00,1.091012e-05
RANS_SA_WD_0.10-0.15_ConsGalerkinProj_OneShot_Second,SA,302,102,6.014870e-05,3.695110e-06,3.000000e-06,0.000000e+00,1.091100e-05
RANS_SA_WD_0.10-0.15_ConsGalerkinProj_OneShot_Second,SA,303,103,6.025180e-05,3.687610e-06,3.000000e-06,0.000000e+00,1.091027e-05
RANS_SA_WD_0.10-0.15_ConsGalerkinProj_OneShot_Second,SA,304,104,6.035280e-05,3.679960e-06,3.000000e-06,0.000000e+00,1.090941e-05
RANS_SA_WD_0.10-0.15_ConsGalerkinProj_OneShot_Second,SA,305,105,6.045100e-05,3.671980e-06,3.000000e-06,0.000000e+00,1.091000e-05
RANS_SA_WD_0.10-0.15_ConsGalerkinProj_OneShot_Second,SA,306,106,6.054640e-05,3.663620e-06,3.000000e-06,0.000000e+00,1.091308e-05
RANS_SA_WD_0.10-0.15_ConsGalerkinProj_OneShot_Second,SA,307,107,6.063950e-05,3.654950e-06,3.000000e-06,0.000000e+00,1.091873e-05
RANS_SA_WD_0.10-0.15_ConsGalerkinProj_OneShot_Second,SA,308,108,6.073100e-05,3.646060e-06,3.000000e-06,0.000000e+00,1.092602e-05
RANS_SA_WD_0.10-0.15_ConsGalerkinProj_OneShot_Second,SA,309,109,6.082190e-05,3.637050e-06,3.000000e-06,0.000000e+00,1.093334e-05
RANS_SA_WD_0.10-0.15_ConsGalerkinProj_OneShot_Second,SA,310,110,6.091230e-05,3.627980e-06,3.000000e-06,0.000000e+00,1.093895e-05
RANS_SA_WD_0.10-0.15_ConsGalerkinProj_OneShot_Second,SA,311,111,6.100270e-05,3.618890e-06,3.000000e-06,0.000000e+00,1.094174e-05
RANS_SA_WD_0.10-0.15_ConsGalerkinProj_OneShot_Second,SA,312,112,6.109260e-05,3.609790e-06,3.000000e-06,0.000000e+00,1.094163e-05
RANS_SA_WD_0.10-0.15_ConsGalerkinProj_OneShot_Second,SA,313,113,6.118200e-05,3.600760e-06,3.000000e-06,0.000000e+00,1.093959e-05
RANS_SA_WD_0.10-0.15_ConsGalerkinProj_OneShot_Second,SA,314,114,6.127040e-05,3.591830e-06,3.000000e-06,0.000000e+00,1.093724e-05
RANS_SA_WD_0.10-0.15_ConsGalerkinProj_OneShot_Second,SA,315,115,6.135750e-05,3.583050e-06,3.000000e-06,0.000000e+00,1.093614e-05
RANS_SA_WD_0.10-0.15_ConsGalerkinProj_OneShot_Second,SA,316,116,6.144270e-05,3.574430e-06,3.000000e-06,0.000000e+00,1.093716e-05
RANS_SA_WD_0.10-0.15_ConsGalerkinProj_OneShot_Second,SA,317,117,6.152560e-05,3.565970e-06,3.000000e-06,0.000000e+00,1.094020e-05
RANS_SA_WD_0.10-0.15_ConsGalerkinProj_OneShot_Second,SA,318,118,6.160620e-05,3.557640e-06,3.000000e-06,0.000000e+00,1.094429e-05
RANS_SA_WD_0.10-0.15_ConsGalerkinProj_OneShot_Second,SA,319,119,6.168500e-05,3.549430e-06,3.000000e-06,0.000000e+00,1.094813e-05
RANS_SA_WD_0.10-0.15_ConsGalerkinProj_OneShot_Second,SA,320,120,6.176320e-05,3.541360e-06,3.000000e-06,0.000000e+00,1.095063e-05
RANS_SA_WD_0.10-0.15_ConsGalerkinProj_OneShot_Second,SA,321,121,6.184240e-05,3.533470e-06,3.000000e-06,0.000000e+00,1.095138e-05
RANS_SA_WD_0.10-0.15_ConsGalerkinProj_OneShot_Second,SA,322,122,6.192400e-05,3.525780e-06,3.000000e-06,0.000000e+00,1.095069e-05
RANS_SA_WD_0.10-0.15_ConsGalerkinProj_OneShot_Second,SA,323,123,6.200900e-05,3.518240e-06,3.000000e-06,0.000000e+00,1.094948e-05
RANS_SA_WD_0.10-0.15_ConsGalerkinProj_OneShot_Second,SA,324,124,6.209720e-05,3.510780e-06,3.000000e-06,0.000000e+00,1.094875e-05
RANS_SA_WD_0.10-0.15_ConsGalerkinProj_OneShot_Second,SA,325,125,6.218770e-05,3.503290e-06,3.000000e-06,0.000000e+00,1.094928e-05
RANS_SA_WD_0.10-0.15_ConsGalerkinProj_OneShot_Second,SA,326,126,6.227820e-05,3.495660e-06,3.000000e-06,0.000000e+00,1.095129e-05
RANS_SA_WD_0.10-0.15_ConsGalerkinProj_OneShot_Second,SA,327,127,6.236640e-05,3.487820e-06,3.000000e-06,0.000000e+00,1.095443e-05
RANS_SA_WD_0.10-0.15_ConsGalerkinProj_OneShot_Second,SA,328,128,6.244990e-05,3.479750e-06,3.000000e-06,0.000000e+00,1.095787e-05
RANS_SA_WD_0.10-0.15_ConsGalerkinProj_OneShot_Second,SA,329,129,6.252710e-05,3.471480e-06,3.000000e-06,0.000000e+00,1.096057e-05
RANS_SA_WD_0.10-0.15_ConsGalerkinProj_OneShot_Second,SA,330,130,6.259730e-05,3.463100e-06,3.000000e-06,0.000000e+00,1.096156e-05
RANS_SA_WD_0.10-0.15_ConsGalerkinProj_OneShot_Second,SA,331,131,6.266110e-05,3.454670e-06,3.000000e-06,0.000000e+00,1.096027e-05
RANS_SA_WD_0.10-0.15_ConsGalerkinProj_OneShot_Second,SA,332,132,6.271990e-05,3.446240e-06,3.000000e-06,0.000000e+00,1.095662e-05
RANS_SA_WD_0.10-0.15_ConsGalerkinProj_OneShot_Second,SA,333,133,6.277600e-05,3.437830e-06,3.000000e-06,0.000000e+00,1.095117e-05
RANS_SA_WD_0.10-0.15_ConsGalerkinProj_OneShot_Second,SA,334,134,6.283190e-05,3.429430e-06,3.000000e-06,0.000000e+00,1.094492e-05
RANS_SA_WD_0.10-0.15_ConsGalerkinProj_OneShot_Second,SA,335,135,6.288970e-05,3.421000e-06,3.000000e-06,0.000000e+00,1.093913e-05
RANS_SA_WD_0.10-0.15_ConsGalerkinProj_OneShot_Second,SA,336,136,6.295090e-05,3.412510e-06,3.000000e-06,0.000000e+00,1.093498e-05
RANS_SA_WD_0.10-0.15_ConsGalerkinProj_OneShot_Second,SA,337,137,6.301630e-05,3.404000e-06,3.000000e-06,0.000000e+00,1.093328e-05
RANS_SA_WD_0.10-0.15_ConsGalerkinProj_OneShot_Second,SA,338,138,6.308570e-05,3.395530e-06,3.000000e-06,0.000000e+00,1.093428e-05
RANS_SA_WD_0.10-0.15_ConsGalerkinProj_OneShot_Second,SA,339,139,6.315860e-05,3.387300e-06,3.000000e-06,0.000000e+00,1.093764e-05
RANS_SA_WD_0.10-0.15_ConsGalerkinProj_OneShot_Second,SA,340,140,6.323440e-05,3.379510e-06,3.000000e-06,0.000000e+00,1.094251e-05
RANS_SA_WD_0.10-0.15_ConsGalerkinProj_OneShot_Second,SA,341,141,6.331240e-05,3.372330e-06,3.000000e-06,0.000000e+00,1.094780e-05
RANS_SA_WD_0.10-0.15_ConsGalerkinProj_OneShot_Second,SA,342,142,6.339170e-05,3.365870e-06,3.000000e-06,0.000000e+00,1.095242e-05
RANS_SA_WD_0.10-0.15_ConsGalerkinProj_OneShot_Second,SA,343,143,6.347140e-05,3.360020e-06,3.000000e-06,0.000000e+00,1.095559e-05
RANS_SA_WD_0.10-0.15_ConsGalerkinProj_OneShot_Second,SA,344,144,6.355010e-05,3.354550e-06,3.000000e-06,0.000000e+00,1.095700e-05
RANS_SA_WD_0.10-0.15_ConsGalerkinProj_OneShot_Second,SA,345,145,6.362650e-05,3.349110e-06,3.000000e-06,0.000000e+00,1.095684e-05
RANS_SA_WD_0.10-0.15_ConsGalerkinProj_OneShot_Second,SA,346,146,6.369900e-05,3.343320e-06,3.000000e-06,0.000000e+00,1.095572e-05
RANS_SA_WD_0.10-0.15_ConsGalerkinProj_OneShot_Second,SA,347,147,6.376660e-05,3.336900e-06,3.000000e-06,0.000000e+00,1.095439e-05
RANS_SA_WD_0.10-0.15_ConsGalerkinProj_OneShot_Second,SA,348,148,6.382880e-05,3.329740e-06,3.000000e-06,0.000000e+00,1.095347e-05
RANS_SA_WD_0.10-0.15_ConsGalerkinProj_OneShot_Second,SA,349,149,6.388590e-05,3.321940e-06,3.000000e-06,0.000000e+00,1.095326e-05
RANS_SA_WD_0.10-0.15_ConsGalerkinProj_OneShot_Second,SA,350,150,6.393910e-05,3.313760e-06,3.000000e-06,0.000000e+00,1.095358e-05
RANS_SA_WD_0.10-0.15_ConsGalerkinProj_OneShot_Second,SA,351,151,6.399010e-05,3.305520e-06,3.000000e-06,0.000000e+00,1.095394e-05
RANS_SA_WD_0.10-0.15_ConsGalerkinProj_OneShot_Second,SA,352,152,6.404060e-05,3.297550e-06,3.000000e-06,0.000000e+00,1.095374e-05
RANS_SA_WD_0.10-0.15_ConsGalerkinProj_OneShot_Second,SA,353,153,6.409240e-05,3.290060e-06,3.000000e-06,0.000000e+00,1.095258e-05
RANS_SA_WD_0.10-0.15_ConsGalerkinProj_OneShot_Second,SA,354,154,6.414650e-05,3.283130e-06,3.000000e-06,0.000000e+00,1.095046e-05
RANS_SA_WD_0.10-0.15_ConsGalerkinProj_OneShot_Second,SA,355,155,6.420360e-05,3.276720e-06,3.000000e-06,0.000000e+00,1.094791e-05
RANS_SA_WD_0.10-0.15_ConsGalerkinProj_OneShot_Second,SA,356,156,6.426370e-05,3.270670e-06,3.000000e-06,0.000000e+00,1.094579e-05
RANS_SA_WD_0.10-0.15_ConsGalerkinProj_OneShot_Second,SA,357,157,6.432650e-05,3.264870e-06,3.000000e-06,0.000000e+00,1.094501e-05
RANS_SA_WD_0.10-0.15_ConsGalerkinProj_OneShot_Second,SA,358,158,6.439150e-05,3.259170e-06,3.000000e-06,0.000000e+00,1.094619e-05
RANS_SA_WD_0.10-0.15_ConsGalerkinProj_OneShot_Second,SA,359,159,6.445780e-05,3.253520e-06,3.000000e-06,0.000000e+00,1.094939e-05
RANS_SA_WD_0.10-0.15_ConsGalerkinProj_OneShot_Second,SA,360,160,6.452440e-05,3.247920e-06,3.000000e-06,0.000000e+00,1.095401e-05
RANS_SA_WD_0.10-0.15_ConsGalerkinProj_OneShot_Second,SA,361,161,6.459040e-05,3.242370e-06,3.000000e-06,0.000000e+00,1.095898e-05
RANS_SA_WD_0.10-0.15_ConsGalerkinProj_OneShot_Second,SA,362,162,6.465470e-05,3.236870e-06,3.000000e-06,0.000000e+00,1.096310e-05
RANS_SA_WD_0.10-0.15_ConsGalerkinProj_OneShot_Second,SA,363,163,6.471650e-05,3.231390e-06,3.000000e-06,0.000000e+00,1.096542e-05
RANS_SA_WD_0.10-0.15_ConsGalerkinProj_OneShot_Second,SA,364,164,6.477540e-05,3.225830e-06,3.000000e-06,0.000000e+00,1.096559e-05
RANS_SA_WD_0.10-0.15_ConsGalerkinProj_OneShot_Second,SA,365,165,6.483170e-05,3.220130e-06,3.000000e-06,0.000000e+00,1.096394e-05
RANS_SA_WD_0.10-0.15_ConsGalerkinProj_OneShot_Second,SA,366,166,6.488590e-05,3.214230e-06,3.000000e-06,0.000000e+00,1.096135e-05
RANS_SA_WD_0.10-0.15_ConsGalerkinProj_OneShot_Second,SA,367,167,6.493870e-05,3.208160e-06,3.000000e-06,0.000000e+00,1.095892e-05
RANS_SA_WD_0.10-0.15_ConsGalerkinProj_OneShot_Second,SA,368,168,6.499070e-05,3.202010e-06,3.000000e-06,0.000000e+00,1.095756e-05
RANS_SA_WD_0.10-0.15_ConsGalerkinProj_OneShot_Second,SA,369,169,6.504240e-05,3.195890e-06,3.000000e-06,0.000000e+00,1.095768e-05
RANS_SA_WD_0.10-0.15_ConsGalerkinProj_OneShot_Second,SA,370,170,6.509400e-05,3.189940e-06,3.000000e-06,0.000000e+00,1.095912e-05
RANS_SA_WD_0.10-0.15_ConsGalerkinProj_OneShot_Second,SA,371,171,6.514560e-05,3.184270e-06,3.000000e-06,0.000000e+00,1.096126e-05
RANS_SA_WD_0.10-0.15_ConsGalerkinProj_OneShot_Second,SA,372,172,6.519710e-05,3.178890e-06,3.000000e-06,0.000000e+00,1.096333e-05
RANS_SA_WD_0.10-0.15_ConsGalerkinProj_OneShot_Second,SA,373,173,6.524900e-05,3.173780e-06,3.000000e-06,0.000000e+00,1.096472e-05
RANS_SA_WD_0.10-0.15_ConsGalerkinProj_OneShot_Second,SA,374,174,6.530130e-05,3.168910e-06,3.000000e-06,0.000000e+00,1.096521e-05
RANS_SA_WD_0.10-0.15_ConsGalerkinProj_OneShot_Second,SA,375,175,6.535490e-05,3.164190e-06,3.000000e-06,0.000000e+00,1.096499e-05
RANS_SA_WD_0.10-0.15_ConsGalerkinProj_OneShot_Second,SA,376,176,6.540990e-05,3.159590e-06,3.000000e-06,0.000000e+00,1.096455e-05
RANS_SA_WD_0.10-0.15_ConsGalerkinProj_OneShot_Second,SA,377,177,6.546620e-05,3.155060e-06,3.000000e-06,0.000000e+00,1.096443e-05
RANS_SA_WD_0.10-0.15_ConsGalerkinProj_OneShot_Second,SA,378,178,6.552310e-05,3.150550e-06,3.000000e-06,0.000000e+00,1.096502e-05
RANS_SA_WD_0.10-0.15_ConsGalerkinProj_OneShot_Second,SA,379,179,6.558000e-05,3.146010e-06,3.000000e-06,0.000000e+00,1.096645e-05
RANS_SA_WD_0.10-0.15_ConsGalerkinProj_OneShot_Second,SA,380,180,6.563570e-05,3.141380e-06,3.000000e-06,0.000000e+00,1.096852e-05
RANS_SA_WD_0.10-0.15_ConsGalerkinProj_OneShot_Second,SA,381,181,6.568950e-05,3.136600e-06,3.000000e-06,0.000000e+00,1.097082e-05
RANS_SA_WD_0.10-0.15_ConsGalerkinProj_OneShot_Second,SA,382,182,6.574090e-05,3.131640e-06,3.000000e-06,0.000000e+00,1.097287e-05
RANS_SA_WD_0.10-0.15_ConsGalerkinProj_OneShot_Second,SA,383,183,6.579000e-05,3.126530e-06,3.000000e-06,0.000000e+00,1.097426e-05
RANS_SA_WD_0.10-0.15_ConsGalerkinProj_OneShot_Second,SA,384,184,6.583730e-05,3.121340e-06,3.000000e-06,0.000000e+00,1.097472e-05
RANS_SA_WD_0.10-0.15_ConsGalerkinProj_OneShot_Second,SA,385,185,6.588340e-05,3.116150e-06,3.000000e-06,0.000000e+00,1.097421e-05
RANS_SA_WD_0.10-0.15_ConsGalerkinProj_OneShot_Second,SA,386,186,6.592880e-05,3.111010e-06,3.000000e-06,0.000000e+00,1.097291e-05
RANS_SA_WD_0.10-0.15_ConsGalerkinProj_OneShot_Second,SA,387,187,6.597400e-05,3.105950e-06,3.000000e-06,0.000000e+00,1.097119e-05
RANS_SA_WD_0.10-0.15_ConsGalerkinProj_OneShot_Second,SA,388,188,6.601910e-05,3.100950e-06,2.000000e-06,0.000000e+00,1.096950e-05
RANS_SA_WD_0.10-0.15_ConsGalerkinProj_OneShot_Second,SA,389,189,6.606420e-05,3.095980e-06,2.000000e-06,0.000000e+00,1.096834e-05
RANS_SA_WD_0.10-0.15_ConsGalerkinProj_OneShot_Second,SA,390,190,6.610940e-05,3.091020e-06,2.000000e-06,0.000000e+00,1.096804e-05
RANS_SA_WD_0.10-0.15_ConsGalerkinProj_OneShot_Second,SA,391,191,6.615450e-05,3.086080e-06,2.000000e-06,0.000000e+00,1.096873e-05
RANS_SA_WD_0.10-0.15_ConsGalerkinProj_OneShot_Second,SA,392,192,6.619970e-05,3.081230e-06,2.000000e-06,0.000000e+00,1.097025e-05
RANS_SA_WD_0.10-0.15_ConsGalerkinProj_OneShot_Second,SA,393,193,6.624500e-05,3.076550e-06,2.000000e-06,0.000000e+00,1.097221e-05
RANS_SA_WD_0.10-0.15_ConsGalerkinProj_OneShot_Second,SA,394,194,6.629060e-05,3.072130e-06,2.000000e-06,0.000000e+00,1.097410e-05
RANS_SA_WD_0.10-0.15_ConsGalerkinProj_OneShot_Second,SA,395,195,6.633680e-05,3.067990e-06,2.000000e-06,0.000000e+00,1.097544e-05
RANS_SA_WD_0.10-0.15_ConsGalerkinProj_OneShot_Second,SA,396,196,6.638360e-05,3.064120e-06,2.000000e-06,0.000000e+00,1.097602e-05
RANS_SA_WD_0.10-0.15_ConsGalerkinProj_OneShot_Second,SA,397,197,6.643090e-05,3.060440e-06,2.000000e-06,0.000000e+00,1.097590e-05
RANS_SA_WD_0.10-0.15_ConsGalerkinProj_OneShot_Second,SA,398,198,6.647830e-05,3.056830e-06,2.000000e-06,0.000000e+00,1.097544e-05
RANS_SA_WD_0.10-0.15_ConsGalerkinProj_OneShot_Second,SA,399,199,6.652560e-05,3.053190e-06,2.000000e-06,0.000000e+00,1.097516e-05
RANS_SA_WD_0.20-0.25_ConsGalerkinProj_OneShot_Long_Second,SA,400,0,-1.059980e-05,-1.854980e-06,-2.000000e-06,0.000000e+00,-1.638052e-06
RANS_SA_WD_0.20-0.25_ConsGalerkinProj_OneShot_Long_Second,SA,401,1,-1.934130e-05,-2.630900e-06,-3.000000e-06,0.000000e+00,-3.073185e-06
RANS_SA_WD_0.20-0.25_ConsGalerkinProj_OneShot_Long_Second,SA,402,2,-1.963350e-05,-1.775440e-06,-2.000000e-06,0.000000e+00,-3.202839e-06
RANS_SA_WD_0.20-0.25_ConsGalerkinProj_OneShot_Long_Second,SA,403,3,-1.832480e-05,-1.315760e-06,-2.000000e-06,0.000000e+00,-2.441031e-06
RANS_SA_WD_0.20-0.25_ConsGalerkinProj_OneShot_Long_Second,SA,404,4,-1.901680e-05,-1.269990e-06,-2.000000e-06,0.000000e+00,-1.590533e-06
RANS_SA_WD_0.20-0.25_ConsGalerkinProj_OneShot_Long_Second,SA,405,5,-2.019880e-05,-1.293560e-06,-2.000000e-06,0.000000e+00,-1.335154e-06
RANS_SA_WD_0.20-0.25_ConsGalerkinProj_OneShot_Long_Second,SA,406,6,-2.126150e-05,-1.336340e-06,-2.000000e-06,0.000000e+00,-1.434937e-06
RANS_SA_WD_0.20-0.25_ConsGalerkinProj_OneShot_Long_Second,SA,407,7,-2.269760e-05,-1.172530e-06,-2.000000e-06,0.000000e+00,-1.377083e-06
RANS_SA_WD_0.20-0.25_ConsGalerkinProj_OneShot_Long_Second,SA,408,8,-2.374680e-05,-1.090350e-06,-2.000000e-06,0.000000e+00,-1.118295e-06
RANS_SA_WD_0.20-0.25_ConsGalerkinProj_OneShot_Long_Second,SA,409,9,-2.343870e-05,-1.108800e-06,-2.000000e-06,0.000000e+00,-8.630605e-07
RANS_SA_WD_0.20-0.25_ConsGalerkinProj_OneShot_Long_Second,SA,410,10,-2.198540e-05,-1.195280e-06,-2.000000e-06,0.000000e+00,-6.229782e-07
RANS_SA_WD_0.20-0.25_ConsGalerkinProj_OneShot_Long_Second,SA,411,11,-1.997810e-05,-1.261270e-06,-2.000000e-06,0.000000e+00,-3.528276e-07
RANS_SA_WD_0.20-0.25_ConsGalerkinProj_OneShot_Long_Second,SA,412,12,-1.812790e-05,-1.290530e-06,-2.000000e-06,0.000000e+00,-5.529640e-08
RANS_SA_WD_0.20-0.25_ConsGalerkinProj_OneShot_Long_Second,SA,413,13,-1.680680e-05,-1.332980e-06,-2.000000e-06,0.000000e+00,1.880936e-07
RANS_SA_WD_0.20-0.25_ConsGalerkinProj_OneShot_Long_Second,SA,414,14,-1.602880e-05,-1.425430e-06,-2.000000e-06,0.000000e+00,3.090440e-07
RANS_SA_WD_0.20-0.25_ConsGalerkinProj_OneShot_Long_Second,SA,415,15,-1.565560e-05,-1.525210e-06,-2.000000e-06,0.000000e+00,3.289459e-07
RANS_SA_WD_0.20-0.25_ConsGalerkinProj_OneShot_Long_Second,SA,416,16,-1.533880e-05,-1.670440e-06,-2.000000e-06,0.000000e+00,2.716055e-07
RANS_SA_WD_0.20-0.25_ConsGalerkinProj_OneShot_Long_Second,SA,417,17,-1.489130e-05,-1.870840e-06,-2.000000e-06,0.000000e+00,1.978663e-07
RANS_SA_WD_0.20-0.25_ConsGalerkinProj_OneShot_Long_Second,SA,418,18,-1.444200e-05,-2.007580e-06,-2.000000e-06,0.000000e+00,1.934221e-07
RANS_SA_WD_0.20-0.25_ConsGalerkinProj_OneShot_Long_Second,SA,419,19,-1.405050e-05,-2.044970e-06,-3.000000e-06,0.000000e+00,2.590241e-07
RANS_SA_WD_0.20-0.25_ConsGalerkinProj_OneShot_Long_Second,SA,420,20,-1.372070e-05,-2.054210e-06,-3.000000e-06,0.000000e+00,3.452415e-07
RANS_SA_WD_0.20-0.25_ConsGalerkinProj_OneShot_Long_Second,SA,421,21,-1.344750e-05,-2.053780e-06,-3.000000e-06,0.000000e+00,4.226566e-07
RANS_SA_WD_0.20-0.25_ConsGalerkinProj_OneShot_Long_Second,SA,422,22,-1.322860e-05,-2.045770e-06,-3.000000e-06,0.000000e+00,4.805000e-07
RANS_SA_WD_0.20-0.25_ConsGalerkinProj_OneShot_Long_Second,SA,423,23,-1.305620e-05,-2.056430e-06,-3.000000e-06,0.000000e+00,5.217476e-07
RANS_SA_WD_0.20-0.25_ConsGalerkinProj_OneShot_Long_Second,SA,424,24,-1.289510e-05,-2.062420e-06,-3.000000e-06,0.000000e+00,5.562695e-07
RANS_SA_WD_0.20-0.25_ConsGalerkinProj_OneShot_Long_Second,SA,425,25,-1.274050e-05,-2.071620e-06,-3.000000e-06,0.000000e+00,5.931971e-07
RANS_SA_WD_0.20-0.25_ConsGalerkinProj_OneShot_Long_Second,SA,426,26,-1.256990e-05,-2.077020e-06,-3.000000e-06,0.000000e+00,6.406972e-07
RANS_SA_WD_0.20-0.25_ConsGalerkinProj_OneShot_Long_Second,SA,427,27,-1.238260e-05,-2.070310e-06,-3.000000e-06,0.000000e+00,6.972712e-07
RANS_SA_WD_0.20-0.25_ConsGalerkinProj_OneShot_Long_Second,SA,428,28,-1.218260e-05,-2.060240e-06,-2.000000e-06,0.000000e+00,7.638269e-07
RANS_SA_WD_0.20-0.25_ConsGalerkinProj_OneShot_Long_Second,SA,429,29,-1.196510e-05,-2.046990e-06,-2.000000e-06,0.000000e+00,8.412212e-07
RANS_SA_WD_0.20-0.25_ConsGalerkinProj_OneShot_Long_Second,SA,430,30,-1.174450e-05,-2.028030e-06,-2.000000e-06,0.000000e+00,9.174746e-07
RANS_SA_WD_0.20-0.25_ConsGalerkinProj_OneShot_Long_Second,SA,431,31,-1.154890e-05,-2.006960e-06,-2.000000e-06,0.000000e+00,9.777717e-07
RANS_SA_WD_0.20-0.25_ConsGalerkinProj_OneShot_Long_Second,SA,432,32,-1.138660e-05,-1.993450e-06,-2.000000e-06,0.000000e+00,1.027924e-06
RANS_SA_WD_0.20-0.25_ConsGalerkinProj_OneShot_Long_Second,SA,433,33,-1.125570e-05,-1.989180e-06,-2.000000e-06,0.000000e+00,1.073092e-06
RANS_SA_WD_0.20-0.25_ConsGalerkinProj_OneShot_Long_Second,SA,434,34,-1.118830e-05,-1.992900e-06,-2.000000e-06,0.000000e+00,1.080801e-06
RANS_SA_WD_0.20-0.25_ConsGalerkinProj_OneShot_Long_Second,SA,435,35,-1.122450e-05,-2.008340e-06,-2.000000e-06,0.000000e+00,1.024558e-06
RANS_SA_WD_0.20-0.25_ConsGalerkinProj_OneShot_Long_Second,SA,436,36,-1.140520e-05,-2.039950e-06,-2.000000e-06,0.000000e+00,8.890252e-07
RANS_SA_WD_0.20-0.25_ConsGalerkinProj_OneShot_Long_Second,SA,437,37,-1.172860e-05,-2.088650e-06,-2.000000e-06,0.000000e+00,6.957626e-07
RANS_SA_WD_0.20-0.25_ConsGalerkinProj_OneShot_Long_Second,SA,438,38,-1.210640e-05,-2.143910e-06,-3.000000e-06,0.000000e+00,5.260297e-07
RANS_SA_WD_0.20-0.25_ConsGalerkinProj_OneShot_Long_Second,SA,439,39,-1.253330e-05,-2.202830e-06,-3.000000e-06,0.000000e+00,3.659086e-07
RANS_SA_WD_0.20-0.25_ConsGalerkinProj_OneShot_Long_Second,SA,440,40,-1.300090e-05,-2.266910e-06,-3.000000e-06,0.000000e+00,1.875776e-07
RANS_SA_WD_0.20-0.25_ConsGalerkinProj_OneShot_Long_Second,SA,441,41,-1.345710e-05,-2.326280e-06,-3.000000e-06,0.000000e+00,3.101110e-08
RANS_SA_WD_0.20-0.25_ConsGalerkinProj_OneShot_Long_Second,SA,442,42,-1.410190e-05,-2.363280e-06,-3.000000e-06,0.000000e+00,-2.123765e-07
RANS_SA_WD_0.20-0.25_ConsGalerkinProj_OneShot_Long_Second,SA,443,43,-1.479270e-05,-2.406620e-06,-3.000000e-06,0.000000e+00,-5.236719e-07
RANS_SA_WD_0.20-0.25_ConsGalerkinProj_OneShot_Long_Second,SA,444,44,-1.528620e-05,-2.449420e-06,-3.000000e-06,0.000000e+00,-7.223641e-07
RANS_SA_WD_0.20-0.25_ConsGalerkinProj_OneShot_Long_Second,SA,445,45,-1.552160e-05,-2.492540e-06,-3.000000e-06,0.000000e+00,-7.458792e-07
RANS_SA_WD_0.20-0.25_ConsGalerkinProj_OneShot_Long_Second,SA,446,46,-1.555300e-05,-2.518730e-06,-3.000000e-06,0.000000e+00,-6.501928e-07
RANS_SA_WD_0.20-0.25_ConsGalerkinProj_OneShot_Long_Second,SA,447,47,-1.535980e-05,-2.517570e-06,-3.000000e-06,0.000000e+00,-4.491631e-07
RANS_SA_WD_0.20-0.25_ConsGalerkinProj_OneShot_Long_Second,SA,448,48,-1.499860e-05,-2.480080e-06,-3.000000e-06,0.000000e+00,-2.027043e-07
RANS_SA_WD_0.20-0.25_ConsGalerkinProj_OneShot_Long_Second,SA,449,49,-1.450170e-05,-2.417660e-06,-3.000000e-06,0.000000e+00,6.655700e-08
RANS_SA_WD_0.20-0.25_ConsGalerkinProj_OneShot_Long_Second,SA,450,50,-1.398260e-05,-2.350830e-06,-3.000000e-06,0.000000e+00,3.091535e-07
RANS_SA_WD_0.20-0.25_ConsGalerkinProj_OneShot_Long_Second,SA,451,51,-1.352260e-05,-2.301140e-06,-3.000000e-06,0.000000e+00,5.065079e-07
RANS_SA_WD_0.20-0.25_ConsGalerkinProj_OneShot_Long_Second,SA,452,52,-1.320050e-05,-2.272030e-06,-3.000000e-06,0.000000e+00,6.258333e-07
RANS_SA_WD_0.20-0.25_ConsGalerkinProj_OneShot_Long_Second,SA,453,53,-1.302190e-05,-2.260920e-06,-3.000000e-06,0.000000e+00,6.808473e-07
RANS_SA_WD_0.20-0.25_ConsGalerkinProj_OneShot_Long_Second,SA,454,54,-1.295850e-05,-2.255750e-06,-3.000000e-06,0.000000e+00,6.907743e-07
RANS_SA_WD_0.20-0.25_ConsGalerkinProj_OneShot_Long_Second,SA,455,55,-1.299440e-05,-2.255600e-06,-3.000000e-06,0.000000e+00,6.651488e-07
RANS_SA_WD_0.20-0.25_ConsGalerkinProj_OneShot_Long_Second,SA,456,56,-1.308690e-05,-2.258280e-06,-3.000000e-06,0.000000e+00,6.273852e-07
RANS_SA_WD_0.20-0.25_ConsGalerkinProj_OneShot_Long_Second,SA,457,57,-1.326160e-05,-2.270050e-06,-3.000000e-06,0.000000e+00,5.546376e-07
RANS_SA_WD_0.20-0.25_ConsGalerkinProj_OneShot_Long_Second,SA,458,58,-1.346420e-05,-2.288510e-06,-3.000000e-06,0.000000e+00,4.691342e-07
RANS_SA_WD_0.20-0.25_ConsGalerkinProj_OneShot_Long_Second,SA,459,59,-1.366260e-05,-2.307790e-06,-3.000000e-06,0.000000e+00,3.890881e-07
RANS_SA_WD_0.20-0.25_ConsGalerkinProj_OneShot_Long_Second,SA,460,60,-1.386240e-05,-2.325340e-06,-3.000000e-06,0.000000e+00,3.132385e-07
RANS_SA_WD_0.20-0.25_ConsGalerkinProj_OneShot_Long_Second,SA,461,61,-1.403800e-05,-2.338520e-06,-3.000000e-06,0.000000e+00,2.515946e-07
RANS_SA_WD_0.20-0.25_ConsGalerkinProj_OneShot_Long_Second,SA,462,62,-1.420230e-05,-2.348130e-06,-3.000000e-06,0.000000e+00,1.981872e-07
RANS_SA_WD_0.20-0.25_ConsGalerkinProj_OneShot_Long_Second,SA,463,63,-1.433900e-05,-2.354320e-06,-3.000000e-06,0.000000e+00,1.585440e-07
RANS_SA_WD_0.20-0.25_ConsGalerkinProj_OneShot_Long_Second,SA,464,64,-1.444680e-05,-2.358570e-06,-3.000000e-06,0.000000e+00,1.271532e-07
RANS_SA_WD_0.20-0.25_ConsGalerkinProj_OneShot_Long_Second,SA,465,65,-1.451840e-05,-2.361110e-06,-3.000000e-06,0.000000e+00,1.046258e-07
RANS_SA_WD_0.20-0.25_ConsGalerkinProj_OneShot_Long_Second,SA,466,66,-1.456500e-05,-2.361870e-06,-3.000000e-06,0.000000e+00,8.877810e-08
RANS_SA_WD_0.20-0.25_ConsGalerkinProj_OneShot_Long_Second,SA,467,67,-1.458940e-05,-2.360950e-06,-3.000000e-06,0.000000e+00,8.167820e-08
RANS_SA_WD_0.20-0.25_ConsGalerkinProj_OneShot_Long_Second,SA,468,68,-1.459870e-05,-2.359320e-06,-3.000000e-06,0.000000e+00,8.125920e-08
RANS_SA_WD_0.20-0.25_ConsGalerkinProj_OneShot_Long_Second,SA,469,69,-1.460390e-05,-2.357380e-06,-3.000000e-06,0.000000e+00,8.374230e-08
RANS_SA_WD_0.20-0.25_ConsGalerkinProj_OneShot_Long_Second,SA,470,70,-1.460890e-05,-2.355480e-06,-3.000000e-06,0.000000e+00,8.901360e-08
RANS_SA_WD_0.20-0.25_ConsGalerkinProj_OneShot_Long_Second,SA,471,71,-1.461500e-05,-2.354120e-06,-3.000000e-06,0.000000e+00,9.538950e-08
RANS_SA_WD_0.20-0.25_ConsGalerkinProj_OneShot_Long_Second,SA,472,72,-1.462800e-05,-2.353170e-06,-3.000000e-06,0.000000e+00,9.934750e-08
RANS_SA_WD_0.20-0.25_ConsGalerkinProj_OneShot_Long_Second,SA,473,73,-1.465320e-05,-2.352600e-06,-3.000000e-06,0.000000e+00,9.859690e-08
RANS_SA_WD_0.20-0.25_ConsGalerkinProj_OneShot_Long_Second,SA,474,74,-1.469080e-05,-2.352790e-06,-3.000000e-06,0.000000e+00,9.342710e-08
RANS_SA_WD_0.20-0.25_ConsGalerkinProj_OneShot_Long_Second,SA,475,75,-1.474050e-05,-2.353890e-06,-3.000000e-06,0.000000e+00,8.361670e-08
RANS_SA_WD_0.20-0.25_ConsGalerkinProj_OneShot_Long_Second,SA,476,76,-1.480150e-05,-2.356140e-06,-3.000000e-06,0.000000e+00,6.939700e-08
RANS_SA_WD_0.20-0.25_ConsGalerkinProj_OneShot_Long_Second,SA,477,77,-1.486850e-05,-2.359520e-06,-3.000000e-06,0.000000e+00,5.368490e-08
RANS_SA_WD_0.20-0.25_ConsGalerkinProj_OneShot_Long_Second,SA,478,78,-1.493500e-05,-2.363600e-06,-3.000000e-06,0.000000e+00,3.997920e-08
RANS_SA_WD_0.20-0.25_ConsGalerkinProj_OneShot_Long_Second,SA,479,79,-1.499560e-05,-2.367670e-06,-3.000000e-06,0.000000e+00,3.040230e-08
RANS_SA_WD_0.20-0.25_ConsGalerkinProj_OneShot_Long_Second,SA,480,80,-1.504770e-05,-2.370950e-06,-3.000000e-06,0.000000e+00,2.546450e-08
RANS_SA_WD_0.20-0.25_ConsGalerkinProj_OneShot_Long_Second,SA,481,81,-1.509080e-05,-2.372830e-06,-3.000000e-06,0.000000e+00,2.435020e-08
RANS_SA_WD_0.20-0.25_ConsGalerkinProj_OneShot_Long_Second,SA,482,82,-1.512670e-05,-2.373050e-06,-3.000000e-06,0.000000e+00,2.526760e-08
RANS_SA_WD_0.20-0.25_ConsGalerkinProj_OneShot_Long_Second,SA,483,83,-1.515810e-05,-2.371770e-06,-3.000000e-06,0.000000e+00,2.602600e-08
RANS_SA_WD_0.20-0.25_ConsGalerkinProj_OneShot_Long_Second,SA,484,84,-1.518730e-05,-2.369520e-06,-3.000000e-06,0.000000e+00,2.479210e-08
RANS_SA_WD_0.20-0.25_ConsGalerkinProj_OneShot_Long_Second,SA,485,85,-1.521580e-05,-2.366980e-06,-3.000000e-06,0.000000e+00,2.070400e-08
RANS_SA_WD_0.20-0.25_ConsGalerkinProj_OneShot_Long_Second,SA,486,86,-1.524440e-05,-2.364740e-06,-3.000000e-06,0.000000e+00,1.405260e-08
RANS_SA_WD_0.20-0.25_ConsGalerkinProj_OneShot_Long_Second,SA,487,87,-1.527340e-05,-2.363240e-06,-3.000000e-06,0.000000e+00,5.971600e-09
RANS_SA_WD_0.20-0.25_ConsGalerkinProj_OneShot_Long_Second,SA,488,88,-1.530340e-05,-2.362690e-06,-3.000000e-06,0.000000e+00,-2.198200e-09
RANS_SA_WD_0.20-0.25_ConsGalerkinProj_OneShot_Long_Second,SA,489,89,-1.533620e-05,-2.363130e-06,-3.000000e-06,0.000000e+00,-9.567500e-09
RANS_SA_WD_0.20-0.25_ConsGalerkinProj_OneShot_Long_Second,SA,490,90,-1.537390e-05,-2.364410e-06,-3.000000e-06,0.000000e+00,-1.606400e-08
RANS_SA_WD_0.20-0.25_ConsGalerkinProj_OneShot_Long_Second,SA,491,91,-1.541790e-05,-2.366350e-06,-3.000000e-06,0.000000e+00,-2.234390e-08
RANS_SA_WD_0.20-0.25_ConsGalerkinProj_OneShot_Long_Second,SA,492,92,-1.546870e-05,-2.368600e-06,-3.000000e-06,0.000000e+00,-2.935000e-08
RANS_SA_WD_0.20-0.25_ConsGalerkinProj_OneShot_Long_Second,SA,493,93,-1.552460e-05,-2.370790e-06,-3.000000e-06,0.000000e+00,-3.779680e-08
RANS_SA_WD_0.20-0.25_ConsGalerkinProj_OneShot_Long_Second,SA,494,94,-1.558280e-05,-2.372560e-06,-3.000000e-06,0.000000e+00,-4.785990e-08
RANS_SA_WD_0.20-0.25_ConsGalerkinProj_OneShot_Long_Second,SA,495,95,-1.564000e-05,-2.373610e-06,-3.000000e-06,0.000000e+00,-5.918350e-08
RANS_SA_WD_0.20-0.25_ConsGalerkinProj_OneShot_Long_Second,SA,496,96,-1.569380e-05,-2.373790e-06,-3.000000e-06,0.000000e+00,-7.112610e-08
RANS_SA_WD_0.20-0.25_ConsGalerkinProj_OneShot_Long_Second,SA,497,97,-1.574330e-05,-2.373160e-06,-3.000000e-06,0.000000e+00,-8.304250e-08
RANS_SA_WD_0.20-0.25_ConsGalerkinProj_OneShot_Long_Second,SA,498,98,-1.578900e-05,-2.371920e-06,-3.000000e-06,0.000000e+00,-9.443090e-08
RANS_SA_WD_0.20-0.25_ConsGalerkinProj_OneShot_Long_Second,SA,499,99,-1.583250e-05,-2.370430e-06,-3.000000e-06,0.000000e+00,-1.049070e-07
RANS_SA_WD_0.20-0.25_ConsGalerkinProj_OneShot_Long_Second,SA,500,100,-1.587560e-05,-2.369130e-06,-3.000000e-06,0.000000e+00,-1.141133e-07
RANS_SA_WD_0.20-0.25_ConsGalerkinProj_OneShot_Long_Second,SA,501,101,-1.591890e-05,-2.368430e-06,-3.000000e-06,0.000000e+00,-1.217219e-07
RANS_SA_WD_0.20-0.25_ConsGalerkinProj_OneShot_Long_Second,SA,502,102,-1.596290e-05,-2.368660e-06,-3.000000e-06,0.000000e+00,-1.276042e-07
RANS_SA_WD_0.20-0.25_ConsGalerkinProj_OneShot_Long_Second,SA,503,103,-1.600730e-05,-2.369970e-06,-3.000000e-06,0.000000e+00,-1.320842e-07
RANS_SA_WD_0.20-0.25_ConsGalerkinProj_OneShot_Long_Second,SA,504,104,-1.605220e-05,-2.372280e-06,-3.000000e-06,0.000000e+00,-1.360688e-07
RANS_SA_WD_0.20-0.25_ConsGalerkinProj_OneShot_Long_Second,SA,505,105,-1.609780e-05,-2.375230e-06,-3.000000e-06,0.000000e+00,-1.408744e-07
RANS_SA_WD_0.20-0.25_ConsGalerkinProj_OneShot_Long_Second,SA,506,106,-1.614530e-05,-2.378260e-06,-3.000000e-06,0.000000e+00,-1.477334e-07
RANS_SA_WD_0.20-0.25_ConsGalerkinProj_OneShot_Long_Second,SA,507,107,-1.619500e-05,-2.380780e-06,-3.000000e-06,0.000000e+00,-1.571879e-07
RANS_SA_WD_0.20-0.25_ConsGalerkinProj_OneShot_Long_Second,SA,508,108,-1.624730e-05,-2.382320e-06,-3.000000e-06,0.000000e+00,-1.686982e-07
RANS_SA_WD_0.20-0.25_ConsGalerkinProj_OneShot_Long_Second,SA,509,109,-1.630130e-05,-2.382680e-06,-3.000000e-06,0.000000e+00,-1.807240e-07
RANS_SA_WD_0.20-0.25_ConsGalerkinProj_OneShot_Long_Second,SA,510,110,-1.635500e-05,-2.382050e-06,-3.000000e-06,0.000000e+00,-1.912983e-07
RANS_SA_WD_0.20-0.25_ConsGalerkinProj_OneShot_Long_Second,SA,511,111,-1.640670e-05,-2.380870e-06,-3.000000e-06,0.000000e+00,-1.988390e-07
RANS_SA_WD_0.20-0.25_ConsGalerkinProj_OneShot_Long_Second,SA,512,112,-1.645450e-05,-2.379680e-06,-3.000000e-06,0.000000e+00,-2.028060e-07
RANS_SA_WD_0.20-0.25_ConsGalerkinProj_OneShot_Long_Second,SA,513,113,-1.649750e-05,-2.378890e-06,-3.000000e-06,0.000000e+00,-2.038865e-07
RANS_SA_WD_0.20-0.25_ConsGalerkinProj_OneShot_Long_Second,SA,514,114,-1.653550e-05,-2.378680e-06,-3.000000e-06,0.000000e+00,-2.036339e-07
RANS_SA_WD_0.20-0.25_ConsGalerkinProj_OneShot_Long_Second,SA,515,115,-1.656940e-05,-2.378910e-06,-3.000000e-06,0.000000e+00,-2.037636e-07
RANS_SA_WD_0.20-0.25_ConsGalerkinProj_OneShot_Long_Second,SA,516,116,-1.660000e-05,-2.379230e-06,-3.000000e-06,0.000000e+00,-2.054594e-07
RANS_SA_WD_0.20-0.25_ConsGalerkinProj_OneShot_Long_Second,SA,517,117,-1.662830e-05,-2.379270e-06,-3.000000e-06,0.000000e+00,-2.090036e-07
RANS_SA_WD_0.20-0.25_ConsGalerkinProj_OneShot_Long_Second,SA,518,118,-1.665590e-05,-2.378800e-06,-3.000000e-06,0.000000e+00,-2.138587e-07
RANS_SA_WD_0.20-0.25_ConsGalerkinProj_OneShot_Long_Second,SA,519,119,-1.668440e-05,-2.377790e-06,-3.000000e-06,0.000000e+00,-2.190953e-07
RANS_SA_WD_0.20-0.25_ConsGalerkinProj_OneShot_Long_Second,SA,520,120,-1.671540e-05,-2.376480e-06,-3.000000e-06,0.000000e+00,-2.239237e-07
RANS_SA_WD_0.20-0.25_ConsGalerkinProj_OneShot_Long_Second,SA,521,121,-1.675080e-05,-2.375240e-06,-3.000000e-06,0.000000e+00,-2.280722e-07
RANS_SA_WD_0.20-0.25_ConsGalerkinProj_OneShot_Long_Second,SA,522,122,-1.679160e-05,-2.374480e-06,-3.000000e-06,0.000000e+00,-2.318696e-07
RANS_SA_WD_0.20-0.25_ConsGalerkinProj_OneShot_Long_Second,SA,523,123,-1.683810e-05,-2.374400e-06,-3.000000e-06,0.000000e+00,-2.360378e-07
RANS_SA_WD_0.20-0.25_ConsGalerkinProj_OneShot_Long_Second,SA,524,124,-1.688950e-05,-2.375020e-06,-3.000000e-06,0.000000e+00,-2.413265e-07
RANS_SA_WD_0.20-0.25_ConsGalerkinProj_OneShot_Long_Second,SA,525,125,-1.694390e-05,-2.376150e-06,-3.000000e-06,0.000000e+00,-2.481613e-07
RANS_SA_WD_0.20-0.25_ConsGalerkinProj_OneShot_Long_Second,SA,526,126,-1.699870e-05,-2.377450e-06,-3.000000e-06,0.000000e+00,-2.564452e-07
RANS_SA_WD_0.20-0.25_ConsGalerkinProj_OneShot_Long_Second,SA,527,127,-1.705160e-05,-2.378620e-06,-3.000000e-06,0.000000e+00,-2.655707e-07
RANS_SA_WD_0.20-0.25_ConsGalerkinProj_OneShot_Long_Second,SA,528,128,-1.710060e-05,-2.379420e-06,-3.000000e-06,0.000000e+00,-2.746158e-07
RANS_SA_WD_0.20-0.25_ConsGalerkinProj_OneShot_Long_Second,SA,529,129,-1.714470e-05,-2.379750e-06,-3.000000e-06,0.000000e+00,-2.826376e-07
RANS_SA_WD_0.20-0.25_ConsGalerkinProj_OneShot_Long_Second,SA,530,130,-1.718380e-05,-2.379650e-06,-3.000000e-06,0.000000e+00,-2.889589e-07
RANS_SA_WD_0.20-0.25_ConsGalerkinProj_OneShot_Long_Second,SA,531,131,-1.721850e-05,-2.379170e-06,-3.000000e-06,0.000000e+00,-2.933598e-07
RANS_SA_WD_0.20-0.25_ConsGalerkinProj_OneShot_Long_Second,SA,532,132,-1.725020e-05,-2.378360e-06,-3.000000e-06,0.000000e+00,-2.961280e-07
RANS_SA_WD_0.20-0.25_ConsGalerkinProj_OneShot_Long_Second,SA,533,133,-1.728070e-05,-2.377310e-06,-3.000000e-06,0.000000e+00,-2.979702e-07
RANS_SA_WD_0.20-0.25_ConsGalerkinProj_OneShot_Long_Second,SA,534,134,-1.731200e-05,-2.376110e-06,-3.000000e-06,0.000000e+00,-2.998176e-07
RANS_SA_WD_0.20-0.25_ConsGalerkinProj_OneShot_Long_Second,SA,535,135,-1.734580e-05,-2.374950e-06,-3.000000e-06,0.000000e+00,-3.025911e-07
RANS_SA_WD_0.20-0.25_ConsGalerkinProj_OneShot_Long_Second,SA,536,136,-1.738320e-05,-2.374050e-06,-3.000000e-06,0.000000e+00,-3.069847e-07
RANS_SA_WD_0.20-0.25_ConsGalerkinProj_OneShot_Long_Second,SA,537,137,-1.742510e-05,-2.373660e-06,-3.000000e-06,0.000000e+00,-3.133163e-07
RANS_SA_WD_0.20-0.25_ConsGalerkinProj_OneShot_Long_Second,SA,538,138,-1.747090e-05,-2.373880e-06,-3.000000e-06,0.000000e+00,-3.214745e-07
RANS_SA_WD_0.20-0.25_ConsGalerkinProj_OneShot_Long_Second,SA,539,139,-1.752000e-05,-2.374690e-06,-3.000000e-06,0.000000e+00,-3.309642e-07
RANS_SA_WD_0.20-0.25_ConsGalerkinProj_OneShot_Long_Second,SA,540,140,-1.757100e-05,-2.375920e-06,-3.000000e-06,0.000000e+00,-3.410360e-07
RANS_SA_WD_0.20-0.25_ConsGalerkinProj_OneShot_Long_Second,SA,541,141,-1.762270e-05,-2.377320e-06,-3.000000e-06,0.000000e+00,-3.508693e-07
RANS_SA_WD_0.20-0.25_ConsGalerkinProj_OneShot_Long_Second,SA,542,142,-1.767430e-05,-2.378660e-06,-3.000000e-06,0.000000e+00,-3.597653e-07
RANS_SA_WD_0.20-0.25_ConsGalerkinProj_OneShot_Long_Second,SA,543,143,-1.772510e-05,-2.379830e-06,-3.000000e-06,0.000000e+00,-3.673053e-07
RANS_SA_WD_0.20-0.25_ConsGalerkinProj_OneShot_Long_Second,SA,544,144,-1.777430e-05,-2.380770e-06,-3.000000e-06,0.000000e+00,-3.734309e-07
RANS_SA_WD_0.20-0.25_ConsGalerkinProj_OneShot_Long_Second,SA,545,145,-1.782120e-05,-2.381470e-06,-3.000000e-06,0.000000e+00,-3.784231e-07
RANS_SA_WD_0.20-0.25_ConsGalerkinProj_OneShot_Long_Second,SA,546,146,-1.786540e-05,-2.381920e-06,-3.000000e-06,0.000000e+00,-3.827823e-07
RANS_SA_WD_0.20-0.25_ConsGalerkinProj_OneShot_Long_Second,SA,547,147,-1.790620e-05,-2.382000e-06,-3.000000e-06,0.000000e+00,-3.870483e-07
RANS_SA_WD_0.20-0.25_ConsGalerkinProj_OneShot_Long_Second,SA,548,148,-1.794380e-05,-2.381640e-06,-3.000000e-06,0.000000e+00,-3.916201e-07
RANS_SA_WD_0.20-0.25_ConsGalerkinProj_OneShot_Long_Second,SA,549,149,-1.797850e-05,-2.380790e-06,-3.000000e-06,0.000000e+00,-3.966405e-07
RANS_SA_WD_0.20-0.25_ConsGalerkinProj_OneShot_Long_Second,SA,550,150,-1.801150e-05,-2.379620e-06,-3.000000e-06,0.000000e+00,-4.019876e-07
RANS_SA_WD_0.20-0.25_ConsGalerkinProj_OneShot_Long_Second,SA,551,151,-1.804410e-05,-2.378410e-06,-3.000000e-06,0.000000e+00,-4.073696e-07
RANS_SA_WD_0.20-0.25_ConsGalerkinProj_OneShot_Long_Second,SA,552,152,-1.807770e-05,-2.377540e-06,-3.000000e-06,0.000000e+00,-4.124807e-07
RANS_SA_WD_0.20-0.25_ConsGalerkinProj_OneShot_Long_Second,SA,553,153,-1.811350e-05,-2.377310e-06,-3.000000e-06,0.000000e+00,-4.171505e-07
RANS_SA_WD_0.20-0.25_ConsGalerkinProj_OneShot_Long_Second,SA,554,154,-1.815190e-05,-2.377820e-06,-3.000000e-06,0.000000e+00,-4.214299e-07
RANS_SA_WD_0.20-0.25_ConsGalerkinProj_OneShot_Long_Second,SA,555,155,-1.819290e-05,-2.378910e-06,-3.000000e-06,0.000000e+00,-4.255841e-07
RANS_SA_WD_0.20-0.25_ConsGalerkinProj_OneShot_Long_Second,SA,556,156,-1.823590e-05,-2.380200e-06,-3.000000e-06,0.000000e+00,-4.300043e-07
RANS_SA_WD_0.20-0.25_ConsGalerkinProj_OneShot_Long_Second,SA,557,157,-1.828020e-05,-2.381290e-06,-3.000000e-06,0.000000e+00,-4.350720e-07
RANS_SA_WD_0.20-0.25_ConsGalerkinProj_OneShot_Long_Second,SA,558,158,-1.832510e-05,-2.381880e-06,-3.000000e-06,0.000000e+00,-4.410208e-07
RANS_SA_WD_0.20-0.25_ConsGalerkinProj_OneShot_Long_Second,SA,559,159,-1.837000e-05,-2.381920e-06,-3.000000e-06,0.000000e+00,-4.478371e-07
RANS_SA_WD_0.20-0.25_ConsGalerkinProj_OneShot_Long_Second,SA,560,160,-1.841430e-05,-2.381620e-06,-3.000000e-06,0.000000e+00,-4.552268e-07
RANS_SA_WD_0.20-0.25_ConsGalerkinProj_OneShot_Long_Second,SA,561,161,-1.845790e-05,-2.381310e-06,-3.000000e-06,0.000000e+00,-4.626689e-07
RANS_SA_WD_0.20-0.25_ConsGalerkinProj_OneShot_Long_Second,SA,562,162,-1.850040e-05,-2.381290e-06,-3.000000e-06,0.000000e+00,-4.695533e-07
RANS_SA_WD_0.20-0.25_ConsGalerkinProj_OneShot_Long_Second,SA,563,163,-1.854160e-05,-2.381680e-06,-3.000000e-06,0.000000e+00,-4.753748e-07
RANS_SA_WD_0.20-0.25_ConsGalerkinProj_OneShot_Long_Second,SA,564,164,-1.858150e-05,-2.382370e-06,-3.000000e-06,0.000000e+00,-4.799206e-07
RANS_SA_WD_0.20-0.25_ConsGalerkinProj_OneShot_Long_Second,SA,565,165,-1.862020e-05,-2.383080e-06,-3.000000e-06,0.000000e+00,-4.833750e-07
RANS_SA_WD_0.20-0.25_ConsGalerkinProj_OneShot_Long_Second,SA,566,166,-1.865800e-05,-2.383560e-06,-3.000000e-06,0.000000e+00,-4.862802e-07
RANS_SA_WD_0.20-0.25_ConsGalerkinProj_OneShot_Long_Second,SA,567,167,-1.869550e-05,-2.383630e-06,-3.000000e-06,0.000000e+00,-4.893477e-07
RANS_SA_WD_0.20-0.25_ConsGalerkinProj_OneShot_Long_Second,SA,568,168,-1.873300e-05,-2.383320e-06,-3.000000e-06,0.000000e+00,-4.931891e-07
RANS_SA_WD_0.20-0.25_ConsGalerkinProj_OneShot_Long_Second,SA,569,169,-1.877090e-05,-2.382830e-06,-3.000000e-06,-1.000000e-06,-4.980762e-07
RANS_SA_WD_0.20-0.25_ConsGalerkinProj_OneShot_Long_Second,SA,570,170,-1.880900e-05,-2.382390e-06,-3.000000e-06,-1.000000e-06,-5.038465e-07
RANS_SA_WD_0.20-0.25_ConsGalerkinProj_OneShot_Long_Second,SA,571,171,-1.884690e-05,-2.382180e-06,-3.000000e-06,-1.000000e-06,-5.099933e-07
RANS_SA_WD_0.20-0.25_ConsGalerkinProj_OneShot_Long_Second,SA,572,172,-1.888450e-05,-2.382260e-06,-3.000000e-06,-1.000000e-06,-5.159016e-07
RANS_SA_WD_0.20-0.25_ConsGalerkinProj_OneShot_Long_Second,SA,573,173,-1.892180e-05,-2.382580e-06,-3.000000e-06,-1.000000e-06,-5.211135e-07
RANS_SA_WD_0.20-0.25_ConsGalerkinProj_OneShot_Long_Second,SA,574,174,-1.895900e-05,-2.383020e-06,-3.000000e-06,-1.000000e-06,-5.255036e-07
RANS_SA_WD_0.20-0.25_ConsGalerkinProj_OneShot_Long_Second,SA,575,175,-1.899670e-05,-2.383470e-06,-3.000000e-06,-1.000000e-06,-5.292931e-07
RANS_SA_WD_0.20-0.25_ConsGalerkinProj_OneShot_Long_Second,SA,576,176,-1.903530e-05,-2.383890e-06,-3.000000e-06,-1.000000e-06,-5.329185e-07
RANS_SA_WD_0.20-0.25_ConsGalerkinProj_OneShot_Long_Second,SA,577,177,-1.907490e-05,-2.384260e-06,-3.000000e-06,-1.000000e-06,-5.368334e-07
RANS_SA_WD_0.20-0.25_ConsGalerkinProj_OneShot_Long_Second,SA,578,178,-1.911550e-05,-2.384630e-06,-3.000000e-06,-1.000000e-06,-5.413394e-07
RANS_SA_WD_0.20-0.25_ConsGalerkinProj_OneShot_Long_Second,SA,579,179,-1.915660e-05,-2.385010e-06,-3.000000e-06,-1.000000e-06,-5.465080e-07
RANS_SA_WD_0.20-0.25_ConsGalerkinProj_OneShot_Long_Second,SA,580,180,-1.919760e-05,-2.385400e-06,-3.000000e-06,-1.000000e-06,-5.521999e-07
RANS_SA_WD_0.20-0.25_ConsGalerkinProj_OneShot_Long_Second,SA,581,181,-1.923820e-05,-2.385800e-06,-3.000000e-06,-1.000000e-06,-5.581434e-07
RANS_SA_WD_0.20-0.25_ConsGalerkinProj_OneShot_Long_Second,SA,582,182,-1.927790e-05,-2.386160e-06,-3.000000e-06,-1.000000e-06,-5.640270e-07
RANS_SA_WD_0.20-0.25_ConsGalerkinProj_OneShot_Long_Second,SA,583,183,-1.931700e-05,-2.386470e-06,-3.000000e-06,-1.000000e-06,-5.695723e-07
RANS_SA_WD_0.20-0.25_ConsGalerkinProj_OneShot_Long_Second,SA,584,184,-1.935540e-05,-2.386720e-06,-3.000000e-06,-1.000000e-06,-5.745835e-07
RANS_SA_WD_0.20-0.25_ConsGalerkinProj_OneShot_Long_Second,SA,585,185,-1.939340e-05,-2.386920e-06,-3.000000e-06,-1.000000e-06,-5.789803e-07
RANS_SA_WD_0.20-0.25_ConsGalerkinProj_OneShot_Long_Second,SA,586,186,-1.943120e-05,-2.387080e-06,-3.000000e-06,-1.000000e-06,-5.828174e-07
RANS_SA_WD_0.20-0.25_ConsGalerkinProj_OneShot_Long_Second,SA,587,187,-1.946850e-05,-2.387220e-06,-3.000000e-06,-1.000000e-06,-5.862817e-07
RANS_SA_WD_0.20-0.25_ConsGalerkinProj_OneShot_Long_Second,SA,588,188,-1.950540e-05,-2.387310e-06,-3.000000e-06,-1.000000e-06,-5.896556e-07
RANS_SA_WD_0.20-0.25_ConsGalerkinProj_OneShot_Long_Second,SA,589,189,-1.954180e-05,-2.387380e-06,-2.000000e-06,-1.000000e-06,-5.932430e-07
RANS_SA_WD_0.20-0.25_ConsGalerkinProj_OneShot_Long_Second,SA,590,190,-1.957780e-05,-2.387420e-06,-2.000000e-06,-1.000000e-06,-5.972758e-07
RANS_SA_WD_0.20-0.25_ConsGalerkinProj_OneShot_Long_Second,SA,591,191,-1.961330e-05,-2.387470e-06,-2.000000e-06,-1.000000e-06,-6.018350e-07
RANS_SA_WD_0.20-0.25_ConsGalerkinProj_OneShot_Long_Second,SA,592,192,-1.964890e-05,-2.387560e-06,-2.000000e-06,-1.000000e-06,-6.068186e-07
RANS_SA_WD_0.20-0.25_ConsGalerkinProj_OneShot_Long_Second,SA,593,193,-1.968440e-05,-2.387730e-06,-2.000000e-06,-1.000000e-06,-6.119789e-07
RANS_SA_WD_0.20-0.25_ConsGalerkinProj_OneShot_Long_Second,SA,594,194,-1.972030e-05,-2.387990e-06,-2.000000e-06,-1.000000e-06,-6.170167e-07
RANS_SA_WD_0.20-0.25_ConsGalerkinProj_OneShot_Long_Second,SA,595,195,-1.975680e-05,-2.388350e-06,-2.000000e-06,-1.000000e-06,-6.216983e-07
RANS_SA_WD_0.20-0.25_ConsGalerkinProj_OneShot_Long_Second,SA,596,196,-1.979400e-05,-2.388800e-06,-2.000000e-06,-1.000000e-06,-6.259497e-07
RANS_SA_WD_0.20-0.25_ConsGalerkinProj_OneShot_Long_Second,SA,597,197,-1.983190e-05,-2.389300e-06,-2.000000e-06,-1.000000e-06,-6.298896e-07
RANS_SA_WD_0.20-0.25_ConsGalerkinProj_OneShot_Long_Second,SA,598,198,-1.987060e-05,-2.389840e-06,-2.000000e-06,-1.000000e-06,-6.337866e-07
RANS_SA_WD_0.20-0.25_ConsGalerkinProj_OneShot_Long_Second,SA,599,199,-1.990970e-05,-2.390400e-06,-2.000000e-06,-1.000000e-06,-6.379554e-07
RANS_SA_WD_0.20-0.25_ConsGalerkinProj_OneShot_Long_Second,SA,600,200,-1.994920e-05,-2.390940e-06,-2.000000e-06,-1.000000e-06,-6.426335e-07
RANS_SA_WD_0.20-0.25_ConsGalerkinProj_OneShot_Long_Second,SA,601,201,-1.998860e-05,-2.391460e-06,-2.000000e-06,-1.000000e-06,-6.478833e-07
RANS_SA_WD_0.20-0.25_ConsGalerkinProj_OneShot_Long_Second,SA,602,202,-2.002760e-05,-2.391940e-06,-2.000000e-06,-1.000000e-06,-6.535592e-07
RANS_SA_WD_0.20-0.25_ConsGalerkinProj_OneShot_Long_Second,SA,603,203,-2.006610e-05,-2.392390e-06,-2.000000e-06,-1.000000e-06,-6.593523e-07
RANS_SA_WD_0.20-0.25_ConsGalerkinProj_OneShot_Long_Second,SA,604,204,-2.010400e-05,-2.392840e-06,-2.000000e-06,-1.000000e-06,-6.648952e-07
RANS_SA_WD_0.20-0.25_ConsGalerkinProj_OneShot_Long_Second,SA,605,205,-2.014120e-05,-2.393290e-06,-2.000000e-06,-1.000000e-06,-6.698886e-07
RANS_SA_WD_0.20-0.25_ConsGalerkinProj_OneShot_Long_Second,SA,606,206,-2.017780e-05,-2.393750e-06,-2.000000e-06,-1.000000e-06,-6.742038e-07
RANS_SA_WD_0.20-0.25_ConsGalerkinProj_OneShot_Long_Second,SA,607,207,-2.021410e-05,-2.394190e-06,-2.000000e-06,-1.000000e-06,-6.779225e-07
RANS_SA_WD_0.20-0.25_ConsGalerkinProj_OneShot_Long_Second,SA,608,208,-2.025020e-05,-2.394580e-06,-2.000000e-06,-1.000000e-06,-6.813039e-07
RANS_SA_WD_0.20-0.25_ConsGalerkinProj_OneShot_Long_Second,SA,609,209,-2.028610e-05,-2.394880e-06,-2.000000e-06,-1.000000e-06,-6.846930e-07
RANS_SA_WD_0.20-0.25_ConsGalerkinProj_OneShot_Long_Second,SA,610,210,-2.032190e-05,-2.395060e-06,-2.000000e-06,-1.000000e-06,-6.884012e-07
RANS_SA_WD_0.20-0.25_ConsGalerkinProj_OneShot_Long_Second,SA,611,211,-2.035760e-05,-2.395170e-06,-2.000000e-06,-1.000000e-06,-6.926061e-07
RANS_SA_WD_0.20-0.25_ConsGalerkinProj_OneShot_Long_Second,SA,612,212,-2.039310e-05,-2.395240e-06,-2.000000e-06,-1.000000e-06,-6.972997e-07
RANS_SA_WD_0.20-0.25_ConsGalerkinProj_OneShot_Long_Second,SA,613,213,-2.042820e-05,-2.395360e-06,-2.000000e-06,-1.000000e-06,-7.023032e-07
RANS_SA_WD_0.20-0.25_ConsGalerkinProj_OneShot_Long_Second,SA,614,214,-2.046320e-05,-2.395580e-06,-2.000000e-06,-1.000000e-06,-7.073383e-07
RANS_SA_WD_0.20-0.25_ConsGalerkinProj_OneShot_Long_Second,SA,615,215,-2.049810e-05,-2.395900e-06,-2.000000e-06,-1.000000e-06,-7.121293e-07
RANS_SA_WD_0.20-0.25_ConsGalerkinProj_OneShot_Long_Second,SA,616,216,-2.053310e-05,-2.396300e-06,-2.000000e-06,-1.000000e-06,-7.164985e-07
RANS_SA_WD_0.20-0.25_ConsGalerkinProj_OneShot_Long_Second,SA,617,217,-2.056840e-05,-2.396700e-06,-2.000000e-06,-1.000000e-06,-7.204246e-07
RANS_SA_WD_0.20-0.25_ConsGalerkinProj_OneShot_Long_Second,SA,618,218,-2.060400e-05,-2.397050e-06,-2.000000e-06,-1.000000e-06,-7.240435e-07
RANS_SA_WD_0.20-0.25_ConsGalerkinProj_OneShot_Long_Second,SA,619,219,-2.063990e-05,-2.397330e-06,-2.000000e-06,-1.000000e-06,-7.275970e-07
RANS_SA_WD_0.20-0.25_ConsGalerkinProj_OneShot_Long_Second,SA,620,220,-2.067590e-05,-2.397570e-06,-2.000000e-06,-1.000000e-06,-7.313467e-07
RANS_SA_WD_0.20-0.25_ConsGalerkinProj_OneShot_Long_Second,SA,621,221,-2.071190e-05,-2.397810e-06,-2.000000e-06,-1.000000e-06,-7.354820e-07
RANS_SA_WD_0.20-0.25_ConsGalerkinProj_OneShot_Long_Second,SA,622,222,-2.074770e-05,-2.398120e-06,-2.000000e-06,-1.000000e-06,-7.400567e-07
RANS_SA_WD_0.20-0.25_ConsGalerkinProj_OneShot_Long_Second,SA,623,223,-2.078320e-05,-2.398490e-06,-2.000000e-06,-1.000000e-06,-7.449692e-07
RANS_SA_WD_0.20-0.25_ConsGalerkinProj_OneShot_Long_Second,SA,624,224,-2.081840e-05,-2.398890e-06,-2.000000e-06,-1.000000e-06,-7.499966e-07
RANS_SA_WD_0.20-0.25_ConsGalerkinProj_OneShot_Long_Second,SA,625,225,-2.085330e-05,-2.399280e-06,-2.000000e-06,-1.000000e-06,-7.548693e-07
RANS_SA_WD_0.20-0.25_ConsGalerkinProj_OneShot_Long_Second,SA,626,226,-2.088790e-05,-2.399590e-06,-2.000000e-06,-1.000000e-06,-7.593614e-07
RANS_SA_WD_0.20-0.25_ConsGalerkinProj_OneShot_Long_Second,SA,627,227,-2.092240e-05,-2.399820e-06,-2.000000e-06,-1.000000e-06,-7.633692e-07
RANS_SA_WD_0.20-0.25_ConsGalerkinProj_OneShot_Long_Second,SA,628,228,-2.095700e-05,-2.400000e-06,-2.000000e-06,-1.000000e-06,-7.669486e-07
RANS_SA_WD_0.20-0.25_ConsGalerkinProj_OneShot_Long_Second,SA,629,229,-2.099140e-05,-2.400170e-06,-2.000000e-06,-1.000000e-06,-7.702970e-07
RANS_SA_WD_0.20-0.25_ConsGalerkinProj_OneShot_Long_Second,SA,630,230,-2.102590e-05,-2.400420e-06,-2.000000e-06,-1.000000e-06,-7.736868e-07
RANS_SA_WD_0.20-0.25_ConsGalerkinProj_OneShot_Long_Second,SA,631,231,-2.106040e-05,-2.400740e-06,-2.000000e-06,-1.000000e-06,-7.773694e-07
RANS_SA_WD_0.20-0.25_ConsGalerkinProj_OneShot_Long_Second,SA,632,232,-2.109490e-05,-2.401110e-06,-2.000000e-06,-1.000000e-06,-7.814861e-07
RANS_SA_WD_0.20-0.25_ConsGalerkinProj_OneShot_Long_Second,SA,633,233,-2.112930e-05,-2.401450e-06,-2.000000e-06,-1.000000e-06,-7.860182e-07
RANS_SA_WD_0.20-0.25_ConsGalerkinProj_OneShot_Long_Second,SA,634,234,-2.116360e-05,-2.401740e-06,-2.000000e-06,-1.000000e-06,-7.907965e-07
RANS_SA_WD_0.20-0.25_ConsGalerkinProj_OneShot_Long_Second,SA,635,235,-2.119780e-05,-2.401930e-06,-2.000000e-06,-1.000000e-06,-7.955642e-07
RANS_SA_WD_0.20-0.25_ConsGalerkinProj_OneShot_Long_Second,SA,636,236,-2.123190e-05,-2.402060e-06,-2.000000e-06,-1.000000e-06,-8.000739e-07
RANS_SA_WD_0.20-0.25_ConsGalerkinProj_OneShot_Long_Second,SA,637,237,-2.126570e-05,-2.402180e-06,-2.000000e-06,-1.000000e-06,-8.041776e-07
RANS_SA_WD_0.20-0.25_ConsGalerkinProj_OneShot_Long_Second,SA,638,238,-2.129960e-05,-2.402390e-06,-2.000000e-06,-1.000000e-06,-8.078774e-07
RANS_SA_WD_0.20-0.25_ConsGalerkinProj_OneShot_Long_Second,SA,639,239,-2.133350e-05,-2.402700e-06,-2.000000e-06,-1.000000e-06,-8.113184e-07
RANS_SA_WD_0.20-0.25_ConsGalerkinProj_OneShot_Long_Second,SA,640,240,-2.136750e-05,-2.403140e-06,-2.000000e-06,-1.000000e-06,-8.147288e-07
RANS_SA_WD_0.20-0.25_ConsGalerkinProj_OneShot_Long_Second,SA,641,241,-2.140150e-05,-2.403610e-06,-2.000000e-06,-1.000000e-06,-8.183315e-07
RANS_SA_WD_0.20-0.25_ConsGalerkinProj_OneShot_Long_Second,SA,642,242,-2.143570e-05,-2.404050e-06,-2.000000e-06,-1.000000e-06,-8.222626e-07
RANS_SA_WD_0.20-0.25_ConsGalerkinProj_OneShot_Long_Second,SA,643,243,-2.146980e-05,-2.404400e-06,-2.000000e-06,-1.000000e-06,-8.265280e-07
RANS_SA_WD_0.20-0.25_ConsGalerkinProj_OneShot_Long_Second,SA,644,244,-2.150360e-05,-2.404640e-06,-2.000000e-06,-1.000000e-06,-8.310095e-07
RANS_SA_WD_0.20-0.25_ConsGalerkinProj_OneShot_Long_Second,SA,645,245,-2.153710e-05,-2.404820e-06,-2.000000e-06,-1.000000e-06,-8.355160e-07
RANS_SA_WD_0.20-0.25_ConsGalerkinProj_OneShot_Long_Second,SA,646,246,-2.157030e-05,-2.404960e-06,-2.000000e-06,-1.000000e-06,-8.398560e-07
RANS_SA_WD_0.20-0.25_ConsGalerkinProj_OneShot_Long_Second,SA,647,247,-2.160310e-05,-2.405150e-06,-2.000000e-06,-1.000000e-06,-8.439031e-07
RANS_SA_WD_0.20-0.25_ConsGalerkinProj_OneShot_Long_Second,SA,648,248,-2.163580e-05,-2.405420e-06,-2.000000e-06,-1.000000e-06,-8.476328e-07
RANS_SA_WD_0.20-0.25_ConsGalerkinProj_OneShot_Long_Second,SA,649,249,-2.166850e-05,-2.405750e-06,-2.000000e-06,-1.000000e-06,-8.511211e-07
RANS_SA_WD_0.20-0.25_ConsGalerkinProj_OneShot_Long_Second,SA,650,250,-2.170140e-05,-2.406100e-06,-2.000000e-06,-1.000000e-06,-8.545109e-07
RANS_SA_WD_0.20-0.25_ConsGalerkinProj_OneShot_Long_Second,SA,651,251,-2.173450e-05,-2.406450e-06,-2.000000e-06,-1.000000e-06,-8.579608e-07
RANS_SA_WD_0.20-0.25_ConsGalerkinProj_OneShot_Long_Second,SA,652,252,-2.176750e-05,-2.406740e-06,-2.000000e-06,-1.000000e-06,-8.615956e-07
RANS_SA_WD_0.20-0.25_ConsGalerkinProj_OneShot_Long_Second,SA,653,253,-2.180050e-05,-2.406970e-06,-2.000000e-06,-1.000000e-06,-8.654723e-07
RANS_SA_WD_0.20-0.25_ConsGalerkinProj_OneShot_Long_Second,SA,654,254,-2.183340e-05,-2.407160e-06,-2.000000e-06,-1.000000e-06,-8.695684e-07
RANS_SA_WD_0.20-0.25_ConsGalerkinProj_OneShot_Long_Second,SA,655,255,-2.186590e-05,-2.407350e-06,-2.000000e-06,-1.000000e-06,-8.737943e-07
RANS_SA_WD_0.20-0.25_ConsGalerkinProj_OneShot_Long_Second,SA,656,256,-2.189830e-05,-2.407550e-06,-2.000000e-06,-1.000000e-06,-8.780213e-07
RANS_SA_WD_0.20-0.25_ConsGalerkinProj_OneShot_Long_Second,SA,657,257,-2.193050e-05,-2.407810e-06,-2.000000e-06,-1.000000e-06,-8.821207e-07
RANS_SA_WD_0.20-0.25_ConsGalerkinProj_OneShot_Long_Second,SA,658,258,-2.196280e-05,-2.408110e-06,-2.000000e-06,-1.000000e-06,-8.859992e-07
RANS_SA_WD_0.20-0.25_ConsGalerkinProj_OneShot_Long_Second,SA,659,259,-2.199510e-05,-2.408470e-06,-2.000000e-06,-1.000000e-06,-8.896275e-07
RANS_SA_WD_0.20-0.25_ConsGalerkinProj_OneShot_Long_Second,SA,660,260,-2.202770e-05,-2.408870e-06,-2.000000e-06,-1.000000e-06,-8.930488e-07
RANS_SA_WD_0.20-0.25_ConsGalerkinProj_OneShot_Long_Second,SA,661,261,-2.206040e-05,-2.409280e-06,-2.000000e-06,-1.000000e-06,-8.963690e-07
RANS_SA_WD_0.20-0.25_ConsGalerkinProj_OneShot_Long_Second,SA,662,262,-2.209300e-05,-2.409700e-06,-2.000000e-06,-1.000000e-06,-8.997249e-07
RANS_SA_WD_0.20-0.25_ConsGalerkinProj_OneShot_Long_Second,SA,663,263,-2.212560e-05,-2.410100e-06,-2.000000e-06,-1.000000e-06,-9.032410e-07
RANS_SA_WD_0.20-0.25_ConsGalerkinProj_OneShot_Long_Second,SA,664,264,-2.215790e-05,-2.410450e-06,-2.000000e-06,-1.000000e-06,-9.069859e-07
RANS_SA_WD_0.20-0.25_ConsGalerkinProj_OneShot_Long_Second,SA,665,265,-2.218990e-05,-2.410750e-06,-2.000000e-06,-1.000000e-06,-9.109435e-07
RANS_SA_WD_0.20-0.25_ConsGalerkinProj_OneShot_Long_Second,SA,666,266,-2.222170e-05,-2.411010e-06,-2.000000e-06,-1.000000e-06,-9.150116e-07
RANS_SA_WD_0.20-0.25_ConsGalerkinProj_OneShot_Long_Second,SA,667,267,-2.225320e-05,-2.411250e-06,-2.000000e-06,-1.000000e-06,-9.190312e-07
RANS_SA_WD_0.20-0.25_ConsGalerkinProj_OneShot_Long_Second,SA,668,268,-2.228460e-05,-2.411490e-06,-2.000000e-06,-1.000000e-06,-9.228398e-07
RANS_SA_WD_0.20-0.25_ConsGalerkinProj_OneShot_Long_Second,SA,669,269,-2.231570e-05,-2.411750e-06,-2.000000e-06,-1.000000e-06,-9.263323e-07
RANS_SA_WD_0.20-0.25_ConsGalerkinProj_OneShot_Long_Second,SA,670,270,-2.234680e-05,-2.412040e-06,-2.000000e-06,-1.000000e-06,-9.295039e-07
RANS_SA_WD_0.20-0.25_ConsGalerkinProj_OneShot_Long_Second,SA,671,271,-2.237770e-05,-2.412370e-06,-2.000000e-06,-1.000000e-06,-9.324589e-07
RANS_SA_WD_0.20-0.25_ConsGalerkinProj_OneShot_Long_Second,SA,672,272,-2.240860e-05,-2.412710e-06,-2.000000e-06,-1.000000e-06,-9.353780e-07
RANS_SA_WD_0.20-0.25_ConsGalerkinProj_OneShot_Long_Second,SA,673,273,-2.243930e-05,-2.413040e-06,-2.000000e-06,-1.000000e-06,-9.384534e-07
RANS_SA_WD_0.20-0.25_ConsGalerkinProj_OneShot_Long_Second,SA,674,274,-2.247020e-05,-2.413350e-06,-2.000000e-06,-1.000000e-06,-9.418170e-07
RANS_SA_WD_0.20-0.25_ConsGalerkinProj_OneShot_Long_Second,SA,675,275,-2.250090e-05,-2.413630e-06,-2.000000e-06,-1.000000e-06,-9.454909e-07
RANS_SA_WD_0.20-0.25_ConsGalerkinProj_OneShot_Long_Second,SA,676,276,-2.253180e-05,-2.413900e-06,-2.000000e-06,-1.000000e-06,-9.493789e-07
RANS_SA_WD_0.20-0.25_ConsGalerkinProj_OneShot_Long_Second,SA,677,277,-2.256250e-05,-2.414190e-06,-2.000000e-06,-1.000000e-06,-9.533064e-07
RANS_SA_WD_0.20-0.25_ConsGalerkinProj_OneShot_Long_Second,SA,678,278,-2.259320e-05,-2.414500e-06,-2.000000e-06,-1.000000e-06,-9.570901e-07
RANS_SA_WD_0.20-0.25_ConsGalerkinProj_OneShot_Long_Second,SA,679,279,-2.262390e-05,-2.414860e-06,-2.000000e-06,-1.000000e-06,-9.606100e-07
RANS_SA_WD_0.20-0.25_ConsGalerkinProj_OneShot_Long_Second,SA,680,280,-2.265460e-05,-2.415280e-06,-2.000000e-06,-1.000000e-06,-9.638530e-07
RANS_SA_WD_0.20-0.25_ConsGalerkinProj_OneShot_Long_Second,SA,681,281,-2.268510e-05,-2.415730e-06,-2.000000e-06,-1.000000e-06,-9.669132e-07
RANS_SA_WD_0.20-0.25_ConsGalerkinProj_OneShot_Long_Second,SA,682,282,-2.271580e-05,-2.416190e-06,-2.000000e-06,-1.000000e-06,-9.699472e-07
RANS_SA_WD_0.20-0.25_ConsGalerkinProj_OneShot_Long_Second,SA,683,283,-2.274650e-05,-2.416630e-06,-2.000000e-06,-1.000000e-06,-9.731092e-07
RANS_SA_WD_0.20-0.25_ConsGalerkinProj_OneShot_Long_Second,SA,684,284,-2.277710e-05,-2.417040e-06,-2.000000e-06,-1.000000e-06,-9.764907e-07
RANS_SA_WD_0.20-0.25_ConsGalerkinProj_OneShot_Long_Second,SA,685,285,-2.280770e-05,-2.417380e-06,-2.000000e-06,-1.000000e-06,-9.800894e-07
RANS_SA_WD_0.20-0.25_ConsGalerkinProj_OneShot_Long_Second,SA,686,286,-2.283800e-05,-2.417680e-06,-2.000000e-06,-1.000000e-06,-9.838180e-07
RANS_SA_WD_0.20-0.25_ConsGalerkinProj_OneShot_Long_Second,SA,687,287,-2.286800e-05,-2.417970e-06,-2.000000e-06,-1.000000e-06,-9.875438e-07
RANS_SA_WD_0.20-0.25_ConsGalerkinProj_OneShot_Long_Second,SA,688,288,-2.289790e-05,-2.418260e-06,-2.000000e-06,-1.000000e-06,-9.911417e-07
RANS_SA_WD_0.20-0.25_ConsGalerkinProj_OneShot_Long_Second,SA,689,289,-2.292740e-05,-2.418570e-06,-2.000000e-06,-1.000000e-06,-9.945373e-07
RANS_SA_WD_0.20-0.25_ConsGalerkinProj_OneShot_Long_Second,SA,690,290,-2.295680e-05,-2.418910e-06,-2.000000e-06,-1.000000e-06,-9.977272e-07
RANS_SA_WD_0.20-0.25_ConsGalerkinProj_OneShot_Long_Second,SA,691,291,-2.298610e-05,-2.419260e-06,-2.000000e-06,-1.000000e-06,-1.000772e-06
RANS_SA_WD_0.20-0.25_ConsGalerkinProj_OneShot_Long_Second,SA,692,292,-2.301550e-05,-2.419610e-06,-2.000000e-06,-1.000000e-06,-1.003768e-06
RANS_SA_WD_0.20-0.25_ConsGalerkinProj_OneShot_Long_Second,SA,693,293,-2.304490e-05,-2.419950e-06,-2.000000e-06,-1.000000e-06,-1.006816e-06
RANS_SA_WD_0.20-0.25_ConsGalerkinProj_OneShot_Long_Second,SA,694,294,-2.307440e-05,-2.420240e-06,-2.000000e-06,-1.000000e-06,-1.009988e-06
RANS_SA_WD_0.20-0.25_ConsGalerkinProj_OneShot_Long_Second,SA,695,295,-2.310400e-05,-2.420500e-06,-2.000000e-06,-1.000000e-06,-1.013313e-06
RANS_SA_WD_0.20-0.25_ConsGalerkinProj_OneShot_Long_Second,SA,696,296,-2.313350e-05,-2.420750e-06,-2.000000e-06,-1.000000e-06,-1.016773e-06
RANS_SA_WD_0.20-0.25_ConsGalerkinProj_OneShot_Long_Second,SA,697,297,-2.316290e-05,-2.421010e-06,-2.000000e-06,-1.000000e-06,-1.020317e-06
RANS_SA_WD_0.20-0.25_ConsGalerkinProj_OneShot_Long_Second,SA,698,298,-2.319210e-05,-2.421290e-06,-2.000000e-06,-1.000000e-06,-1.023869e-06
RANS_SA_WD_0.20-0.25_ConsGalerkinProj_OneShot_Long_Second,SA,699,299,-2.322110e-05,-2.421580e-06,-2.000000e-06,-1.000000e-06,-1.027357e-06
RANS_SA_WD_0.20-0.25_ConsGalerkinProj_OneShot_Long_Second,SA,700,300,-2.325020e-05,-2.421900e-06,-2.000000e-06,-1.000000e-06,-1.030728e-06
RANS_SA_WD_0.20-0.25_ConsGalerkinProj_OneShot_Long_Second,SA,701,301,-2.327920e-05,-2.422250e-06,-2.000000e-06,-1.000000e-06,-1.033962e-06
RANS_SA_WD_0.20-0.25_ConsGalerkinProj_OneShot_Long_Second,SA,702,302,-2.330830e-05,-2.422580e-06,-2.000000e-06,-1.000000e-06,-1.037076e-06
RANS_SA_WD_0.20-0.25_ConsGalerkinProj_OneShot_Long_Second,SA,703,303,-2.333740e-05,-2.422910e-06,-2.000000e-06,-1.000000e-06,-1.040123e-06
RANS_SA_WD_0.20-0.25_ConsGalerkinProj_OneShot_Long_Second,SA,704,304,-2.336650e-05,-2.423220e-06,-2.000000e-06,-1.000000e-06,-1.043173e-06
RANS_SA_WD_0.20-0.25_ConsGalerkinProj_OneShot_Long_Second,SA,705,305,-2.339560e-05,-2.423520e-06,-2.000000e-06,-1.000000e-06,-1.046292e-06
RANS_SA_WD_0.20-0.25_ConsGalerkinProj_OneShot_Long_Second,SA,706,306,-2.342450e-05,-2.423800e-06,-2.000000e-06,-1.000000e-06,-1.049524e-06
RANS_SA_WD_0.20-0.25_ConsGalerkinProj_OneShot_Long_Second,SA,707,307,-2.345320e-05,-2.424060e-06,-2.000000e-06,-1.000000e-06,-1.052871e-06
RANS_SA_WD_0.20-0.25_ConsGalerkinProj_OneShot_Long_Second,SA,708,308,-2.348160e-05,-2.424310e-06,-2.000000e-06,-1.000000e-06,-1.056289e-06
RANS_SA_WD_0.20-0.25_ConsGalerkinProj_OneShot_Long_Second,SA,709,309,-2.350980e-05,-2.424550e-06,-2.000000e-06,-1.000000e-06,-1.059706e-06
RANS_SA_WD_0.20-0.25_ConsGalerkinProj_OneShot_Long_Second,SA,710,310,-2.353790e-05,-2.424790e-06,-2.000000e-06,-1.000000e-06,-1.063039e-06
RANS_SA_WD_0.20-0.25_ConsGalerkinProj_OneShot_Long_Second,SA,711,311,-2.356600e-05,-2.425050e-06,-2.000000e-06,-1.000000e-06,-1.066225e-06
RANS_SA_WD_0.20-0.25_ConsGalerkinProj_OneShot_Long_Second,SA,712,312,-2.359410e-05,-2.425320e-06,-2.000000e-06,-1.000000e-06,-1.069245e-06
RANS_SA_WD_0.20-0.25_ConsGalerkinProj_OneShot_Long_Second,SA,713,313,-2.362220e-05,-2.425580e-06,-2.000000e-06,-1.000000e-06,-1.072132e-06
RANS_SA_WD_0.20-0.25_ConsGalerkinProj_OneShot_Long_Second,SA,714,314,-2.365030e-05,-2.425860e-06,-2.000000e-06,-1.000000e-06,-1.074968e-06
RANS_SA_WD_0.20-0.25_ConsGalerkinProj_OneShot_Long_Second,SA,715,315,-2.367830e-05,-2.426120e-06,-2.000000e-06,-1.000000e-06,-1.077849e-06
RANS_SA_WD_0.20-0.25_ConsGalerkinProj_OneShot_Long_Second,SA,716,316,-2.370620e-05,-2.426350e-06,-2.000000e-06,-1.000000e-06,-1.080858e-06
RANS_SA_WD_0.20-0.25_ConsGalerkinProj_OneShot_Long_Second,SA,717,317,-2.373400e-05,-2.426570e-06,-2.000000e-06,-1.000000e-06,-1.084031e-06
RANS_SA_WD_0.20-0.25_ConsGalerkinProj_OneShot_Long_Second,SA,718,318,-2.376170e-05,-2.426760e-06,-2.000000e-06,-1.000000e-06,-1.087342e-06
RANS_SA_WD_0.20-0.25_ConsGalerkinProj_OneShot_Long_Second,SA,719,319,-2.378940e-05,-2.426970e-06,-2.000000e-06,-1.000000e-06,-1.090712e-06
RANS_SA_WD_0.20-0.25_ConsGalerkinProj_OneShot_Long_Second,SA,720,320,-2.381700e-05,-2.427190e-06,-2.000000e-06,-1.000000e-06,-1.094033e-06
RANS_SA_WD_0.20-0.25_ConsGalerkinProj_OneShot_Long_Second,SA,721,321,-2.384460e-05,-2.427440e-06,-2.000000e-06,-1.000000e-06,-1.097211e-06
RANS_SA_WD_0.20-0.25_ConsGalerkinProj_OneShot_Long_Second,SA,722,322,-2.387210e-05,-2.427700e-06,-2.000000e-06,-1.000000e-06,-1.100203e-06
RANS_SA_WD_0.20-0.25_ConsGalerkinProj_OneShot_Long_Second,SA,723,323,-2.389940e-05,-2.427970e-06,-2.000000e-06,-1.000000e-06,-1.103032e-06
RANS_SA_WD_0.20-0.25_ConsGalerkinProj_OneShot_Long_Second,SA,724,324,-2.392670e-05,-2.428230e-06,-2.000000e-06,-1.000000e-06,-1.105778e-06
RANS_SA_WD_0.20-0.25_ConsGalerkinProj_OneShot_Long_Second,SA,725,325,-2.395400e-05,-2.428460e-06,-2.000000e-06,-1.000000e-06,-1.108550e-06
RANS_SA_WD_0.20-0.25_ConsGalerkinProj_OneShot_Long_Second,SA,726,326,-2.398110e-05,-2.428670e-06,-2.000000e-06,-1.000000e-06,-1.111442e-06
RANS_SA_WD_0.20-0.25_ConsGalerkinProj_OneShot_Long_Second,SA,727,327,-2.400820e-05,-2.428850e-06,-2.000000e-06,-1.000000e-06,-1.114494e-06
RANS_SA_WD_0.20-0.25_ConsGalerkinProj_OneShot_Long_Second,SA,728,328,-2.403530e-05,-2.429020e-06,-2.000000e-06,-1.000000e-06,-1.117680e-06
RANS_SA_WD_0.20-0.25_ConsGalerkinProj_OneShot_Long_Second,SA,729,329,-2.406210e-05,-2.429190e-06,-2.000000e-06,-1.000000e-06,-1.120919e-06
RANS_SA_WD_0.20-0.25_ConsGalerkinProj_OneShot_Long_Second,SA,730,330,-2.408890e-05,-2.429380e-06,-2.000000e-06,-1.000000e-06,-1.124107e-06
RANS_SA_WD_0.20-0.25_ConsGalerkinProj_OneShot_Long_Second,SA,731,331,-2.411530e-05,-2.429570e-06,-2.000000e-06,-1.000000e-06,-1.127161e-06
RANS_SA_WD_0.20-0.25_ConsGalerkinProj_OneShot_Long_Second,SA,732,332,-2.414170e-05,-2.429770e-06,-2.000000e-06,-1.000000e-06,-1.130047e-06
RANS_SA_WD_0.20-0.25_ConsGalerkinProj_OneShot_Long_Second,SA,733,333,-2.416810e-05,-2.429970e-06,-2.000000e-06,-1.000000e-06,-1.132794e-06
RANS_SA_WD_0.20-0.25_ConsGalerkinProj_OneShot_Long_Second,SA,734,334,-2.419440e-05,-2.430170e-06,-2.000000e-06,-1.000000e-06,-1.135477e-06
RANS_SA_WD_0.20-0.25_ConsGalerkinProj_OneShot_Long_Second,SA,735,335,-2.422070e-05,-2.430370e-06,-2.000000e-06,-1.000000e-06,-1.138185e-06
RANS_SA_WD_0.20-0.25_ConsGalerkinProj_OneShot_Long_Second,SA,736,336,-2.424720e-05,-2.430570e-06,-2.000000e-06,-1.000000e-06,-1.140991e-06
RANS_SA_WD_0.20-0.25_ConsGalerkinProj_OneShot_Long_Second,SA,737,337,-2.427370e-05,-2.430790e-06,-2.000000e-06,-1.000000e-06,-1.143922e-06
RANS_SA_WD_0.20-0.25_ConsGalerkinProj_OneShot_Long_Second,SA,738,338,-2.430020e-05,-2.431040e-06,-2.000000e-06,-1.000000e-06,-1.146962e-06
RANS_SA_WD_0.20-0.25_ConsGalerkinProj_OneShot_Long_Second,SA,739,339,-2.432660e-05,-2.431310e-06,-2.000000e-06,-1.000000e-06,-1.150054e-06
RANS_SA_WD_0.20-0.25_ConsGalerkinProj_OneShot_Long_Second,SA,740,340,-2.435290e-05,-2.431610e-06,-2.000000e-06,-1.000000e-06,-1.153134e-06
RANS_SA_WD_0.20-0.25_ConsGalerkinProj_OneShot_Long_Second,SA,741,341,-2.437910e-05,-2.431900e-06,-2.000000e-06,-1.000000e-06,-1.156147e-06
RANS_SA_WD_0.20-0.25_ConsGalerkinProj_OneShot_Long_Second,SA,742,342,-2.440530e-05,-2.432210e-06,-2.000000e-06,-1.000000e-06,-1.159066e-06
RANS_SA_WD_0.20-0.25_ConsGalerkinProj_OneShot_Long_Second,SA,743,343,-2.443150e-05,-2.432520e-06,-2.000000e-06,-1.000000e-06,-1.161894e-06
RANS_SA_WD_0.20-0.25_ConsGalerkinProj_OneShot_Long_Second,SA,744,344,-2.445770e-05,-2.432840e-06,-2.000000e-06,-1.000000e-06,-1.164660e-06
RANS_SA_WD_0.20-0.25_ConsGalerkinProj_OneShot_Long_Second,SA,745,345,-2.448390e-05,-2.433150e-06,-2.000000e-06,-1.000000e-06,-1.167404e-06
RANS_SA_WD_0.20-0.25_ConsGalerkinProj_OneShot_Long_Second,SA,746,346,-2.451010e-05,-2.433480e-06,-2.000000e-06,-1.000000e-06,-1.170167e-06
RANS_SA_WD_0.20-0.25_ConsGalerkinProj_OneShot_Long_Second,SA,747,347,-2.453630e-05,-2.433820e-06,-2.000000e-06,-1.000000e-06,-1.172979e-06
RANS_SA_WD_0.20-0.25_ConsGalerkinProj_OneShot_Long_Second,SA,748,348,-2.456250e-05,-2.434140e-06,-2.000000e-06,-1.000000e-06,-1.175853e-06
RANS_SA_WD_0.20-0.25_ConsGalerkinProj_OneShot_Long_Second,SA,749,349,-2.458830e-05,-2.434470e-06,-2.000000e-06,-1.000000e-06,-1.178784e-06
RANS_SA_WD_0.20-0.25_ConsGalerkinProj_OneShot_Long_Second,SA,750,350,-2.461420e-05,-2.434800e-06,-2.000000e-06,-1.000000e-06,-1.181749e-06
RANS_SA_WD_0.20-0.25_ConsGalerkinProj_OneShot_Long_Second,SA,751,351,-2.463990e-05,-2.435110e-06,-2.000000e-06,-1.000000e-06,-1.184710e-06
RANS_SA_WD_0.20-0.25_ConsGalerkinProj_OneShot_Long_Second,SA,752,352,-2.466560e-05,-2.435430e-06,-2.000000e-06,-1.000000e-06,-1.187627e-06
RANS_SA_WD_0.20-0.25_ConsGalerkinProj_OneShot_Long_Second,SA,753,353,-2.469120e-05,-2.435760e-06,-2.000000e-06,-1.000000e-06,-1.190468e-06
RANS_SA_WD_0.20-0.25_ConsGalerkinProj_OneShot_Long_Second,SA,754,354,-2.471680e-05,-2.436100e-06,-2.000000e-06,-1.000000e-06,-1.193223e-06
RANS_SA_WD_0.20-0.25_ConsGalerkinProj_OneShot_Long_Second,SA,755,355,-2.474250e-05,-2.436460e-06,-2.000000e-06,-1.000000e-06,-1.195908e-06
RANS_SA_WD_0.20-0.25_ConsGalerkinProj_OneShot_Long_Second,SA,756,356,-2.476810e-05,-2.436840e-06,-2.000000e-06,-1.000000e-06,-1.198564e-06
RANS_SA_WD_0.20-0.25_ConsGalerkinProj_OneShot_Long_Second,SA,757,357,-2.479380e-05,-2.437240e-06,-2.000000e-06,-1.000000e-06,-1.201245e-06
RANS_SA_WD_0.20-0.25_ConsGalerkinProj_OneShot_Long_Second,SA,758,358,-2.481940e-05,-2.437620e-06,-2.000000e-06,-1.000000e-06,-1.203996e-06
RANS_SA_WD_0.20-0.25_ConsGalerkinProj_OneShot_Long_Second,SA,759,359,-2.484490e-05,-2.437980e-06,-2.000000e-06,-1.000000e-06,-1.206839e-06
RANS_SA_WD_0.20-0.25_ConsGalerkinProj_OneShot_Long_Second,SA,760,360,-2.487030e-05,-2.438330e-06,-2.000000e-06,-1.000000e-06,-1.209761e-06
RANS_SA_WD_0.20-0.25_ConsGalerkinProj_OneShot_Long_Second,SA,761,361,-2.489570e-05,-2.438660e-06,-2.000000e-06,-1.000000e-06,-1.212718e-06
RANS_SA_WD_0.20-0.25_ConsGalerkinProj_OneShot_Long_Second,SA,762,362,-2.492100e-05,-2.438990e-06,-2.000000e-06,-1.000000e-06,-1.215649e-06
RANS_SA_WD_0.20-0.25_ConsGalerkinProj_OneShot_Long_Second,SA,763,363,-2.494610e-05,-2.439330e-06,-2.000000e-06,-1.000000e-06,-1.218498e-06
RANS_SA_WD_0.20-0.25_ConsGalerkinProj_OneShot_Long_Second,SA,764,364,-2.497120e-05,-2.439670e-06,-2.000000e-06,-1.000000e-06,-1.221237e-06
RANS_SA_WD_0.20-0.25_ConsGalerkinProj_OneShot_Long_Second,SA,765,365,-2.499620e-05,-2.440020e-06,-2.000000e-06,-1.000000e-06,-1.223878e-06
RANS_SA_WD_0.20-0.25_ConsGalerkinProj_OneShot_Long_Second,SA,766,366,-2.502120e-05,-2.440390e-06,-2.000000e-06,-1.000000e-06,-1.226463e-06
RANS_SA_WD_0.20-0.25_ConsGalerkinProj_OneShot_Long_Second,SA,767,367,-2.504620e-05,-2.440740e-06,-2.000000e-06,-1.000000e-06,-1.229054e-06
RANS_SA_WD_0.20-0.25_ConsGalerkinProj_OneShot_Long_Second,SA,768,368,-2.507110e-05,-2.441070e-06,-2.000000e-06,-1.000000e-06,-1.231706e-06
RANS_SA_WD_0.20-0.25_ConsGalerkinProj_OneShot_Long_Second,SA,769,369,-2.509580e-05,-2.441380e-06,-2.000000e-06,-1.000000e-06,-1.234447e-06
RANS_SA_WD_0.20-0.25_ConsGalerkinProj_OneShot_Long_Second,SA,770,370,-2.512050e-05,-2.441670e-06,-2.000000e-06,-1.000000e-06,-1.237270e-06
RANS_SA_WD_0.20-0.25_ConsGalerkinProj_OneShot_Long_Second,SA,771,371,-2.514510e-05,-2.441950e-06,-2.000000e-06,-1.000000e-06,-1.240135e-06
RANS_SA_WD_0.20-0.25_ConsGalerkinProj_OneShot_Long_Second,SA,772,372,-2.516960e-05,-2.442230e-06,-2.000000e-06,-1.000000e-06,-1.242986e-06
RANS_SA_WD_0.20-0.25_ConsGalerkinProj_OneShot_Long_Second,SA,773,373,-2.519400e-05,-2.442510e-06,-2.000000e-06,-1.000000e-06,-1.245771e-06
RANS_SA_WD_0.20-0.25_ConsGalerkinProj_OneShot_Long_Second,SA,774,374,-2.521830e-05,-2.442800e-06,-2.000000e-06,-1.000000e-06,-1.248460e-06
RANS_SA_WD_0.20-0.25_ConsGalerkinProj_OneShot_Long_Second,SA,775,375,-2.524260e-05,-2.443100e-06,-2.000000e-06,-1.000000e-06,-1.251057e-06
RANS_SA_WD_0.20-0.25_ConsGalerkinProj_OneShot_Long_Second,SA,776,376,-2.526680e-05,-2.443400e-06,-2.000000e-06,-1.000000e-06,-1.253595e-06
RANS_SA_WD_0.20-0.25_ConsGalerkinProj_OneShot_Long_Second,SA,777,377,-2.529100e-05,-2.443680e-06,-2.000000e-06,-1.000000e-06,-1.256121e-06
RANS_SA_WD_0.20-0.25_ConsGalerkinProj_OneShot_Long_Second,SA,778,378,-2.531510e-05,-2.443950e-06,-2.000000e-06,-1.000000e-06,-1.258685e-06
RANS_SA_WD_0.20-0.25_ConsGalerkinProj_OneShot_Long_Second,SA,779,379,-2.533910e-05,-2.444210e-06,-2.000000e-06,-1.000000e-06,-1.261314e-06
RANS_SA_WD_0.20-0.25_ConsGalerkinProj_OneShot_Long_Second,SA,780,380,-2.536320e-05,-2.444460e-06,-2.000000e-06,-1.000000e-06,-1.264013e-06
RANS_SA_WD_0.20-0.25_ConsGalerkinProj_OneShot_Long_Second,SA,781,381,-2.538710e-05,-2.444710e-06,-2.000000e-06,-1.000000e-06,-1.266757e-06
RANS_SA_WD_0.20-0.25_ConsGalerkinProj_OneShot_Long_Second,SA,782,382,-2.541080e-05,-2.444970e-06,-2.000000e-06,-1.000000e-06,-1.269505e-06
RANS_SA_WD_0.20-0.25_ConsGalerkinProj_OneShot_Long_Second,SA,783,383,-2.543460e-05,-2.445230e-06,-2.000000e-06,-1.000000e-06,-1.272213e-06
RANS_SA_WD_0.20-0.25_ConsGalerkinProj_OneShot_Long_Second,SA,784,384,-2.545830e-05,-2.445490e-06,-2.000000e-06,-1.000000e-06,-1.274851e-06
RANS_SA_WD_0.20-0.25_ConsGalerkinProj_OneShot_Long_Second,SA,785,385,-2.548180e-05,-2.445750e-06,-2.000000e-06,-1.000000e-06,-1.277412e-06
RANS_SA_WD_0.20-0.25_ConsGalerkinProj_OneShot_Long_Second,SA,786,386,-2.550540e-05,-2.446010e-06,-2.000000e-06,-1.000000e-06,-1.279914e-06
RANS_SA_WD_0.20-0.25_ConsGalerkinProj_OneShot_Long_Second,SA,787,387,-2.552890e-05,-2.446250e-06,-2.000000e-06,-1.000000e-06,-1.282392e-06
RANS_SA_WD_0.20-0.25_ConsGalerkinProj_OneShot_Long_Second,SA,788,388,-2.555240e-05,-2.446510e-06,-2.000000e-06,-1.000000e-06,-1.284888e-06
RANS_SA_WD_0.20-0.25_ConsGalerkinProj_OneShot_Long_Second,SA,789,389,-2.557590e-05,-2.446760e-06,-2.000000e-06,-1.000000e-06,-1.287434e-06
RANS_SA_WD_0.20-0.25_ConsGalerkinProj_OneShot_Long_Second,SA,790,390,-2.559930e-05,-2.447020e-06,-2.000000e-06,-1.000000e-06,-1.290043e-06
RANS_SA_WD_0.20-0.25_ConsGalerkinProj_OneShot_Long_Second,SA,791,391,-2.562270e-05,-2.447270e-06,-2.000000e-06,-1.000000e-06,-1.292704e-06
RANS_SA_WD_0.20-0.25_ConsGalerkinProj_OneShot_Long_Second,SA,792,392,-2.564600e-05,-2.447510e-06,-2.000000e-06,-1.000000e-06,-1.295391e-06
RANS_SA_WD_0.20-0.25_ConsGalerkinProj_OneShot_Long_Second,SA,793,393,-2.566930e-05,-2.447760e-06,-2.000000e-06,-1.000000e-06,-1.298066e-06
RANS_SA_WD_0.20-0.25_ConsGalerkinProj_OneShot_Long_Second,SA,794,394,-2.569240e-05,-2.447990e-06,-2.000000e-06,-1.000000e-06,-1.300700e-06
RANS_SA_WD_0.20-0.25_ConsGalerkinProj_OneShot_Long_Second,SA,795,395,-2.571550e-05,-2.448220e-06,-2.000000e-06,-1.000000e-06,-1.303276e-06
RANS_SA_WD_0.20-0.25_ConsGalerkinProj_OneShot_Long_Second,SA,796,396,-2.573860e-05,-2.448460e-06,-2.000000e-06,-1.000000e-06,-1.305799e-06
RANS_SA_WD_0.20-0.25_ConsGalerkinProj_OneShot_Long_Second,SA,797,397,-2.576170e-05,-2.448710e-06,-2.000000e-06,-1.000000e-06,-1.308288e-06
RANS_SA_WD_0.20-0.25_ConsGalerkinProj_OneShot_Long_Second,SA,798,398,-2.578480e-05,-2.448980e-06,-2.000000e-06,-1.000000e-06,-1.310776e-06
RANS_SA_WD_0.20-0.25_ConsGalerkinProj_OneShot_Long_Second,SA,799,399,-2.580790e-05,-2.449250e-06,-2.000000e-06,-1.000000e-06,-1.313290e-06
RANS_SA_WD_0.20-0.25_ConsGalerkinProj_OneShot_Second,SA,200,0,-3.136300e-06,-1.281160e-06,-2.000000e-06,0.000000e+00,1.299322e-06
RANS_SA_WD_0.20-0.25_ConsGalerkinProj_OneShot_Second,SA,201,1,-6.972500e-06,-2.253050e-06,-3.000000e-06,0.000000e+00,3.782189e-07
RANS_SA_WD_0.20-0.25_ConsGalerkinProj_OneShot_Second,SA,202,2,-1.321400e-05,-2.333400e-06,-3.000000e-06,0.000000e+00,-3.278760e-06
RANS_SA_WD_0.20-0.25_ConsGalerkinProj_OneShot_Second,SA,203,3,-2.202220e-05,-2.509820e-06,-3.000000e-06,0.000000e+00,-6.237660e-06
RANS_SA_WD_0.20-0.25_ConsGalerkinProj_OneShot_Second,SA,204,4,-2.923500e-05,-3.095030e-06,-4.000000e-06,0.000000e+00,-6.983123e-06
RANS_SA_WD_0.20-0.25_ConsGalerkinProj_OneShot_Second,SA,205,5,-3.282070e-05,-3.644500e-06,-4.000000e-06,0.000000e+00,-6.828995e-06
RANS_SA_WD_0.20-0.25_ConsGalerkinProj_OneShot_Second,SA,206,6,-3.359090e-05,-3.854850e-06,-4.000000e-06,0.000000e+00,-6.655075e-06
RANS_SA_WD_0.20-0.25_ConsGalerkinProj_OneShot_Second,SA,207,7,-3.326530e-05,-3.686140e-06,-4.000000e-06,0.000000e+00,-6.432564e-06
RANS_SA_WD_0.20-0.25_ConsGalerkinProj_OneShot_Second,SA,208,8,-3.302040e-05,-3.332340e-06,-4.000000e-06,0.000000e+00,-6.051305e-06
RANS_SA_WD_0.20-0.25_ConsGalerkinProj_OneShot_Second,SA,209,9,-3.297500e-05,-3.007110e-06,-3.000000e-06,0.000000e+00,-5.595188e-06
RANS_SA_WD_0.20-0.25_ConsGalerkinProj_OneShot_Second,SA,210,10,-3.231070e-05,-2.902230e-06,-3.000000e-06,0.000000e+00,-5.178656e-06
RANS_SA_WD_0.20-0.25_ConsGalerkinProj_OneShot_Second,SA,211,11,-3.111150e-05,-2.893610e-06,-3.000000e-06,0.000000e+00,-4.839251e-06
RANS_SA_WD_0.20-0.25_ConsGalerkinProj_OneShot_Second,SA,212,12,-2.957910e-05,-2.913190e-06,-3.000000e-06,0.000000e+00,-4.548585e-06
RANS_SA_WD_0.20-0.25_ConsGalerkinProj_OneShot_Second,SA,213,13,-2.804430e-05,-2.976760e-06,-3.000000e-06,0.000000e+00,-4.310475e-06
RANS_SA_WD_0.20-0.25_ConsGalerkinProj_OneShot_Second,SA,214,14,-2.681050e-05,-3.096090e-06,-4.000000e-06,0.000000e+00,-4.160116e-06
RANS_SA_WD_0.20-0.25_ConsGalerkinProj_OneShot_Second,SA,215,15,-2.611150e-05,-3.191890e-06,-4.000000e-06,0.000000e+00,-4.090004e-06
RANS_SA_WD_0.20-0.25_ConsGalerkinProj_OneShot_Second,SA,216,16,-2.593800e-05,-3.259670e-06,-4.000000e-06,0.000000e+00,-4.091437e-06
RANS_SA_WD_0.20-0.25_ConsGalerkinProj_OneShot_Second,SA,217,17,-2.608390e-05,-3.362070e-06,-4.000000e-06,0.000000e+00,-4.169704e-06
RANS_SA_WD_0.20-0.25_ConsGalerkinProj_OneShot_Second,SA,218,18,-2.639850e-05,-3.489940e-06,-4.000000e-06,0.000000e+00,-4.284260e-06
RANS_SA_WD_0.20-0.25_ConsGalerkinProj_OneShot_Second,SA,219,19,-2.681580e-05,-3.505230e-06,-4.000000e-06,0.000000e+00,-4.308485e-06
RANS_SA_WD_0.20-0.25_ConsGalerkinProj_OneShot_Second,SA,220,20,-2.711210e-05,-3.488580e-06,-4.000000e-06,0.000000e+00,-4.273003e-06
RANS_SA_WD_0.20-0.25_ConsGalerkinProj_OneShot_Second,SA,221,21,-2.726740e-05,-3.469680e-06,-4.000000e-06,0.000000e+00,-4.226001e-06
RANS_SA_WD_0.20-0.25_ConsGalerkinProj_OneShot_Second,SA,222,22,-2.733440e-05,-3.460990e-06,-4.000000e-06,0.000000e+00,-4.188262e-06
RANS_SA_WD_0.20-0.25_ConsGalerkinProj_OneShot_Second,SA,223,23,-2.736210e-05,-3.448300e-06,-4.000000e-06,0.000000e+00,-4.146363e-06
RANS_SA_WD_0.20-0.25_ConsGalerkinProj_OneShot_Second,SA,224,24,-2.740080e-05,-3.454200e-06,-4.000000e-06,0.000000e+00,-4.119490e-06
RANS_SA_WD_0.20-0.25_ConsGalerkinProj_OneShot_Second,SA,225,25,-2.743340e-05,-3.459980e-06,-4.000000e-06,0.000000e+00,-4.095281e-06
RANS_SA_WD_0.20-0.25_ConsGalerkinProj_OneShot_Second,SA,226,26,-2.747560e-05,-3.452600e-06,-4.000000e-06,0.000000e+00,-4.055072e-06
RANS_SA_WD_0.20-0.25_ConsGalerkinProj_OneShot_Second,SA,227,27,-2.755000e-05,-3.432960e-06,-4.000000e-06,0.000000e+00,-4.000148e-06
RANS_SA_WD_0.20-0.25_ConsGalerkinProj_OneShot_Second,SA,228,28,-2.764050e-05,-3.408900e-06,-4.000000e-06,0.000000e+00,-3.945334e-06
RANS_SA_WD_0.20-0.25_ConsGalerkinProj_OneShot_Second,SA,229,29,-2.770110e-05,-3.380510e-06,-4.000000e-06,0.000000e+00,-3.880140e-06
RANS_SA_WD_0.20-0.25_ConsGalerkinProj_OneShot_Second,SA,230,30,-2.770760e-05,-3.346350e-06,-4.000000e-06,0.000000e+00,-3.795138e-06
RANS_SA_WD_0.20-0.25_ConsGalerkinProj_OneShot_Second,SA,231,31,-2.766180e-05,-3.306870e-06,-4.000000e-06,0.000000e+00,-3.691614e-06
RANS_SA_WD_0.20-0.25_ConsGalerkinProj_OneShot_Second,SA,232,32,-2.757850e-05,-3.264200e-06,-4.000000e-06,0.000000e+00,-3.579343e-06
RANS_SA_WD_0.20-0.25_ConsGalerkinProj_OneShot_Second,SA,233,33,-2.747070e-05,-3.223960e-06,-4.000000e-06,0.000000e+00,-3.465006e-06
RANS_SA_WD_0.20-0.25_ConsGalerkinProj_OneShot_Second,SA,234,34,-2.702640e-05,-3.235730e-06,-4.000000e-06,0.000000e+00,-3.181503e-06
RANS_SA_WD_0.20-0.25_ConsGalerkinProj_OneShot_Second,SA,235,35,-2.638930e-05,-3.181760e-06,-4.000000e-06,0.000000e+00,-2.717777e-06
RANS_SA_WD_0.20-0.25_ConsGalerkinProj_OneShot_Second,SA,236,36,-2.579290e-05,-3.090130e-06,-3.000000e-06,0.000000e+00,-2.370726e-06
RANS_SA_WD_0.20-0.25_ConsGalerkinProj_OneShot_Second,SA,237,37,-2.563660e-05,-3.053850e-06,-3.000000e-06,0.000000e+00,-2.345071e-06
RANS_SA_WD_0.20-0.25_ConsGalerkinProj_OneShot_Second,SA,238,38,-2.573490e-05,-3.033690e-06,-3.000000e-06,0.000000e+00,-2.458480e-06
RANS_SA_WD_0.20-0.25_ConsGalerkinProj_OneShot_Second,SA,239,39,-2.605100e-05,-3.026210e-06,-3.000000e-06,0.000000e+00,-2.603399e-06
RANS_SA_WD_0.20-0.25_ConsGalerkinProj_OneShot_Second,SA,240,40,-2.664370e-05,-3.061770e-06,-3.000000e-06,0.000000e+00,-2.791255e-06
RANS_SA_WD_0.20-0.25_ConsGalerkinProj_OneShot_Second,SA,241,41,-2.752490e-05,-3.149230e-06,-4.000000e-06,0.000000e+00,-3.095035e-06
RANS_SA_WD_0.20-0.25_ConsGalerkinProj_OneShot_Second,SA,242,42,-2.853290e-05,-3.259460e-06,-4.000000e-06,0.000000e+00,-3.500700e-06
RANS_SA_WD_0.20-0.25_ConsGalerkinProj_OneShot_Second,SA,243,43,-2.952770e-05,-3.355650e-06,-4.000000e-06,0.000000e+00,-3.909561e-06
RANS_SA_WD_0.20-0.25_ConsGalerkinProj_OneShot_Second,SA,244,44,-3.050060e-05,-3.432500e-06,-4.000000e-06,0.000000e+00,-4.276395e-06
RANS_SA_WD_0.20-0.25_ConsGalerkinProj_OneShot_Second,SA,245,45,-3.140160e-05,-3.493130e-06,-4.000000e-06,0.000000e+00,-4.581382e-06
RANS_SA_WD_0.20-0.25_ConsGalerkinProj_OneShot_Second,SA,246,46,-3.217350e-05,-3.535800e-06,-4.000000e-06,0.000000e+00,-4.838358e-06
RANS_SA_WD_0.20-0.25_ConsGalerkinProj_OneShot_Second,SA,247,47,-3.275650e-05,-3.561590e-06,-4.000000e-06,0.000000e+00,-5.017371e-06
RANS_SA_WD_0.20-0.25_ConsGalerkinProj_OneShot_Second,SA,248,48,-3.315100e-05,-3.574100e-06,-4.000000e-06,0.000000e+00,-5.118541e-06
RANS_SA_WD_0.20-0.25_ConsGalerkinProj_OneShot_Second,SA,249,49,-3.339100e-05,-3.575280e-06,-4.000000e-06,0.000000e+00,-5.151697e-06
RANS_SA_WD_0.20-0.25_ConsGalerkinProj_OneShot_Second,SA,250,50,-3.353770e-05,-3.569350e-06,-4.000000e-06,0.000000e+00,-5.141960e-06
RANS_SA_WD_0.20-0.25_ConsGalerkinProj_OneShot_Second,SA,251,51,-3.365100e-05,-3.562290e-06,-4.000000e-06,0.000000e+00,-5.118328e-06
RANS_SA_WD_0.20-0.25_ConsGalerkinProj_OneShot_Second,SA,252,52,-3.375780e-05,-3.556170e-06,-4.000000e-06,0.000000e+00,-5.088467e-06
RANS_SA_WD_0.20-0.25_ConsGalerkinProj_OneShot_Second,SA,253,53,-3.384900e-05,-3.552240e-06,-4.000000e-06,0.000000e+00,-5.050428e-06
RANS_SA_WD_0.20-0.25_ConsGalerkinProj_OneShot_Second,SA,254,54,-3.394270e-05,-3.549790e-06,-4.000000e-06,0.000000e+00,-5.020131e-06
RANS_SA_WD_0.20-0.25_ConsGalerkinProj_OneShot_Second,SA,255,55,-3.405670e-05,-3.547740e-06,-4.000000e-06,0.000000e+00,-5.003047e-06
RANS_SA_WD_0.20-0.25_ConsGalerkinProj_OneShot_Second,SA,256,56,-3.419650e-05,-3.545610e-06,-4.000000e-06,0.000000e+00,-5.003588e-06
RANS_SA_WD_0.20-0.25_ConsGalerkinProj_OneShot_Second,SA,257,57,-3.434260e-05,-3.542430e-06,-4.000000e-06,0.000000e+00,-5.014401e-06
RANS_SA_WD_0.20-0.25_ConsGalerkinProj_OneShot_Second,SA,258,58,-3.450260e-05,-3.538530e-06,-4.000000e-06,0.000000e+00,-5.025223e-06
RANS_SA_WD_0.20-0.25_ConsGalerkinProj_OneShot_Second,SA,259,59,-3.467130e-05,-3.535030e-06,-4.000000e-06,0.000000e+00,-5.027949e-06
RANS_SA_WD_0.20-0.25_ConsGalerkinProj_OneShot_Second,SA,260,60,-3.482800e-05,-3.531240e-06,-4.000000e-06,0.000000e+00,-5.016872e-06
RANS_SA_WD_0.20-0.25_ConsGalerkinProj_OneShot_Second,SA,261,61,-3.495410e-05,-3.526250e-06,-4.000000e-06,0.000000e+00,-4.999044e-06
RANS_SA_WD_0.20-0.25_ConsGalerkinProj_OneShot_Second,SA,262,62,-3.506360e-05,-3.518950e-06,-4.000000e-06,0.000000e+00,-4.980665e-06
RANS_SA_WD_0.20-0.25_ConsGalerkinProj_OneShot_Second,SA,263,63,-3.516470e-05,-3.509760e-06,-4.000000e-06,0.000000e+00,-4.969577e-06
RANS_SA_WD_0.20-0.25_ConsGalerkinProj_OneShot_Second,SA,264,64,-3.525320e-05,-3.500490e-06,-4.000000e-06,0.000000e+00,-4.970847e-06
RANS_SA_WD_0.20-0.25_ConsGalerkinProj_OneShot_Second,SA,265,65,-3.533880e-05,-3.490900e-06,-4.000000e-06,0.000000e+00,-4.981643e-06
RANS_SA_WD_0.20-0.25_ConsGalerkinProj_OneShot_Second,SA,266,66,-3.543320e-05,-3.482670e-06,-4.000000e-06,0.000000e+00,-4.999624e-06
RANS_SA_WD_0.20-0.25_ConsGalerkinProj_OneShot_Second,SA,267,67,-3.553690e-05,-3.477800e-06,-4.000000e-06,0.000000e+00,-5.023201e-06
RANS_SA_WD_0.20-0.25_ConsGalerkinProj_OneShot_Second,SA,268,68,-3.565840e-05,-3.475570e-06,-4.000000e-06,0.000000e+00,-5.049346e-06
RANS_SA_WD_0.20-0.25_ConsGalerkinProj_OneShot_Second,SA,269,69,-3.579970e-05,-3.475590e-06,-4.000000e-06,0.000000e+00,-5.072557e-06
RANS_SA_WD_0.20-0.25_ConsGalerkinProj_OneShot_Second,SA,270,70,-3.596220e-05,-3.477640e-06,-4.000000e-06,0.000000e+00,-5.094850e-06
RANS_SA_WD_0.20-0.25_ConsGalerkinProj_OneShot_Second,SA,271,71,-3.614050e-05,-3.480760e-06,-4.000000e-06,0.000000e+00,-5.117772e-06
RANS_SA_WD_0.20-0.25_ConsGalerkinProj_OneShot_Second,SA,272,72,-3.632570e-05,-3.483530e-06,-4.000000e-06,0.000000e+00,-5.141389e-06
RANS_SA_WD_0.20-0.25_ConsGalerkinProj_OneShot_Second,SA,273,73,-3.651140e-05,-3.485030e-06,-4.000000e-06,0.000000e+00,-5.167051e-06
RANS_SA_WD_0.20-0.25_ConsGalerkinProj_OneShot_Second,SA,274,74,-3.669410e-05,-3.485000e-06,-4.000000e-06,0.000000e+00,-5.196160e-06
RANS_SA_WD_0.20-0.25_ConsGalerkinProj_OneShot_Second,SA,275,75,-3.687010e-05,-3.483400e-06,-4.000000e-06,0.000000e+00,-5.228404e-06
RANS_SA_WD_0.20-0.25_ConsGalerkinProj_OneShot_Second,SA,276,76,-3.703700e-05,-3.480420e-06,-4.000000e-06,0.000000e+00,-5.261653e-06
RANS_SA_WD_0.20-0.25_ConsGalerkinProj_OneShot_Second,SA,277,77,-3.719310e-05,-3.476370e-06,-4.000000e-06,0.000000e+00,-5.292955e-06
RANS_SA_WD_0.20-0.25_ConsGalerkinProj_OneShot_Second,SA,278,78,-3.733990e-05,-3.471710e-06,-4.000000e-06,0.000000e+00,-5.319762e-06
RANS_SA_WD_0.20-0.25_ConsGalerkinProj_OneShot_Second,SA,279,79,-3.748060e-05,-3.467020e-06,-4.000000e-06,0.000000e+00,-5.340880e-06
RANS_SA_WD_0.20-0.25_ConsGalerkinProj_OneShot_Second,SA,280,80,-3.761940e-05,-3.462860e-06,-4.000000e-06,0.000000e+00,-5.356857e-06
RANS_SA_WD_0.20-0.25_ConsGalerkinProj_OneShot_Second,SA,281,81,-3.776050e-05,-3.459510e-06,-4.000000e-06,0.000000e+00,-5.369732e-06
RANS_SA_WD_0.20-0.25_ConsGalerkinProj_OneShot_Second,SA,282,82,-3.790640e-05,-3.456880e-06,-4.000000e-06,0.000000e+00,-5.382297e-06
RANS_SA_WD_0.20-0.25_ConsGalerkinProj_OneShot_Second,SA,283,83,-3.805780e-05,-3.454590e-06,-4.000000e-06,0.000000e+00,-5.397128e-06
RANS_SA_WD_0.20-0.25_ConsGalerkinProj_OneShot_Second,SA,284,84,-3.821370e-05,-3.452130e-06,-4.000000e-06,0.000000e+00,-5.415753e-06
RANS_SA_WD_0.20-0.25_ConsGalerkinProj_OneShot_Second,SA,285,85,-3.837150e-05,-3.449070e-06,-4.000000e-06,0.000000e+00,-5.438179e-06
RANS_SA_WD_0.20-0.25_ConsGalerkinProj_OneShot_Second,SA,286,86,-3.852830e-05,-3.445240e-06,-4.000000e-06,0.000000e+00,-5.462922e-06
RANS_SA_WD_0.20-0.25_ConsGalerkinProj_OneShot_Second,SA,287,87,-3.868170e-05,-3.440900e-06,-4.000000e-06,0.000000e+00,-5.487497e-06
RANS_SA_WD_0.20-0.25_ConsGalerkinProj_OneShot_Second,SA,288,88,-3.882980e-05,-3.436530e-06,-4.000000e-06,0.000000e+00,-5.509220e-06
RANS_SA_WD_0.20-0.25_ConsGalerkinProj_OneShot_Second,SA,289,89,-3.897190e-05,-3.432660e-06,-4.000000e-06,0.000000e+00,-5.526039e-06
RANS_SA_WD_0.20-0.25_ConsGalerkinProj_OneShot_Second,SA,290,90,-3.910800e-05,-3.429550e-06,-4.000000e-06,0.000000e+00,-5.537134e-06
RANS_SA_WD_0.20-0.25_ConsGalerkinProj_OneShot_Second,SA,291,91,-3.923840e-05,-3.427040e-06,-4.000000e-06,0.000000e+00,-5.543142e-06
RANS_SA_WD_0.20-0.25_ConsGalerkinProj_OneShot_Second,SA,292,92,-3.936430e-05,-3.424560e-06,-4.000000e-06,0.000000e+00,-5.545966e-06
RANS_SA_WD_0.20-0.25_ConsGalerkinProj_OneShot_Second,SA,293,93,-3.948700e-05,-3.421310e-06,-4.000000e-06,0.000000e+00,-5.548238e-06
RANS_SA_WD_0.20-0.25_ConsGalerkinProj_OneShot_Second,SA,294,94,-3.960810e-05,-3.416620e-06,-4.000000e-06,0.000000e+00,-5.552585e-06
RANS_SA_WD_0.20-0.25_ConsGalerkinProj_OneShot_Second,SA,295,95,-3.972970e-05,-3.410150e-06,-4.000000e-06,0.000000e+00,-5.560880e-06
RANS_SA_WD_0.20-0.25_ConsGalerkinProj_OneShot_Second,SA,296,96,-3.985300e-05,-3.402070e-06,-4.000000e-06,0.000000e+00,-5.573695e-06
RANS_SA_WD_0.20-0.25_ConsGalerkinProj_OneShot_Second,SA,297,97,-3.997900e-05,-3.393030e-06,-4.000000e-06,0.000000e+00,-5.590128e-06
RANS_SA_WD_0.20-0.25_ConsGalerkinProj_OneShot_Second,SA,298,98,-4.010770e-05,-3.383890e-06,-4.000000e-06,0.000000e+00,-5.608103e-06
RANS_SA_WD_0.20-0.25_ConsGalerkinProj_OneShot_Second,SA,299,99,-4.023780e-05,-3.375530e-06,-4.000000e-06,0.000000e+00,-5.625062e-06
RANS_SA_WD_0.20-0.25_ConsGalerkinProj_OneShot_Second,SA,300,100,-4.036780e-05,-3.368500e-06,-4.000000e-06,0.000000e+00,-5.638834e-06
RANS_SA_WD_0.20-0.25_ConsGalerkinProj_OneShot_Second,SA,301,101,-4.049570e-05,-3.362920e-06,-4.000000e-06,0.000000e+00,-5.648384e-06
RANS_SA_WD_0.20-0.25_ConsGalerkinProj_OneShot_Second,SA,302,102,-4.062010e-05,-3.358440e-06,-4.000000e-06,0.000000e+00,-5.654158e-06
RANS_SA_WD_0.20-0.25_ConsGalerkinProj_OneShot_Second,SA,303,103,-4.074040e-05,-3.354400e-06,-4.000000e-06,0.000000e+00,-5.657898e-06
RANS_SA_WD_0.20-0.25_ConsGalerkinProj_OneShot_Second,SA,304,104,-4.085700e-05,-3.350060e-06,-4.000000e-06,0.000000e+00,-5.662007e-06
RANS_SA_WD_0.20-0.25_ConsGalerkinProj_OneShot_Second,SA,305,105,-4.097100e-05,-3.344860e-06,-4.000000e-06,0.000000e+00,-5.668687e-06
RANS_SA_WD_0.20-0.25_ConsGalerkinProj_OneShot_Second,SA,306,106,-4.108390e-05,-3.338600e-06,-4.000000e-06,0.000000e+00,-5.679210e-06
RANS_SA_WD_0.20-0.25_ConsGalerkinProj_OneShot_Second,SA,307,107,-4.119790e-05,-3.331500e-06,-4.000000e-06,0.000000e+00,-5.693564e-06
RANS_SA_WD_0.20-0.25_ConsGalerkinProj_OneShot_Second,SA,308,108,-4.131500e-05,-3.324170e-06,-4.000000e-06,0.000000e+00,-5.710590e-06
RANS_SA_WD_0.20-0.25_ConsGalerkinProj_OneShot_Second,SA,309,109,-4.143650e-05,-3.317300e-06,-4.000000e-06,0.000000e+00,-5.728514e-06
RANS_SA_WD_0.20-0.25_ConsGalerkinProj_OneShot_Second,SA,310,110,-4.156370e-05,-3.311480e-06,-4.000000e-06,0.000000e+00,-5.745633e-06
RANS_SA_WD_0.20-0.25_ConsGalerkinProj_OneShot_Second,SA,311,111,-4.169640e-05,-3.306940e-06,-4.000000e-06,0.000000e+00,-5.760870e-06
RANS_SA_WD_0.20-0.25_ConsGalerkinProj_OneShot_Second,SA,312,112,-4.183310e-05,-3.303450e-06,-4.000000e-06,0.000000e+00,-5.774024e-06
RANS_SA_WD_0.20-0.25_ConsGalerkinProj_OneShot_Second,SA,313,113,-4.197140e-05,-3.300410e-06,-4.000000e-06,0.000000e+00,-5.785647e-06
RANS_SA_WD_0.20-0.25_ConsGalerkinProj_OneShot_Second,SA,314,114,-4.210790e-05,-3.297090e-06,-4.000000e-06,0.000000e+00,-5.796666e-06
RANS_SA_WD_0.20-0.25_ConsGalerkinProj_OneShot_Second,SA,315,115,-4.223920e-05,-3.292840e-06,-4.000000e-06,0.000000e+00,-5.807928e-06
RANS_SA_WD_0.20-0.25_ConsGalerkinProj_OneShot_Second,SA,316,116,-4.236260e-05,-3.287310e-06,-4.000000e-06,0.000000e+00,-5.819833e-06
RANS_SA_WD_0.20-0.25_ConsGalerkinProj_OneShot_Second,SA,317,117,-4.247690e-05,-3.280550e-06,-4.000000e-06,0.000000e+00,-5.832203e-06
RANS_SA_WD_0.20-0.25_ConsGalerkinProj_OneShot_Second,SA,318,118,-4.258240e-05,-3.272980e-06,-4.000000e-06,0.000000e+00,-5.844395e-06
RANS_SA_WD_0.20-0.25_ConsGalerkinProj_OneShot_Second,SA,319,119,-4.268150e-05,-3.265140e-06,-4.000000e-06,0.000000e+00,-5.855591e-06
RANS_SA_WD_0.20-0.25_ConsGalerkinProj_OneShot_Second,SA,320,120,-4.277760e-05,-3.257620e-06,-4.000000e-06,0.000000e+00,-5.865171e-06
RANS_SA_WD_0.20-0.25_ConsGalerkinProj_OneShot_Second,SA,321,121,-4.287460e-05,-3.250840e-06,-4.000000e-06,0.000000e+00,-5.873017e-06
RANS_SA_WD_0.20-0.25_ConsGalerkinProj_OneShot_Second,SA,322,122,-4.297650e-05,-3.244980e-06,-4.000000e-06,0.000000e+00,-5.879649e-06
RANS_SA_WD_0.20-0.25_ConsGalerkinProj_OneShot_Second,SA,323,123,-4.308560e-05,-3.240030e-06,-4.000000e-06,0.000000e+00,-5.886136e-06
RANS_SA_WD_0.20-0.25_ConsGalerkinProj_OneShot_Second,SA,324,124,-4.320290e-05,-3.235790e-06,-4.000000e-06,0.000000e+00,-5.893799e-06
RANS_SA_WD_0.20-0.25_ConsGalerkinProj_OneShot_Second,SA,325,125,-4.332740e-05,-3.231970e-06,-4.000000e-06,0.000000e+00,-5.903770e-06
RANS_SA_WD_0.20-0.25_ConsGalerkinProj_OneShot_Second,SA,326,126,-4.345670e-05,-3.228230e-06,-4.000000e-06,0.000000e+00,-5.916569e-06
RANS_SA_WD_0.20-0.25_ConsGalerkinProj_OneShot_Second,SA,327,127,-4.358710e-05,-3.224260e-06,-4.000000e-06,0.000000e+00,-5.931822e-06
RANS_SA_WD_0.20-0.25_ConsGalerkinProj_OneShot_Second,SA,328,128,-4.371480e-05,-3.219840e-06,-4.000000e-06,0.000000e+00,-5.948266e-06
RANS_SA_WD_0.20-0.25_ConsGalerkinProj_OneShot_Second,SA,329,129,-4.383630e-05,-3.214840e-06,-4.000000e-06,0.000000e+00,-5.964039e-06
RANS_SA_WD_0.20-0.25_ConsGalerkinProj_OneShot_Second,SA,330,130,-4.394900e-05,-3.209210e-06,-3.000000e-06,0.000000e+00,-5.977218e-06
RANS_SA_WD_0.20-0.25_ConsGalerkinProj_OneShot_Second,SA,331,131,-4.405210e-05,-3.203060e-06,-3.000000e-06,0.000000e+00,-5.986400e-06
RANS_SA_WD_0.20-0.25_ConsGalerkinProj_OneShot_Second,SA,332,132,-4.414600e-05,-3.196500e-06,-3.000000e-06,0.000000e+00,-5.991162e-06
RANS_SA_WD_0.20-0.25_ConsGalerkinProj_OneShot_Second,SA,333,133,-4.423270e-05,-3.189680e-06,-3.000000e-06,0.000000e+00,-5.992216e-06
RANS_SA_WD_0.20-0.25_ConsGalerkinProj_OneShot_Second,SA,334,134,-4.431500e-05,-3.182700e-06,-3.000000e-06,0.000000e+00,-5.991222e-06
RANS_SA_WD_0.20-0.25_ConsGalerkinProj_OneShot_Second,SA,335,135,-4.439600e-05,-3.175660e-06,-3.000000e-06,0.000000e+00,-5.990314e-06
RANS_SA_WD_0.20-0.25_ConsGalerkinProj_OneShot_Second,SA,336,136,-4.447890e-05,-3.168670e-06,-3.000000e-06,0.000000e+00,-5.991488e-06
RANS_SA_WD_0.20-0.25_ConsGalerkinProj_OneShot_Second,SA,337,137,-4.456600e-05,-3.161830e-06,-3.000000e-06,0.000000e+00,-5.996077e-06
RANS_SA_WD_0.20-0.25_ConsGalerkinProj_OneShot_Second,SA,338,138,-4.465900e-05,-3.155350e-06,-3.000000e-06,0.000000e+00,-6.004440e-06
RANS_SA_WD_0.20-0.25_ConsGalerkinProj_OneShot_Second,SA,339,139,-4.475820e-05,-3.149390e-06,-3.000000e-06,0.000000e+00,-6.015964e-06
RANS_SA_WD_0.20-0.25_ConsGalerkinProj_OneShot_Second,SA,340,140,-4.486350e-05,-3.144150e-06,-3.000000e-06,0.000000e+00,-6.029346e-06
RANS_SA_WD_0.20-0.25_ConsGalerkinProj_OneShot_Second,SA,341,141,-4.497360e-05,-3.139700e-06,-3.000000e-06,0.000000e+00,-6.043036e-06
RANS_SA_WD_0.20-0.25_ConsGalerkinProj_OneShot_Second,SA,342,142,-4.508680e-05,-3.135960e-06,-3.000000e-06,0.000000e+00,-6.055690e-06
RANS_SA_WD_0.20-0.25_ConsGalerkinProj_OneShot_Second,SA,343,143,-4.520150e-05,-3.132720e-06,-3.000000e-06,0.000000e+00,-6.066505e-06
RANS_SA_WD_0.20-0.25_ConsGalerkinProj_OneShot_Second,SA,344,144,-4.531530e-05,-3.129600e-06,-3.000000e-06,0.000000e+00,-6.075345e-06
RANS_SA_WD_0.20-0.25_ConsGalerkinProj_OneShot_Second,SA,345,145,-4.542640e-05,-3.126220e-06,-3.000000e-06,0.000000e+00,-6.082650e-06
RANS_SA_WD_0.20-0.25_ConsGalerkinProj_OneShot_Second,SA,346,146,-4.553280e-05,-3.122240e-06,-3.000000e-06,0.000000e+00,-6.089181e-06
RANS_SA_WD_0.20-0.25_ConsGalerkinProj_OneShot_Second,SA,347,147,-4.563320e-05,-3.117460e-06,-3.000000e-06,0.000000e+00,-6.095694e-06
RANS_SA_WD_0.20-0.25_ConsGalerkinProj_OneShot_Second,SA,348,148,-4.572690e-05,-3.111910e-06,-3.000000e-06,0.000000e+00,-6.102657e-06
RANS_SA_WD_0.20-0.25_ConsGalerkinProj_OneShot_Second,SA,349,149,-4.581430e-05,-3.105830e-06,-3.000000e-06,0.000000e+00,-6.110106e-06
RANS_SA_WD_0.20-0.25_ConsGalerkinProj_OneShot_Second,SA,350,150,-4.589640e-05,-3.099520e-06,-3.000000e-06,0.000000e+00,-6.117683e-06
RANS_SA_WD_0.20-0.25_ConsGalerkinProj_OneShot_Second,SA,351,151,-4.597540e-05,-3.093360e-06,-3.000000e-06,0.000000e+00,-6.124830e-06
RANS_SA_WD_0.20-0.25_ConsGalerkinProj_OneShot_Second,SA,352,152,-4.605360e-05,-3.087610e-06,-3.000000e-06,0.000000e+00,-6.131073e-06
RANS_SA_WD_0.20-0.25_ConsGalerkinProj_OneShot_Second,SA,353,153,-4.613360e-05,-3.082370e-06,-3.000000e-06,0.000000e+00,-6.136273e-06
RANS_SA_WD_0.20-0.25_ConsGalerkinProj_OneShot_Second,SA,354,154,-4.621710e-05,-3.077630e-06,-3.000000e-06,0.000000e+00,-6.140753e-06
RANS_SA_WD_0.20-0.25_ConsGalerkinProj_OneShot_Second,SA,355,155,-4.630530e-05,-3.073240e-06,-3.000000e-06,0.000000e+00,-6.145238e-06
RANS_SA_WD_0.20-0.25_ConsGalerkinProj_OneShot_Second,SA,356,156,-4.639830e-05,-3.069100e-06,-3.000000e-06,0.000000e+00,-6.150643e-06
RANS_SA_WD_0.20-0.25_ConsGalerkinProj_OneShot_Second,SA,357,157,-4.649520e-05,-3.065100e-06,-3.000000e-06,0.000000e+00,-6.157759e-06
RANS_SA_WD_0.20-0.25_ConsGalerkinProj_OneShot_Second,SA,358,158,-4.659450e-05,-3.061270e-06,-3.000000e-06,0.000000e+00,-6.166980e-06
RANS_SA_WD_0.20-0.25_ConsGalerkinProj_OneShot_Second,SA,359,159,-4.669470e-05,-3.057630e-06,-3.000000e-06,0.000000e+00,-6.178139e-06
RANS_SA_WD_0.20-0.25_ConsGalerkinProj_OneShot_Second,SA,360,160,-4.679440e-05,-3.054210e-06,-3.000000e-06,0.000000e+00,-6.190521e-06
RANS_SA_WD_0.20-0.25_ConsGalerkinProj_OneShot_Second,SA,361,161,-4.689250e-05,-3.050990e-06,-3.000000e-06,0.000000e+00,-6.203053e-06
RANS_SA_WD_0.20-0.25_ConsGalerkinProj_OneShot_Second,SA,362,162,-4.698840e-05,-3.047830e-06,-3.000000e-06,0.000000e+00,-6.214608e-06
RANS_SA_WD_0.20-0.25_ConsGalerkinProj_OneShot_Second,SA,363,163,-4.708190e-05,-3.044580e-06,-3.000000e-06,0.000000e+00,-6.224327e-06
RANS_SA_WD_0.20-0.25_ConsGalerkinProj_OneShot_Second,SA,364,164,-4.717330e-05,-3.041100e-06,-3.000000e-06,0.000000e+00,-6.231874e-06
RANS_SA_WD_0.20-0.25_ConsGalerkinProj_OneShot_Second,SA,365,165,-4.726280e-05,-3.037300e-06,-3.000000e-06,0.000000e+00,-6.237538e-06
RANS_SA_WD_0.20-0.25_ConsGalerkinProj_OneShot_Second,SA,366,166,-4.735060e-05,-3.033200e-06,-3.000000e-06,0.000000e+00,-6.242135e-06
RANS_SA_WD_0.20-0.25_ConsGalerkinProj_OneShot_Second,SA,367,167,-4.743710e-05,-3.028900e-06,-3.000000e-06,0.000000e+00,-6.246753e-06
RANS_SA_WD_0.20-0.25_ConsGalerkinProj_OneShot_Second,SA,368,168,-4.752260e-05,-3.024500e-06,-3.000000e-06,0.000000e+00,-6.252394e-06
RANS_SA_WD_0.20-0.25_ConsGalerkinProj_OneShot_Second,SA,369,169,-4.760730e-05,-3.020150e-06,-3.000000e-06,0.000000e+00,-6.259644e-06
RANS_SA_WD_0.20-0.25_ConsGalerkinProj_OneShot_Second,SA,370,170,-4.769150e-05,-3.015920e-06,-3.000000e-06,0.000000e+00,-6.268488e-06
RANS_SA_WD_0.20-0.25_ConsGalerkinProj_OneShot_Second,SA,371,171,-4.777530e-05,-3.011870e-06,-3.000000e-06,0.000000e+00,-6.278332e-06
RANS_SA_WD_0.20-0.25_ConsGalerkinProj_OneShot_Second,SA,372,172,-4.785900e-05,-3.008030e-06,-3.000000e-06,0.000000e+00,-6.288235e-06
RANS_SA_WD_0.20-0.25_ConsGalerkinProj_OneShot_Second,SA,373,173,-4.794260e-05,-3.004440e-06,-3.000000e-06,0.000000e+00,-6.297278e-06
RANS_SA_WD_0.20-0.25_ConsGalerkinProj_OneShot_Second,SA,374,174,-4.802680e-05,-3.001100e-06,-3.000000e-06,0.000000e+00,-6.304908e-06
RANS_SA_WD_0.20-0.25_ConsGalerkinProj_OneShot_Second,SA,375,175,-4.811160e-05,-2.998010e-06,-3.000000e-06,0.000000e+00,-6.311149e-06
RANS_SA_WD_0.20-0.25_ConsGalerkinProj_OneShot_Second,SA,376,176,-4.819730e-05,-2.995100e-06,-3.000000e-06,0.000000e+00,-6.316583e-06
RANS_SA_WD_0.20-0.25_ConsGalerkinProj_OneShot_Second,SA,377,177,-4.828410e-05,-2.992300e-06,-3.000000e-06,0.000000e+00,-6.322111e-06
RANS_SA_WD_0.20-0.25_ConsGalerkinProj_OneShot_Second,SA,378,178,-4.837170e-05,-2.989510e-06,-3.000000e-06,0.000000e+00,-6.328605e-06
RANS_SA_WD_0.20-0.25_ConsGalerkinProj_OneShot_Second,SA,379,179,-4.845960e-05,-2.986630e-06,-3.000000e-06,0.000000e+00,-6.336574e-06
RANS_SA_WD_0.20-0.25_ConsGalerkinProj_OneShot_Second,SA,380,180,-4.854720e-05,-2.983590e-06,-3.000000e-06,0.000000e+00,-6.345980e-06
RANS_SA_WD_0.20-0.25_ConsGalerkinProj_OneShot_Second,SA,381,181,-4.863380e-05,-2.980430e-06,-3.000000e-06,0.000000e+00,-6.356261e-06
RANS_SA_WD_0.20-0.25_ConsGalerkinProj_OneShot_Second,SA,382,182,-4.871920e-05,-2.977150e-06,-3.000000e-06,0.000000e+00,-6.366548e-06
RANS_SA_WD_0.20-0.25_ConsGalerkinProj_OneShot_Second,SA,383,183,-4.880290e-05,-2.973840e-06,-3.000000e-06,0.000000e+00,-6.375975e-06
RANS_SA_WD_0.20-0.25_ConsGalerkinProj_OneShot_Second,SA,384,184,-4.888530e-05,-2.970540e-06,-3.000000e-06,0.000000e+00,-6.383970e-06
RANS_SA_WD_0.20-0.25_ConsGalerkinProj_OneShot_Second,SA,385,185,-4.896650e-05,-2.967280e-06,-3.000000e-06,0.000000e+00,-6.390426e-06
RANS_SA_WD_0.20-0.25_ConsGalerkinProj_OneShot_Second,SA,386,186,-4.904700e-05,-2.964050e-06,-3.000000e-06,0.000000e+00,-6.395706e-06
RANS_SA_WD_0.20-0.25_ConsGalerkinProj_OneShot_Second,SA,387,187,-4.912710e-05,-2.960830e-06,-3.000000e-06,0.000000e+00,-6.400488e-06
RANS_SA_WD_0.20-0.25_ConsGalerkinProj_OneShot_Second,SA,388,188,-4.920680e-05,-2.957600e-06,-3.000000e-06,0.000000e+00,-6.405524e-06
RANS_SA_WD_0.20-0.25_ConsGalerkinProj_OneShot_Second,SA,389,189,-4.928600e-05,-2.954310e-06,-3.000000e-06,0.000000e+00,-6.411400e-06
RANS_SA_WD_0.20-0.25_ConsGalerkinProj_OneShot_Second,SA,390,190,-4.936430e-05,-2.950970e-06,-3.000000e-06,0.000000e+00,-6.418360e-06
RANS_SA_WD_0.20-0.25_ConsGalerkinProj_OneShot_Second,SA,391,191,-4.944180e-05,-2.947580e-06,-3.000000e-06,0.000000e+00,-6.426264e-06
RANS_SA_WD_0.20-0.25_ConsGalerkinProj_OneShot_Second,SA,392,192,-4.951830e-05,-2.944180e-06,-3.000000e-06,0.000000e+00,-6.434662e-06
RANS_SA_WD_0.20-0.25_ConsGalerkinProj_OneShot_Second,SA,393,193,-4.959410e-05,-2.940820e-06,-3.000000e-06,0.000000e+00,-6.442963e-06
RANS_SA_WD_0.20-0.25_ConsGalerkinProj_OneShot_Second,SA,394,194,-4.966960e-05,-2.937550e-06,-3.000000e-06,0.000000e+00,-6.450641e-06
RANS_SA_WD_0.20-0.25_ConsGalerkinProj_OneShot_Second,SA,395,195,-4.974510e-05,-2.934440e-06,-3.000000e-06,0.000000e+00,-6.457406e-06
RANS_SA_WD_0.20-0.25_ConsGalerkinProj_OneShot_Second,SA,396,196,-4.982130e-05,-2.931510e-06,-3.000000e-06,0.000000e+00,-6.463296e-06
RANS_SA_WD_0.20-0.25_ConsGalerkinProj_OneShot_Second,SA,397,197,-4.989830e-05,-2.928780e-06,-3.000000e-06,0.000000e+00,-6.468660e-06
RANS_SA_WD_0.20-0.25_ConsGalerkinProj_OneShot_Second,SA,398,198,-4.997630e-05,-2.926220e-06,-3.000000e-06,0.000000e+00,-6.474040e-06
RANS_SA_WD_0.20-0.25_ConsGalerkinProj_OneShot_Second,SA,399,199,-5.005490e-05,-2.923770e-06,-3.000000e-06,0.000000e+00,-6.479990e-06
RANS_SST_WD_0.05-0.10_ConsGalerkinProj_OneShot_Second,SST,200,0,2.378590e-05,-1.729290e-07,0.000000e+00,0.000000e+00,1.051830e-05
RANS_SST_WD_0.05-0.10_ConsGalerkinProj_OneShot_Second,SST,201,1,6.705400e-05,6.446661e-06,7.000000e-06,0.000000e+00,2.254055e-05
RANS_SST_WD_0.05-0.10_ConsGalerkinProj_OneShot_Second,SST,202,2,8.804280e-05,9.032320e-06,9.000000e-06,0.000000e+00,2.646887e-05
RANS_SST_WD_0.05-0.10_ConsGalerkinProj_OneShot_Second,SST,203,3,9.352900e-05,9.706359e-06,1.000000e-05,0.000000e+00,2.755203e-05
RANS_SST_WD_0.05-0.10_ConsGalerkinProj_OneShot_Second,SST,204,4,8.949970e-05,9.955278e-06,1.000000e-05,0.000000e+00,2.750945e-05
RANS_SST_WD_0.05-0.10_ConsGalerkinProj_OneShot_Second,SST,205,5,8.048880e-05,9.500077e-06,1.000000e-05,0.000000e+00,2.622596e-05
RANS_SST_WD_0.05-0.10_ConsGalerkinProj_OneShot_Second,SST,206,6,7.208900e-05,8.662992e-06,9.000000e-06,0.000000e+00,2.445860e-05
RANS_SST_WD_0.05-0.10_ConsGalerkinProj_OneShot_Second,SST,207,7,6.750340e-05,8.135357e-06,8.000000e-06,0.000000e+00,2.325786e-05
RANS_SST_WD_0.05-0.10_ConsGalerkinProj_OneShot_Second,SST,208,8,6.710960e-05,7.882782e-06,8.000000e-06,0.000000e+00,2.294233e-05
RANS_SST_WD_0.05-0.10_ConsGalerkinProj_OneShot_Second,SST,209,9,6.934850e-05,7.982336e-06,8.000000e-06,0.000000e+00,2.340554e-05
RANS_SST_WD_0.05-0.10_ConsGalerkinProj_OneShot_Second,SST,210,10,7.249120e-05,8.234228e-06,8.000000e-06,0.000000e+00,2.419718e-05
RANS_SST_WD_0.05-0.10_ConsGalerkinProj_OneShot_Second,SST,211,11,7.554130e-05,8.428575e-06,9.000000e-06,0.000000e+00,2.485695e-05
RANS_SST_WD_0.05-0.10_ConsGalerkinProj_OneShot_Second,SST,212,12,7.759820e-05,8.533677e-06,9.000000e-06,0.000000e+00,2.527769e-05
RANS_SST_WD_0.05-0.10_ConsGalerkinProj_OneShot_Second,SST,213,13,7.894480e-05,8.536996e-06,9.000000e-06,0.000000e+00,2.546093e-05
RANS_SST_WD_0.05-0.10_ConsGalerkinProj_OneShot_Second,SST,214,14,7.981740e-05,8.476478e-06,9.000000e-06,0.000000e+00,2.555166e-05
RANS_SST_WD_0.05-0.10_ConsGalerkinProj_OneShot_Second,SST,215,15,8.054610e-05,8.396565e-06,9.000000e-06,0.000000e+00,2.563584e-05
RANS_SST_WD_0.05-0.10_ConsGalerkinProj_OneShot_Second,SST,216,16,8.132090e-05,8.327277e-06,9.000000e-06,0.000000e+00,2.576126e-05
RANS_SST_WD_0.05-0.10_ConsGalerkinProj_OneShot_Second,SST,217,17,8.220580e-05,8.277017e-06,9.000000e-06,0.000000e+00,2.593434e-05
RANS_SST_WD_0.05-0.10_ConsGalerkinProj_OneShot_Second,SST,218,18,8.318330e-05,8.248206e-06,9.000000e-06,0.000000e+00,2.612795e-05
RANS_SST_WD_0.05-0.10_ConsGalerkinProj_OneShot_Second,SST,219,19,8.417240e-05,8.224790e-06,9.000000e-06,0.000000e+00,2.630319e-05
RANS_SST_WD_0.05-0.10_ConsGalerkinProj_OneShot_Second,SST,220,20,8.534480e-05,8.245026e-06,9.000000e-06,0.000000e+00,2.661992e-05
RANS_SST_WD_0.05-0.10_ConsGalerkinProj_OneShot_Second,SST,221,21,8.619140e-05,8.218039e-06,9.000000e-06,0.000000e+00,2.674471e-05
RANS_SST_WD_0.05-0.10_ConsGalerkinProj_OneShot_Second,SST,222,22,8.684910e-05,8.165021e-06,8.000000e-06,0.000000e+00,2.677646e-05
RANS_SST_WD_0.05-0.10_ConsGalerkinProj_OneShot_Second,SST,223,23,8.723110e-05,8.067998e-06,8.000000e-06,0.000000e+00,2.666299e-05
RANS_SST_WD_0.05-0.10_ConsGalerkinProj_OneShot_Second,SST,224,24,8.737890e-05,7.936331e-06,8.000000e-06,0.000000e+00,2.642105e-05
RANS_SST_WD_0.05-0.10_ConsGalerkinProj_OneShot_Second,SST,225,25,8.726980e-05,7.769875e-06,8.000000e-06,0.000000e+00,2.604844e-05
RANS_SST_WD_0.05-0.10_ConsGalerkinProj_OneShot_Second,SST,226,26,8.695520e-05,7.581805e-06,8.000000e-06,0.000000e+00,2.557673e-05
RANS_SST_WD_0.05-0.10_ConsGalerkinProj_OneShot_Second,SST,227,27,8.640000e-05,7.367611e-06,8.000000e-06,0.000000e+00,2.500401e-05
RANS_SST_WD_0.05-0.10_ConsGalerkinProj_OneShot_Second,SST,228,28,8.560900e-05,7.129308e-06,7.000000e-06,0.000000e+00,2.434987e-05
RANS_SST_WD_0.05-0.10_ConsGalerkinProj_OneShot_Second,SST,229,29,8.472010e-05,6.886959e-06,7.000000e-06,0.000000e+00,2.369545e-05
RANS_SST_WD_0.05-0.10_ConsGalerkinProj_OneShot_Second,SST,230,30,8.394270e-05,6.667333e-06,7.000000e-06,0.000000e+00,2.314204e-05
RANS_SST_WD_0.05-0.10_ConsGalerkinProj_OneShot_Second,SST,231,31,8.330990e-05,6.472748e-06,7.000000e-06,0.000000e+00,2.269232e-05
RANS_SST_WD_0.05-0.10_ConsGalerkinProj_OneShot_Second,SST,232,32,8.292930e-05,6.318298e-06,7.000000e-06,0.000000e+00,2.238373e-05
RANS_SST_WD_0.05-0.10_ConsGalerkinProj_OneShot_Second,SST,233,33,8.278920e-05,6.199977e-06,7.000000e-06,0.000000e+00,2.219479e-05
RANS_SST_WD_0.05-0.10_ConsGalerkinProj_OneShot_Second,SST,234,34,8.296030e-05,6.127450e-06,6.000000e-06,0.000000e+00,2.215363e-05
RANS_SST_WD_0.05-0.10_ConsGalerkinProj_OneShot_Second,SST,235,35,8.342930e-05,6.099938e-06,6.000000e-06,0.000000e+00,2.224261e-05
RANS_SST_WD_0.05-0.10_ConsGalerkinProj_OneShot_Second,SST,236,36,8.414370e-05,6.111878e-06,6.000000e-06,0.000000e+00,2.242591e-05
RANS_SST_WD_0.05-0.10_ConsGalerkinProj_OneShot_Second,SST,237,37,8.503320e-05,6.149098e-06,7.000000e-06,0.000000e+00,2.266314e-05
RANS_SST_WD_0.05-0.10_ConsGalerkinProj_OneShot_Second,SST,238,38,8.597260e-05,6.197033e-06,7.000000e-06,0.000000e+00,2.289775e-05
RANS_SST_WD_0.05-0.10_ConsGalerkinProj_OneShot_Second,SST,239,39,8.690570e-05,6.238752e-06,7.000000e-06,0.000000e+00,2.310955e-05
RANS_SST_WD_0.05-0.10_ConsGalerkinProj_OneShot_Second,SST,240,40,8.780230e-05,6.263830e-06,7.000000e-06,0.000000e+00,2.330115e-05
RANS_SST_WD_0.05-0.10_ConsGalerkinProj_OneShot_Second,SST,241,41,8.852440e-05,6.286663e-06,7.000000e-06,0.000000e+00,2.342058e-05
RANS_SST_WD_0.05-0.10_ConsGalerkinProj_OneShot_Second,SST,242,42,8.890660e-05,6.296523e-06,7.000000e-06,0.000000e+00,2.340902e-05
RANS_SST_WD_0.05-0.10_ConsGalerkinProj_OneShot_Second,SST,243,43,8.915480e-05,6.301197e-06,7.000000e-06,0.000000e+00,2.338176e-05
RANS_SST_WD_0.05-0.10_ConsGalerkinProj_OneShot_Second,SST,244,44,8.938140e-05,6.298912e-06,7.000000e-06,0.000000e+00,2.336835e-05
RANS_SST_WD_0.05-0.10_ConsGalerkinProj_OneShot_Second,SST,245,45,8.955190e-05,6.286230e-06,7.000000e-06,0.000000e+00,2.334403e-05
RANS_SST_WD_0.05-0.10_ConsGalerkinProj_OneShot_Second,SST,246,46,8.971390e-05,6.261559e-06,7.000000e-06,0.000000e+00,2.331233e-05
RANS_SST_WD_0.05-0.10_ConsGalerkinProj_OneShot_Second,SST,247,47,8.985490e-05,6.226652e-06,7.000000e-06,0.000000e+00,2.329215e-05
RANS_SST_WD_0.05-0.10_ConsGalerkinProj_OneShot_Second,SST,248,48,9.001140e-05,6.190061e-06,7.000000e-06,0.000000e+00,2.328365e-05
RANS_SST_WD_0.05-0.10_ConsGalerkinProj_OneShot_Second,SST,249,49,9.023740e-05,6.155844e-06,7.000000e-06,0.000000e+00,2.329635e-05
RANS_SST_WD_0.05-0.10_ConsGalerkinProj_OneShot_Second,SST,250,50,9.051410e-05,6.131102e-06,7.000000e-06,0.000000e+00,2.332903e-05
RANS_SST_WD_0.05-0.10_ConsGalerkinProj_OneShot_Second,SST,251,51,9.082120e-05,6.116441e-06,6.000000e-06,0.000000e+00,2.336314e-05
RANS_SST_WD_0.05-0.10_ConsGalerkinProj_OneShot_Second,SST,252,52,9.116810e-05,6.108964e-06,6.000000e-06,0.000000e+00,2.339409e-05
RANS_SST_WD_0.05-0.10_ConsGalerkinProj_OneShot_Second,SST,253,53,9.149910e-05,6.104849e-06,6.000000e-06,0.000000e+00,2.341848e-05
RANS_SST_WD_0.05-0.10_ConsGalerkinProj_OneShot_Second,SST,254,54,9.180370e-05,6.099282e-06,6.000000e-06,0.000000e+00,2.343938e-05
RANS_SST_WD_0.05-0.10_ConsGalerkinProj_OneShot_Second,SST,255,55,9.210560e-05,6.090368e-06,6.000000e-06,0.000000e+00,2.345920e-05
RANS_SST_WD_0.05-0.10_ConsGalerkinProj_OneShot_Second,SST,256,56,9.237540e-05,6.078599e-06,6.000000e-06,0.000000e+00,2.347551e-05
RANS_SST_WD_0.05-0.10_ConsGalerkinProj_OneShot_Second,SST,257,57,9.262390e-05,6.063129e-06,6.000000e-06,0.000000e+00,2.348575e-05
RANS_SST_WD_0.05-0.10_ConsGalerkinProj_OneShot_Second,SST,258,58,9.284560e-05,6.046363e-06,6.000000e-06,0.000000e+00,2.348249e-05
RANS_SST_WD_0.05-0.10_ConsGalerkinProj_OneShot_Second,SST,259,59,9.303310e-05,6.029015e-06,6.000000e-06,0.000000e+00,2.346738e-05
RANS_SST_WD_0.05-0.10_ConsGalerkinProj_OneShot_Second,SST,260,60,9.318810e-05,6.011137e-06,6.000000e-06,0.000000e+00,2.344515e-05
RANS_SST_WD_0.05-0.10_ConsGalerkinProj_OneShot_Second,SST,261,61,9.331550e-05,5.993750e-06,6.000000e-06,0.000000e+00,2.342399e-05
RANS_SST_WD_0.05-0.10_ConsGalerkinProj_OneShot_Second,SST,262,62,9.344840e-05,5.975060e-06,6.000000e-06,0.000000e+00,2.340658e-05
RANS_SST_WD_0.05-0.10_ConsGalerkinProj_OneShot_Second,SST,263,63,9.361890e-05,5.957088e-06,6.000000e-06,0.000000e+00,2.339725e-05
RANS_SST_WD_0.05-0.10_ConsGalerkinProj_OneShot_Second,SST,264,64,9.381630e-05,5.941910e-06,6.000000e-06,0.000000e+00,2.339936e-05
RANS_SST_WD_0.05-0.10_ConsGalerkinProj_OneShot_Second,SST,265,65,9.405190e-05,5.928759e-06,6.000000e-06,0.000000e+00,2.341065e-05
RANS_SST_WD_0.05-0.10_ConsGalerkinProj_OneShot_Second,SST,266,66,9.432710e-05,5.919351e-06,6.000000e-06,0.000000e+00,2.342791e-05
RANS_SST_WD_0.05-0.10_ConsGalerkinProj_OneShot_Second,SST,267,67,9.462170e-05,5.912641e-06,6.000000e-06,0.000000e+00,2.344938e-05
RANS_SST_WD_0.05-0.10_ConsGalerkinProj_OneShot_Second,SST,268,68,9.488390e-05,5.906308e-06,6.000000e-06,0.000000e+00,2.346979e-05
RANS_SST_WD_0.05-0.10_ConsGalerkinProj_OneShot_Second,SST,269,69,9.512290e-05,5.897360e-06,6.000000e-06,0.000000e+00,2.348673e-05
RANS_SST_WD_0.05-0.10_ConsGalerkinProj_OneShot_Second,SST,270,70,9.533850e-05,5.885311e-06,6.000000e-06,0.000000e+00,2.349593e-05
RANS_SST_WD_0.05-0.10_ConsGalerkinProj_OneShot_Second,SST,271,71,9.553070e-05,5.870105e-06,6.000000e-06,0.000000e+00,2.349779e-05
RANS_SST_WD_0.05-0.10_ConsGalerkinProj_OneShot_Second,SST,272,72,9.570000e-05,5.852346e-06,6.000000e-06,0.000000e+00,2.349404e-05
RANS_SST_WD_0.05-0.10_ConsGalerkinProj_OneShot_Second,SST,273,73,9.585230e-05,5.833581e-06,6.000000e-06,0.000000e+00,2.348664e-05
RANS_SST_WD_0.05-0.10_ConsGalerkinProj_OneShot_Second,SST,274,74,9.599810e-05,5.815729e-06,6.000000e-06,0.000000e+00,2.347843e-05
RANS_SST_WD_0.05-0.10_ConsGalerkinProj_OneShot_Second,SST,275,75,9.614940e-05,5.800011e-06,6.000000e-06,0.000000e+00,2.347300e-05
RANS_SST_WD_0.05-0.10_ConsGalerkinProj_OneShot_Second,SST,276,76,9.631450e-05,5.786389e-06,6.000000e-06,0.000000e+00,2.347364e-05
RANS_SST_WD_0.05-0.10_ConsGalerkinProj_OneShot_Second,SST,277,77,9.649790e-05,5.773885e-06,6.000000e-06,0.000000e+00,2.348210e-05
RANS_SST_WD_0.05-0.10_ConsGalerkinProj_OneShot_Second,SST,278,78,9.670010e-05,5.761467e-06,6.000000e-06,0.000000e+00,2.349806e-05
RANS_SST_WD_0.05-0.10_ConsGalerkinProj_OneShot_Second,SST,279,79,9.692000e-05,5.748869e-06,6.000000e-06,0.000000e+00,2.351946e-05
RANS_SST_WD_0.05-0.10_ConsGalerkinProj_OneShot_Second,SST,280,80,9.715480e-05,5.736727e-06,6.000000e-06,0.000000e+00,2.354338e-05
RANS_SST_WD_0.05-0.10_ConsGalerkinProj_OneShot_Second,SST,281,81,9.739990e-05,5.726023e-06,6.000000e-06,0.000000e+00,2.356701e-05
RANS_SST_WD_0.05-0.10_ConsGalerkinProj_OneShot_Second,SST,282,82,9.764960e-05,5.717252e-06,6.000000e-06,0.000000e+00,2.358826e-05
RANS_SST_WD_0.05-0.10_ConsGalerkinProj_OneShot_Second,SST,283,83,9.789720e-05,5.709885e-06,6.000000e-06,0.000000e+00,2.360605e-05
RANS_SST_WD_0.05-0.10_ConsGalerkinProj_OneShot_Second,SST,284,84,9.813650e-05,5.702424e-06,6.000000e-06,0.000000e+00,2.362025e-05
RANS_SST_WD_0.05-0.10_ConsGalerkinProj_OneShot_Second,SST,285,85,9.836240e-05,5.693034e-06,6.000000e-06,0.000000e+00,2.363144e-05
RANS_SST_WD_0.05-0.10_ConsGalerkinProj_OneShot_Second,SST,286,86,9.857270e-05,5.680414e-06,6.000000e-06,0.000000e+00,2.364061e-05
RANS_SST_WD_0.05-0.10_ConsGalerkinProj_OneShot_Second,SST,287,87,9.876710e-05,5.664404e-06,6.000000e-06,0.000000e+00,2.364883e-05
RANS_SST_WD_0.05-0.10_ConsGalerkinProj_OneShot_Second,SST,288,88,9.894770e-05,5.645991e-06,6.000000e-06,0.000000e+00,2.365687e-05
RANS_SST_WD_0.05-0.10_ConsGalerkinProj_OneShot_Second,SST,289,89,9.911770e-05,5.626756e-06,6.000000e-06,0.000000e+00,2.366505e-05
RANS_SST_WD_0.05-0.10_ConsGalerkinProj_OneShot_Second,SST,290,90,9.928170e-05,5.608107e-06,6.000000e-06,0.000000e+00,2.367315e-05
RANS_SST_WD_0.05-0.10_ConsGalerkinProj_OneShot_Second,SST,291,91,9.944490e-05,5.590764e-06,6.000000e-06,0.000000e+00,2.368077e-05
RANS_SST_WD_0.05-0.10_ConsGalerkinProj_OneShot_Second,SST,292,92,9.961320e-05,5.574713e-06,6.000000e-06,0.000000e+00,2.368780e-05
RANS_SST_WD_0.05-0.10_ConsGalerkinProj_OneShot_Second,SST,293,93,9.979230e-05,5.559579e-06,6.000000e-06,0.000000e+00,2.369497e-05
RANS_SST_WD_0.05-0.10_ConsGalerkinProj_OneShot_Second,SST,294,94,9.998700e-05,5.545106e-06,6.000000e-06,0.000000e+00,2.370395e-05
RANS_SST_WD_0.05-0.10_ConsGalerkinProj_OneShot_Second,SST,295,95,1.002000e-04,5.531411e-06,6.000000e-06,0.000000e+00,2.371693e-05
RANS_SST_WD_0.05-0.10_ConsGalerkinProj_OneShot_Second,SST,296,96,1.004306e-04,5.518887e-06,6.000000e-06,0.000000e+00,2.373565e-05
RANS_SST_WD_0.05-0.10_ConsGalerkinProj_OneShot_Second,SST,297,97,1.006744e-04,5.507839e-06,6.000000e-06,0.000000e+00,2.376028e-05
RANS_SST_WD_0.05-0.10_ConsGalerkinProj_OneShot_Second,SST,298,98,1.009238e-04,5.498112e-06,6.000000e-06,0.000000e+00,2.378888e-05
RANS_SST_WD_0.05-0.10_ConsGalerkinProj_OneShot_Second,SST,299,99,1.011695e-04,5.488986e-06,6.000000e-06,0.000000e+00,2.381770e-05
RANS_SST_WD_0.05-0.10_ConsGalerkinProj_OneShot_Second,SST,300,100,1.014024e-04,5.479378e-06,6.000000e-06,0.000000e+00,2.384244e-05
RANS_SST_WD_0.05-0.10_ConsGalerkinProj_OneShot_Second,SST,301,101,1.016158e-04,5.468266e-06,6.000000e-06,0.000000e+00,2.385978e-05
RANS_SST_WD_0.05-0.10_ConsGalerkinProj_OneShot_Second,SST,302,102,1.018076e-04,5.455110e-06,6.000000e-06,0.000000e+00,2.386867e-05
RANS_SST_WD_0.05-0.10_ConsGalerkinProj_OneShot_Second,SST,303,103,1.019798e-04,5.440039e-06,6.000000e-06,0.000000e+00,2.387063e-05
RANS_SST_WD_0.05-0.10_ConsGalerkinProj_OneShot_Second,SST,304,104,1.021387e-04,5.423751e-06,6.000000e-06,0.000000e+00,2.386901e-05
RANS_SST_WD_0.05-0.10_ConsGalerkinProj_OneShot_Second,SST,305,105,1.022922e-04,5.407193e-06,6.000000e-06,0.000000e+00,2.386766e-05
RANS_SST_WD_0.05-0.10_ConsGalerkinProj_OneShot_Second,SST,306,106,1.024486e-04,5.391180e-06,6.000000e-06,0.000000e+00,2.386956e-05
RANS_SST_WD_0.05-0.10_ConsGalerkinProj_OneShot_Second,SST,307,107,1.026136e-04,5.376129e-06,6.000000e-06,0.000000e+00,2.387611e-05
RANS_SST_WD_0.05-0.10_ConsGalerkinProj_OneShot_Second,SST,308,108,1.027901e-04,5.362007e-06,6.000000e-06,0.000000e+00,2.388711e-05
RANS_SST_WD_0.05-0.10_ConsGalerkinProj_OneShot_Second,SST,309,109,1.029778e-04,5.348468e-06,6.000000e-06,0.000000e+00,2.390137e-05
RANS_SST_WD_0.05-0.10_ConsGalerkinProj_OneShot_Second,SST,310,110,1.031739e-04,5.335099e-06,6.000000e-06,0.000000e+00,2.391735e-05
RANS_SST_WD_0.05-0.10_ConsGalerkinProj_OneShot_Second,SST,311,111,1.033742e-04,5.321628e-06,6.000000e-06,0.000000e+00,2.393365e-05
RANS_SST_WD_0.05-0.10_ConsGalerkinProj_OneShot_Second,SST,312,112,1.035742e-04,5.308019e-06,6.000000e-06,0.000000e+00,2.394906e-05
RANS_SST_WD_0.05-0.10_ConsGalerkinProj_OneShot_Second,SST,313,113,1.037696e-04,5.294432e-06,6.000000e-06,0.000000e+00,2.396253e-05
RANS_SST_WD_0.05-0.10_ConsGalerkinProj_OneShot_Second,SST,314,114,1.039569e-04,5.281079e-06,6.000000e-06,0.000000e+00,2.397324e-05
RANS_SST_WD_0.05-0.10_ConsGalerkinProj_OneShot_Second,SST,315,115,1.041347e-04,5.268083e-06,6.000000e-06,0.000000e+00,2.398083e-05
RANS_SST_WD_0.05-0.10_ConsGalerkinProj_OneShot_Second,SST,316,116,1.043032e-04,5.255398e-06,6.000000e-06,0.000000e+00,2.398566e-05
RANS_SST_WD_0.05-0.10_ConsGalerkinProj_OneShot_Second,SST,317,117,1.044643e-04,5.242822e-06,6.000000e-06,0.000000e+00,2.398891e-05
RANS_SST_WD_0.05-0.10_ConsGalerkinProj_OneShot_Second,SST,318,118,1.046216e-04,5.230088e-06,6.000000e-06,0.000000e+00,2.399227e-05
RANS_SST_WD_0.05-0.10_ConsGalerkinProj_OneShot_Second,SST,319,119,1.047793e-04,5.216981e-06,6.000000e-06,0.000000e+00,2.399740e-05
RANS_SST_WD_0.05-0.10_ConsGalerkinProj_OneShot_Second,SST,320,120,1.049411e-04,5.203431e-06,6.000000e-06,0.000000e+00,2.400531e-05
RANS_SST_WD_0.05-0.10_ConsGalerkinProj_OneShot_Second,SST,321,121,1.051096e-04,5.189554e-06,6.000000e-06,0.000000e+00,2.401612e-05
RANS_SST_WD_0.05-0.10_ConsGalerkinProj_OneShot_Second,SST,322,122,1.052857e-04,5.175627e-06,6.000000e-06,0.000000e+00,2.402914e-05
RANS_SST_WD_0.05-0.10_ConsGalerkinProj_OneShot_Second,SST,323,123,1.054687e-04,5.161998e-06,6.000000e-06,0.000000e+00,2.404329e-05
RANS_SST_WD_0.05-0.10_ConsGalerkinProj_OneShot_Second,SST,324,124,1.056567e-04,5.148964e-06,6.000000e-06,0.000000e+00,2.405745e-05
RANS_SST_WD_0.05-0.10_ConsGalerkinProj_OneShot_Second,SST,325,125,1.058467e-04,5.136641e-06,6.000000e-06,0.000000e+00,2.407074e-05
RANS_SST_WD_0.05-0.10_ConsGalerkinProj_OneShot_Second,SST,326,126,1.060345e-04,5.124882e-06,6.000000e-06,0.000000e+00,2.408254e-05
RANS_SST_WD_0.05-0.10_ConsGalerkinProj_OneShot_Second,SST,327,127,1.062158e-04,5.113290e-06,6.000000e-06,0.000000e+00,2.409240e-05
RANS_SST_WD_0.05-0.10_ConsGalerkinProj_OneShot_Second,SST,328,128,1.063867e-04,5.101340e-06,6.000000e-06,0.000000e+00,2.410007e-05
RANS_SST_WD_0.05-0.10_ConsGalerkinProj_OneShot_Second,SST,329,129,1.065449e-04,5.088563e-06,6.000000e-06,0.000000e+00,2.410557e-05
RANS_SST_WD_0.05-0.10_ConsGalerkinProj_OneShot_Second,SST,330,130,1.066902e-04,5.074735e-06,6.000000e-06,0.000000e+00,2.410933e-05
RANS_SST_WD_0.05-0.10_ConsGalerkinProj_OneShot_Second,SST,331,131,1.068252e-04,5.059973e-06,5.000000e-06,0.000000e+00,2.411211e-05
RANS_SST_WD_0.05-0.10_ConsGalerkinProj_OneShot_Second,SST,332,132,1.069539e-04,5.044680e-06,5.000000e-06,0.000000e+00,2.411478e-05
RANS_SST_WD_0.05-0.10_ConsGalerkinProj_OneShot_Second,SST,333,133,1.070817e-04,5.029389e-06,5.000000e-06,0.000000e+00,2.411802e-05
RANS_SST_WD_0.05-0.10_ConsGalerkinProj_OneShot_Second,SST,334,134,1.072130e-04,5.014558e-06,5.000000e-06,0.000000e+00,2.412212e-05
RANS_SST_WD_0.05-0.10_ConsGalerkinProj_OneShot_Second,SST,335,135,1.073514e-04,5.000441e-06,5.000000e-06,0.000000e+00,2.412713e-05
RANS_SST_WD_0.05-0.10_ConsGalerkinProj_OneShot_Second,SST,336,136,1.074990e-04,4.987071e-06,5.000000e-06,0.000000e+00,2.413308e-05
RANS_SST_WD_0.05-0.10_ConsGalerkinProj_OneShot_Second,SST,337,137,1.076559e-04,4.974352e-06,5.000000e-06,0.000000e+00,2.414028e-05
RANS_SST_WD_0.05-0.10_ConsGalerkinProj_OneShot_Second,SST,338,138,1.078215e-04,4.962190e-06,5.000000e-06,0.000000e+00,2.414934e-05
RANS_SST_WD_0.05-0.10_ConsGalerkinProj_OneShot_Second,SST,339,139,1.079937e-04,4.950563e-06,5.000000e-06,0.000000e+00,2.416085e-05
RANS_SST_WD_0.05-0.10_ConsGalerkinProj_OneShot_Second,SST,340,140,1.081698e-04,4.939509e-06,5.000000e-06,0.000000e+00,2.417491e-05
RANS_SST_WD_0.05-0.10_ConsGalerkinProj_OneShot_Second,SST,341,141,1.083468e-04,4.929049e-06,5.000000e-06,0.000000e+00,2.419082e-05
RANS_SST_WD_0.05-0.10_ConsGalerkinProj_OneShot_Second,SST,342,142,1.085209e-04,4.919073e-06,5.000000e-06,0.000000e+00,2.420708e-05
RANS_SST_WD_0.05-0.10_ConsGalerkinProj_OneShot_Second,SST,343,143,1.086892e-04,4.909302e-06,5.000000e-06,0.000000e+00,2.422182e-05
RANS_SST_WD_0.05-0.10_ConsGalerkinProj_OneShot_Second,SST,344,144,1.088492e-04,4.899314e-06,5.000000e-06,0.000000e+00,2.423347e-05
RANS_SST_WD_0.05-0.10_ConsGalerkinProj_OneShot_Second,SST,345,145,1.089999e-04,4.888659e-06,5.000000e-06,0.000000e+00,2.424127e-05
RANS_SST_WD_0.05-0.10_ConsGalerkinProj_OneShot_Second,SST,346,146,1.091415e-04,4.877008e-06,5.000000e-06,0.000000e+00,2.424551e-05
RANS_SST_WD_0.05-0.10_ConsGalerkinProj_OneShot_Second,SST,347,147,1.092748e-04,4.864261e-06,5.000000e-06,0.000000e+00,2.424733e-05
RANS_SST_WD_0.05-0.10_ConsGalerkinProj_OneShot_Second,SST,348,148,1.094020e-04,4.850613e-06,5.000000e-06,0.000000e+00,2.424826e-05
RANS_SST_WD_0.05-0.10_ConsGalerkinProj_OneShot_Second,SST,349,149,1.095252e-04,4.836496e-06,5.000000e-06,0.000000e+00,2.424976e-05
RANS_SST_WD_0.05-0.10_ConsGalerkinProj_OneShot_Second,SST,350,150,1.096468e-04,4.822450e-06,5.000000e-06,0.000000e+00,2.425280e-05
RANS_SST_WD_0.05-0.10_ConsGalerkinProj_OneShot_Second,SST,351,151,1.097693e-04,4.808952e-06,5.000000e-06,0.000000e+00,2.425773e-05
RANS_SST_WD_0.05-0.10_ConsGalerkinProj_OneShot_Second,SST,352,152,1.098945e-04,4.796275e-06,5.000000e-06,0.000000e+00,2.426435e-05
RANS_SST_WD_0.05-0.10_ConsGalerkinProj_OneShot_Second,SST,353,153,1.100238e-04,4.784446e-06,5.000000e-06,0.000000e+00,2.427211e-05
RANS_SST_WD_0.05-0.10_ConsGalerkinProj_OneShot_Second,SST,354,154,1.101577e-04,4.773297e-06,5.000000e-06,0.000000e+00,2.428035e-05
RANS_SST_WD_0.05-0.10_ConsGalerkinProj_OneShot_Second,SST,355,155,1.102960e-04,4.762607e-06,5.000000e-06,0.000000e+00,2.428862e-05
RANS_SST_WD_0.05-0.10_ConsGalerkinProj_OneShot_Second,SST,356,156,1.104382e-04,4.752223e-06,5.000000e-06,0.000000e+00,2.429677e-05
RANS_SST_WD_0.05-0.10_ConsGalerkinProj_OneShot_Second,SST,357,157,1.105832e-04,4.742127e-06,5.000000e-06,0.000000e+00,2.430499e-05
RANS_SST_WD_0.05-0.10_ConsGalerkinProj_OneShot_Second,SST,358,158,1.107297e-04,4.732364e-06,5.000000e-06,0.000000e+00,2.431367e-05
RANS_SST_WD_0.05-0.10_ConsGalerkinProj_OneShot_Second,SST,359,159,1.108767e-04,4.722945e-06,5.000000e-06,0.000000e+00,2.432312e-05
RANS_SST_WD_0.05-0.10_ConsGalerkinProj_OneShot_Second,SST,360,160,1.110230e-04,4.713735e-06,5.000000e-06,0.000000e+00,2.433339e-05
RANS_SST_WD_0.05-0.10_ConsGalerkinProj_OneShot_Second,SST,361,161,1.111672e-04,4.704449e-06,5.000000e-06,0.000000e+00,2.434414e-05
RANS_SST_WD_0.05-0.10_ConsGalerkinProj_OneShot_Second,SST,362,162,1.113082e-04,4.694753e-06,5.000000e-06,0.000000e+00,2.435471e-05
RANS_SST_WD_0.05-0.10_ConsGalerkinProj_OneShot_Second,SST,363,163,1.114448e-04,4.684420e-06,5.000000e-06,0.000000e+00,2.436437e-05
RANS_SST_WD_0.05-0.10_ConsGalerkinProj_OneShot_Second,SST,364,164,1.115765e-04,4.673454e-06,5.000000e-06,0.000000e+00,2.437261e-05
RANS_SST_WD_0.05-0.10_ConsGalerkinProj_OneShot_Second,SST,365,165,1.117034e-04,4.662097e-06,5.000000e-06,0.000000e+00,2.437930e-05
RANS_SST_WD_0.05-0.10_ConsGalerkinProj_OneShot_Second,SST,366,166,1.118263e-04,4.650727e-06,5.000000e-06,0.000000e+00,2.438475e-05
RANS_SST_WD_0.05-0.10_ConsGalerkinProj_OneShot_Second,SST,367,167,1.119470e-04,4.639693e-06,5.000000e-06,0.000000e+00,2.438954e-05
RANS_SST_WD_0.05-0.10_ConsGalerkinProj_OneShot_Second,SST,368,168,1.120668e-04,4.629168e-06,5.000000e-06,0.000000e+00,2.439436e-05
RANS_SST_WD_0.05-0.10_ConsGalerkinProj_OneShot_Second,SST,369,169,1.121872e-04,4.619121e-06,5.000000e-06,0.000000e+00,2.439977e-05
RANS_SST_WD_0.05-0.10_ConsGalerkinProj_OneShot_Second,SST,370,170,1.123094e-04,4.609379e-06,5.000000e-06,0.000000e+00,2.440606e-05
RANS_SST_WD_0.05-0.10_ConsGalerkinProj_OneShot_Second,SST,371,171,1.124334e-04,4.599755e-06,5.000000e-06,0.000000e+00,2.441333e-05
RANS_SST_WD_0.05-0.10_ConsGalerkinProj_OneShot_Second,SST,372,172,1.125590e-04,4.590156e-06,5.000000e-06,0.000000e+00,2.442145e-05
RANS_SST_WD_0.05-0.10_ConsGalerkinProj_OneShot_Second,SST,373,173,1.126858e-04,4.580619e-06,5.000000e-06,0.000000e+00,2.443027e-05
RANS_SST_WD_0.05-0.10_ConsGalerkinProj_OneShot_Second,SST,374,174,1.128134e-04,4.571267e-06,5.000000e-06,0.000000e+00,2.443957e-05
RANS_SST_WD_0.05-0.10_ConsGalerkinProj_OneShot_Second,SST,375,175,1.129418e-04,4.562212e-06,5.000000e-06,0.000000e+00,2.444918e-05
RANS_SST_WD_0.05-0.10_ConsGalerkinProj_OneShot_Second,SST,376,176,1.130710e-04,4.553487e-06,5.000000e-06,0.000000e+00,2.445890e-05
RANS_SST_WD_0.05-0.10_ConsGalerkinProj_OneShot_Second,SST,377,177,1.132010e-04,4.545004e-06,5.000000e-06,0.000000e+00,2.446852e-05
RANS_SST_WD_0.05-0.10_ConsGalerkinProj_OneShot_Second,SST,378,178,1.133317e-04,4.536598e-06,5.000000e-06,0.000000e+00,2.447781e-05
RANS_SST_WD_0.05-0.10_ConsGalerkinProj_OneShot_Second,SST,379,179,1.134620e-04,4.528078e-06,5.000000e-06,0.000000e+00,2.448658e-05
RANS_SST_WD_0.05-0.10_ConsGalerkinProj_OneShot_Second,SST,380,180,1.135909e-04,4.519303e-06,5.000000e-06,0.000000e+00,2.449476e-05
RANS_SST_WD_0.05-0.10_ConsGalerkinProj_OneShot_Second,SST,381,181,1.137167e-04,4.510209e-06,5.000000e-06,0.000000e+00,2.450237e-05
RANS_SST_WD_0.05-0.10_ConsGalerkinProj_OneShot_Second,SST,382,182,1.138385e-04,4.500814e-06,5.000000e-06,0.000000e+00,2.450961e-05
RANS_SST_WD_0.05-0.10_ConsGalerkinProj_OneShot_Second,SST,383,183,1.139560e-04,4.491187e-06,5.000000e-06,0.000000e+00,2.451668e-05
RANS_SST_WD_0.05-0.10_ConsGalerkinProj_OneShot_Second,SST,384,184,1.140699e-04,4.481416e-06,5.000000e-06,0.000000e+00,2.452376e-05
RANS_SST_WD_0.05-0.10_ConsGalerkinProj_OneShot_Second,SST,385,185,1.141810e-04,4.471597e-06,5.000000e-06,0.000000e+00,2.453086e-05
RANS_SST_WD_0.05-0.10_ConsGalerkinProj_OneShot_Second,SST,386,186,1.142907e-04,4.461813e-06,5.000000e-06,0.000000e+00,2.453783e-05
RANS_SST_WD_0.05-0.10_ConsGalerkinProj_OneShot_Second,SST,387,187,1.144002e-04,4.452139e-06,5.000000e-06,0.000000e+00,2.454443e-05
RANS_SST_WD_0.05-0.10_ConsGalerkinProj_OneShot_Second,SST,388,188,1.145101e-04,4.442630e-06,5.000000e-06,0.000000e+00,2.455049e-05
RANS_SST_WD_0.05-0.10_ConsGalerkinProj_OneShot_Second,SST,389,189,1.146206e-04,4.433326e-06,5.000000e-06,0.000000e+00,2.455607e-05
RANS_SST_WD_0.05-0.10_ConsGalerkinProj_OneShot_Second,SST,390,190,1.147318e-04,4.424241e-06,5.000000e-06,0.000000e+00,2.456150e-05
RANS_SST_WD_0.05-0.10_ConsGalerkinProj_OneShot_Second,SST,391,191,1.148436e-04,4.415374e-06,5.000000e-06,0.000000e+00,2.456737e-05
RANS_SST_WD_0.05-0.10_ConsGalerkinProj_OneShot_Second,SST,392,192,1.149565e-04,4.406725e-06,5.000000e-06,0.000000e+00,2.457428e-05
RANS_SST_WD_0.05-0.10_ConsGalerkinProj_OneShot_Second,SST,393,193,1.150706e-04,4.398313e-06,5.000000e-06,0.000000e+00,2.458259e-05
RANS_SST_WD_0.05-0.10_ConsGalerkinProj_OneShot_Second,SST,394,194,1.151862e-04,4.390166e-06,5.000000e-06,0.000000e+00,2.459226e-05
RANS_SST_WD_0.05-0.10_ConsGalerkinProj_OneShot_Second,SST,395,195,1.153031e-04,4.382304e-06,5.000000e-06,0.000000e+00,2.460279e-05
RANS_SST_WD_0.05-0.10_ConsGalerkinProj_OneShot_Second,SST,396,196,1.154208e-04,4.374710e-06,5.000000e-06,0.000000e+00,2.461337e-05
RANS_SST_WD_0.05-0.10_ConsGalerkinProj_OneShot_Second,SST,397,197,1.155383e-04,4.367312e-06,5.000000e-06,0.000000e+00,2.462321e-05
RANS_SST_WD_0.05-0.10_ConsGalerkinProj_OneShot_Second,SST,398,198,1.156548e-04,4.359983e-06,5.000000e-06,0.000000e+00,2.463180e-05
RANS_SST_WD_0.05-0.10_ConsGalerkinProj_OneShot_Second,SST,399,199,1.157697e-04,4.352587e-06,5.000000e-06,0.000000e+00,2.463915e-05
RANS_SST_WD_0.10-0.15_ConsGalerkinProj_OneShot_SF2_Second,SST,200,0,4.134680e-05,2.502351e-06,3.000000e-06,0.000000e+00,1.258171e-05
RANS_SST_WD_0.10-0.15_ConsGalerkinProj_OneShot_SF2_Second,SST,201,1,8.197720e-05,8.641579e-06,9.000000e-06,0.000000e+00,2.546532e-05
RANS_SST_WD_0.10-0.15_ConsGalerkinProj_OneShot_SF2_Second,SST,202,2,1.042041e-04,1.125031e-05,1.100000e-05,0.000000e+00,2.939876e-05
RANS_SST_WD_0.10-0.15_ConsGalerkinProj_OneShot_SF2_Second,SST,203,3,1.147350e-04,1.103919e-05,1.100000e-05,0.000000e+00,2.840347e-05
RANS_SST_WD_0.10-0.15_ConsGalerkinProj_OneShot_SF2_Second,SST,204,4,1.179408e-04,1.020450e-05,1.000000e-05,0.000000e+00,2.666933e-05
RANS_SST_WD_0.10-0.15_ConsGalerkinProj_OneShot_SF2_Second,SST,205,5,1.176172e-04,8.974784e-06,9.000000e-06,0.000000e+00,2.526994e-05
RANS_SST_WD_0.10-0.15_ConsGalerkinProj_OneShot_SF2_Second,SST,206,6,1.176791e-04,7.741048e-06,8.000000e-06,0.000000e+00,2.426457e-05
RANS_SST_WD_0.10-0.15_ConsGalerkinProj_OneShot_SF2_Second,SST,207,7,1.188873e-04,6.917266e-06,7.000000e-06,0.000000e+00,2.356146e-05
RANS_SST_WD_0.10-0.15_ConsGalerkinProj_OneShot_SF2_Second,SST,208,8,1.197540e-04,6.882435e-06,7.000000e-06,0.000000e+00,2.337096e-05
RANS_SST_WD_0.10-0.15_ConsGalerkinProj_OneShot_SF2_Second,SST,209,9,1.184244e-04,7.225569e-06,7.000000e-06,0.000000e+00,2.345401e-05
RANS_SST_WD_0.10-0.15_ConsGalerkinProj_OneShot_SF2_Second,SST,210,10,1.144796e-04,7.663278e-06,8.000000e-06,0.000000e+00,2.356728e-05
RANS_SST_WD_0.10-0.15_ConsGalerkinProj_OneShot_SF2_Second,SST,211,11,1.094191e-04,7.994124e-06,8.000000e-06,0.000000e+00,2.352426e-05
RANS_SST_WD_0.10-0.15_ConsGalerkinProj_OneShot_SF2_Second,SST,212,12,1.052929e-04,8.081425e-06,8.000000e-06,0.000000e+00,2.333012e-05
RANS_SST_WD_0.10-0.15_ConsGalerkinProj_OneShot_SF2_Second,SST,213,13,1.029086e-04,8.092245e-06,8.000000e-06,0.000000e+00,2.311954e-05
RANS_SST_WD_0.10-0.15_ConsGalerkinProj_OneShot_SF2_Second,SST,214,14,1.022133e-04,8.096248e-06,8.000000e-06,0.000000e+00,2.302056e-05
RANS_SST_WD_0.10-0.15_ConsGalerkinProj_OneShot_SF2_Second,SST,215,15,1.025264e-04,8.138451e-06,8.000000e-06,0.000000e+00,2.308241e-05
RANS_SST_WD_0.10-0.15_ConsGalerkinProj_OneShot_SF2_Second,SST,216,16,1.031845e-04,8.217223e-06,9.000000e-06,0.000000e+00,2.325704e-05
RANS_SST_WD_0.10-0.15_ConsGalerkinProj_OneShot_SF2_Second,SST,217,17,1.037979e-04,8.280763e-06,9.000000e-06,0.000000e+00,2.344201e-05
RANS_SST_WD_0.10-0.15_ConsGalerkinProj_OneShot_SF2_Second,SST,218,18,1.042243e-04,8.315538e-06,9.000000e-06,0.000000e+00,2.357763e-05
RANS_SST_WD_0.10-0.15_ConsGalerkinProj_OneShot_SF2_Second,SST,219,19,1.045181e-04,8.327579e-06,9.000000e-06,0.000000e+00,2.365899e-05
RANS_SST_WD_0.10-0.15_ConsGalerkinProj_OneShot_SF2_Second,SST,220,20,1.049110e-04,8.387012e-06,9.000000e-06,0.000000e+00,2.379039e-05
RANS_SST_WD_0.10-0.15_ConsGalerkinProj_OneShot_SF2_Second,SST,221,21,1.053183e-04,8.417317e-06,9.000000e-06,0.000000e+00,2.388353e-05
RANS_SST_WD_0.10-0.15_ConsGalerkinProj_OneShot_SF2_Second,SST,222,22,1.057501e-04,8.430672e-06,9.000000e-06,0.000000e+00,2.397263e-05
RANS_SST_WD_0.10-0.15_ConsGalerkinProj_OneShot_SF2_Second,SST,223,23,1.061779e-04,8.428580e-06,9.000000e-06,0.000000e+00,2.404236e-05
RANS_SST_WD_0.10-0.15_ConsGalerkinProj_OneShot_SF2_Second,SST,224,24,1.065555e-04,8.413193e-06,9.000000e-06,0.000000e+00,2.407055e-05
RANS_SST_WD_0.10-0.15_ConsGalerkinProj_OneShot_SF2_Second,SST,225,25,1.068641e-04,8.388959e-06,9.000000e-06,0.000000e+00,2.405378e-05
RANS_SST_WD_0.10-0.15_ConsGalerkinProj_OneShot_SF2_Second,SST,226,26,1.071527e-04,8.365184e-06,9.000000e-06,0.000000e+00,2.401839e-05
RANS_SST_WD_0.10-0.15_ConsGalerkinProj_OneShot_SF2_Second,SST,227,27,1.073669e-04,8.330075e-06,9.000000e-06,0.000000e+00,2.394189e-05
RANS_SST_WD_0.10-0.15_ConsGalerkinProj_OneShot_SF2_Second,SST,228,28,1.074329e-04,8.272709e-06,9.000000e-06,0.000000e+00,2.378685e-05
RANS_SST_WD_0.10-0.15_ConsGalerkinProj_OneShot_SF2_Second,SST,229,29,1.073968e-04,8.199943e-06,8.000000e-06,0.000000e+00,2.356982e-05
RANS_SST_WD_0.10-0.15_ConsGalerkinProj_OneShot_SF2_Second,SST,230,30,1.072733e-04,8.113236e-06,8.000000e-06,0.000000e+00,2.329360e-05
RANS_SST_WD_0.10-0.15_ConsGalerkinProj_OneShot_SF2_Second,SST,231,31,1.069675e-04,8.001489e-06,8.000000e-06,0.000000e+00,2.292320e-05
RANS_SST_WD_0.10-0.15_ConsGalerkinProj_OneShot_SF2_Second,SST,232,32,1.065249e-04,7.870687e-06,8.000000e-06,0.000000e+00,2.249959e-05
RANS_SST_WD_0.10-0.15_ConsGalerkinProj_OneShot_SF2_Second,SST,233,33,1.060012e-04,7.728911e-06,8.000000e-06,0.000000e+00,2.206481e-05
RANS_SST_WD_0.10-0.15_ConsGalerkinProj_OneShot_SF2_Second,SST,234,34,1.054720e-04,7.587982e-06,8.000000e-06,0.000000e+00,2.166387e-05
RANS_SST_WD_0.10-0.15_ConsGalerkinProj_OneShot_SF2_Second,SST,235,35,1.050956e-04,7.467615e-06,8.000000e-06,0.000000e+00,2.137221e-05
RANS_SST_WD_0.10-0.15_ConsGalerkinProj_OneShot_SF2_Second,SST,236,36,1.048921e-04,7.372317e-06,8.000000e-06,0.000000e+00,2.118494e-05
RANS_SST_WD_0.10-0.15_ConsGalerkinProj_OneShot_SF2_Second,SST,237,37,1.049736e-04,7.310775e-06,8.000000e-06,0.000000e+00,2.114414e-05
RANS_SST_WD_0.10-0.15_ConsGalerkinProj_OneShot_SF2_Second,SST,238,38,1.051883e-04,7.269708e-06,8.000000e-06,0.000000e+00,2.115419e-05
RANS_SST_WD_0.10-0.15_ConsGalerkinProj_OneShot_SF2_Second,SST,239,39,1.056210e-04,7.251983e-06,7.000000e-06,0.000000e+00,2.125452e-05
RANS_SST_WD_0.10-0.15_ConsGalerkinProj_OneShot_SF2_Second,SST,240,40,1.061871e-04,7.252068e-06,7.000000e-06,0.000000e+00,2.140022e-05
RANS_SST_WD_0.10-0.15_ConsGalerkinProj_OneShot_SF2_Second,SST,241,41,1.071761e-04,7.291650e-06,8.000000e-06,0.000000e+00,2.173051e-05
RANS_SST_WD_0.10-0.15_ConsGalerkinProj_OneShot_SF2_Second,SST,242,42,1.080899e-04,7.325620e-06,8.000000e-06,0.000000e+00,2.200684e-05
RANS_SST_WD_0.10-0.15_ConsGalerkinProj_OneShot_SF2_Second,SST,243,43,1.087532e-04,7.347665e-06,8.000000e-06,0.000000e+00,2.213675e-05
RANS_SST_WD_0.10-0.15_ConsGalerkinProj_OneShot_SF2_Second,SST,244,44,1.091853e-04,7.355166e-06,8.000000e-06,0.000000e+00,2.214924e-05
RANS_SST_WD_0.10-0.15_ConsGalerkinProj_OneShot_SF2_Second,SST,245,45,1.094248e-04,7.344450e-06,8.000000e-06,0.000000e+00,2.208194e-05
RANS_SST_WD_0.10-0.15_ConsGalerkinProj_OneShot_SF2_Second,SST,246,46,1.094968e-04,7.312901e-06,8.000000e-06,0.000000e+00,2.197399e-05
RANS_SST_WD_0.10-0.15_ConsGalerkinProj_OneShot_SF2_Second,SST,247,47,1.094643e-04,7.266215e-06,7.000000e-06,0.000000e+00,2.185444e-05
RANS_SST_WD_0.10-0.15_ConsGalerkinProj_OneShot_SF2_Second,SST,248,48,1.093969e-04,7.213933e-06,7.000000e-06,0.000000e+00,2.174043e-05
RANS_SST_WD_0.10-0.15_ConsGalerkinProj_OneShot_SF2_Second,SST,249,49,1.093500e-04,7.165838e-06,7.000000e-06,0.000000e+00,2.163633e-05
RANS_SST_WD_0.10-0.15_ConsGalerkinProj_OneShot_SF2_Second,SST,250,50,1.093571e-04,7.127773e-06,7.000000e-06,0.000000e+00,2.154512e-05
RANS_SST_WD_0.10-0.15_ConsGalerkinProj_OneShot_SF2_Second,SST,251,51,1.094034e-04,7.098078e-06,7.000000e-06,0.000000e+00,2.146480e-05
RANS_SST_WD_0.10-0.15_ConsGalerkinProj_OneShot_SF2_Second,SST,252,52,1.095406e-04,7.079008e-06,7.000000e-06,0.000000e+00,2.141913e-05
RANS_SST_WD_0.10-0.15_ConsGalerkinProj_OneShot_SF2_Second,SST,253,53,1.097714e-04,7.065908e-06,7.000000e-06,0.000000e+00,2.141021e-05
RANS_SST_WD_0.10-0.15_ConsGalerkinProj_OneShot_SF2_Second,SST,254,54,1.099720e-04,7.049027e-06,7.000000e-06,0.000000e+00,2.140381e-05
RANS_SST_WD_0.10-0.15_ConsGalerkinProj_OneShot_SF2_Second,SST,255,55,1.102130e-04,7.032611e-06,7.000000e-06,0.000000e+00,2.141169e-05
RANS_SST_WD_0.10-0.15_ConsGalerkinProj_OneShot_SF2_Second,SST,256,56,1.104134e-04,7.013684e-06,7.000000e-06,0.000000e+00,2.141318e-05
RANS_SST_WD_0.10-0.15_ConsGalerkinProj_OneShot_SF2_Second,SST,257,57,1.106157e-04,6.994560e-06,7.000000e-06,0.000000e+00,2.140989e-05
RANS_SST_WD_0.10-0.15_ConsGalerkinProj_OneShot_SF2_Second,SST,258,58,1.107980e-04,6.974804e-06,7.000000e-06,0.000000e+00,2.140282e-05
RANS_SST_WD_0.10-0.15_ConsGalerkinProj_OneShot_SF2_Second,SST,259,59,1.109615e-04,6.952955e-06,7.000000e-06,0.000000e+00,2.139240e-05
RANS_SST_WD_0.10-0.15_ConsGalerkinProj_OneShot_SF2_Second,SST,260,60,1.110781e-04,6.929994e-06,7.000000e-06,0.000000e+00,2.137845e-05
RANS_SST_WD_0.10-0.15_ConsGalerkinProj_OneShot_SF2_Second,SST,261,61,1.111689e-04,6.907953e-06,7.000000e-06,0.000000e+00,2.136360e-05
RANS_SST_WD_0.10-0.15_ConsGalerkinProj_OneShot_SF2_Second,SST,262,62,1.112776e-04,6.889083e-06,7.000000e-06,0.000000e+00,2.135466e-05
RANS_SST_WD_0.10-0.15_ConsGalerkinProj_OneShot_SF2_Second,SST,263,63,1.114186e-04,6.874751e-06,7.000000e-06,0.000000e+00,2.135472e-05
RANS_SST_WD_0.10-0.15_ConsGalerkinProj_OneShot_SF2_Second,SST,264,64,1.115682e-04,6.863391e-06,7.000000e-06,0.000000e+00,2.135940e-05
RANS_SST_WD_0.10-0.15_ConsGalerkinProj_OneShot_SF2_Second,SST,265,65,1.117403e-04,6.853111e-06,7.000000e-06,0.000000e+00,2.136596e-05
RANS_SST_WD_0.10-0.15_ConsGalerkinProj_OneShot_SF2_Second,SST,266,66,1.119409e-04,6.843803e-06,7.000000e-06,0.000000e+00,2.137318e-05
RANS_SST_WD_0.10-0.15_ConsGalerkinProj_OneShot_SF2_Second,SST,267,67,1.121550e-04,6.833769e-06,7.000000e-06,0.000000e+00,2.138149e-05
RANS_SST_WD_0.10-0.15_ConsGalerkinProj_OneShot_SF2_Second,SST,268,68,1.123461e-04,6.822431e-06,7.000000e-06,0.000000e+00,2.138663e-05
RANS_SST_WD_0.10-0.15_ConsGalerkinProj_OneShot_SF2_Second,SST,269,69,1.125277e-04,6.809585e-06,7.000000e-06,0.000000e+00,2.138741e-05
RANS_SST_WD_0.10-0.15_ConsGalerkinProj_OneShot_SF2_Second,SST,270,70,1.127038e-04,6.796588e-06,7.000000e-06,0.000000e+00,2.138312e-05
RANS_SST_WD_0.10-0.15_ConsGalerkinProj_OneShot_SF2_Second,SST,271,71,1.128645e-04,6.782828e-06,7.000000e-06,0.000000e+00,2.137399e-05
RANS_SST_WD_0.10-0.15_ConsGalerkinProj_OneShot_SF2_Second,SST,272,72,1.129908e-04,6.768583e-06,7.000000e-06,0.000000e+00,2.136140e-05
RANS_SST_WD_0.10-0.15_ConsGalerkinProj_OneShot_SF2_Second,SST,273,73,1.131015e-04,6.752768e-06,7.000000e-06,0.000000e+00,2.134546e-05
RANS_SST_WD_0.10-0.15_ConsGalerkinProj_OneShot_SF2_Second,SST,274,74,1.132169e-04,6.736831e-06,7.000000e-06,0.000000e+00,2.132965e-05
RANS_SST_WD_0.10-0.15_ConsGalerkinProj_OneShot_SF2_Second,SST,275,75,1.133415e-04,6.720631e-06,7.000000e-06,0.000000e+00,2.131676e-05
RANS_SST_WD_0.10-0.15_ConsGalerkinProj_OneShot_SF2_Second,SST,276,76,1.134714e-04,6.703577e-06,7.000000e-06,0.000000e+00,2.130749e-05
RANS_SST_WD_0.10-0.15_ConsGalerkinProj_OneShot_SF2_Second,SST,277,77,1.136001e-04,6.685440e-06,7.000000e-06,0.000000e+00,2.129939e-05
RANS_SST_WD_0.10-0.15_ConsGalerkinProj_OneShot_SF2_Second,SST,278,78,1.137232e-04,6.666597e-06,7.000000e-06,0.000000e+00,2.128932e-05
RANS_SST_WD_0.10-0.15_ConsGalerkinProj_OneShot_SF2_Second,SST,279,79,1.138304e-04,6.649335e-06,7.000000e-06,0.000000e+00,2.127708e-05
RANS_SST_WD_0.10-0.15_ConsGalerkinProj_OneShot_SF2_Second,SST,280,80,1.139370e-04,6.632874e-06,7.000000e-06,0.000000e+00,2.126297e-05
RANS_SST_WD_0.10-0.15_ConsGalerkinProj_OneShot_SF2_Second,SST,281,81,1.140596e-04,6.619010e-06,7.000000e-06,0.000000e+00,2.125088e-05
RANS_SST_WD_0.10-0.15_ConsGalerkinProj_OneShot_SF2_Second,SST,282,82,1.142002e-04,6.607626e-06,7.000000e-06,0.000000e+00,2.124396e-05
RANS_SST_WD_0.10-0.15_ConsGalerkinProj_OneShot_SF2_Second,SST,283,83,1.143516e-04,6.597518e-06,7.000000e-06,0.000000e+00,2.124286e-05
RANS_SST_WD_0.10-0.15_ConsGalerkinProj_OneShot_SF2_Second,SST,284,84,1.145029e-04,6.587230e-06,7.000000e-06,0.000000e+00,2.124489e-05
RANS_SST_WD_0.10-0.15_ConsGalerkinProj_OneShot_SF2_Second,SST,285,85,1.146463e-04,6.575754e-06,7.000000e-06,0.000000e+00,2.124615e-05
RANS_SST_WD_0.10-0.15_ConsGalerkinProj_OneShot_SF2_Second,SST,286,86,1.147776e-04,6.562614e-06,7.000000e-06,0.000000e+00,2.124339e-05
RANS_SST_WD_0.10-0.15_ConsGalerkinProj_OneShot_SF2_Second,SST,287,87,1.148952e-04,6.547647e-06,7.000000e-06,0.000000e+00,2.123475e-05
RANS_SST_WD_0.10-0.15_ConsGalerkinProj_OneShot_SF2_Second,SST,288,88,1.149988e-04,6.530825e-06,7.000000e-06,0.000000e+00,2.121991e-05
RANS_SST_WD_0.10-0.15_ConsGalerkinProj_OneShot_SF2_Second,SST,289,89,1.150895e-04,6.512293e-06,7.000000e-06,0.000000e+00,2.119991e-05
RANS_SST_WD_0.10-0.15_ConsGalerkinProj_OneShot_SF2_Second,SST,290,90,1.151706e-04,6.492409e-06,7.000000e-06,0.000000e+00,2.117707e-05
RANS_SST_WD_0.10-0.15_ConsGalerkinProj_OneShot_SF2_Second,SST,291,91,1.152473e-04,6.471754e-06,7.000000e-06,0.000000e+00,2.115458e-05
RANS_SST_WD_0.10-0.15_ConsGalerkinProj_OneShot_SF2_Second,SST,292,92,1.153266e-04,6.451103e-06,7.000000e-06,0.000000e+00,2.113579e-05
RANS_SST_WD_0.10-0.15_ConsGalerkinProj_OneShot_SF2_Second,SST,293,93,1.154153e-04,6.431341e-06,7.000000e-06,0.000000e+00,2.112332e-05
RANS_SST_WD_0.10-0.15_ConsGalerkinProj_OneShot_SF2_Second,SST,294,94,1.155195e-04,6.413293e-06,7.000000e-06,0.000000e+00,2.111827e-05
RANS_SST_WD_0.10-0.15_ConsGalerkinProj_OneShot_SF2_Second,SST,295,95,1.156420e-04,6.397489e-06,7.000000e-06,0.000000e+00,2.111990e-05
RANS_SST_WD_0.10-0.15_ConsGalerkinProj_OneShot_SF2_Second,SST,296,96,1.157825e-04,6.383951e-06,7.000000e-06,0.000000e+00,2.112590e-05
RANS_SST_WD_0.10-0.15_ConsGalerkinProj_OneShot_SF2_Second,SST,297,97,1.159367e-04,6.372143e-06,7.000000e-06,0.000000e+00,2.113312e-05
RANS_SST_WD_0.10-0.15_ConsGalerkinProj_OneShot_SF2_Second,SST,298,98,1.160980e-04,6.361105e-06,7.000000e-06,0.000000e+00,2.113859e-05
RANS_SST_WD_0.10-0.15_ConsGalerkinProj_OneShot_SF2_Second,SST,299,99,1.162582e-04,6.349765e-06,7.000000e-06,0.000000e+00,2.114025e-05
RANS_SST_WD_0.10-0.15_ConsGalerkinProj_OneShot_SF2_Second,SST,300,100,1.164098e-04,6.337252e-06,7.000000e-06,0.000000e+00,2.113742e-05
RANS_SST_WD_0.10-0.15_ConsGalerkinProj_OneShot_SF2_Second,SST,301,101,1.165467e-04,6.323129e-06,6.000000e-06,0.000000e+00,2.113059e-05
RANS_SST_WD_0.10-0.15_ConsGalerkinProj_OneShot_SF2_Second,SST,302,102,1.166660e-04,6.307443e-06,6.000000e-06,0.000000e+00,2.112096e-05
RANS_SST_WD_0.10-0.15_ConsGalerkinProj_OneShot_SF2_Second,SST,303,103,1.167673e-04,6.290599e-06,6.000000e-06,0.000000e+00,2.110973e-05
RANS_SST_WD_0.10-0.15_ConsGalerkinProj_OneShot_SF2_Second,SST,304,104,1.168533e-04,6.273145e-06,6.000000e-06,0.000000e+00,2.109772e-05
RANS_SST_WD_0.10-0.15_ConsGalerkinProj_OneShot_SF2_Second,SST,305,105,1.169289e-04,6.255577e-06,6.000000e-06,0.000000e+00,2.108527e-05
RANS_SST_WD_0.10-0.15_ConsGalerkinProj_OneShot_SF2_Second,SST,306,106,1.170004e-04,6.238223e-06,6.000000e-06,0.000000e+00,2.107249e-05
RANS_SST_WD_0.10-0.15_ConsGalerkinProj_OneShot_SF2_Second,SST,307,107,1.170747e-04,6.221247e-06,6.000000e-06,0.000000e+00,2.105969e-05
RANS_SST_WD_0.10-0.15_ConsGalerkinProj_OneShot_SF2_Second,SST,308,108,1.171575e-04,6.204710e-06,6.000000e-06,0.000000e+00,2.104755e-05
RANS_SST_WD_0.10-0.15_ConsGalerkinProj_OneShot_SF2_Second,SST,309,109,1.172528e-04,6.188633e-06,6.000000e-06,0.000000e+00,2.103702e-05
RANS_SST_WD_0.10-0.15_ConsGalerkinProj_OneShot_SF2_Second,SST,310,110,1.173615e-04,6.173027e-06,6.000000e-06,0.000000e+00,2.102894e-05
RANS_SST_WD_0.10-0.15_ConsGalerkinProj_OneShot_SF2_Second,SST,311,111,1.174814e-04,6.157867e-06,6.000000e-06,0.000000e+00,2.102357e-05
RANS_SST_WD_0.10-0.15_ConsGalerkinProj_OneShot_SF2_Second,SST,312,112,1.176075e-04,6.143046e-06,6.000000e-06,0.000000e+00,2.102034e-05
RANS_SST_WD_0.10-0.15_ConsGalerkinProj_OneShot_SF2_Second,SST,313,113,1.177329e-04,6.128375e-06,6.000000e-06,0.000000e+00,2.101793e-05
RANS_SST_WD_0.10-0.15_ConsGalerkinProj_OneShot_SF2_Second,SST,314,114,1.178512e-04,6.113608e-06,6.000000e-06,0.000000e+00,2.101467e-05
RANS_SST_WD_0.10-0.15_ConsGalerkinProj_OneShot_SF2_Second,SST,315,115,1.179574e-04,6.098528e-06,6.000000e-06,0.000000e+00,2.100901e-05
RANS_SST_WD_0.10-0.15_ConsGalerkinProj_OneShot_SF2_Second,SST,316,116,1.180493e-04,6.083032e-06,6.000000e-06,0.000000e+00,2.100003e-05
RANS_SST_WD_0.10-0.15_ConsGalerkinProj_OneShot_SF2_Second,SST,317,117,1.181276e-04,6.067181e-06,6.000000e-06,0.000000e+00,2.098760e-05
RANS_SST_WD_0.10-0.15_ConsGalerkinProj_OneShot_SF2_Second,SST,318,118,1.181963e-04,6.051188e-06,6.000000e-06,0.000000e+00,2.097242e-05
RANS_SST_WD_0.10-0.15_ConsGalerkinProj_OneShot_SF2_Second,SST,319,119,1.182615e-04,6.035347e-06,6.000000e-06,0.000000e+00,2.095584e-05
RANS_SST_WD_0.10-0.15_ConsGalerkinProj_OneShot_SF2_Second,SST,320,120,1.183295e-04,6.019926e-06,6.000000e-06,0.000000e+00,2.093954e-05
RANS_SST_WD_0.10-0.15_ConsGalerkinProj_OneShot_SF2_Second,SST,321,121,1.184062e-04,6.005073e-06,6.000000e-06,0.000000e+00,2.092522e-05
RANS_SST_WD_0.10-0.15_ConsGalerkinProj_OneShot_SF2_Second,SST,322,122,1.184955e-04,5.990781e-06,6.000000e-06,0.000000e+00,2.091424e-05
RANS_SST_WD_0.10-0.15_ConsGalerkinProj_OneShot_SF2_Second,SST,323,123,1.185984e-04,5.976908e-06,6.000000e-06,0.000000e+00,2.090730e-05
RANS_SST_WD_0.10-0.15_ConsGalerkinProj_OneShot_SF2_Second,SST,324,124,1.187131e-04,5.963259e-06,6.000000e-06,0.000000e+00,2.090425e-05
RANS_SST_WD_0.10-0.15_ConsGalerkinProj_OneShot_SF2_Second,SST,325,125,1.188351e-04,5.949676e-06,6.000000e-06,0.000000e+00,2.090404e-05
RANS_SST_WD_0.10-0.15_ConsGalerkinProj_OneShot_SF2_Second,SST,326,126,1.189583e-04,5.936088e-06,6.000000e-06,0.000000e+00,2.090489e-05
RANS_SST_WD_0.10-0.15_ConsGalerkinProj_OneShot_SF2_Second,SST,327,127,1.190762e-04,5.922503e-06,6.000000e-06,0.000000e+00,2.090462e-05
RANS_SST_WD_0.10-0.15_ConsGalerkinProj_OneShot_SF2_Second,SST,328,128,1.191828e-04,5.908937e-06,6.000000e-06,0.000000e+00,2.090119e-05
RANS_SST_WD_0.10-0.15_ConsGalerkinProj_OneShot_SF2_Second,SST,329,129,1.192741e-04,5.895312e-06,6.000000e-06,0.000000e+00,2.089307e-05
RANS_SST_WD_0.10-0.15_ConsGalerkinProj_OneShot_SF2_Second,SST,330,130,1.193479e-04,5.881401e-06,6.000000e-06,0.000000e+00,2.087965e-05
RANS_SST_WD_0.10-0.15_ConsGalerkinProj_OneShot_SF2_Second,SST,331,131,1.194047e-04,5.866847e-06,6.000000e-06,0.000000e+00,2.086134e-05
RANS_SST_WD_0.10-0.15_ConsGalerkinProj_OneShot_SF2_Second,SST,332,132,1.194472e-04,5.851272e-06,6.000000e-06,0.000000e+00,2.083948e-05
RANS_SST_WD_0.10-0.15_ConsGalerkinProj_OneShot_SF2_Second,SST,333,133,1.194801e-04,5.834455e-06,6.000000e-06,0.000000e+00,2.081605e-05
RANS_SST_WD_0.10-0.15_ConsGalerkinProj_OneShot_SF2_Second,SST,334,134,1.195091e-04,5.816474e-06,6.000000e-06,0.000000e+00,2.079330e-05
RANS_SST_WD_0.10-0.15_ConsGalerkinProj_OneShot_SF2_Second,SST,335,135,1.195405e-04,5.797790e-06,6.000000e-06,0.000000e+00,2.077329e-05
RANS_SST_WD_0.10-0.15_ConsGalerkinProj_OneShot_SF2_Second,SST,336,136,1.195806e-04,5.779171e-06,6.000000e-06,0.000000e+00,2.075749e-05
RANS_SST_WD_0.10-0.15_ConsGalerkinProj_OneShot_SF2_Second,SST,337,137,1.196338e-04,5.761522e-06,6.000000e-06,0.000000e+00,2.074654e-05
RANS_SST_WD_0.10-0.15_ConsGalerkinProj_OneShot_SF2_Second,SST,338,138,1.197032e-04,5.745631e-06,6.000000e-06,0.000000e+00,2.074021e-05
RANS_SST_WD_0.10-0.15_ConsGalerkinProj_OneShot_SF2_Second,SST,339,139,1.197890e-04,5.731951e-06,6.000000e-06,0.000000e+00,2.073750e-05
RANS_SST_WD_0.10-0.15_ConsGalerkinProj_OneShot_SF2_Second,SST,340,140,1.198892e-04,5.720472e-06,6.000000e-06,0.000000e+00,2.073703e-05
RANS_SST_WD_0.10-0.15_ConsGalerkinProj_OneShot_SF2_Second,SST,341,141,1.199997e-04,5.710735e-06,6.000000e-06,0.000000e+00,2.073737e-05
RANS_SST_WD_0.10-0.15_ConsGalerkinProj_OneShot_SF2_Second,SST,342,142,1.201148e-04,5.701964e-06,6.000000e-06,0.000000e+00,2.073732e-05
RANS_SST_WD_0.10-0.15_ConsGalerkinProj_OneShot_SF2_Second,SST,343,143,1.202285e-04,5.693284e-06,6.000000e-06,0.000000e+00,2.073610e-05
RANS_SST_WD_0.10-0.15_ConsGalerkinProj_OneShot_SF2_Second,SST,344,144,1.203349e-04,5.683929e-06,6.000000e-06,0.000000e+00,2.073329e-05
RANS_SST_WD_0.10-0.15_ConsGalerkinProj_OneShot_SF2_Second,SST,345,145,1.204294e-04,5.673389e-06,6.000000e-06,0.000000e+00,2.072867e-05
RANS_SST_WD_0.10-0.15_ConsGalerkinProj_OneShot_SF2_Second,SST,346,146,1.205093e-04,5.661469e-06,6.000000e-06,0.000000e+00,2.072207e-05
RANS_SST_WD_0.10-0.15_ConsGalerkinProj_OneShot_SF2_Second,SST,347,147,1.205734e-04,5.648240e-06,6.000000e-06,0.000000e+00,2.071324e-05
RANS_SST_WD_0.10-0.15_ConsGalerkinProj_OneShot_SF2_Second,SST,348,148,1.206231e-04,5.633951e-06,6.000000e-06,0.000000e+00,2.070190e-05
RANS_SST_WD_0.10-0.15_ConsGalerkinProj_OneShot_SF2_Second,SST,349,149,1.206610e-04,5.618920e-06,6.000000e-06,0.000000e+00,2.068795e-05
RANS_SST_WD_0.10-0.15_ConsGalerkinProj_OneShot_SF2_Second,SST,350,150,1.206910e-04,5.603468e-06,6.000000e-06,0.000000e+00,2.067165e-05
RANS_SST_WD_0.10-0.15_ConsGalerkinProj_OneShot_SF2_Second,SST,351,151,1.207175e-04,5.587892e-06,6.000000e-06,0.000000e+00,2.065378e-05
RANS_SST_WD_0.10-0.15_ConsGalerkinProj_OneShot_SF2_Second,SST,352,152,1.207449e-04,5.572479e-06,6.000000e-06,0.000000e+00,2.063558e-05
RANS_SST_WD_0.10-0.15_ConsGalerkinProj_OneShot_SF2_Second,SST,353,153,1.207771e-04,5.557534e-06,6.000000e-06,0.000000e+00,2.061855e-05
RANS_SST_WD_0.10-0.15_ConsGalerkinProj_OneShot_SF2_Second,SST,354,154,1.208168e-04,5.543365e-06,6.000000e-06,0.000000e+00,2.060407e-05
RANS_SST_WD_0.10-0.15_ConsGalerkinProj_OneShot_SF2_Second,SST,355,155,1.208655e-04,5.530249e-06,6.000000e-06,0.000000e+00,2.059305e-05
RANS_SST_WD_0.10-0.15_ConsGalerkinProj_OneShot_SF2_Second,SST,356,156,1.209234e-04,5.518351e-06,6.000000e-06,0.000000e+00,2.058565e-05
RANS_SST_WD_0.10-0.15_ConsGalerkinProj_OneShot_SF2_Second,SST,357,157,1.209893e-04,5.507668e-06,6.000000e-06,0.000000e+00,2.058125e-05
RANS_SST_WD_0.10-0.15_ConsGalerkinProj_OneShot_SF2_Second,SST,358,158,1.210610e-04,5.497989e-06,6.000000e-06,0.000000e+00,2.057871e-05
RANS_SST_WD_0.10-0.15_ConsGalerkinProj_OneShot_SF2_Second,SST,359,159,1.211359e-04,5.488946e-06,6.000000e-06,0.000000e+00,2.057664e-05
RANS_SST_WD_0.10-0.15_ConsGalerkinProj_OneShot_SF2_Second,SST,360,160,1.212114e-04,5.480090e-06,6.000000e-06,0.000000e+00,2.057381e-05
RANS_SST_WD_0.10-0.15_ConsGalerkinProj_OneShot_SF2_Second,SST,361,161,1.212848e-04,5.471014e-06,6.000000e-06,0.000000e+00,2.056941e-05
RANS_SST_WD_0.10-0.15_ConsGalerkinProj_OneShot_SF2_Second,SST,362,162,1.213545e-04,5.461443e-06,6.000000e-06,0.000000e+00,2.056320e-05
RANS_SST_WD_0.10-0.15_ConsGalerkinProj_OneShot_SF2_Second,SST,363,163,1.214194e-04,5.451279e-06,6.000000e-06,0.000000e+00,2.055540e-05
RANS_SST_WD_0.10-0.15_ConsGalerkinProj_OneShot_SF2_Second,SST,364,164,1.214790e-04,5.440572e-06,6.000000e-06,0.000000e+00,2.054653e-05
RANS_SST_WD_0.10-0.15_ConsGalerkinProj_OneShot_SF2_Second,SST,365,165,1.215332e-04,5.429466e-06,6.000000e-06,0.000000e+00,2.053718e-05
RANS_SST_WD_0.10-0.15_ConsGalerkinProj_OneShot_SF2_Second,SST,366,166,1.215826e-04,5.418126e-06,6.000000e-06,0.000000e+00,2.052780e-05
RANS_SST_WD_0.10-0.15_ConsGalerkinProj_OneShot_SF2_Second,SST,367,167,1.216278e-04,5.406703e-06,6.000000e-06,0.000000e+00,2.051856e-05
RANS_SST_WD_0.10-0.15_ConsGalerkinProj_OneShot_SF2_Second,SST,368,168,1.216696e-04,5.395321e-06,6.000000e-06,0.000000e+00,2.050943e-05
RANS_SST_WD_0.10-0.15_ConsGalerkinProj_OneShot_SF2_Second,SST,369,169,1.217090e-04,5.384098e-06,6.000000e-06,0.000000e+00,2.050023e-05
RANS_SST_WD_0.10-0.15_ConsGalerkinProj_OneShot_SF2_Second,SST,370,170,1.217475e-04,5.373162e-06,5.000000e-06,0.000000e+00,2.049079e-05
RANS_SST_WD_0.10-0.15_ConsGalerkinProj_OneShot_SF2_Second,SST,371,171,1.217865e-04,5.362639e-06,5.000000e-06,0.000000e+00,2.048111e-05
RANS_SST_WD_0.10-0.15_ConsGalerkinProj_OneShot_SF2_Second,SST,372,172,1.218271e-04,5.352623e-06,5.000000e-06,0.000000e+00,2.047135e-05
RANS_SST_WD_0.10-0.15_ConsGalerkinProj_OneShot_SF2_Second,SST,373,173,1.218704e-04,5.343138e-06,5.000000e-06,0.000000e+00,2.046182e-05
RANS_SST_WD_0.10-0.15_ConsGalerkinProj_OneShot_SF2_Second,SST,374,174,1.219170e-04,5.334115e-06,5.000000e-06,0.000000e+00,2.045291e-05
RANS_SST_WD_0.10-0.15_ConsGalerkinProj_OneShot_SF2_Second,SST,375,175,1.219669e-04,5.325406e-06,5.000000e-06,0.000000e+00,2.044492e-05
RANS_SST_WD_0.10-0.15_ConsGalerkinProj_OneShot_SF2_Second,SST,376,176,1.220192e-04,5.316830e-06,5.000000e-06,0.000000e+00,2.043797e-05
RANS_SST_WD_0.10-0.15_ConsGalerkinProj_OneShot_SF2_Second,SST,377,177,1.220727e-04,5.308229e-06,5.000000e-06,0.000000e+00,2.043195e-05
RANS_SST_WD_0.10-0.15_ConsGalerkinProj_OneShot_SF2_Second,SST,378,178,1.221264e-04,5.299515e-06,5.000000e-06,0.000000e+00,2.042658e-05
RANS_SST_WD_0.10-0.15_ConsGalerkinProj_OneShot_SF2_Second,SST,379,179,1.221787e-04,5.290670e-06,5.000000e-06,0.000000e+00,2.042141e-05
RANS_SST_WD_0.10-0.15_ConsGalerkinProj_OneShot_SF2_Second,SST,380,180,1.222291e-04,5.281724e-06,5.000000e-06,0.000000e+00,2.041599e-05
RANS_SST_WD_0.10-0.15_ConsGalerkinProj_OneShot_SF2_Second,SST,381,181,1.222769e-04,5.272709e-06,5.000000e-06,0.000000e+00,2.040987e-05
RANS_SST_WD_0.10-0.15_ConsGalerkinProj_OneShot_SF2_Second,SST,382,182,1.223221e-04,5.263629e-06,5.000000e-06,0.000000e+00,2.040274e-05
RANS_SST_WD_0.10-0.15_ConsGalerkinProj_OneShot_SF2_Second,SST,383,183,1.223646e-04,5.254449e-06,5.000000e-06,0.000000e+00,2.039446e-05
RANS_SST_WD_0.10-0.15_ConsGalerkinProj_OneShot_SF2_Second,SST,384,184,1.224046e-04,5.245111e-06,5.000000e-06,0.000000e+00,2.038510e-05
RANS_SST_WD_0.10-0.15_ConsGalerkinProj_OneShot_SF2_Second,SST,385,185,1.224420e-04,5.235575e-06,5.000000e-06,0.000000e+00,2.037496e-05
RANS_SST_WD_0.10-0.15_ConsGalerkinProj_OneShot_SF2_Second,SST,386,186,1.224770e-04,5.225844e-06,5.000000e-06,0.000000e+00,2.036447e-05
RANS_SST_WD_0.10-0.15_ConsGalerkinProj_OneShot_SF2_Second,SST,387,187,1.225098e-04,5.215981e-06,5.000000e-06,0.000000e+00,2.035416e-05
RANS_SST_WD_0.10-0.15_ConsGalerkinProj_OneShot_SF2_Second,SST,388,188,1.225409e-04,5.206098e-06,5.000000e-06,0.000000e+00,2.034446e-05
RANS_SST_WD_0.10-0.15_ConsGalerkinProj_OneShot_SF2_Second,SST,389,189,1.225709e-04,5.196332e-06,5.000000e-06,0.000000e+00,2.033561e-05
RANS_SST_WD_0.10-0.15_ConsGalerkinProj_OneShot_SF2_Second,SST,390,190,1.226009e-04,5.186814e-06,5.000000e-06,0.000000e+00,2.032759e-05
RANS_SST_WD_0.10-0.15_ConsGalerkinProj_OneShot_SF2_Second,SST,391,191,1.226317e-04,5.177651e-06,5.000000e-06,0.000000e+00,2.032014e-05
RANS_SST_WD_0.10-0.15_ConsGalerkinProj_OneShot_SF2_Second,SST,392,192,1.226643e-04,5.168909e-06,5.000000e-06,0.000000e+00,2.031289e-05
RANS_SST_WD_0.10-0.15_ConsGalerkinProj_OneShot_SF2_Second,SST,393,193,1.226989e-04,5.160615e-06,5.000000e-06,0.000000e+00,2.030553e-05
RANS_SST_WD_0.10-0.15_ConsGalerkinProj_OneShot_SF2_Second,SST,394,194,1.227359e-04,5.152755e-06,5.000000e-06,0.000000e+00,2.029797e-05
RANS_SST_WD_0.10-0.15_ConsGalerkinProj_OneShot_SF2_Second,SST,395,195,1.227748e-04,5.145284e-06,5.000000e-06,0.000000e+00,2.029036e-05
RANS_SST_WD_0.10-0.15_ConsGalerkinProj_OneShot_SF2_Second,SST,396,196,1.228153e-04,5.138129e-06,5.000000e-06,0.000000e+00,2.028304e-05
RANS_SST_WD_0.10-0.15_ConsGalerkinProj_OneShot_SF2_Second,SST,397,197,1.228566e-04,5.131211e-06,5.000000e-06,0.000000e+00,2.027643e-05
RANS_SST_WD_0.10-0.15_ConsGalerkinProj_OneShot_SF2_Second,SST,398,198,1.228984e-04,5.124439e-06,5.000000e-06,0.000000e+00,2.027078e-05
RANS_SST_WD_0.10-0.15_ConsGalerkinProj_OneShot_SF2_Second,SST,399,199,1.229401e-04,5.117735e-06,5.000000e-06,0.000000e+00,2.026605e-05
RANS_SST_WD_0.10-0.15_ConsGalerkinProj_OneShot_Second,SST,200,0,2.047270e-05,2.317452e-06,3.000000e-06,0.000000e+00,5.385137e-06
RANS_SST_WD_0.10-0.15_ConsGalerkinProj_OneShot_Second,SST,201,1,3.399510e-05,4.870132e-06,5.000000e-06,0.000000e+00,1.078296e-05
RANS_SST_WD_0.10-0.15_ConsGalerkinProj_OneShot_Second,SST,202,2,4.106720e-05,5.614072e-06,6.000000e-06,0.000000e+00,1.280500e-05
RANS_SST_WD_0.10-0.15_ConsGalerkinProj_OneShot_Second,SST,203,3,4.530710e-05,5.495349e-06,6.000000e-06,0.000000e+00,1.248209e-05
RANS_SST_WD_0.10-0.15_ConsGalerkinProj_OneShot_Second,SST,204,4,4.813470e-05,5.042148e-06,5.000000e-06,0.000000e+00,1.136559e-05
RANS_SST_WD_0.10-0.15_ConsGalerkinProj_OneShot_Second,SST,205,5,5.066290e-05,4.526261e-06,5.000000e-06,0.000000e+00,1.050471e-05
RANS_SST_WD_0.10-0.15_ConsGalerkinProj_OneShot_Second,SST,206,6,5.307300e-05,4.135252e-06,4.000000e-06,0.000000e+00,1.022653e-05
RANS_SST_WD_0.10-0.15_ConsGalerkinProj_OneShot_Second,SST,207,7,5.473870e-05,3.955097e-06,4.000000e-06,0.000000e+00,1.032905e-05
RANS_SST_WD_0.10-0.15_ConsGalerkinProj_OneShot_Second,SST,208,8,5.503020e-05,3.954956e-06,4.000000e-06,0.000000e+00,1.051960e-05
RANS_SST_WD_0.10-0.15_ConsGalerkinProj_OneShot_Second,SST,209,9,5.388140e-05,4.060747e-06,4.000000e-06,0.000000e+00,1.064289e-05
RANS_SST_WD_0.10-0.15_ConsGalerkinProj_OneShot_Second,SST,210,10,5.182920e-05,4.177821e-06,4.000000e-06,0.000000e+00,1.067032e-05
RANS_SST_WD_0.10-0.15_ConsGalerkinProj_OneShot_Second,SST,211,11,4.968930e-05,4.243355e-06,4.000000e-06,0.000000e+00,1.063004e-05
RANS_SST_WD_0.10-0.15_ConsGalerkinProj_OneShot_Second,SST,212,12,4.804180e-05,4.229216e-06,4.000000e-06,0.000000e+00,1.060274e-05
RANS_SST_WD_0.10-0.15_ConsGalerkinProj_OneShot_Second,SST,213,13,4.728760e-05,4.276235e-06,5.000000e-06,0.000000e+00,1.058144e-05
RANS_SST_WD_0.10-0.15_ConsGalerkinProj_OneShot_Second,SST,214,14,4.724310e-05,4.340795e-06,5.000000e-06,0.000000e+00,1.061140e-05
RANS_SST_WD_0.10-0.15_ConsGalerkinProj_OneShot_Second,SST,215,15,4.758040e-05,4.407200e-06,5.000000e-06,0.000000e+00,1.068707e-05
RANS_SST_WD_0.10-0.15_ConsGalerkinProj_OneShot_Second,SST,216,16,4.801420e-05,4.459520e-06,5.000000e-06,0.000000e+00,1.077363e-05
RANS_SST_WD_0.10-0.15_ConsGalerkinProj_OneShot_Second,SST,217,17,4.837840e-05,4.495752e-06,5.000000e-06,0.000000e+00,1.084106e-05
RANS_SST_WD_0.10-0.15_ConsGalerkinProj_OneShot_Second,SST,218,18,4.863530e-05,4.512837e-06,5.000000e-06,0.000000e+00,1.088187e-05
RANS_SST_WD_0.10-0.15_ConsGalerkinProj_OneShot_Second,SST,219,19,4.882740e-05,4.514753e-06,5.000000e-06,0.000000e+00,1.091069e-05
RANS_SST_WD_0.10-0.15_ConsGalerkinProj_OneShot_Second,SST,220,20,4.902220e-05,4.514234e-06,5.000000e-06,0.000000e+00,1.094368e-05
RANS_SST_WD_0.10-0.15_ConsGalerkinProj_OneShot_Second,SST,221,21,4.927100e-05,4.517436e-06,5.000000e-06,0.000000e+00,1.099768e-05
RANS_SST_WD_0.10-0.15_ConsGalerkinProj_OneShot_Second,SST,222,22,4.959380e-05,4.526215e-06,5.000000e-06,0.000000e+00,1.107787e-05
RANS_SST_WD_0.10-0.15_ConsGalerkinProj_OneShot_Second,SST,223,23,4.998030e-05,4.543974e-06,5.000000e-06,0.000000e+00,1.115932e-05
RANS_SST_WD_0.10-0.15_ConsGalerkinProj_OneShot_Second,SST,224,24,5.045150e-05,4.582627e-06,5.000000e-06,0.000000e+00,1.121214e-05
RANS_SST_WD_0.10-0.15_ConsGalerkinProj_OneShot_Second,SST,225,25,5.092290e-05,4.617143e-06,5.000000e-06,0.000000e+00,1.132647e-05
RANS_SST_WD_0.10-0.15_ConsGalerkinProj_OneShot_Second,SST,226,26,5.132150e-05,4.626684e-06,5.000000e-06,0.000000e+00,1.140605e-05
RANS_SST_WD_0.10-0.15_ConsGalerkinProj_OneShot_Second,SST,227,27,5.167810e-05,4.630958e-06,5.000000e-06,0.000000e+00,1.145689e-05
RANS_SST_WD_0.10-0.15_ConsGalerkinProj_OneShot_Second,SST,228,28,5.199630e-05,4.630814e-06,5.000000e-06,0.000000e+00,1.148381e-05
RANS_SST_WD_0.10-0.15_ConsGalerkinProj_OneShot_Second,SST,229,29,5.221370e-05,4.609591e-06,5.000000e-06,0.000000e+00,1.146369e-05
RANS_SST_WD_0.10-0.15_ConsGalerkinProj_OneShot_Second,SST,230,30,5.232880e-05,4.566295e-06,5.000000e-06,0.000000e+00,1.139677e-05
RANS_SST_WD_0.10-0.15_ConsGalerkinProj_OneShot_Second,SST,231,31,5.234220e-05,4.504204e-06,5.000000e-06,0.000000e+00,1.128492e-05
RANS_SST_WD_0.10-0.15_ConsGalerkinProj_OneShot_Second,SST,232,32,5.238500e-05,4.447162e-06,5.000000e-06,0.000000e+00,1.119471e-05
RANS_SST_WD_0.10-0.15_ConsGalerkinProj_OneShot_Second,SST,233,33,5.246900e-05,4.396096e-06,5.000000e-06,0.000000e+00,1.112324e-05
RANS_SST_WD_0.10-0.15_ConsGalerkinProj_OneShot_Second,SST,234,34,5.317590e-05,4.424495e-06,5.000000e-06,0.000000e+00,1.133839e-05
RANS_SST_WD_0.10-0.15_ConsGalerkinProj_OneShot_Second,SST,235,35,5.368350e-05,4.420502e-06,5.000000e-06,0.000000e+00,1.143803e-05
RANS_SST_WD_0.10-0.15_ConsGalerkinProj_OneShot_Second,SST,236,36,5.386030e-05,4.393469e-06,5.000000e-06,0.000000e+00,1.134535e-05
RANS_SST_WD_0.10-0.15_ConsGalerkinProj_OneShot_Second,SST,237,37,5.384510e-05,4.356499e-06,5.000000e-06,0.000000e+00,1.119055e-05
RANS_SST_WD_0.10-0.15_ConsGalerkinProj_OneShot_Second,SST,238,38,5.368030e-05,4.309759e-06,5.000000e-06,0.000000e+00,1.101447e-05
RANS_SST_WD_0.10-0.15_ConsGalerkinProj_OneShot_Second,SST,239,39,5.348490e-05,4.259464e-06,5.000000e-06,0.000000e+00,1.088395e-05
RANS_SST_WD_0.10-0.15_ConsGalerkinProj_OneShot_Second,SST,240,40,5.334950e-05,4.218341e-06,4.000000e-06,0.000000e+00,1.081194e-05
RANS_SST_WD_0.10-0.15_ConsGalerkinProj_OneShot_Second,SST,241,41,5.334250e-05,4.195922e-06,4.000000e-06,0.000000e+00,1.079031e-05
RANS_SST_WD_0.10-0.15_ConsGalerkinProj_OneShot_Second,SST,242,42,5.348380e-05,4.193591e-06,4.000000e-06,0.000000e+00,1.079510e-05
RANS_SST_WD_0.10-0.15_ConsGalerkinProj_OneShot_Second,SST,243,43,5.379330e-05,4.206648e-06,4.000000e-06,0.000000e+00,1.083319e-05
RANS_SST_WD_0.10-0.15_ConsGalerkinProj_OneShot_Second,SST,244,44,5.416990e-05,4.218278e-06,4.000000e-06,0.000000e+00,1.089184e-05
RANS_SST_WD_0.10-0.15_ConsGalerkinProj_OneShot_Second,SST,245,45,5.461290e-05,4.223644e-06,4.000000e-06,0.000000e+00,1.098530e-05
RANS_SST_WD_0.10-0.15_ConsGalerkinProj_OneShot_Second,SST,246,46,5.502750e-05,4.219916e-06,4.000000e-06,0.000000e+00,1.109240e-05
RANS_SST_WD_0.10-0.15_ConsGalerkinProj_OneShot_Second,SST,247,47,5.545290e-05,4.215600e-06,4.000000e-06,0.000000e+00,1.119995e-05
RANS_SST_WD_0.10-0.15_ConsGalerkinProj_OneShot_Second,SST,248,48,5.579660e-05,4.206854e-06,4.000000e-06,0.000000e+00,1.128511e-05
RANS_SST_WD_0.10-0.15_ConsGalerkinProj_OneShot_Second,SST,249,49,5.609100e-05,4.199142e-06,4.000000e-06,0.000000e+00,1.134164e-05
RANS_SST_WD_0.10-0.15_ConsGalerkinProj_OneShot_Second,SST,250,50,5.632940e-05,4.193253e-06,4.000000e-06,0.000000e+00,1.137207e-05
RANS_SST_WD_0.10-0.15_ConsGalerkinProj_OneShot_Second,SST,251,51,5.657680e-05,4.193213e-06,4.000000e-06,0.000000e+00,1.139334e-05
RANS_SST_WD_0.10-0.15_ConsGalerkinProj_OneShot_Second,SST,252,52,5.680080e-05,4.195332e-06,4.000000e-06,0.000000e+00,1.140648e-05
RANS_SST_WD_0.10-0.15_ConsGalerkinProj_OneShot_Second,SST,253,53,5.699550e-05,4.196851e-06,4.000000e-06,0.000000e+00,1.141232e-05
RANS_SST_WD_0.10-0.15_ConsGalerkinProj_OneShot_Second,SST,254,54,5.716010e-05,4.195325e-06,4.000000e-06,0.000000e+00,1.140978e-05
RANS_SST_WD_0.10-0.15_ConsGalerkinProj_OneShot_Second,SST,255,55,5.729920e-05,4.188844e-06,4.000000e-06,0.000000e+00,1.139406e-05
RANS_SST_WD_0.10-0.15_ConsGalerkinProj_OneShot_Second,SST,256,56,5.738120e-05,4.175297e-06,4.000000e-06,0.000000e+00,1.136147e-05
RANS_SST_WD_0.10-0.15_ConsGalerkinProj_OneShot_Second,SST,257,57,5.742880e-05,4.154533e-06,4.000000e-06,0.000000e+00,1.131490e-05
RANS_SST_WD_0.10-0.15_ConsGalerkinProj_OneShot_Second,SST,258,58,5.744700e-05,4.130069e-06,4.000000e-06,0.000000e+00,1.126548e-05
RANS_SST_WD_0.10-0.15_ConsGalerkinProj_OneShot_Second,SST,259,59,5.745430e-05,4.104810e-06,4.000000e-06,0.000000e+00,1.121977e-05
RANS_SST_WD_0.10-0.15_ConsGalerkinProj_OneShot_Second,SST,260,60,5.747690e-05,4.080884e-06,4.000000e-06,0.000000e+00,1.118440e-05
RANS_SST_WD_0.10-0.15_ConsGalerkinProj_OneShot_Second,SST,261,61,5.752360e-05,4.062247e-06,4.000000e-06,0.000000e+00,1.116741e-05
RANS_SST_WD_0.10-0.15_ConsGalerkinProj_OneShot_Second,SST,262,62,5.759890e-05,4.048036e-06,4.000000e-06,0.000000e+00,1.116572e-05
RANS_SST_WD_0.10-0.15_ConsGalerkinProj_OneShot_Second,SST,263,63,5.771330e-05,4.039548e-06,4.000000e-06,0.000000e+00,1.117897e-05
RANS_SST_WD_0.10-0.15_ConsGalerkinProj_OneShot_Second,SST,264,64,5.786040e-05,4.035866e-06,4.000000e-06,0.000000e+00,1.120187e-05
RANS_SST_WD_0.10-0.15_ConsGalerkinProj_OneShot_Second,SST,265,65,5.801760e-05,4.034965e-06,4.000000e-06,0.000000e+00,1.122562e-05
RANS_SST_WD_0.10-0.15_ConsGalerkinProj_OneShot_Second,SST,266,66,5.819600e-05,4.035493e-06,4.000000e-06,0.000000e+00,1.124857e-05
RANS_SST_WD_0.10-0.15_ConsGalerkinProj_OneShot_Second,SST,267,67,5.839500e-05,4.036921e-06,4.000000e-06,0.000000e+00,1.126965e-05
RANS_SST_WD_0.10-0.15_ConsGalerkinProj_OneShot_Second,SST,268,68,5.858450e-05,4.037782e-06,4.000000e-06,0.000000e+00,1.128818e-05
RANS_SST_WD_0.10-0.15_ConsGalerkinProj_OneShot_Second,SST,269,69,5.876960e-05,4.037171e-06,4.000000e-06,0.000000e+00,1.130543e-05
RANS_SST_WD_0.10-0.15_ConsGalerkinProj_OneShot_Second,SST,270,70,5.894560e-05,4.034898e-06,4.000000e-06,0.000000e+00,1.132109e-05
RANS_SST_WD_0.10-0.15_ConsGalerkinProj_OneShot_Second,SST,271,71,5.909330e-05,4.031094e-06,4.000000e-06,0.000000e+00,1.133540e-05
RANS_SST_WD_0.10-0.15_ConsGalerkinProj_OneShot_Second,SST,272,72,5.922500e-05,4.025515e-06,4.000000e-06,0.000000e+00,1.134925e-05
RANS_SST_WD_0.10-0.15_ConsGalerkinProj_OneShot_Second,SST,273,73,5.934590e-05,4.018626e-06,4.000000e-06,0.000000e+00,1.136083e-05
RANS_SST_WD_0.10-0.15_ConsGalerkinProj_OneShot_Second,SST,274,74,5.945800e-05,4.010616e-06,4.000000e-06,0.000000e+00,1.136991e-05
RANS_SST_WD_0.10-0.15_ConsGalerkinProj_OneShot_Second,SST,275,75,5.956290e-05,4.001472e-06,4.000000e-06,0.000000e+00,1.137639e-05
RANS_SST_WD_0.10-0.15_ConsGalerkinProj_OneShot_Second,SST,276,76,5.966050e-05,3.991059e-06,4.000000e-06,0.000000e+00,1.137915e-05
RANS_SST_WD_0.10-0.15_ConsGalerkinProj_OneShot_Second,SST,277,77,5.975290e-05,3.979527e-06,4.000000e-06,0.000000e+00,1.137813e-05
RANS_SST_WD_0.10-0.15_ConsGalerkinProj_OneShot_Second,SST,278,78,5.984350e-05,3.967414e-06,4.000000e-06,0.000000e+00,1.137514e-05
RANS_SST_WD_0.10-0.15_ConsGalerkinProj_OneShot_Second,SST,279,79,5.993670e-05,3.955464e-06,4.000000e-06,0.000000e+00,1.137305e-05
RANS_SST_WD_0.10-0.15_ConsGalerkinProj_OneShot_Second,SST,280,80,6.003540e-05,3.944405e-06,4.000000e-06,0.000000e+00,1.137460e-05
RANS_SST_WD_0.10-0.15_ConsGalerkinProj_OneShot_Second,SST,281,81,6.014160e-05,3.934818e-06,4.000000e-06,0.000000e+00,1.138136e-05
RANS_SST_WD_0.10-0.15_ConsGalerkinProj_OneShot_Second,SST,282,82,6.025580e-05,3.927041e-06,4.000000e-06,0.000000e+00,1.139330e-05
RANS_SST_WD_0.10-0.15_ConsGalerkinProj_OneShot_Second,SST,283,83,6.037740e-05,3.921105e-06,4.000000e-06,0.000000e+00,1.140889e-05
RANS_SST_WD_0.10-0.15_ConsGalerkinProj_OneShot_Second,SST,284,84,6.050500e-05,3.916725e-06,4.000000e-06,0.000000e+00,1.142576e-05
RANS_SST_WD_0.10-0.15_ConsGalerkinProj_OneShot_Second,SST,285,85,6.063670e-05,3.913308e-06,4.000000e-06,0.000000e+00,1.144146e-05
RANS_SST_WD_0.10-0.15_ConsGalerkinProj_OneShot_Second,SST,286,86,6.077030e-05,3.910069e-06,4.000000e-06,0.000000e+00,1.145431e-05
RANS_SST_WD_0.10-0.15_ConsGalerkinProj_OneShot_Second,SST,287,87,6.090370e-05,3.906211e-06,4.000000e-06,0.000000e+00,1.146370e-05
RANS_SST_WD_0.10-0.15_ConsGalerkinProj_OneShot_Second,SST,288,88,6.103510e-05,3.901095e-06,4.000000e-06,0.000000e+00,1.147012e-05
RANS_SST_WD_0.10-0.15_ConsGalerkinProj_OneShot_Second,SST,289,89,6.116290e-05,3.894356e-06,4.000000e-06,0.000000e+00,1.147476e-05
RANS_SST_WD_0.10-0.15_ConsGalerkinProj_OneShot_Second,SST,290,90,6.128570e-05,3.885965e-06,4.000000e-06,0.000000e+00,1.147896e-05
RANS_SST_WD_0.10-0.15_ConsGalerkinProj_OneShot_Second,SST,291,91,6.140270e-05,3.876232e-06,4.000000e-06,0.000000e+00,1.148372e-05
RANS_SST_WD_0.10-0.15_ConsGalerkinProj_OneShot_Second,SST,292,92,6.151380e-05,3.865703e-06,4.000000e-06,0.000000e+00,1.148944e-05
RANS_SST_WD_0.10-0.15_ConsGalerkinProj_OneShot_Second,SST,293,93,6.161950e-05,3.855005e-06,4.000000e-06,0.000000e+00,1.149588e-05
RANS_SST_WD_0.10-0.15_ConsGalerkinProj_OneShot_Second,SST,294,94,6.172150e-05,3.844680e-06,4.000000e-06,0.000000e+00,1.150240e-05
RANS_SST_WD_0.10-0.15_ConsGalerkinProj_OneShot_Second,SST,295,95,6.182170e-05,3.835064e-06,4.000000e-06,0.000000e+00,1.150817e-05
RANS_SST_WD_0.10-0.15_ConsGalerkinProj_OneShot_Second,SST,296,96,6.192240e-05,3.826241e-06,4.000000e-06,0.000000e+00,1.151251e-05
RANS_SST_WD_0.10-0.15_ConsGalerkinProj_OneShot_Second,SST,297,97,6.202530e-05,3.818074e-06,4.000000e-06,0.000000e+00,1.151513e-05
RANS_SST_WD_0.10-0.15_ConsGalerkinProj_OneShot_Second,SST,298,98,6.213110e-05,3.810286e-06,4.000000e-06,0.000000e+00,1.151622e-05
RANS_SST_WD_0.10-0.15_ConsGalerkinProj_OneShot_Second,SST,299,99,6.223960e-05,3.802562e-06,4.000000e-06,0.000000e+00,1.151638e-05
RANS_SST_WD_0.10-0.15_ConsGalerkinProj_OneShot_Second,SST,300,100,6.234900e-05,3.794631e-06,4.000000e-06,0.000000e+00,1.151640e-05
RANS_SST_WD_0.10-0.15_ConsGalerkinProj_OneShot_Second,SST,301,101,6.245690e-05,3.786308e-06,4.000000e-06,0.000000e+00,1.151696e-05
RANS_SST_WD_0.10-0.15_ConsGalerkinProj_OneShot_Second,SST,302,102,6.256100e-05,3.777523e-06,4.000000e-06,0.000000e+00,1.151833e-05
RANS_SST_WD_0.10-0.15_ConsGalerkinProj_OneShot_Second,SST,303,103,6.265940e-05,3.768303e-06,4.000000e-06,0.000000e+00,1.152030e-05
RANS_SST_WD_0.10-0.15_ConsGalerkinProj_OneShot_Second,SST,304,104,6.275140e-05,3.758754e-06,4.000000e-06,0.000000e+00,1.152224e-05
RANS_SST_WD_0.10-0.15_ConsGalerkinProj_OneShot_Second,SST,305,105,6.283780e-05,3.749039e-06,4.000000e-06,0.000000e+00,1.152336e-05
RANS_SST_WD_0.10-0.15_ConsGalerkinProj_OneShot_Second,SST,306,106,6.292050e-05,3.739328e-06,4.000000e-06,0.000000e+00,1.152304e-05
RANS_SST_WD_0.10-0.15_ConsGalerkinProj_OneShot_Second,SST,307,107,6.300230e-05,3.729758e-06,4.000000e-06,0.000000e+00,1.152112e-05
RANS_SST_WD_0.10-0.15_ConsGalerkinProj_OneShot_Second,SST,308,108,6.308540e-05,3.720392e-06,4.000000e-06,0.000000e+00,1.151793e-05
RANS_SST_WD_0.10-0.15_ConsGalerkinProj_OneShot_Second,SST,309,109,6.317170e-05,3.711196e-06,4.000000e-06,0.000000e+00,1.151431e-05
RANS_SST_WD_0.10-0.15_ConsGalerkinProj_OneShot_Second,SST,310,110,6.326160e-05,3.702059e-06,4.000000e-06,0.000000e+00,1.151127e-05
RANS_SST_WD_0.10-0.15_ConsGalerkinProj_OneShot_Second,SST,311,111,6.335450e-05,3.692832e-06,4.000000e-06,0.000000e+00,1.150975e-05
RANS_SST_WD_0.10-0.15_ConsGalerkinProj_OneShot_Second,SST,312,112,6.344890e-05,3.683396e-06,4.000000e-06,0.000000e+00,1.151032e-05
RANS_SST_WD_0.10-0.15_ConsGalerkinProj_OneShot_Second,SST,313,113,6.354270e-05,3.673725e-06,4.000000e-06,0.000000e+00,1.151292e-05
RANS_SST_WD_0.10-0.15_ConsGalerkinProj_OneShot_Second,SST,314,114,6.363420e-05,3.663905e-06,4.000000e-06,0.000000e+00,1.151694e-05
RANS_SST_WD_0.10-0.15_ConsGalerkinProj_OneShot_Second,SST,315,115,6.372220e-05,3.654122e-06,4.000000e-06,0.000000e+00,1.152130e-05
RANS_SST_WD_0.10-0.15_ConsGalerkinProj_OneShot_Second,SST,316,116,6.380640e-05,3.644604e-06,4.000000e-06,0.000000e+00,1.152482e-05
RANS_SST_WD_0.10-0.15_ConsGalerkinProj_OneShot_Second,SST,317,117,6.388730e-05,3.635540e-06,4.000000e-06,0.000000e+00,1.152658e-05
RANS_SST_WD_0.10-0.15_ConsGalerkinProj_OneShot_Second,SST,318,118,6.396640e-05,3.627021e-06,4.000000e-06,0.000000e+00,1.152629e-05
RANS_SST_WD_0.10-0.15_ConsGalerkinProj_OneShot_Second,SST,319,119,6.404570e-05,3.618997e-06,4.000000e-06,0.000000e+00,1.152439e-05
RANS_SST_WD_0.10-0.15_ConsGalerkinProj_OneShot_Second,SST,320,120,6.412680e-05,3.611297e-06,4.000000e-06,0.000000e+00,1.152204e-05
RANS_SST_WD_0.10-0.15_ConsGalerkinProj_OneShot_Second,SST,321,121,6.421150e-05,3.603684e-06,4.000000e-06,0.000000e+00,1.152076e-05
RANS_SST_WD_0.10-0.15_ConsGalerkinProj_OneShot_Second,SST,322,122,6.430060e-05,3.595941e-06,4.000000e-06,0.000000e+00,1.152190e-05
RANS_SST_WD_0.10-0.15_ConsGalerkinProj_OneShot_Second,SST,323,123,6.439400e-05,3.587946e-06,4.000000e-06,0.000000e+00,1.152623e-05
RANS_SST_WD_0.10-0.15_ConsGalerkinProj_OneShot_Second,SST,324,124,6.449070e-05,3.579718e-06,4.000000e-06,0.000000e+00,1.153357e-05
RANS_SST_WD_0.10-0.15_ConsGalerkinProj_OneShot_Second,SST,325,125,6.458930e-05,3.571400e-06,4.000000e-06,0.000000e+00,1.154285e-05
RANS_SST_WD_0.10-0.15_ConsGalerkinProj_OneShot_Second,SST,326,126,6.468770e-05,3.563199e-06,4.000000e-06,0.000000e+00,1.155243e-05
RANS_SST_WD_0.10-0.15_ConsGalerkinProj_OneShot_Second,SST,327,127,6.478380e-05,3.555295e-06,4.000000e-06,0.000000e+00,1.156057e-05
RANS_SST_WD_0.10-0.15_ConsGalerkinProj_OneShot_Second,SST,328,128,6.487590e-05,3.547755e-06,4.000000e-06,0.000000e+00,1.156602e-05
RANS_SST_WD_0.10-0.15_ConsGalerkinProj_OneShot_Second,SST,329,129,6.496270e-05,3.540487e-06,4.000000e-06,0.000000e+00,1.156828e-05
RANS_SST_WD_0.10-0.15_ConsGalerkinProj_OneShot_Second,SST,330,130,6.504340e-05,3.533267e-06,4.000000e-06,0.000000e+00,1.156775e-05
RANS_SST_WD_0.10-0.15_ConsGalerkinProj_OneShot_Second,SST,331,131,6.511810e-05,3.525815e-06,4.000000e-06,0.000000e+00,1.156545e-05
RANS_SST_WD_0.10-0.15_ConsGalerkinProj_OneShot_Second,SST,332,132,6.518730e-05,3.517893e-06,4.000000e-06,0.000000e+00,1.156267e-05
RANS_SST_WD_0.10-0.15_ConsGalerkinProj_OneShot_Second,SST,333,133,6.525240e-05,3.509399e-06,4.000000e-06,0.000000e+00,1.156059e-05
RANS_SST_WD_0.10-0.15_ConsGalerkinProj_OneShot_Second,SST,334,134,6.531520e-05,3.500398e-06,4.000000e-06,0.000000e+00,1.155991e-05
RANS_SST_WD_0.10-0.15_ConsGalerkinProj_OneShot_Second,SST,335,135,6.537770e-05,3.491111e-06,4.000000e-06,0.000000e+00,1.156083e-05
RANS_SST_WD_0.10-0.15_ConsGalerkinProj_OneShot_Second,SST,336,136,6.544220e-05,3.481845e-06,4.000000e-06,0.000000e+00,1.156305e-05
RANS_SST_WD_0.10-0.15_ConsGalerkinProj_OneShot_Second,SST,337,137,6.551040e-05,3.472918e-06,4.000000e-06,0.000000e+00,1.156607e-05
RANS_SST_WD_0.10-0.15_ConsGalerkinProj_OneShot_Second,SST,338,138,6.558380e-05,3.464583e-06,4.000000e-06,0.000000e+00,1.156936e-05
RANS_SST_WD_0.10-0.15_ConsGalerkinProj_OneShot_Second,SST,339,139,6.566290e-05,3.456991e-06,4.000000e-06,0.000000e+00,1.157264e-05
RANS_SST_WD_0.10-0.15_ConsGalerkinProj_OneShot_Second,SST,340,140,6.574740e-05,3.450169e-06,4.000000e-06,0.000000e+00,1.157590e-05
RANS_SST_WD_0.10-0.15_ConsGalerkinProj_OneShot_Second,SST,341,141,6.583640e-05,3.444034e-06,4.000000e-06,0.000000e+00,1.157937e-05
RANS_SST_WD_0.10-0.15_ConsGalerkinProj_OneShot_Second,SST,342,142,6.592790e-05,3.438400e-06,4.000000e-06,0.000000e+00,1.158336e-05
RANS_SST_WD_0.10-0.15_ConsGalerkinProj_OneShot_Second,SST,343,143,6.601970e-05,3.433015e-06,4.000000e-06,0.000000e+00,1.158804e-05
RANS_SST_WD_0.10-0.15_ConsGalerkinProj_OneShot_Second,SST,344,144,6.610910e-05,3.427588e-06,4.000000e-06,0.000000e+00,1.159328e-05
RANS_SST_WD_0.10-0.15_ConsGalerkinProj_OneShot_Second,SST,345,145,6.619370e-05,3.421839e-06,4.000000e-06,0.000000e+00,1.159858e-05
RANS_SST_WD_0.10-0.15_ConsGalerkinProj_OneShot_Second,SST,346,146,6.627170e-05,3.415554e-06,4.000000e-06,0.000000e+00,1.160319e-05
RANS_SST_WD_0.10-0.15_ConsGalerkinProj_OneShot_Second,SST,347,147,6.634220e-05,3.408622e-06,4.000000e-06,0.000000e+00,1.160626e-05
RANS_SST_WD_0.10-0.15_ConsGalerkinProj_OneShot_Second,SST,348,148,6.640570e-05,3.401064e-06,4.000000e-06,0.000000e+00,1.160717e-05
RANS_SST_WD_0.10-0.15_ConsGalerkinProj_OneShot_Second,SST,349,149,6.646310e-05,3.393023e-06,4.000000e-06,0.000000e+00,1.160571e-05
RANS_SST_WD_0.10-0.15_ConsGalerkinProj_OneShot_Second,SST,350,150,6.651650e-05,3.384713e-06,4.000000e-06,0.000000e+00,1.160224e-05
RANS_SST_WD_0.10-0.15_ConsGalerkinProj_OneShot_Second,SST,351,151,6.656810e-05,3.376368e-06,4.000000e-06,0.000000e+00,1.159761e-05
RANS_SST_WD_0.10-0.15_ConsGalerkinProj_OneShot_Second,SST,352,152,6.661990e-05,3.368180e-06,4.000000e-06,0.000000e+00,1.159291e-05
RANS_SST_WD_0.10-0.15_ConsGalerkinProj_OneShot_Second,SST,353,153,6.667350e-05,3.360283e-06,4.000000e-06,0.000000e+00,1.158923e-05
RANS_SST_WD_0.10-0.15_ConsGalerkinProj_OneShot_Second,SST,354,154,6.673000e-05,3.352741e-06,4.000000e-06,0.000000e+00,1.158736e-05
RANS_SST_WD_0.10-0.15_ConsGalerkinProj_OneShot_Second,SST,355,155,6.678940e-05,3.345579e-06,4.000000e-06,0.000000e+00,1.158758e-05
RANS_SST_WD_0.10-0.15_ConsGalerkinProj_OneShot_Second,SST,356,156,6.685180e-05,3.338801e-06,4.000000e-06,0.000000e+00,1.158964e-05
RANS_SST_WD_0.10-0.15_ConsGalerkinProj_OneShot_Second,SST,357,157,6.691660e-05,3.332413e-06,4.000000e-06,0.000000e+00,1.159291e-05
RANS_SST_WD_0.10-0.15_ConsGalerkinProj_OneShot_Second,SST,358,158,6.698330e-05,3.326404e-06,4.000000e-06,0.000000e+00,1.159654e-05
RANS_SST_WD_0.10-0.15_ConsGalerkinProj_OneShot_Second,SST,359,159,6.705120e-05,3.320735e-06,4.000000e-06,0.000000e+00,1.159974e-05
RANS_SST_WD_0.10-0.15_ConsGalerkinProj_OneShot_Second,SST,360,160,6.711960e-05,3.315309e-06,3.000000e-06,0.000000e+00,1.160196e-05
RANS_SST_WD_0.10-0.15_ConsGalerkinProj_OneShot_Second,SST,361,161,6.718760e-05,3.309978e-06,3.000000e-06,0.000000e+00,1.160300e-05
RANS_SST_WD_0.10-0.15_ConsGalerkinProj_OneShot_Second,SST,362,162,6.725440e-05,3.304560e-06,3.000000e-06,0.000000e+00,1.160303e-05
RANS_SST_WD_0.10-0.15_ConsGalerkinProj_OneShot_Second,SST,363,163,6.731920e-05,3.298885e-06,3.000000e-06,0.000000e+00,1.160250e-05
RANS_SST_WD_0.10-0.15_ConsGalerkinProj_OneShot_Second,SST,364,164,6.738150e-05,3.292841e-06,3.000000e-06,0.000000e+00,1.160194e-05
RANS_SST_WD_0.10-0.15_ConsGalerkinProj_OneShot_Second,SST,365,165,6.744090e-05,3.286414e-06,3.000000e-06,0.000000e+00,1.160179e-05
RANS_SST_WD_0.10-0.15_ConsGalerkinProj_OneShot_Second,SST,366,166,6.749750e-05,3.279691e-06,3.000000e-06,0.000000e+00,1.160226e-05
RANS_SST_WD_0.10-0.15_ConsGalerkinProj_OneShot_Second,SST,367,167,6.755180e-05,3.272846e-06,3.000000e-06,0.000000e+00,1.160323e-05
RANS_SST_WD_0.10-0.15_ConsGalerkinProj_OneShot_Second,SST,368,168,6.760440e-05,3.266078e-06,3.000000e-06,0.000000e+00,1.160434e-05
RANS_SST_WD_0.10-0.15_ConsGalerkinProj_OneShot_Second,SST,369,169,6.765610e-05,3.259571e-06,3.000000e-06,0.000000e+00,1.160512e-05
RANS_SST_WD_0.10-0.15_ConsGalerkinProj_OneShot_Second,SST,370,170,6.770780e-05,3.253435e-06,3.000000e-06,0.000000e+00,1.160520e-05
RANS_SST_WD_0.10-0.15_ConsGalerkinProj_OneShot_Second,SST,371,171,6.776020e-05,3.247688e-06,3.000000e-06,0.000000e+00,1.160447e-05
RANS_SST_WD_0.10-0.15_ConsGalerkinProj_OneShot_Second,SST,372,172,6.781380e-05,3.242263e-06,3.000000e-06,0.000000e+00,1.160318e-05
RANS_SST_WD_0.10-0.15_ConsGalerkinProj_OneShot_Second,SST,373,173,6.786870e-05,3.237039e-06,3.000000e-06,0.000000e+00,1.160185e-05
RANS_SST_WD_0.10-0.15_ConsGalerkinProj_OneShot_Second,SST,374,174,6.792500e-05,3.231888e-06,3.000000e-06,0.000000e+00,1.160108e-05
RANS_SST_WD_0.10-0.15_ConsGalerkinProj_OneShot_Second,SST,375,175,6.798240e-05,3.226713e-06,3.000000e-06,0.000000e+00,1.160136e-05
RANS_SST_WD_0.10-0.15_ConsGalerkinProj_OneShot_Second,SST,376,176,6.804010e-05,3.221473e-06,3.000000e-06,0.000000e+00,1.160285e-05
RANS_SST_WD_0.10-0.15_ConsGalerkinProj_OneShot_Second,SST,377,177,6.809750e-05,3.216179e-06,3.000000e-06,0.000000e+00,1.160530e-05
RANS_SST_WD_0.10-0.15_ConsGalerkinProj_OneShot_Second,SST,378,178,6.815420e-05,3.210871e-06,3.000000e-06,0.000000e+00,1.160815e-05
RANS_SST_WD_0.10-0.15_ConsGalerkinProj_OneShot_Second,SST,379,179,6.820960e-05,3.205589e-06,3.000000e-06,0.000000e+00,1.161070e-05
RANS_SST_WD_0.10-0.15_ConsGalerkinProj_OneShot_Second,SST,380,180,6.826360e-05,3.200348e-06,3.000000e-06,0.000000e+00,1.161235e-05
RANS_SST_WD_0.10-0.15_ConsGalerkinProj_OneShot_Second,SST,381,181,6.831630e-05,3.195128e-06,3.000000e-06,0.000000e+00,1.161278e-05
RANS_SST_WD_0.10-0.15_ConsGalerkinProj_OneShot_Second,SST,382,182,6.836770e-05,3.189884e-06,3.000000e-06,0.000000e+00,1.161207e-05
RANS_SST_WD_0.10-0.15_ConsGalerkinProj_OneShot_Second,SST,383,183,6.841810e-05,3.184567e-06,3.000000e-06,0.000000e+00,1.161060e-05
RANS_SST_WD_0.10-0.15_ConsGalerkinProj_OneShot_Second,SST,384,184,6.846770e-05,3.179142e-06,3.000000e-06,0.000000e+00,1.160896e-05
RANS_SST_WD_0.10-0.15_ConsGalerkinProj_OneShot_Second,SST,385,185,6.851640e-05,3.173611e-06,3.000000e-06,0.000000e+00,1.160774e-05
RANS_SST_WD_0.10-0.15_ConsGalerkinProj_OneShot_Second,SST,386,186,6.856440e-05,3.168001e-06,3.000000e-06,0.000000e+00,1.160732e-05
RANS_SST_WD_0.10-0.15_ConsGalerkinProj_OneShot_Second,SST,387,187,6.861170e-05,3.162369e-06,3.000000e-06,0.000000e+00,1.160777e-05
RANS_SST_WD_0.10-0.15_ConsGalerkinProj_OneShot_Second,SST,388,188,6.865840e-05,3.156780e-06,3.000000e-06,0.000000e+00,1.160888e-05
RANS_SST_WD_0.10-0.15_ConsGalerkinProj_OneShot_Second,SST,389,189,6.870470e-05,3.151298e-06,3.000000e-06,0.000000e+00,1.161023e-05
RANS_SST_WD_0.10-0.15_ConsGalerkinProj_OneShot_Second,SST,390,190,6.875080e-05,3.145975e-06,3.000000e-06,0.000000e+00,1.161137e-05
RANS_SST_WD_0.10-0.15_ConsGalerkinProj_OneShot_Second,SST,391,191,6.879710e-05,3.140848e-06,3.000000e-06,0.000000e+00,1.161196e-05
RANS_SST_WD_0.10-0.15_ConsGalerkinProj_OneShot_Second,SST,392,192,6.884390e-05,3.135932e-06,3.000000e-06,0.000000e+00,1.161193e-05
RANS_SST_WD_0.10-0.15_ConsGalerkinProj_OneShot_Second,SST,393,193,6.889130e-05,3.131227e-06,3.000000e-06,0.000000e+00,1.161147e-05
RANS_SST_WD_0.10-0.15_ConsGalerkinProj_OneShot_Second,SST,394,194,6.893950e-05,3.126706e-06,3.000000e-06,0.000000e+00,1.161095e-05
RANS_SST_WD_0.10-0.15_ConsGalerkinProj_OneShot_Second,SST,395,195,6.898820e-05,3.122326e-06,3.000000e-06,0.000000e+00,1.161082e-05
RANS_SST_WD_0.10-0.15_ConsGalerkinProj_OneShot_Second,SST,396,196,6.903740e-05,3.118036e-06,3.000000e-06,0.000000e+00,1.161141e-05
RANS_SST_WD_0.10-0.15_ConsGalerkinProj_OneShot_Second,SST,397,197,6.908660e-05,3.113789e-06,3.000000e-06,0.000000e+00,1.161283e-05
RANS_SST_WD_0.10-0.15_ConsGalerkinProj_OneShot_Second,SST,398,198,6.913540e-05,3.109550e-06,3.000000e-06,0.000000e+00,1.161491e-05
RANS_SST_WD_0.10-0.15_ConsGalerkinProj_OneShot_Second,SST,399,199,6.918370e-05,3.105306e-06,3.000000e-06,0.000000e+00,1.161729e-05
RANS_SST_WD_0.20-0.25_ConsGalerkinProj_OneShot_Long_Second,SST,400,0,-9.949800e-06,-1.679371e-06,-1.000000e-06,0.000000e+00,-1.351497e-06
RANS_SST_WD_0.20-0.25_ConsGalerkinProj_OneShot_Long_Second,SST,401,1,-1.767170e-05,-2.288308e-06,-2.000000e-06,0.000000e+00,-2.285952e-06
RANS_SST_WD_0.20-0.25_ConsGalerkinProj_OneShot_Long_Second,SST,402,2,-1.748820e-05,-1.355462e-06,-1.000000e-06,0.000000e+00,-2.236908e-06
RANS_SST_WD_0.20-0.25_ConsGalerkinProj_OneShot_Long_Second,SST,403,3,-1.628970e-05,-8.973930e-07,-1.000000e-06,0.000000e+00,-1.632544e-06
RANS_SST_WD_0.20-0.25_ConsGalerkinProj_OneShot_Long_Second,SST,404,4,-1.734730e-05,-8.750800e-07,-1.000000e-06,0.000000e+00,-9.515505e-07
RANS_SST_WD_0.20-0.25_ConsGalerkinProj_OneShot_Long_Second,SST,405,5,-1.888110e-05,-9.206620e-07,-1.000000e-06,0.000000e+00,-7.227411e-07
RANS_SST_WD_0.20-0.25_ConsGalerkinProj_OneShot_Long_Second,SST,406,6,-2.015160e-05,-9.118620e-07,-1.000000e-06,0.000000e+00,-7.646443e-07
RANS_SST_WD_0.20-0.25_ConsGalerkinProj_OneShot_Long_Second,SST,407,7,-2.159870e-05,-8.327990e-07,-1.000000e-06,0.000000e+00,-6.457788e-07
RANS_SST_WD_0.20-0.25_ConsGalerkinProj_OneShot_Long_Second,SST,408,8,-2.202350e-05,-8.471690e-07,-1.000000e-06,0.000000e+00,-4.151782e-07
RANS_SST_WD_0.20-0.25_ConsGalerkinProj_OneShot_Long_Second,SST,409,9,-2.120480e-05,-9.124550e-07,-1.000000e-06,0.000000e+00,-1.632223e-07
RANS_SST_WD_0.20-0.25_ConsGalerkinProj_OneShot_Long_Second,SST,410,10,-1.944670e-05,-9.911470e-07,-1.000000e-06,0.000000e+00,9.886150e-08
RANS_SST_WD_0.20-0.25_ConsGalerkinProj_OneShot_Long_Second,SST,411,11,-1.741110e-05,-1.047991e-06,-1.000000e-06,0.000000e+00,3.894316e-07
RANS_SST_WD_0.20-0.25_ConsGalerkinProj_OneShot_Long_Second,SST,412,12,-1.570460e-05,-1.078706e-06,-1.000000e-06,0.000000e+00,6.840973e-07
RANS_SST_WD_0.20-0.25_ConsGalerkinProj_OneShot_Long_Second,SST,413,13,-1.456000e-05,-1.111750e-06,-1.000000e-06,0.000000e+00,9.028821e-07
RANS_SST_WD_0.20-0.25_ConsGalerkinProj_OneShot_Long_Second,SST,414,14,-1.388530e-05,-1.193416e-06,-1.000000e-06,0.000000e+00,9.943710e-07
RANS_SST_WD_0.20-0.25_ConsGalerkinProj_OneShot_Long_Second,SST,415,15,-1.351520e-05,-1.289268e-06,-1.000000e-06,0.000000e+00,9.973505e-07
RANS_SST_WD_0.20-0.25_ConsGalerkinProj_OneShot_Long_Second,SST,416,16,-1.316440e-05,-1.405099e-06,-1.000000e-06,0.000000e+00,9.506769e-07
RANS_SST_WD_0.20-0.25_ConsGalerkinProj_OneShot_Long_Second,SST,417,17,-1.265440e-05,-1.566820e-06,-1.000000e-06,0.000000e+00,9.015229e-07
RANS_SST_WD_0.20-0.25_ConsGalerkinProj_OneShot_Long_Second,SST,418,18,-1.212030e-05,-1.675920e-06,-1.000000e-06,0.000000e+00,9.197488e-07
RANS_SST_WD_0.20-0.25_ConsGalerkinProj_OneShot_Long_Second,SST,419,19,-1.163800e-05,-1.717112e-06,-1.000000e-06,0.000000e+00,9.968578e-07
RANS_SST_WD_0.20-0.25_ConsGalerkinProj_OneShot_Long_Second,SST,420,20,-1.123850e-05,-1.718530e-06,-1.000000e-06,0.000000e+00,1.093620e-06
RANS_SST_WD_0.20-0.25_ConsGalerkinProj_OneShot_Long_Second,SST,421,21,-1.092400e-05,-1.716518e-06,-1.000000e-06,0.000000e+00,1.179192e-06
RANS_SST_WD_0.20-0.25_ConsGalerkinProj_OneShot_Long_Second,SST,422,22,-1.068250e-05,-1.712236e-06,-1.000000e-06,0.000000e+00,1.243014e-06
RANS_SST_WD_0.20-0.25_ConsGalerkinProj_OneShot_Long_Second,SST,423,23,-1.049680e-05,-1.716404e-06,-1.000000e-06,0.000000e+00,1.288152e-06
RANS_SST_WD_0.20-0.25_ConsGalerkinProj_OneShot_Long_Second,SST,424,24,-1.033860e-05,-1.722548e-06,-1.000000e-06,0.000000e+00,1.324359e-06
RANS_SST_WD_0.20-0.25_ConsGalerkinProj_OneShot_Long_Second,SST,425,25,-1.018850e-05,-1.725467e-06,-1.000000e-06,0.000000e+00,1.360582e-06
RANS_SST_WD_0.20-0.25_ConsGalerkinProj_OneShot_Long_Second,SST,426,26,-1.003250e-05,-1.722464e-06,-1.000000e-06,0.000000e+00,1.403168e-06
RANS_SST_WD_0.20-0.25_ConsGalerkinProj_OneShot_Long_Second,SST,427,27,-9.868800e-06,-1.710000e-06,-1.000000e-06,0.000000e+00,1.451952e-06
RANS_SST_WD_0.20-0.25_ConsGalerkinProj_OneShot_Long_Second,SST,428,28,-9.680200e-06,-1.698659e-06,-1.000000e-06,0.000000e+00,1.515893e-06
RANS_SST_WD_0.20-0.25_ConsGalerkinProj_OneShot_Long_Second,SST,429,29,-9.478600e-06,-1.684310e-06,-1.000000e-06,0.000000e+00,1.584287e-06
RANS_SST_WD_0.20-0.25_ConsGalerkinProj_OneShot_Long_Second,SST,430,30,-9.259000e-06,-1.674411e-06,-1.000000e-06,0.000000e+00,1.664059e-06
RANS_SST_WD_0.20-0.25_ConsGalerkinProj_OneShot_Long_Second,SST,431,31,-9.046900e-06,-1.663835e-06,-1.000000e-06,0.000000e+00,1.737186e-06
RANS_SST_WD_0.20-0.25_ConsGalerkinProj_OneShot_Long_Second,SST,432,32,-8.862000e-06,-1.655741e-06,-1.000000e-06,0.000000e+00,1.794817e-06
RANS_SST_WD_0.20-0.25_ConsGalerkinProj_OneShot_Long_Second,SST,433,33,-8.738800e-06,-1.652640e-06,-1.000000e-06,0.000000e+00,1.816858e-06
RANS_SST_WD_0.20-0.25_ConsGalerkinProj_OneShot_Long_Second,SST,434,34,-8.714600e-06,-1.660706e-06,-1.000000e-06,0.000000e+00,1.783180e-06
RANS_SST_WD_0.20-0.25_ConsGalerkinProj_OneShot_Long_Second,SST,435,35,-8.803000e-06,-1.684080e-06,-1.000000e-06,0.000000e+00,1.695077e-06
RANS_SST_WD_0.20-0.25_ConsGalerkinProj_OneShot_Long_Second,SST,436,36,-9.012700e-06,-1.723557e-06,-1.000000e-06,0.000000e+00,1.554292e-06
RANS_SST_WD_0.20-0.25_ConsGalerkinProj_OneShot_Long_Second,SST,437,37,-9.309800e-06,-1.774730e-06,-1.000000e-06,0.000000e+00,1.391922e-06
RANS_SST_WD_0.20-0.25_ConsGalerkinProj_OneShot_Long_Second,SST,438,38,-9.701500e-06,-1.837399e-06,-2.000000e-06,0.000000e+00,1.194224e-06
RANS_SST_WD_0.20-0.25_ConsGalerkinProj_OneShot_Long_Second,SST,439,39,-1.011610e-05,-1.901650e-06,-2.000000e-06,0.000000e+00,1.012561e-06
RANS_SST_WD_0.20-0.25_ConsGalerkinProj_OneShot_Long_Second,SST,440,40,-1.052140e-05,-1.962463e-06,-2.000000e-06,0.000000e+00,8.573322e-07
RANS_SST_WD_0.20-0.25_ConsGalerkinProj_OneShot_Long_Second,SST,441,41,-1.087020e-05,-2.013906e-06,-2.000000e-06,0.000000e+00,7.473970e-07
RANS_SST_WD_0.20-0.25_ConsGalerkinProj_OneShot_Long_Second,SST,442,42,-1.111860e-05,-2.050805e-06,-2.000000e-06,0.000000e+00,6.961280e-07
RANS_SST_WD_0.20-0.25_ConsGalerkinProj_OneShot_Long_Second,SST,443,43,-1.120820e-05,-2.068859e-06,-2.000000e-06,0.000000e+00,7.257290e-07
RANS_SST_WD_0.20-0.25_ConsGalerkinProj_OneShot_Long_Second,SST,444,44,-1.116550e-05,-2.067212e-06,-2.000000e-06,0.000000e+00,8.075214e-07
RANS_SST_WD_0.20-0.25_ConsGalerkinProj_OneShot_Long_Second,SST,445,45,-1.106200e-05,-2.052497e-06,-2.000000e-06,0.000000e+00,8.925568e-07
RANS_SST_WD_0.20-0.25_ConsGalerkinProj_OneShot_Long_Second,SST,446,46,-1.127180e-05,-2.021182e-06,-2.000000e-06,0.000000e+00,7.678303e-07
RANS_SST_WD_0.20-0.25_ConsGalerkinProj_OneShot_Long_Second,SST,447,47,-1.140490e-05,-2.023815e-06,-2.000000e-06,0.000000e+00,6.988116e-07
RANS_SST_WD_0.20-0.25_ConsGalerkinProj_OneShot_Long_Second,SST,448,48,-1.123040e-05,-2.022873e-06,-2.000000e-06,0.000000e+00,8.720483e-07
RANS_SST_WD_0.20-0.25_ConsGalerkinProj_OneShot_Long_Second,SST,449,49,-1.099350e-05,-2.028071e-06,-2.000000e-06,0.000000e+00,1.074405e-06
RANS_SST_WD_0.20-0.25_ConsGalerkinProj_OneShot_Long_Second,SST,450,50,-1.071000e-05,-2.022890e-06,-2.000000e-06,0.000000e+00,1.275412e-06
RANS_SST_WD_0.20-0.25_ConsGalerkinProj_OneShot_Long_Second,SST,451,51,-1.046300e-05,-2.009286e-06,-2.000000e-06,0.000000e+00,1.407966e-06
RANS_SST_WD_0.20-0.25_ConsGalerkinProj_OneShot_Long_Second,SST,452,52,-1.027850e-05,-1.983182e-06,-2.000000e-06,0.000000e+00,1.455619e-06
RANS_SST_WD_0.20-0.25_ConsGalerkinProj_OneShot_Long_Second,SST,453,53,-1.018480e-05,-1.957171e-06,-2.000000e-06,0.000000e+00,1.425676e-06
RANS_SST_WD_0.20-0.25_ConsGalerkinProj_OneShot_Long_Second,SST,454,54,-1.012840e-05,-1.932756e-06,-2.000000e-06,0.000000e+00,1.375316e-06
RANS_SST_WD_0.20-0.25_ConsGalerkinProj_OneShot_Long_Second,SST,455,55,-1.016630e-05,-1.927821e-06,-2.000000e-06,0.000000e+00,1.304965e-06
RANS_SST_WD_0.20-0.25_ConsGalerkinProj_OneShot_Long_Second,SST,456,56,-1.028710e-05,-1.946141e-06,-2.000000e-06,0.000000e+00,1.240076e-06
RANS_SST_WD_0.20-0.25_ConsGalerkinProj_OneShot_Long_Second,SST,457,57,-1.047500e-05,-1.981551e-06,-2.000000e-06,0.000000e+00,1.185591e-06
RANS_SST_WD_0.20-0.25_ConsGalerkinProj_OneShot_Long_Second,SST,458,58,-1.072240e-05,-2.023845e-06,-2.000000e-06,0.000000e+00,1.127904e-06
RANS_SST_WD_0.20-0.25_ConsGalerkinProj_OneShot_Long_Second,SST,459,59,-1.096630e-05,-2.056946e-06,-2.000000e-06,0.000000e+00,1.065454e-06
RANS_SST_WD_0.20-0.25_ConsGalerkinProj_OneShot_Long_Second,SST,460,60,-1.119680e-05,-2.074212e-06,-2.000000e-06,0.000000e+00,9.889304e-07
RANS_SST_WD_0.20-0.25_ConsGalerkinProj_OneShot_Long_Second,SST,461,61,-1.138140e-05,-2.073920e-06,-2.000000e-06,0.000000e+00,9.075953e-07
RANS_SST_WD_0.20-0.25_ConsGalerkinProj_OneShot_Long_Second,SST,462,62,-1.152100e-05,-2.064970e-06,-2.000000e-06,0.000000e+00,8.289777e-07
RANS_SST_WD_0.20-0.25_ConsGalerkinProj_OneShot_Long_Second,SST,463,63,-1.161560e-05,-2.059495e-06,-2.000000e-06,0.000000e+00,7.728796e-07
RANS_SST_WD_0.20-0.25_ConsGalerkinProj_OneShot_Long_Second,SST,464,64,-1.168440e-05,-2.063261e-06,-2.000000e-06,0.000000e+00,7.441925e-07
RANS_SST_WD_0.20-0.25_ConsGalerkinProj_OneShot_Long_Second,SST,465,65,-1.172760e-05,-2.075868e-06,-2.000000e-06,0.000000e+00,7.479370e-07
RANS_SST_WD_0.20-0.25_ConsGalerkinProj_OneShot_Long_Second,SST,466,66,-1.175060e-05,-2.090013e-06,-2.000000e-06,0.000000e+00,7.690625e-07
RANS_SST_WD_0.20-0.25_ConsGalerkinProj_OneShot_Long_Second,SST,467,67,-1.176390e-05,-2.099011e-06,-2.000000e-06,0.000000e+00,7.918769e-07
RANS_SST_WD_0.20-0.25_ConsGalerkinProj_OneShot_Long_Second,SST,468,68,-1.177090e-05,-2.098531e-06,-2.000000e-06,0.000000e+00,8.039003e-07
RANS_SST_WD_0.20-0.25_ConsGalerkinProj_OneShot_Long_Second,SST,469,69,-1.177810e-05,-2.090114e-06,-2.000000e-06,0.000000e+00,8.008880e-07
RANS_SST_WD_0.20-0.25_ConsGalerkinProj_OneShot_Long_Second,SST,470,70,-1.179260e-05,-2.078317e-06,-2.000000e-06,0.000000e+00,7.816986e-07
RANS_SST_WD_0.20-0.25_ConsGalerkinProj_OneShot_Long_Second,SST,471,71,-1.181730e-05,-2.069769e-06,-2.000000e-06,0.000000e+00,7.528787e-07
RANS_SST_WD_0.20-0.25_ConsGalerkinProj_OneShot_Long_Second,SST,472,72,-1.185390e-05,-2.069106e-06,-2.000000e-06,0.000000e+00,7.231499e-07
RANS_SST_WD_0.20-0.25_ConsGalerkinProj_OneShot_Long_Second,SST,473,73,-1.189660e-05,-2.075780e-06,-2.000000e-06,0.000000e+00,7.022080e-07
RANS_SST_WD_0.20-0.25_ConsGalerkinProj_OneShot_Long_Second,SST,474,74,-1.194670e-05,-2.086519e-06,-2.000000e-06,0.000000e+00,6.913785e-07
RANS_SST_WD_0.20-0.25_ConsGalerkinProj_OneShot_Long_Second,SST,475,75,-1.200280e-05,-2.097137e-06,-2.000000e-06,0.000000e+00,6.910434e-07
RANS_SST_WD_0.20-0.25_ConsGalerkinProj_OneShot_Long_Second,SST,476,76,-1.206420e-05,-2.104308e-06,-2.000000e-06,0.000000e+00,6.965706e-07
RANS_SST_WD_0.20-0.25_ConsGalerkinProj_OneShot_Long_Second,SST,477,77,-1.213060e-05,-2.106678e-06,-2.000000e-06,0.000000e+00,7.007610e-07
RANS_SST_WD_0.20-0.25_ConsGalerkinProj_OneShot_Long_Second,SST,478,78,-1.220120e-05,-2.105449e-06,-2.000000e-06,0.000000e+00,6.970376e-07
RANS_SST_WD_0.20-0.25_ConsGalerkinProj_OneShot_Long_Second,SST,479,79,-1.227240e-05,-2.103432e-06,-2.000000e-06,0.000000e+00,6.828974e-07
RANS_SST_WD_0.20-0.25_ConsGalerkinProj_OneShot_Long_Second,SST,480,80,-1.233810e-05,-2.103184e-06,-2.000000e-06,0.000000e+00,6.605561e-07
RANS_SST_WD_0.20-0.25_ConsGalerkinProj_OneShot_Long_Second,SST,481,81,-1.239130e-05,-2.105636e-06,-2.000000e-06,0.000000e+00,6.354477e-07
RANS_SST_WD_0.20-0.25_ConsGalerkinProj_OneShot_Long_Second,SST,482,82,-1.242790e-05,-2.109807e-06,-2.000000e-06,0.000000e+00,6.140674e-07
RANS_SST_WD_0.20-0.25_ConsGalerkinProj_OneShot_Long_Second,SST,483,83,-1.244800e-05,-2.113579e-06,-2.000000e-06,0.000000e+00,6.016561e-07
RANS_SST_WD_0.20-0.25_ConsGalerkinProj_OneShot_Long_Second,SST,484,84,-1.245640e-05,-2.115055e-06,-2.000000e-06,0.000000e+00,6.004083e-07
RANS_SST_WD_0.20-0.25_ConsGalerkinProj_OneShot_Long_Second,SST,485,85,-1.246130e-05,-2.113664e-06,-2.000000e-06,0.000000e+00,6.088605e-07
RANS_SST_WD_0.20-0.25_ConsGalerkinProj_OneShot_Long_Second,SST,486,86,-1.247060e-05,-2.110357e-06,-2.000000e-06,0.000000e+00,6.226315e-07
RANS_SST_WD_0.20-0.25_ConsGalerkinProj_OneShot_Long_Second,SST,487,87,-1.248970e-05,-2.106916e-06,-2.000000e-06,0.000000e+00,6.361136e-07
RANS_SST_WD_0.20-0.25_ConsGalerkinProj_OneShot_Long_Second,SST,488,88,-1.251970e-05,-2.104892e-06,-2.000000e-06,0.000000e+00,6.444007e-07
RANS_SST_WD_0.20-0.25_ConsGalerkinProj_OneShot_Long_Second,SST,489,89,-1.255710e-05,-2.104808e-06,-2.000000e-06,0.000000e+00,6.447470e-07
RANS_SST_WD_0.20-0.25_ConsGalerkinProj_OneShot_Long_Second,SST,490,90,-1.259680e-05,-2.106060e-06,-2.000000e-06,0.000000e+00,6.371042e-07
RANS_SST_WD_0.20-0.25_ConsGalerkinProj_OneShot_Long_Second,SST,491,91,-1.263370e-05,-2.107482e-06,-2.000000e-06,0.000000e+00,6.236866e-07
RANS_SST_WD_0.20-0.25_ConsGalerkinProj_OneShot_Long_Second,SST,492,92,-1.266530e-05,-2.108176e-06,-2.000000e-06,0.000000e+00,6.079086e-07
RANS_SST_WD_0.20-0.25_ConsGalerkinProj_OneShot_Long_Second,SST,493,93,-1.269210e-05,-2.108020e-06,-2.000000e-06,0.000000e+00,5.932170e-07
RANS_SST_WD_0.20-0.25_ConsGalerkinProj_OneShot_Long_Second,SST,494,94,-1.271730e-05,-2.107579e-06,-2.000000e-06,0.000000e+00,5.822362e-07
RANS_SST_WD_0.20-0.25_ConsGalerkinProj_OneShot_Long_Second,SST,495,95,-1.274500e-05,-2.107554e-06,-2.000000e-06,0.000000e+00,5.763523e-07
RANS_SST_WD_0.20-0.25_ConsGalerkinProj_OneShot_Long_Second,SST,496,96,-1.277810e-05,-2.108180e-06,-2.000000e-06,0.000000e+00,5.756112e-07
RANS_SST_WD_0.20-0.25_ConsGalerkinProj_OneShot_Long_Second,SST,497,97,-1.281740e-05,-2.109005e-06,-2.000000e-06,0.000000e+00,5.787549e-07
RANS_SST_WD_0.20-0.25_ConsGalerkinProj_OneShot_Long_Second,SST,498,98,-1.286160e-05,-2.109175e-06,-2.000000e-06,0.000000e+00,5.833726e-07
RANS_SST_WD_0.20-0.25_ConsGalerkinProj_OneShot_Long_Second,SST,499,99,-1.290740e-05,-2.108062e-06,-2.000000e-06,0.000000e+00,5.863062e-07
RANS_SST_WD_0.20-0.25_ConsGalerkinProj_OneShot_Long_Second,SST,500,100,-1.295160e-05,-2.105771e-06,-2.000000e-06,0.000000e+00,5.844399e-07
RANS_SST_WD_0.20-0.25_ConsGalerkinProj_OneShot_Long_Second,SST,501,101,-1.299150e-05,-2.103216e-06,-2.000000e-06,0.000000e+00,5.757713e-07
RANS_SST_WD_0.20-0.25_ConsGalerkinProj_OneShot_Long_Second,SST,502,102,-1.302630e-05,-2.101679e-06,-2.000000e-06,0.000000e+00,5.603732e-07
RANS_SST_WD_0.20-0.25_ConsGalerkinProj_OneShot_Long_Second,SST,503,103,-1.305730e-05,-2.102119e-06,-2.000000e-06,0.000000e+00,5.407281e-07
RANS_SST_WD_0.20-0.25_ConsGalerkinProj_OneShot_Long_Second,SST,504,104,-1.308680e-05,-2.104645e-06,-2.000000e-06,0.000000e+00,5.210986e-07
RANS_SST_WD_0.20-0.25_ConsGalerkinProj_OneShot_Long_Second,SST,505,105,-1.311790e-05,-2.108432e-06,-2.000000e-06,0.000000e+00,5.060296e-07
RANS_SST_WD_0.20-0.25_ConsGalerkinProj_OneShot_Long_Second,SST,506,106,-1.315350e-05,-2.112136e-06,-2.000000e-06,0.000000e+00,4.985297e-07
RANS_SST_WD_0.20-0.25_ConsGalerkinProj_OneShot_Long_Second,SST,507,107,-1.319480e-05,-2.114543e-06,-2.000000e-06,0.000000e+00,4.987245e-07
RANS_SST_WD_0.20-0.25_ConsGalerkinProj_OneShot_Long_Second,SST,508,108,-1.324200e-05,-2.115099e-06,-2.000000e-06,0.000000e+00,5.036308e-07
RANS_SST_WD_0.20-0.25_ConsGalerkinProj_OneShot_Long_Second,SST,509,109,-1.329320e-05,-2.114065e-06,-2.000000e-06,0.000000e+00,5.082339e-07
RANS_SST_WD_0.20-0.25_ConsGalerkinProj_OneShot_Long_Second,SST,510,110,-1.334610e-05,-2.112281e-06,-2.000000e-06,0.000000e+00,5.074655e-07
RANS_SST_WD_0.20-0.25_ConsGalerkinProj_OneShot_Long_Second,SST,511,111,-1.339750e-05,-2.110689e-06,-2.000000e-06,0.000000e+00,4.982558e-07
RANS_SST_WD_0.20-0.25_ConsGalerkinProj_OneShot_Long_Second,SST,512,112,-1.344460e-05,-2.109926e-06,-2.000000e-06,0.000000e+00,4.807889e-07
RANS_SST_WD_0.20-0.25_ConsGalerkinProj_OneShot_Long_Second,SST,513,113,-1.348580e-05,-2.110139e-06,-2.000000e-06,0.000000e+00,4.584483e-07
RANS_SST_WD_0.20-0.25_ConsGalerkinProj_OneShot_Long_Second,SST,514,114,-1.352090e-05,-2.111057e-06,-2.000000e-06,0.000000e+00,4.365137e-07
RANS_SST_WD_0.20-0.25_ConsGalerkinProj_OneShot_Long_Second,SST,515,115,-1.355120e-05,-2.112215e-06,-2.000000e-06,0.000000e+00,4.201791e-07
RANS_SST_WD_0.20-0.25_ConsGalerkinProj_OneShot_Long_Second,SST,516,116,-1.357900e-05,-2.113173e-06,-2.000000e-06,0.000000e+00,4.126842e-07
RANS_SST_WD_0.20-0.25_ConsGalerkinProj_OneShot_Long_Second,SST,517,117,-1.360660e-05,-2.113640e-06,-2.000000e-06,0.000000e+00,4.142226e-07
RANS_SST_WD_0.20-0.25_ConsGalerkinProj_OneShot_Long_Second,SST,518,118,-1.363620e-05,-2.113515e-06,-2.000000e-06,0.000000e+00,4.219388e-07
RANS_SST_WD_0.20-0.25_ConsGalerkinProj_OneShot_Long_Second,SST,519,119,-1.366900e-05,-2.112881e-06,-2.000000e-06,0.000000e+00,4.309289e-07
RANS_SST_WD_0.20-0.25_ConsGalerkinProj_OneShot_Long_Second,SST,520,120,-1.370540e-05,-2.111994e-06,-2.000000e-06,0.000000e+00,4.358746e-07
RANS_SST_WD_0.20-0.25_ConsGalerkinProj_OneShot_Long_Second,SST,521,121,-1.374540e-05,-2.111248e-06,-2.000000e-06,0.000000e+00,4.327947e-07
RANS_SST_WD_0.20-0.25_ConsGalerkinProj_OneShot_Long_Second,SST,522,122,-1.378820e-05,-2.111070e-06,-2.000000e-06,0.000000e+00,4.203880e-07
RANS_SST_WD_0.20-0.25_ConsGalerkinProj_OneShot_Long_Second,SST,523,123,-1.383330e-05,-2.111738e-06,-2.000000e-06,0.000000e+00,4.005337e-07
RANS_SST_WD_0.20-0.25_ConsGalerkinProj_OneShot_Long_Second,SST,524,124,-1.387950e-05,-2.113214e-06,-2.000000e-06,0.000000e+00,3.777327e-07
RANS_SST_WD_0.20-0.25_ConsGalerkinProj_OneShot_Long_Second,SST,525,125,-1.392550e-05,-2.115080e-06,-2.000000e-06,0.000000e+00,3.575960e-07
RANS_SST_WD_0.20-0.25_ConsGalerkinProj_OneShot_Long_Second,SST,526,126,-1.396990e-05,-2.116677e-06,-2.000000e-06,0.000000e+00,3.448562e-07
RANS_SST_WD_0.20-0.25_ConsGalerkinProj_OneShot_Long_Second,SST,527,127,-1.401140e-05,-2.117417e-06,-2.000000e-06,0.000000e+00,3.416277e-07
RANS_SST_WD_0.20-0.25_ConsGalerkinProj_OneShot_Long_Second,SST,528,128,-1.404950e-05,-2.117099e-06,-2.000000e-06,0.000000e+00,3.466263e-07
RANS_SST_WD_0.20-0.25_ConsGalerkinProj_OneShot_Long_Second,SST,529,129,-1.408420e-05,-2.116034e-06,-2.000000e-06,0.000000e+00,3.557101e-07
RANS_SST_WD_0.20-0.25_ConsGalerkinProj_OneShot_Long_Second,SST,530,130,-1.411650e-05,-2.114895e-06,-2.000000e-06,0.000000e+00,3.635569e-07
RANS_SST_WD_0.20-0.25_ConsGalerkinProj_OneShot_Long_Second,SST,531,131,-1.414690e-05,-2.114323e-06,-2.000000e-06,0.000000e+00,3.657791e-07
RANS_SST_WD_0.20-0.25_ConsGalerkinProj_OneShot_Long_Second,SST,532,132,-1.417570e-05,-2.114527e-06,-2.000000e-06,0.000000e+00,3.605757e-07
RANS_SST_WD_0.20-0.25_ConsGalerkinProj_OneShot_Long_Second,SST,533,133,-1.420260e-05,-2.115121e-06,-2.000000e-06,0.000000e+00,3.492393e-07
RANS_SST_WD_0.20-0.25_ConsGalerkinProj_OneShot_Long_Second,SST,534,134,-1.422730e-05,-2.115318e-06,-2.000000e-06,0.000000e+00,3.353684e-07
RANS_SST_WD_0.20-0.25_ConsGalerkinProj_OneShot_Long_Second,SST,535,135,-1.425000e-05,-2.114401e-06,-2.000000e-06,0.000000e+00,3.232174e-07
RANS_SST_WD_0.20-0.25_ConsGalerkinProj_OneShot_Long_Second,SST,536,136,-1.427210e-05,-2.112196e-06,-2.000000e-06,0.000000e+00,3.159508e-07
RANS_SST_WD_0.20-0.25_ConsGalerkinProj_OneShot_Long_Second,SST,537,137,-1.429560e-05,-2.109286e-06,-2.000000e-06,0.000000e+00,3.145287e-07
RANS_SST_WD_0.20-0.25_ConsGalerkinProj_OneShot_Long_Second,SST,538,138,-1.432310e-05,-2.106791e-06,-2.000000e-06,0.000000e+00,3.175801e-07
RANS_SST_WD_0.20-0.25_ConsGalerkinProj_OneShot_Long_Second,SST,539,139,-1.435660e-05,-2.105843e-06,-2.000000e-06,0.000000e+00,3.221647e-07
RANS_SST_WD_0.20-0.25_ConsGalerkinProj_OneShot_Long_Second,SST,540,140,-1.439660e-05,-2.107002e-06,-2.000000e-06,0.000000e+00,3.249907e-07
RANS_SST_WD_0.20-0.25_ConsGalerkinProj_OneShot_Long_Second,SST,541,141,-1.444180e-05,-2.109931e-06,-2.000000e-06,0.000000e+00,3.235774e-07
RANS_SST_WD_0.20-0.25_ConsGalerkinProj_OneShot_Long_Second,SST,542,142,-1.448930e-05,-2.113515e-06,-2.000000e-06,0.000000e+00,3.169896e-07
RANS_SST_WD_0.20-0.25_ConsGalerkinProj_OneShot_Long_Second,SST,543,143,-1.453610e-05,-2.116338e-06,-2.000000e-06,0.000000e+00,3.059985e-07
RANS_SST_WD_0.20-0.25_ConsGalerkinProj_OneShot_Long_Second,SST,544,144,-1.457850e-05,-2.117321e-06,-2.000000e-06,0.000000e+00,2.927251e-07
RANS_SST_WD_0.20-0.25_ConsGalerkinProj_OneShot_Long_Second,SST,545,145,-1.461490e-05,-2.116172e-06,-2.000000e-06,0.000000e+00,2.799352e-07
RANS_SST_WD_0.20-0.25_ConsGalerkinProj_OneShot_Long_Second,SST,546,146,-1.464450e-05,-2.113472e-06,-2.000000e-06,0.000000e+00,2.702010e-07
RANS_SST_WD_0.20-0.25_ConsGalerkinProj_OneShot_Long_Second,SST,547,147,-1.466880e-05,-2.110362e-06,-2.000000e-06,0.000000e+00,2.651508e-07
RANS_SST_WD_0.20-0.25_ConsGalerkinProj_OneShot_Long_Second,SST,548,148,-1.469030e-05,-2.108020e-06,-2.000000e-06,0.000000e+00,2.650030e-07
RANS_SST_WD_0.20-0.25_ConsGalerkinProj_OneShot_Long_Second,SST,549,149,-1.471180e-05,-2.107142e-06,-2.000000e-06,0.000000e+00,2.685248e-07
RANS_SST_WD_0.20-0.25_ConsGalerkinProj_OneShot_Long_Second,SST,550,150,-1.473590e-05,-2.107707e-06,-2.000000e-06,0.000000e+00,2.734334e-07
RANS_SST_WD_0.20-0.25_ConsGalerkinProj_OneShot_Long_Second,SST,551,151,-1.476350e-05,-2.109057e-06,-2.000000e-06,0.000000e+00,2.771183e-07
RANS_SST_WD_0.20-0.25_ConsGalerkinProj_OneShot_Long_Second,SST,552,152,-1.479420e-05,-2.110259e-06,-2.000000e-06,0.000000e+00,2.774446e-07
RANS_SST_WD_0.20-0.25_ConsGalerkinProj_OneShot_Long_Second,SST,553,153,-1.482610e-05,-2.110550e-06,-2.000000e-06,0.000000e+00,2.733715e-07
RANS_SST_WD_0.20-0.25_ConsGalerkinProj_OneShot_Long_Second,SST,554,154,-1.485760e-05,-2.109673e-06,-2.000000e-06,0.000000e+00,2.651929e-07
RANS_SST_WD_0.20-0.25_ConsGalerkinProj_OneShot_Long_Second,SST,555,155,-1.488750e-05,-2.107952e-06,-2.000000e-06,0.000000e+00,2.543569e-07
RANS_SST_WD_0.20-0.25_ConsGalerkinProj_OneShot_Long_Second,SST,556,156,-1.491590e-05,-2.106115e-06,-2.000000e-06,0.000000e+00,2.429615e-07
RANS_SST_WD_0.20-0.25_ConsGalerkinProj_OneShot_Long_Second,SST,557,157,-1.494450e-05,-2.104948e-06,-2.000000e-06,0.000000e+00,2.331100e-07
RANS_SST_WD_0.20-0.25_ConsGalerkinProj_OneShot_Long_Second,SST,558,158,-1.497540e-05,-2.104952e-06,-2.000000e-06,0.000000e+00,2.263153e-07
RANS_SST_WD_0.20-0.25_ConsGalerkinProj_OneShot_Long_Second,SST,559,159,-1.501000e-05,-2.106154e-06,-2.000000e-06,0.000000e+00,2.230925e-07
RANS_SST_WD_0.20-0.25_ConsGalerkinProj_OneShot_Long_Second,SST,560,160,-1.504830e-05,-2.108127e-06,-2.000000e-06,0.000000e+00,2.228248e-07
RANS_SST_WD_0.20-0.25_ConsGalerkinProj_OneShot_Long_Second,SST,561,161,-1.508890e-05,-2.110187e-06,-2.000000e-06,0.000000e+00,2.239315e-07
RANS_SST_WD_0.20-0.25_ConsGalerkinProj_OneShot_Long_Second,SST,562,162,-1.512960e-05,-2.111677e-06,-2.000000e-06,0.000000e+00,2.243208e-07
RANS_SST_WD_0.20-0.25_ConsGalerkinProj_OneShot_Long_Second,SST,563,163,-1.516780e-05,-2.112199e-06,-2.000000e-06,0.000000e+00,2.220423e-07
RANS_SST_WD_0.20-0.25_ConsGalerkinProj_OneShot_Long_Second,SST,564,164,-1.520230e-05,-2.111713e-06,-2.000000e-06,0.000000e+00,2.159683e-07
RANS_SST_WD_0.20-0.25_ConsGalerkinProj_OneShot_Long_Second,SST,565,165,-1.523310e-05,-2.110513e-06,-2.000000e-06,0.000000e+00,2.062766e-07
RANS_SST_WD_0.20-0.25_ConsGalerkinProj_OneShot_Long_Second,SST,566,166,-1.526140e-05,-2.109079e-06,-2.000000e-06,0.000000e+00,1.945161e-07
RANS_SST_WD_0.20-0.25_ConsGalerkinProj_OneShot_Long_Second,SST,567,167,-1.528890e-05,-2.107911e-06,-2.000000e-06,0.000000e+00,1.831560e-07
RANS_SST_WD_0.20-0.25_ConsGalerkinProj_OneShot_Long_Second,SST,568,168,-1.531710e-05,-2.107369e-06,-2.000000e-06,0.000000e+00,1.747225e-07
RANS_SST_WD_0.20-0.25_ConsGalerkinProj_OneShot_Long_Second,SST,569,169,-1.534660e-05,-2.107588e-06,-2.000000e-06,0.000000e+00,1.708189e-07
RANS_SST_WD_0.20-0.25_ConsGalerkinProj_OneShot_Long_Second,SST,570,170,-1.537710e-05,-2.108461e-06,-2.000000e-06,0.000000e+00,1.714294e-07
RANS_SST_WD_0.20-0.25_ConsGalerkinProj_OneShot_Long_Second,SST,571,171,-1.540830e-05,-2.109680e-06,-2.000000e-06,0.000000e+00,1.748205e-07
RANS_SST_WD_0.20-0.25_ConsGalerkinProj_OneShot_Long_Second,SST,572,172,-1.543960e-05,-2.110840e-06,-2.000000e-06,0.000000e+00,1.781304e-07
RANS_SST_WD_0.20-0.25_ConsGalerkinProj_OneShot_Long_Second,SST,573,173,-1.547080e-05,-2.111575e-06,-2.000000e-06,0.000000e+00,1.784434e-07
RANS_SST_WD_0.20-0.25_ConsGalerkinProj_OneShot_Long_Second,SST,574,174,-1.550240e-05,-2.111681e-06,-2.000000e-06,0.000000e+00,1.739254e-07
RANS_SST_WD_0.20-0.25_ConsGalerkinProj_OneShot_Long_Second,SST,575,175,-1.553480e-05,-2.111195e-06,-2.000000e-06,0.000000e+00,1.645578e-07
RANS_SST_WD_0.20-0.25_ConsGalerkinProj_OneShot_Long_Second,SST,576,176,-1.556800e-05,-2.110393e-06,-2.000000e-06,0.000000e+00,1.521596e-07
RANS_SST_WD_0.20-0.25_ConsGalerkinProj_OneShot_Long_Second,SST,577,177,-1.560140e-05,-2.109685e-06,-2.000000e-06,0.000000e+00,1.396834e-07
RANS_SST_WD_0.20-0.25_ConsGalerkinProj_OneShot_Long_Second,SST,578,178,-1.563440e-05,-2.109462e-06,-2.000000e-06,0.000000e+00,1.300657e-07
RANS_SST_WD_0.20-0.25_ConsGalerkinProj_OneShot_Long_Second,SST,579,179,-1.566620e-05,-2.109933e-06,-2.000000e-06,0.000000e+00,1.250980e-07
RANS_SST_WD_0.20-0.25_ConsGalerkinProj_OneShot_Long_Second,SST,580,180,-1.569660e-05,-2.111035e-06,-2.000000e-06,0.000000e+00,1.247669e-07
RANS_SST_WD_0.20-0.25_ConsGalerkinProj_OneShot_Long_Second,SST,581,181,-1.572650e-05,-2.112455e-06,-2.000000e-06,0.000000e+00,1.273167e-07
RANS_SST_WD_0.20-0.25_ConsGalerkinProj_OneShot_Long_Second,SST,582,182,-1.575650e-05,-2.113752e-06,-2.000000e-06,0.000000e+00,1.299926e-07
RANS_SST_WD_0.20-0.25_ConsGalerkinProj_OneShot_Long_Second,SST,583,183,-1.578790e-05,-2.114537e-06,-2.000000e-06,0.000000e+00,1.301487e-07
RANS_SST_WD_0.20-0.25_ConsGalerkinProj_OneShot_Long_Second,SST,584,184,-1.582090e-05,-2.114610e-06,-2.000000e-06,0.000000e+00,1.262678e-07
RANS_SST_WD_0.20-0.25_ConsGalerkinProj_OneShot_Long_Second,SST,585,185,-1.585490e-05,-2.114034e-06,-2.000000e-06,0.000000e+00,1.184892e-07
RANS_SST_WD_0.20-0.25_ConsGalerkinProj_OneShot_Long_Second,SST,586,186,-1.588820e-05,-2.113091e-06,-2.000000e-06,0.000000e+00,1.084590e-07
RANS_SST_WD_0.20-0.25_ConsGalerkinProj_OneShot_Long_Second,SST,587,187,-1.591930e-05,-2.112158e-06,-2.000000e-06,0.000000e+00,9.859640e-08
RANS_SST_WD_0.20-0.25_ConsGalerkinProj_OneShot_Long_Second,SST,588,188,-1.594720e-05,-2.111567e-06,-2.000000e-06,0.000000e+00,9.110630e-08
RANS_SST_WD_0.20-0.25_ConsGalerkinProj_OneShot_Long_Second,SST,589,189,-1.597220e-05,-2.111500e-06,-2.000000e-06,0.000000e+00,8.715350e-08
RANS_SST_WD_0.20-0.25_ConsGalerkinProj_OneShot_Long_Second,SST,590,190,-1.599570e-05,-2.111947e-06,-2.000000e-06,0.000000e+00,8.651340e-08
RANS_SST_WD_0.20-0.25_ConsGalerkinProj_OneShot_Long_Second,SST,591,191,-1.601990e-05,-2.112736e-06,-2.000000e-06,0.000000e+00,8.779970e-08
RANS_SST_WD_0.20-0.25_ConsGalerkinProj_OneShot_Long_Second,SST,592,192,-1.604650e-05,-2.113615e-06,-2.000000e-06,0.000000e+00,8.911130e-08
RANS_SST_WD_0.20-0.25_ConsGalerkinProj_OneShot_Long_Second,SST,593,193,-1.607640e-05,-2.114338e-06,-2.000000e-06,0.000000e+00,8.879020e-08
RANS_SST_WD_0.20-0.25_ConsGalerkinProj_OneShot_Long_Second,SST,594,194,-1.610890e-05,-2.114737e-06,-2.000000e-06,0.000000e+00,8.597380e-08
RANS_SST_WD_0.20-0.25_ConsGalerkinProj_OneShot_Long_Second,SST,595,195,-1.614250e-05,-2.114759e-06,-2.000000e-06,0.000000e+00,8.075490e-08
RANS_SST_WD_0.20-0.25_ConsGalerkinProj_OneShot_Long_Second,SST,596,196,-1.617510e-05,-2.114483e-06,-2.000000e-06,0.000000e+00,7.396310e-08
RANS_SST_WD_0.20-0.25_ConsGalerkinProj_OneShot_Long_Second,SST,597,197,-1.620550e-05,-2.114088e-06,-2.000000e-06,0.000000e+00,6.673650e-08
RANS_SST_WD_0.20-0.25_ConsGalerkinProj_OneShot_Long_Second,SST,598,198,-1.623340e-05,-2.113807e-06,-2.000000e-06,0.000000e+00,6.010260e-08
RANS_SST_WD_0.20-0.25_ConsGalerkinProj_OneShot_Long_Second,SST,599,199,-1.625960e-05,-2.113851e-06,-2.000000e-06,0.000000e+00,5.472770e-08
RANS_SST_WD_0.20-0.25_ConsGalerkinProj_OneShot_Long_Second,SST,600,200,-1.628590e-05,-2.114336e-06,-2.000000e-06,0.000000e+00,5.086490e-08
RANS_SST_WD_0.20-0.25_ConsGalerkinProj_OneShot_Long_Second,SST,601,201,-1.631350e-05,-2.115232e-06,-2.000000e-06,0.000000e+00,4.842840e-08
RANS_SST_WD_0.20-0.25_ConsGalerkinProj_OneShot_Long_Second,SST,602,202,-1.634320e-05,-2.116355e-06,-2.000000e-06,0.000000e+00,4.708970e-08
RANS_SST_WD_0.20-0.25_ConsGalerkinProj_OneShot_Long_Second,SST,603,203,-1.637460e-05,-2.117431e-06,-2.000000e-06,0.000000e+00,4.633420e-08
RANS_SST_WD_0.20-0.25_ConsGalerkinProj_OneShot_Long_Second,SST,604,204,-1.640700e-05,-2.118193e-06,-2.000000e-06,0.000000e+00,4.549820e-08
RANS_SST_WD_0.20-0.25_ConsGalerkinProj_OneShot_Long_Second,SST,605,205,-1.643860e-05,-2.118479e-06,-2.000000e-06,0.000000e+00,4.385420e-08
RANS_SST_WD_0.20-0.25_ConsGalerkinProj_OneShot_Long_Second,SST,606,206,-1.646860e-05,-2.118299e-06,-2.000000e-06,0.000000e+00,4.079320e-08
RANS_SST_WD_0.20-0.25_ConsGalerkinProj_OneShot_Long_Second,SST,607,207,-1.649640e-05,-2.117834e-06,-2.000000e-06,0.000000e+00,3.607200e-08
RANS_SST_WD_0.20-0.25_ConsGalerkinProj_OneShot_Long_Second,SST,608,208,-1.652210e-05,-2.117352e-06,-2.000000e-06,0.000000e+00,3.001620e-08
RANS_SST_WD_0.20-0.25_ConsGalerkinProj_OneShot_Long_Second,SST,609,209,-1.654650e-05,-2.117109e-06,-2.000000e-06,0.000000e+00,2.353670e-08
RANS_SST_WD_0.20-0.25_ConsGalerkinProj_OneShot_Long_Second,SST,610,210,-1.657070e-05,-2.117249e-06,-2.000000e-06,0.000000e+00,1.788510e-08
RANS_SST_WD_0.20-0.25_ConsGalerkinProj_OneShot_Long_Second,SST,611,211,-1.659540e-05,-2.117761e-06,-2.000000e-06,0.000000e+00,1.419740e-08
RANS_SST_WD_0.20-0.25_ConsGalerkinProj_OneShot_Long_Second,SST,612,212,-1.662120e-05,-2.118494e-06,-2.000000e-06,0.000000e+00,1.300120e-08
RANS_SST_WD_0.20-0.25_ConsGalerkinProj_OneShot_Long_Second,SST,613,213,-1.664810e-05,-2.119223e-06,-2.000000e-06,0.000000e+00,1.391480e-08
RANS_SST_WD_0.20-0.25_ConsGalerkinProj_OneShot_Long_Second,SST,614,214,-1.667550e-05,-2.119737e-06,-2.000000e-06,0.000000e+00,1.570370e-08
RANS_SST_WD_0.20-0.25_ConsGalerkinProj_OneShot_Long_Second,SST,615,215,-1.670310e-05,-2.119916e-06,-2.000000e-06,0.000000e+00,1.671030e-08
RANS_SST_WD_0.20-0.25_ConsGalerkinProj_OneShot_Long_Second,SST,616,216,-1.673000e-05,-2.119766e-06,-2.000000e-06,0.000000e+00,1.549740e-08
RANS_SST_WD_0.20-0.25_ConsGalerkinProj_OneShot_Long_Second,SST,617,217,-1.675620e-05,-2.119419e-06,-2.000000e-06,0.000000e+00,1.143950e-08
RANS_SST_WD_0.20-0.25_ConsGalerkinProj_OneShot_Long_Second,SST,618,218,-1.678170e-05,-2.119083e-06,-2.000000e-06,0.000000e+00,5.002300e-09
RANS_SST_WD_0.20-0.25_ConsGalerkinProj_OneShot_Long_Second,SST,619,219,-1.680680e-05,-2.118971e-06,-2.000000e-06,0.000000e+00,-2.415200e-09
RANS_SST_WD_0.20-0.25_ConsGalerkinProj_OneShot_Long_Second,SST,620,220,-1.683200e-05,-2.119219e-06,-2.000000e-06,0.000000e+00,-9.021900e-09
RANS_SST_WD_0.20-0.25_ConsGalerkinProj_OneShot_Long_Second,SST,621,221,-1.685750e-05,-2.119842e-06,-2.000000e-06,0.000000e+00,-1.333600e-08
RANS_SST_WD_0.20-0.25_ConsGalerkinProj_OneShot_Long_Second,SST,622,222,-1.688330e-05,-2.120713e-06,-2.000000e-06,0.000000e+00,-1.476170e-08
RANS_SST_WD_0.20-0.25_ConsGalerkinProj_OneShot_Long_Second,SST,623,223,-1.690960e-05,-2.121616e-06,-2.000000e-06,0.000000e+00,-1.381120e-08
RANS_SST_WD_0.20-0.25_ConsGalerkinProj_OneShot_Long_Second,SST,624,224,-1.693590e-05,-2.122320e-06,-2.000000e-06,0.000000e+00,-1.188920e-08
RANS_SST_WD_0.20-0.25_ConsGalerkinProj_OneShot_Long_Second,SST,625,225,-1.696240e-05,-2.122682e-06,-2.000000e-06,0.000000e+00,-1.073800e-08
RANS_SST_WD_0.20-0.25_ConsGalerkinProj_OneShot_Long_Second,SST,626,226,-1.698890e-05,-2.122709e-06,-2.000000e-06,0.000000e+00,-1.176810e-08
RANS_SST_WD_0.20-0.25_ConsGalerkinProj_OneShot_Long_Second,SST,627,227,-1.701530e-05,-2.122556e-06,-2.000000e-06,0.000000e+00,-1.553550e-08
RANS_SST_WD_0.20-0.25_ConsGalerkinProj_OneShot_Long_Second,SST,628,228,-1.704190e-05,-2.122452e-06,-2.000000e-06,0.000000e+00,-2.156030e-08
RANS_SST_WD_0.20-0.25_ConsGalerkinProj_OneShot_Long_Second,SST,629,229,-1.706820e-05,-2.122604e-06,-2.000000e-06,0.000000e+00,-2.853840e-08
RANS_SST_WD_0.20-0.25_ConsGalerkinProj_OneShot_Long_Second,SST,630,230,-1.709420e-05,-2.123091e-06,-2.000000e-06,0.000000e+00,-3.485510e-08
RANS_SST_WD_0.20-0.25_ConsGalerkinProj_OneShot_Long_Second,SST,631,231,-1.711950e-05,-2.123831e-06,-2.000000e-06,0.000000e+00,-3.919370e-08
RANS_SST_WD_0.20-0.25_ConsGalerkinProj_OneShot_Long_Second,SST,632,232,-1.714400e-05,-2.124628e-06,-2.000000e-06,0.000000e+00,-4.101120e-08
RANS_SST_WD_0.20-0.25_ConsGalerkinProj_OneShot_Long_Second,SST,633,233,-1.716800e-05,-2.125269e-06,-2.000000e-06,0.000000e+00,-4.070930e-08
RANS_SST_WD_0.20-0.25_ConsGalerkinProj_OneShot_Long_Second,SST,634,234,-1.719220e-05,-2.125633e-06,-2.000000e-06,0.000000e+00,-3.944810e-08
RANS_SST_WD_0.20-0.25_ConsGalerkinProj_OneShot_Long_Second,SST,635,235,-1.721710e-05,-2.125751e-06,-2.000000e-06,0.000000e+00,-3.868570e-08
RANS_SST_WD_0.20-0.25_ConsGalerkinProj_OneShot_Long_Second,SST,636,236,-1.724320e-05,-2.125780e-06,-1.000000e-06,0.000000e+00,-3.962640e-08
RANS_SST_WD_0.20-0.25_ConsGalerkinProj_OneShot_Long_Second,SST,637,237,-1.727040e-05,-2.125919e-06,-1.000000e-06,0.000000e+00,-4.278800e-08
RANS_SST_WD_0.20-0.25_ConsGalerkinProj_OneShot_Long_Second,SST,638,238,-1.729790e-05,-2.126297e-06,-1.000000e-06,0.000000e+00,-4.784970e-08
RANS_SST_WD_0.20-0.25_ConsGalerkinProj_OneShot_Long_Second,SST,639,239,-1.732510e-05,-2.126910e-06,-1.000000e-06,0.000000e+00,-5.382180e-08
RANS_SST_WD_0.20-0.25_ConsGalerkinProj_OneShot_Long_Second,SST,640,240,-1.735100e-05,-2.127629e-06,-1.000000e-06,0.000000e+00,-5.945890e-08
RANS_SST_WD_0.20-0.25_ConsGalerkinProj_OneShot_Long_Second,SST,641,241,-1.737510e-05,-2.128273e-06,-1.000000e-06,0.000000e+00,-6.373690e-08
RANS_SST_WD_0.20-0.25_ConsGalerkinProj_OneShot_Long_Second,SST,642,242,-1.739810e-05,-2.128722e-06,-1.000000e-06,0.000000e+00,-6.620860e-08
RANS_SST_WD_0.20-0.25_ConsGalerkinProj_OneShot_Long_Second,SST,643,243,-1.742070e-05,-2.128976e-06,-1.000000e-06,0.000000e+00,-6.710640e-08
RANS_SST_WD_0.20-0.25_ConsGalerkinProj_OneShot_Long_Second,SST,644,244,-1.744420e-05,-2.129165e-06,-1.000000e-06,0.000000e+00,-6.718210e-08
RANS_SST_WD_0.20-0.25_ConsGalerkinProj_OneShot_Long_Second,SST,645,245,-1.746920e-05,-2.129468e-06,-1.000000e-06,0.000000e+00,-6.737600e-08
RANS_SST_WD_0.20-0.25_ConsGalerkinProj_OneShot_Long_Second,SST,646,246,-1.749570e-05,-2.130018e-06,-1.000000e-06,0.000000e+00,-6.846610e-08
RANS_SST_WD_0.20-0.25_ConsGalerkinProj_OneShot_Long_Second,SST,647,247,-1.752320e-05,-2.130818e-06,-1.000000e-06,0.000000e+00,-7.083640e-08
RANS_SST_WD_0.20-0.25_ConsGalerkinProj_OneShot_Long_Second,SST,648,248,-1.755060e-05,-2.131741e-06,-1.000000e-06,0.000000e+00,-7.442240e-08
RANS_SST_WD_0.20-0.25_ConsGalerkinProj_OneShot_Long_Second,SST,649,249,-1.757680e-05,-2.132588e-06,-1.000000e-06,0.000000e+00,-7.881670e-08
RANS_SST_WD_0.20-0.25_ConsGalerkinProj_OneShot_Long_Second,SST,650,250,-1.760130e-05,-2.133197e-06,-1.000000e-06,0.000000e+00,-8.345230e-08
RANS_SST_WD_0.20-0.25_ConsGalerkinProj_OneShot_Long_Second,SST,651,251,-1.762460e-05,-2.133526e-06,-1.000000e-06,0.000000e+00,-8.777970e-08
RANS_SST_WD_0.20-0.25_ConsGalerkinProj_OneShot_Long_Second,SST,652,252,-1.764730e-05,-2.133684e-06,-1.000000e-06,0.000000e+00,-9.138760e-08
RANS_SST_WD_0.20-0.25_ConsGalerkinProj_OneShot_Long_Second,SST,653,253,-1.767050e-05,-2.133876e-06,-1.000000e-06,0.000000e+00,-9.406450e-08
RANS_SST_WD_0.20-0.25_ConsGalerkinProj_OneShot_Long_Second,SST,654,254,-1.769470e-05,-2.134304e-06,-1.000000e-06,0.000000e+00,-9.582130e-08
RANS_SST_WD_0.20-0.25_ConsGalerkinProj_OneShot_Long_Second,SST,655,255,-1.772020e-05,-2.135068e-06,-1.000000e-06,0.000000e+00,-9.689370e-08
RANS_SST_WD_0.20-0.25_ConsGalerkinProj_OneShot_Long_Second,SST,656,256,-1.774660e-05,-2.136111e-06,-1.000000e-06,0.000000e+00,-9.771540e-08
RANS_SST_WD_0.20-0.25_ConsGalerkinProj_OneShot_Long_Second,SST,657,257,-1.777320e-05,-2.137245e-06,-1.000000e-06,0.000000e+00,-9.883960e-08
RANS_SST_WD_0.20-0.25_ConsGalerkinProj_OneShot_Long_Second,SST,658,258,-1.779930e-05,-2.138240e-06,-1.000000e-06,0.000000e+00,-1.007956e-07
RANS_SST_WD_0.20-0.25_ConsGalerkinProj_OneShot_Long_Second,SST,659,259,-1.782450e-05,-2.138929e-06,-1.000000e-06,0.000000e+00,-1.039068e-07
RANS_SST_WD_0.20-0.25_ConsGalerkinProj_OneShot_Long_Second,SST,660,260,-1.784860e-05,-2.139285e-06,-1.000000e-06,0.000000e+00,-1.081345e-07
RANS_SST_WD_0.20-0.25_ConsGalerkinProj_OneShot_Long_Second,SST,661,261,-1.787230e-05,-2.139434e-06,-1.000000e-06,0.000000e+00,-1.130297e-07
RANS_SST_WD_0.20-0.25_ConsGalerkinProj_OneShot_Long_Second,SST,662,262,-1.789580e-05,-2.139589e-06,-1.000000e-06,0.000000e+00,-1.178440e-07
RANS_SST_WD_0.20-0.25_ConsGalerkinProj_OneShot_Long_Second,SST,663,263,-1.791960e-05,-2.139951e-06,-1.000000e-06,0.000000e+00,-1.217835e-07
RANS_SST_WD_0.20-0.25_ConsGalerkinProj_OneShot_Long_Second,SST,664,264,-1.794380e-05,-2.140629e-06,-1.000000e-06,0.000000e+00,-1.243171e-07
RANS_SST_WD_0.20-0.25_ConsGalerkinProj_OneShot_Long_Second,SST,665,265,-1.796830e-05,-2.141584e-06,-1.000000e-06,0.000000e+00,-1.254128e-07
RANS_SST_WD_0.20-0.25_ConsGalerkinProj_OneShot_Long_Second,SST,666,266,-1.799310e-05,-2.142662e-06,-1.000000e-06,0.000000e+00,-1.255879e-07
RANS_SST_WD_0.20-0.25_ConsGalerkinProj_OneShot_Long_Second,SST,667,267,-1.801790e-05,-2.143666e-06,-1.000000e-06,0.000000e+00,-1.257378e-07
RANS_SST_WD_0.20-0.25_ConsGalerkinProj_OneShot_Long_Second,SST,668,268,-1.804260e-05,-2.144442e-06,-1.000000e-06,0.000000e+00,-1.267971e-07
RANS_SST_WD_0.20-0.25_ConsGalerkinProj_OneShot_Long_Second,SST,669,269,-1.806710e-05,-2.144945e-06,-1.000000e-06,0.000000e+00,-1.293712e-07
RANS_SST_WD_0.20-0.25_ConsGalerkinProj_OneShot_Long_Second,SST,670,270,-1.809110e-05,-2.145243e-06,-1.000000e-06,0.000000e+00,-1.334876e-07
RANS_SST_WD_0.20-0.25_ConsGalerkinProj_OneShot_Long_Second,SST,671,271,-1.811500e-05,-2.145487e-06,-1.000000e-06,0.000000e+00,-1.385757e-07
RANS_SST_WD_0.20-0.25_ConsGalerkinProj_OneShot_Long_Second,SST,672,272,-1.813860e-05,-2.145834e-06,-1.000000e-06,0.000000e+00,-1.436867e-07
RANS_SST_WD_0.20-0.25_ConsGalerkinProj_OneShot_Long_Second,SST,673,273,-1.816200e-05,-2.146388e-06,-1.000000e-06,0.000000e+00,-1.478644e-07
RANS_SST_WD_0.20-0.25_ConsGalerkinProj_OneShot_Long_Second,SST,674,274,-1.818530e-05,-2.147162e-06,-1.000000e-06,0.000000e+00,-1.505183e-07
RANS_SST_WD_0.20-0.25_ConsGalerkinProj_OneShot_Long_Second,SST,675,275,-1.820870e-05,-2.148087e-06,-1.000000e-06,0.000000e+00,-1.516477e-07
RANS_SST_WD_0.20-0.25_ConsGalerkinProj_OneShot_Long_Second,SST,676,276,-1.823220e-05,-2.149054e-06,-1.000000e-06,0.000000e+00,-1.518314e-07
RANS_SST_WD_0.20-0.25_ConsGalerkinProj_OneShot_Long_Second,SST,677,277,-1.825620e-05,-2.149960e-06,-1.000000e-06,0.000000e+00,-1.519930e-07
RANS_SST_WD_0.20-0.25_ConsGalerkinProj_OneShot_Long_Second,SST,678,278,-1.828050e-05,-2.150746e-06,-1.000000e-06,0.000000e+00,-1.530397e-07
RANS_SST_WD_0.20-0.25_ConsGalerkinProj_OneShot_Long_Second,SST,679,279,-1.830510e-05,-2.151418e-06,-1.000000e-06,0.000000e+00,-1.555200e-07
RANS_SST_WD_0.20-0.25_ConsGalerkinProj_OneShot_Long_Second,SST,680,280,-1.832980e-05,-2.152024e-06,-1.000000e-06,0.000000e+00,-1.594322e-07
RANS_SST_WD_0.20-0.25_ConsGalerkinProj_OneShot_Long_Second,SST,681,281,-1.835440e-05,-2.152633e-06,-1.000000e-06,0.000000e+00,-1.642489e-07
RANS_SST_WD_0.20-0.25_ConsGalerkinProj_OneShot_Long_Second,SST,682,282,-1.837860e-05,-2.153303e-06,-1.000000e-06,0.000000e+00,-1.691382e-07
RANS_SST_WD_0.20-0.25_ConsGalerkinProj_OneShot_Long_Second,SST,683,283,-1.840230e-05,-2.154058e-06,-1.000000e-06,0.000000e+00,-1.732856e-07
RANS_SST_WD_0.20-0.25_ConsGalerkinProj_OneShot_Long_Second,SST,684,284,-1.842560e-05,-2.154892e-06,-1.000000e-06,0.000000e+00,-1.761896e-07
RANS_SST_WD_0.20-0.25_ConsGalerkinProj_OneShot_Long_Second,SST,685,285,-1.844870e-05,-2.155776e-06,-1.000000e-06,0.000000e+00,-1.778233e-07
RANS_SST_WD_0.20-0.25_ConsGalerkinProj_OneShot_Long_Second,SST,686,286,-1.847180e-05,-2.156676e-06,-1.000000e-06,0.000000e+00,-1.786108e-07
RANS_SST_WD_0.20-0.25_ConsGalerkinProj_OneShot_Long_Second,SST,687,287,-1.849530e-05,-2.157571e-06,-1.000000e-06,0.000000e+00,-1.792418e-07
RANS_SST_WD_0.20-0.25_ConsGalerkinProj_OneShot_Long_Second,SST,688,288,-1.851910e-05,-2.158449e-06,-1.000000e-06,0.000000e+00,-1.804069e-07
RANS_SST_WD_0.20-0.25_ConsGalerkinProj_OneShot_Long_Second,SST,689,289,-1.854340e-05,-2.159308e-06,-1.000000e-06,0.000000e+00,-1.825539e-07
RANS_SST_WD_0.20-0.25_ConsGalerkinProj_OneShot_Long_Second,SST,690,290,-1.856780e-05,-2.160145e-06,-1.000000e-06,0.000000e+00,-1.857517e-07
RANS_SST_WD_0.20-0.25_ConsGalerkinProj_OneShot_Long_Second,SST,691,291,-1.859200e-05,-2.160949e-06,-1.000000e-06,0.000000e+00,-1.896995e-07
RANS_SST_WD_0.20-0.25_ConsGalerkinProj_OneShot_Long_Second,SST,692,292,-1.861580e-05,-2.161706e-06,-1.000000e-06,0.000000e+00,-1.938625e-07
RANS_SST_WD_0.20-0.25_ConsGalerkinProj_OneShot_Long_Second,SST,693,293,-1.863890e-05,-2.162413e-06,-1.000000e-06,0.000000e+00,-1.976748e-07
RANS_SST_WD_0.20-0.25_ConsGalerkinProj_OneShot_Long_Second,SST,694,294,-1.866140e-05,-2.163087e-06,-1.000000e-06,0.000000e+00,-2.007325e-07
RANS_SST_WD_0.20-0.25_ConsGalerkinProj_OneShot_Long_Second,SST,695,295,-1.868360e-05,-2.163775e-06,-1.000000e-06,0.000000e+00,-2.029133e-07
RANS_SST_WD_0.20-0.25_ConsGalerkinProj_OneShot_Long_Second,SST,696,296,-1.870600e-05,-2.164534e-06,-1.000000e-06,0.000000e+00,-2.043904e-07
RANS_SST_WD_0.20-0.25_ConsGalerkinProj_OneShot_Long_Second,SST,697,297,-1.872880e-05,-2.165410e-06,-1.000000e-06,0.000000e+00,-2.055506e-07
RANS_SST_WD_0.20-0.25_ConsGalerkinProj_OneShot_Long_Second,SST,698,298,-1.875220e-05,-2.166410e-06,-1.000000e-06,0.000000e+00,-2.068501e-07
RANS_SST_WD_0.20-0.25_ConsGalerkinProj_OneShot_Long_Second,SST,699,299,-1.877630e-05,-2.167483e-06,-1.000000e-06,0.000000e+00,-2.086652e-07
RANS_SST_WD_0.20-0.25_ConsGalerkinProj_OneShot_Long_Second,SST,700,300,-1.880070e-05,-2.168537e-06,-1.000000e-06,0.000000e+00,-2.111823e-07
RANS_SST_WD_0.20-0.25_ConsGalerkinProj_OneShot_Long_Second,SST,701,301,-1.882500e-05,-2.169474e-06,-1.000000e-06,0.000000e+00,-2.143573e-07
RANS_SST_WD_0.20-0.25_ConsGalerkinProj_OneShot_Long_Second,SST,702,302,-1.884870e-05,-2.170234e-06,-1.000000e-06,0.000000e+00,-2.179487e-07
RANS_SST_WD_0.20-0.25_ConsGalerkinProj_OneShot_Long_Second,SST,703,303,-1.887170e-05,-2.170837e-06,-1.000000e-06,0.000000e+00,-2.216042e-07
RANS_SST_WD_0.20-0.25_ConsGalerkinProj_OneShot_Long_Second,SST,704,304,-1.889400e-05,-2.171377e-06,-1.000000e-06,0.000000e+00,-2.249731e-07
RANS_SST_WD_0.20-0.25_ConsGalerkinProj_OneShot_Long_Second,SST,705,305,-1.891610e-05,-2.171989e-06,-1.000000e-06,0.000000e+00,-2.278055e-07
RANS_SST_WD_0.20-0.25_ConsGalerkinProj_OneShot_Long_Second,SST,706,306,-1.893830e-05,-2.172788e-06,-1.000000e-06,0.000000e+00,-2.300176e-07
RANS_SST_WD_0.20-0.25_ConsGalerkinProj_OneShot_Long_Second,SST,707,307,-1.896090e-05,-2.173811e-06,-1.000000e-06,0.000000e+00,-2.317077e-07
RANS_SST_WD_0.20-0.25_ConsGalerkinProj_OneShot_Long_Second,SST,708,308,-1.898410e-05,-2.174995e-06,-1.000000e-06,0.000000e+00,-2.331225e-07
RANS_SST_WD_0.20-0.25_ConsGalerkinProj_OneShot_Long_Second,SST,709,309,-1.900780e-05,-2.176199e-06,-1.000000e-06,0.000000e+00,-2.345861e-07
RANS_SST_WD_0.20-0.25_ConsGalerkinProj_OneShot_Long_Second,SST,710,310,-1.903150e-05,-2.177270e-06,-1.000000e-06,0.000000e+00,-2.364080e-07
RANS_SST_WD_0.20-0.25_ConsGalerkinProj_OneShot_Long_Second,SST,711,311,-1.905500e-05,-2.178108e-06,-1.000000e-06,0.000000e+00,-2.387930e-07
RANS_SST_WD_0.20-0.25_ConsGalerkinProj_OneShot_Long_Second,SST,712,312,-1.907810e-05,-2.178720e-06,-1.000000e-06,0.000000e+00,-2.417760e-07
RANS_SST_WD_0.20-0.25_ConsGalerkinProj_OneShot_Long_Second,SST,713,313,-1.910050e-05,-2.179213e-06,-1.000000e-06,0.000000e+00,-2.452028e-07
RANS_SST_WD_0.20-0.25_ConsGalerkinProj_OneShot_Long_Second,SST,714,314,-1.912250e-05,-2.179749e-06,-1.000000e-06,0.000000e+00,-2.487656e-07
RANS_SST_WD_0.20-0.25_ConsGalerkinProj_OneShot_Long_Second,SST,715,315,-1.914440e-05,-2.180467e-06,-1.000000e-06,0.000000e+00,-2.520936e-07
RANS_SST_WD_0.20-0.25_ConsGalerkinProj_OneShot_Long_Second,SST,716,316,-1.916650e-05,-2.181424e-06,-1.000000e-06,0.000000e+00,-2.548730e-07
RANS_SST_WD_0.20-0.25_ConsGalerkinProj_OneShot_Long_Second,SST,717,317,-1.918900e-05,-2.182569e-06,-1.000000e-06,0.000000e+00,-2.569614e-07
RANS_SST_WD_0.20-0.25_ConsGalerkinProj_OneShot_Long_Second,SST,718,318,-1.921180e-05,-2.183773e-06,-1.000000e-06,0.000000e+00,-2.584510e-07
RANS_SST_WD_0.20-0.25_ConsGalerkinProj_OneShot_Long_Second,SST,719,319,-1.923480e-05,-2.184890e-06,-1.000000e-06,0.000000e+00,-2.596547e-07
RANS_SST_WD_0.20-0.25_ConsGalerkinProj_OneShot_Long_Second,SST,720,320,-1.925780e-05,-2.185825e-06,-1.000000e-06,0.000000e+00,-2.610055e-07
RANS_SST_WD_0.20-0.25_ConsGalerkinProj_OneShot_Long_Second,SST,721,321,-1.928070e-05,-2.186567e-06,-1.000000e-06,0.000000e+00,-2.629039e-07
RANS_SST_WD_0.20-0.25_ConsGalerkinProj_OneShot_Long_Second,SST,722,322,-1.930350e-05,-2.187194e-06,-1.000000e-06,0.000000e+00,-2.655647e-07
RANS_SST_WD_0.20-0.25_ConsGalerkinProj_OneShot_Long_Second,SST,723,323,-1.932590e-05,-2.187824e-06,-1.000000e-06,0.000000e+00,-2.689253e-07
RANS_SST_WD_0.20-0.25_ConsGalerkinProj_OneShot_Long_Second,SST,724,324,-1.934810e-05,-2.188559e-06,-1.000000e-06,0.000000e+00,-2.726574e-07
RANS_SST_WD_0.20-0.25_ConsGalerkinProj_OneShot_Long_Second,SST,725,325,-1.937020e-05,-2.189448e-06,-1.000000e-06,0.000000e+00,-2.762821e-07
RANS_SST_WD_0.20-0.25_ConsGalerkinProj_OneShot_Long_Second,SST,726,326,-1.939230e-05,-2.190468e-06,-1.000000e-06,0.000000e+00,-2.793495e-07
RANS_SST_WD_0.20-0.25_ConsGalerkinProj_OneShot_Long_Second,SST,727,327,-1.941440e-05,-2.191543e-06,-1.000000e-06,0.000000e+00,-2.816120e-07
RANS_SST_WD_0.20-0.25_ConsGalerkinProj_OneShot_Long_Second,SST,728,328,-1.943650e-05,-2.192591e-06,-1.000000e-06,0.000000e+00,-2.831227e-07
RANS_SST_WD_0.20-0.25_ConsGalerkinProj_OneShot_Long_Second,SST,729,329,-1.945860e-05,-2.193552e-06,-1.000000e-06,0.000000e+00,-2.842175e-07
RANS_SST_WD_0.20-0.25_ConsGalerkinProj_OneShot_Long_Second,SST,730,330,-1.948090e-05,-2.194418e-06,-1.000000e-06,0.000000e+00,-2.853865e-07
RANS_SST_WD_0.20-0.25_ConsGalerkinProj_OneShot_Long_Second,SST,731,331,-1.950310e-05,-2.195220e-06,-1.000000e-06,0.000000e+00,-2.870858e-07
RANS_SST_WD_0.20-0.25_ConsGalerkinProj_OneShot_Long_Second,SST,732,332,-1.952540e-05,-2.196006e-06,-1.000000e-06,0.000000e+00,-2.895640e-07
RANS_SST_WD_0.20-0.25_ConsGalerkinProj_OneShot_Long_Second,SST,733,333,-1.954780e-05,-2.196824e-06,-1.000000e-06,0.000000e+00,-2.927715e-07
RANS_SST_WD_0.20-0.25_ConsGalerkinProj_OneShot_Long_Second,SST,734,334,-1.957010e-05,-2.197695e-06,-1.000000e-06,0.000000e+00,-2.963878e-07
RANS_SST_WD_0.20-0.25_ConsGalerkinProj_OneShot_Long_Second,SST,735,335,-1.959210e-05,-2.198615e-06,-1.000000e-06,0.000000e+00,-2.999503e-07
RANS_SST_WD_0.20-0.25_ConsGalerkinProj_OneShot_Long_Second,SST,736,336,-1.961400e-05,-2.199562e-06,-1.000000e-06,0.000000e+00,-3.030344e-07
RANS_SST_WD_0.20-0.25_ConsGalerkinProj_OneShot_Long_Second,SST,737,337,-1.963560e-05,-2.200515e-06,-1.000000e-06,0.000000e+00,-3.054110e-07
RANS_SST_WD_0.20-0.25_ConsGalerkinProj_OneShot_Long_Second,SST,738,338,-1.965720e-05,-2.201461e-06,-1.000000e-06,0.000000e+00,-3.071229e-07
RANS_SST_WD_0.20-0.25_ConsGalerkinProj_OneShot_Long_Second,SST,739,339,-1.967880e-05,-2.202398e-06,-1.000000e-06,0.000000e+00,-3.084550e-07
RANS_SST_WD_0.20-0.25_ConsGalerkinProj_OneShot_Long_Second,SST,740,340,-1.970060e-05,-2.203331e-06,-1.000000e-06,0.000000e+00,-3.098151e-07
RANS_SST_WD_0.20-0.25_ConsGalerkinProj_OneShot_Long_Second,SST,741,341,-1.972280e-05,-2.204267e-06,-1.000000e-06,0.000000e+00,-3.115770e-07
RANS_SST_WD_0.20-0.25_ConsGalerkinProj_OneShot_Long_Second,SST,742,342,-1.974510e-05,-2.205204e-06,-1.000000e-06,0.000000e+00,-3.139460e-07
RANS_SST_WD_0.20-0.25_ConsGalerkinProj_OneShot_Long_Second,SST,743,343,-1.976750e-05,-2.206135e-06,-1.000000e-06,0.000000e+00,-3.168966e-07
RANS_SST_WD_0.20-0.25_ConsGalerkinProj_OneShot_Long_Second,SST,744,344,-1.979000e-05,-2.207051e-06,-1.000000e-06,0.000000e+00,-3.201995e-07
RANS_SST_WD_0.20-0.25_ConsGalerkinProj_OneShot_Long_Second,SST,745,345,-1.981200e-05,-2.207948e-06,-1.000000e-06,0.000000e+00,-3.235196e-07
RANS_SST_WD_0.20-0.25_ConsGalerkinProj_OneShot_Long_Second,SST,746,346,-1.983360e-05,-2.208833e-06,-1.000000e-06,0.000000e+00,-3.265444e-07
RANS_SST_WD_0.20-0.25_ConsGalerkinProj_OneShot_Long_Second,SST,747,347,-1.985490e-05,-2.209721e-06,-1.000000e-06,0.000000e+00,-3.290903e-07
RANS_SST_WD_0.20-0.25_ConsGalerkinProj_OneShot_Long_Second,SST,748,348,-1.987600e-05,-2.210630e-06,-1.000000e-06,0.000000e+00,-3.311534e-07
RANS_SST_WD_0.20-0.25_ConsGalerkinProj_OneShot_Long_Second,SST,749,349,-1.989720e-05,-2.211574e-06,-1.000000e-06,0.000000e+00,-3.328912e-07
RANS_SST_WD_0.20-0.25_ConsGalerkinProj_OneShot_Long_Second,SST,750,350,-1.991890e-05,-2.212554e-06,-1.000000e-06,0.000000e+00,-3.345520e-07
RANS_SST_WD_0.20-0.25_ConsGalerkinProj_OneShot_Long_Second,SST,751,351,-1.994080e-05,-2.213556e-06,-1.000000e-06,0.000000e+00,-3.363821e-07
RANS_SST_WD_0.20-0.25_ConsGalerkinProj_OneShot_Long_Second,SST,752,352,-1.996300e-05,-2.214555e-06,-1.000000e-06,0.000000e+00,-3.385482e-07
RANS_SST_WD_0.20-0.25_ConsGalerkinProj_OneShot_Long_Second,SST,753,353,-1.998540e-05,-2.215524e-06,-1.000000e-06,0.000000e+00,-3.410953e-07
RANS_SST_WD_0.20-0.25_ConsGalerkinProj_OneShot_Long_Second,SST,754,354,-2.000750e-05,-2.216447e-06,-1.000000e-06,0.000000e+00,-3.439497e-07
RANS_SST_WD_0.20-0.25_ConsGalerkinProj_OneShot_Long_Second,SST,755,355,-2.002920e-05,-2.217323e-06,-1.000000e-06,0.000000e+00,-3.469570e-07
RANS_SST_WD_0.20-0.25_ConsGalerkinProj_OneShot_Long_Second,SST,756,356,-2.005060e-05,-2.218174e-06,-1.000000e-06,0.000000e+00,-3.499349e-07
RANS_SST_WD_0.20-0.25_ConsGalerkinProj_OneShot_Long_Second,SST,757,357,-2.007170e-05,-2.219032e-06,-1.000000e-06,0.000000e+00,-3.527246e-07
RANS_SST_WD_0.20-0.25_ConsGalerkinProj_OneShot_Long_Second,SST,758,358,-2.009270e-05,-2.219930e-06,-1.000000e-06,0.000000e+00,-3.552296e-07
RANS_SST_WD_0.20-0.25_ConsGalerkinProj_OneShot_Long_Second,SST,759,359,-2.011390e-05,-2.220888e-06,-1.000000e-06,0.000000e+00,-3.574339e-07
RANS_SST_WD_0.20-0.25_ConsGalerkinProj_OneShot_Long_Second,SST,760,360,-2.013540e-05,-2.221900e-06,-1.000000e-06,0.000000e+00,-3.594033e-07
RANS_SST_WD_0.20-0.25_ConsGalerkinProj_OneShot_Long_Second,SST,761,361,-2.015740e-05,-2.222942e-06,-1.000000e-06,0.000000e+00,-3.612686e-07
RANS_SST_WD_0.20-0.25_ConsGalerkinProj_OneShot_Long_Second,SST,762,362,-2.017940e-05,-2.223974e-06,-1.000000e-06,0.000000e+00,-3.631950e-07
RANS_SST_WD_0.20-0.25_ConsGalerkinProj_OneShot_Long_Second,SST,763,363,-2.020160e-05,-2.224960e-06,-1.000000e-06,0.000000e+00,-3.653393e-07
RANS_SST_WD_0.20-0.25_ConsGalerkinProj_OneShot_Long_Second,SST,764,364,-2.022340e-05,-2.225880e-06,-1.000000e-06,0.000000e+00,-3.678021e-07
RANS_SST_WD_0.20-0.25_ConsGalerkinProj_OneShot_Long_Second,SST,765,365,-2.024490e-05,-2.226746e-06,-1.000000e-06,0.000000e+00,-3.705906e-07
RANS_SST_WD_0.20-0.25_ConsGalerkinProj_OneShot_Long_Second,SST,766,366,-2.026620e-05,-2.227587e-06,-1.000000e-06,0.000000e+00,-3.736048e-07
RANS_SST_WD_0.20-0.25_ConsGalerkinProj_OneShot_Long_Second,SST,767,367,-2.028720e-05,-2.228444e-06,-1.000000e-06,0.000000e+00,-3.766577e-07
RANS_SST_WD_0.20-0.25_ConsGalerkinProj_OneShot_Long_Second,SST,768,368,-2.030830e-05,-2.229350e-06,-1.000000e-06,0.000000e+00,-3.795322e-07
RANS_SST_WD_0.20-0.25_ConsGalerkinProj_OneShot_Long_Second,SST,769,369,-2.032950e-05,-2.230318e-06,-1.000000e-06,0.000000e+00,-3.820562e-07
RANS_SST_WD_0.20-0.25_ConsGalerkinProj_OneShot_Long_Second,SST,770,370,-2.035100e-05,-2.231334e-06,-1.000000e-06,0.000000e+00,-3.841715e-07
RANS_SST_WD_0.20-0.25_ConsGalerkinProj_OneShot_Long_Second,SST,771,371,-2.037250e-05,-2.232366e-06,-1.000000e-06,0.000000e+00,-3.859659e-07
RANS_SST_WD_0.20-0.25_ConsGalerkinProj_OneShot_Long_Second,SST,772,372,-2.039420e-05,-2.233375e-06,-1.000000e-06,0.000000e+00,-3.876516e-07
RANS_SST_WD_0.20-0.25_ConsGalerkinProj_OneShot_Long_Second,SST,773,373,-2.041570e-05,-2.234334e-06,-1.000000e-06,0.000000e+00,-3.894932e-07
RANS_SST_WD_0.20-0.25_ConsGalerkinProj_OneShot_Long_Second,SST,774,374,-2.043710e-05,-2.235237e-06,-1.000000e-06,0.000000e+00,-3.917084e-07
RANS_SST_WD_0.20-0.25_ConsGalerkinProj_OneShot_Long_Second,SST,775,375,-2.045850e-05,-2.236101e-06,-1.000000e-06,0.000000e+00,-3.943801e-07
RANS_SST_WD_0.20-0.25_ConsGalerkinProj_OneShot_Long_Second,SST,776,376,-2.047960e-05,-2.236953e-06,-1.000000e-06,0.000000e+00,-3.974182e-07
RANS_SST_WD_0.20-0.25_ConsGalerkinProj_OneShot_Long_Second,SST,777,377,-2.050070e-05,-2.237824e-06,-1.000000e-06,0.000000e+00,-4.005883e-07
RANS_SST_WD_0.20-0.25_ConsGalerkinProj_OneShot_Long_Second,SST,778,378,-2.052180e-05,-2.238732e-06,-1.000000e-06,0.000000e+00,-4.035984e-07
RANS_SST_WD_0.20-0.25_ConsGalerkinProj_OneShot_Long_Second,SST,779,379,-2.054290e-05,-2.239680e-06,-1.000000e-06,0.000000e+00,-4.062120e-07
RANS_SST_WD_0.20-0.25_ConsGalerkinProj_OneShot_Long_Second,SST,780,380,-2.056390e-05,-2.240649e-06,-1.000000e-06,0.000000e+00,-4.083416e-07
RANS_SST_WD_0.20-0.25_ConsGalerkinProj_OneShot_Long_Second,SST,781,381,-2.058500e-05,-2.241620e-06,-1.000000e-06,0.000000e+00,-4.100841e-07
RANS_SST_WD_0.20-0.25_ConsGalerkinProj_OneShot_Long_Second,SST,782,382,-2.060590e-05,-2.242573e-06,-1.000000e-06,0.000000e+00,-4.116829e-07
RANS_SST_WD_0.20-0.25_ConsGalerkinProj_OneShot_Long_Second,SST,783,383,-2.062700e-05,-2.243497e-06,-1.000000e-06,0.000000e+00,-4.134330e-07
RANS_SST_WD_0.20-0.25_ConsGalerkinProj_OneShot_Long_Second,SST,784,384,-2.064810e-05,-2.244395e-06,-1.000000e-06,0.000000e+00,-4.155658e-07
RANS_SST_WD_0.20-0.25_ConsGalerkinProj_OneShot_Long_Second,SST,785,385,-2.066920e-05,-2.245275e-06,-1.000000e-06,0.000000e+00,-4.181600e-07
RANS_SST_WD_0.20-0.25_ConsGalerkinProj_OneShot_Long_Second,SST,786,386,-2.069030e-05,-2.246148e-06,-1.000000e-06,0.000000e+00,-4.211155e-07
RANS_SST_WD_0.20-0.25_ConsGalerkinProj_OneShot_Long_Second,SST,787,387,-2.071140e-05,-2.247027e-06,-1.000000e-06,0.000000e+00,-4.241972e-07
RANS_SST_WD_0.20-0.25_ConsGalerkinProj_OneShot_Long_Second,SST,788,388,-2.073220e-05,-2.247912e-06,-1.000000e-06,0.000000e+00,-4.271305e-07
RANS_SST_WD_0.20-0.25_ConsGalerkinProj_OneShot_Long_Second,SST,789,389,-2.075300e-05,-2.248804e-06,-1.000000e-06,0.000000e+00,-4.297079e-07
RANS_SST_WD_0.20-0.25_ConsGalerkinProj_OneShot_Long_Second,SST,790,390,-2.077360e-05,-2.249703e-06,-1.000000e-06,0.000000e+00,-4.318645e-07
RANS_SST_WD_0.20-0.25_ConsGalerkinProj_OneShot_Long_Second,SST,791,391,-2.079410e-05,-2.250605e-06,-1.000000e-06,0.000000e+00,-4.336952e-07
RANS_SST_WD_0.20-0.25_ConsGalerkinProj_OneShot_Long_Second,SST,792,392,-2.081460e-05,-2.251513e-06,-1.000000e-06,0.000000e+00,-4.354086e-07
RANS_SST_WD_0.20-0.25_ConsGalerkinProj_OneShot_Long_Second,SST,793,393,-2.083540e-05,-2.252423e-06,-1.000000e-06,0.000000e+00,-4.372408e-07
RANS_SST_WD_0.20-0.25_ConsGalerkinProj_OneShot_Long_Second,SST,794,394,-2.085620e-05,-2.253332e-06,-1.000000e-06,0.000000e+00,-4.393660e-07
RANS_SST_WD_0.20-0.25_ConsGalerkinProj_OneShot_Long_Second,SST,795,395,-2.087720e-05,-2.254235e-06,-1.000000e-06,0.000000e+00,-4.418373e-07
RANS_SST_WD_0.20-0.25_ConsGalerkinProj_OneShot_Long_Second,SST,796,396,-2.089820e-05,-2.255124e-06,-1.000000e-06,0.000000e+00,-4.445784e-07
RANS_SST_WD_0.20-0.25_ConsGalerkinProj_OneShot_Long_Second,SST,797,397,-2.091910e-05,-2.255993e-06,-1.000000e-06,0.000000e+00,-4.474239e-07
RANS_SST_WD_0.20-0.25_ConsGalerkinProj_OneShot_Long_Second,SST,798,398,-2.093970e-05,-2.256842e-06,-1.000000e-06,0.000000e+00,-4.501887e-07
RANS_SST_WD_0.20-0.25_ConsGalerkinProj_OneShot_Long_Second,SST,799,399,-2.096010e-05,-2.257679e-06,-1.000000e-06,0.000000e+00,-4.527347e-07
RANS_SST_WD_0.20-0.25_ConsGalerkinProj_OneShot_Second,SST,200,0,-3.292400e-06,-1.269478e-06,-1.000000e-06,0.000000e+00,1.164380e-06
RANS_SST_WD_0.20-0.25_ConsGalerkinProj_OneShot_Second,SST,201,1,-6.954600e-06,-2.126746e-06,-2.000000e-06,0.000000e+00,3.565633e-07
RANS_SST_WD_0.20-0.25_ConsGalerkinProj_OneShot_Second,SST,202,2,-1.248430e-05,-2.013290e-06,-2.000000e-06,0.000000e+00,-2.899205e-06
RANS_SST_WD_0.20-0.25_ConsGalerkinProj_OneShot_Second,SST,203,3,-2.057510e-05,-2.056933e-06,-2.000000e-06,0.000000e+00,-5.612668e-06
RANS_SST_WD_0.20-0.25_ConsGalerkinProj_OneShot_Second,SST,204,4,-2.762510e-05,-2.526195e-06,-2.000000e-06,0.000000e+00,-6.429992e-06
RANS_SST_WD_0.20-0.25_ConsGalerkinProj_OneShot_Second,SST,205,5,-3.136250e-05,-3.041247e-06,-3.000000e-06,0.000000e+00,-6.263655e-06
RANS_SST_WD_0.20-0.25_ConsGalerkinProj_OneShot_Second,SST,206,6,-3.228810e-05,-3.292813e-06,-3.000000e-06,0.000000e+00,-6.032149e-06
RANS_SST_WD_0.20-0.25_ConsGalerkinProj_OneShot_Second,SST,207,7,-3.204290e-05,-3.156212e-06,-3.000000e-06,0.000000e+00,-5.763033e-06
RANS_SST_WD_0.20-0.25_ConsGalerkinProj_OneShot_Second,SST,208,8,-3.171890e-05,-2.848646e-06,-3.000000e-06,0.000000e+00,-5.362230e-06
RANS_SST_WD_0.20-0.25_ConsGalerkinProj_OneShot_Second,SST,209,9,-3.100880e-05,-2.640398e-06,-2.000000e-06,0.000000e+00,-4.903624e-06
RANS_SST_WD_0.20-0.25_ConsGalerkinProj_OneShot_Second,SST,210,10,-3.001760e-05,-2.560894e-06,-2.000000e-06,0.000000e+00,-4.478497e-06
RANS_SST_WD_0.20-0.25_ConsGalerkinProj_OneShot_Second,SST,211,11,-2.874410e-05,-2.572762e-06,-2.000000e-06,0.000000e+00,-4.137602e-06
RANS_SST_WD_0.20-0.25_ConsGalerkinProj_OneShot_Second,SST,212,12,-2.735380e-05,-2.606900e-06,-2.000000e-06,0.000000e+00,-3.882107e-06
RANS_SST_WD_0.20-0.25_ConsGalerkinProj_OneShot_Second,SST,213,13,-2.607270e-05,-2.660630e-06,-2.000000e-06,0.000000e+00,-3.703743e-06
RANS_SST_WD_0.20-0.25_ConsGalerkinProj_OneShot_Second,SST,214,14,-2.508940e-05,-2.741571e-06,-2.000000e-06,0.000000e+00,-3.598247e-06
RANS_SST_WD_0.20-0.25_ConsGalerkinProj_OneShot_Second,SST,215,15,-2.451720e-05,-2.823507e-06,-3.000000e-06,0.000000e+00,-3.552935e-06
RANS_SST_WD_0.20-0.25_ConsGalerkinProj_OneShot_Second,SST,216,16,-2.435720e-05,-2.880633e-06,-3.000000e-06,0.000000e+00,-3.547628e-06
RANS_SST_WD_0.20-0.25_ConsGalerkinProj_OneShot_Second,SST,217,17,-2.444540e-05,-2.954985e-06,-3.000000e-06,0.000000e+00,-3.590407e-06
RANS_SST_WD_0.20-0.25_ConsGalerkinProj_OneShot_Second,SST,218,18,-2.465580e-05,-3.029230e-06,-3.000000e-06,0.000000e+00,-3.645726e-06
RANS_SST_WD_0.20-0.25_ConsGalerkinProj_OneShot_Second,SST,219,19,-2.490410e-05,-3.063705e-06,-3.000000e-06,0.000000e+00,-3.663295e-06
RANS_SST_WD_0.20-0.25_ConsGalerkinProj_OneShot_Second,SST,220,20,-2.510540e-05,-3.062886e-06,-3.000000e-06,0.000000e+00,-3.637385e-06
RANS_SST_WD_0.20-0.25_ConsGalerkinProj_OneShot_Second,SST,221,21,-2.522820e-05,-3.049696e-06,-3.000000e-06,0.000000e+00,-3.592366e-06
RANS_SST_WD_0.20-0.25_ConsGalerkinProj_OneShot_Second,SST,222,22,-2.529260e-05,-3.032240e-06,-3.000000e-06,0.000000e+00,-3.544494e-06
RANS_SST_WD_0.20-0.25_ConsGalerkinProj_OneShot_Second,SST,223,23,-2.533570e-05,-3.017645e-06,-3.000000e-06,0.000000e+00,-3.503035e-06
RANS_SST_WD_0.20-0.25_ConsGalerkinProj_OneShot_Second,SST,224,24,-2.538520e-05,-2.999131e-06,-3.000000e-06,0.000000e+00,-3.461744e-06
RANS_SST_WD_0.20-0.25_ConsGalerkinProj_OneShot_Second,SST,225,25,-2.546020e-05,-2.985601e-06,-3.000000e-06,0.000000e+00,-3.428552e-06
RANS_SST_WD_0.20-0.25_ConsGalerkinProj_OneShot_Second,SST,226,26,-2.554340e-05,-2.974409e-06,-3.000000e-06,0.000000e+00,-3.396485e-06
RANS_SST_WD_0.20-0.25_ConsGalerkinProj_OneShot_Second,SST,227,27,-2.561790e-05,-2.960602e-06,-3.000000e-06,0.000000e+00,-3.354411e-06
RANS_SST_WD_0.20-0.25_ConsGalerkinProj_OneShot_Second,SST,228,28,-2.567550e-05,-2.943596e-06,-3.000000e-06,0.000000e+00,-3.298489e-06
RANS_SST_WD_0.20-0.25_ConsGalerkinProj_OneShot_Second,SST,229,29,-2.570290e-05,-2.919334e-06,-3.000000e-06,0.000000e+00,-3.222733e-06
RANS_SST_WD_0.20-0.25_ConsGalerkinProj_OneShot_Second,SST,230,30,-2.570000e-05,-2.889943e-06,-3.000000e-06,0.000000e+00,-3.136241e-06
RANS_SST_WD_0.20-0.25_ConsGalerkinProj_OneShot_Second,SST,231,31,-2.565770e-05,-2.856317e-06,-3.000000e-06,0.000000e+00,-3.039468e-06
RANS_SST_WD_0.20-0.25_ConsGalerkinProj_OneShot_Second,SST,232,32,-2.559380e-05,-2.818800e-06,-3.000000e-06,0.000000e+00,-2.942443e-06
RANS_SST_WD_0.20-0.25_ConsGalerkinProj_OneShot_Second,SST,233,33,-2.553120e-05,-2.785955e-06,-3.000000e-06,0.000000e+00,-2.855062e-06
RANS_SST_WD_0.20-0.25_ConsGalerkinProj_OneShot_Second,SST,234,34,-2.551670e-05,-2.759484e-06,-2.000000e-06,0.000000e+00,-2.798585e-06
RANS_SST_WD_0.20-0.25_ConsGalerkinProj_OneShot_Second,SST,235,35,-2.560240e-05,-2.748134e-06,-2.000000e-06,0.000000e+00,-2.794722e-06
RANS_SST_WD_0.20-0.25_ConsGalerkinProj_OneShot_Second,SST,236,36,-2.582520e-05,-2.757042e-06,-2.000000e-06,0.000000e+00,-2.852229e-06
RANS_SST_WD_0.20-0.25_ConsGalerkinProj_OneShot_Second,SST,237,37,-2.621010e-05,-2.788965e-06,-2.000000e-06,0.000000e+00,-2.975863e-06
RANS_SST_WD_0.20-0.25_ConsGalerkinProj_OneShot_Second,SST,238,38,-2.676100e-05,-2.842386e-06,-3.000000e-06,0.000000e+00,-3.163125e-06
RANS_SST_WD_0.20-0.25_ConsGalerkinProj_OneShot_Second,SST,239,39,-2.738120e-05,-2.904954e-06,-3.000000e-06,0.000000e+00,-3.346283e-06
RANS_SST_WD_0.20-0.25_ConsGalerkinProj_OneShot_Second,SST,240,40,-2.794910e-05,-2.963697e-06,-3.000000e-06,0.000000e+00,-3.456062e-06
RANS_SST_WD_0.20-0.25_ConsGalerkinProj_OneShot_Second,SST,241,41,-2.855700e-05,-3.019811e-06,-3.000000e-06,0.000000e+00,-3.593892e-06
RANS_SST_WD_0.20-0.25_ConsGalerkinProj_OneShot_Second,SST,242,42,-2.927970e-05,-3.077744e-06,-3.000000e-06,0.000000e+00,-3.843301e-06
RANS_SST_WD_0.20-0.25_ConsGalerkinProj_OneShot_Second,SST,243,43,-3.005180e-05,-3.133834e-06,-3.000000e-06,0.000000e+00,-4.154998e-06
RANS_SST_WD_0.20-0.25_ConsGalerkinProj_OneShot_Second,SST,244,44,-3.078440e-05,-3.178609e-06,-3.000000e-06,0.000000e+00,-4.440017e-06
RANS_SST_WD_0.20-0.25_ConsGalerkinProj_OneShot_Second,SST,245,45,-3.144900e-05,-3.209108e-06,-3.000000e-06,0.000000e+00,-4.691757e-06
RANS_SST_WD_0.20-0.25_ConsGalerkinProj_OneShot_Second,SST,246,46,-3.192760e-05,-3.222922e-06,-3.000000e-06,0.000000e+00,-4.810046e-06
RANS_SST_WD_0.20-0.25_ConsGalerkinProj_OneShot_Second,SST,247,47,-3.224880e-05,-3.225229e-06,-3.000000e-06,0.000000e+00,-4.830605e-06
RANS_SST_WD_0.20-0.25_ConsGalerkinProj_OneShot_Second,SST,248,48,-3.245980e-05,-3.222080e-06,-3.000000e-06,0.000000e+00,-4.806038e-06
RANS_SST_WD_0.20-0.25_ConsGalerkinProj_OneShot_Second,SST,249,49,-3.256300e-05,-3.216918e-06,-3.000000e-06,0.000000e+00,-4.768141e-06
RANS_SST_WD_0.20-0.25_ConsGalerkinProj_OneShot_Second,SST,250,50,-3.263280e-05,-3.210059e-06,-3.000000e-06,0.000000e+00,-4.740815e-06
RANS_SST_WD_0.20-0.25_ConsGalerkinProj_OneShot_Second,SST,251,51,-3.266120e-05,-3.200178e-06,-3.000000e-06,0.000000e+00,-4.707425e-06
RANS_SST_WD_0.20-0.25_ConsGalerkinProj_OneShot_Second,SST,252,52,-3.266960e-05,-3.185980e-06,-3.000000e-06,0.000000e+00,-4.657189e-06
RANS_SST_WD_0.20-0.25_ConsGalerkinProj_OneShot_Second,SST,253,53,-3.268680e-05,-3.171639e-06,-3.000000e-06,0.000000e+00,-4.601240e-06
RANS_SST_WD_0.20-0.25_ConsGalerkinProj_OneShot_Second,SST,254,54,-3.273550e-05,-3.157098e-06,-3.000000e-06,0.000000e+00,-4.545550e-06
RANS_SST_WD_0.20-0.25_ConsGalerkinProj_OneShot_Second,SST,255,55,-3.282570e-05,-3.146427e-06,-3.000000e-06,0.000000e+00,-4.506221e-06
RANS_SST_WD_0.20-0.25_ConsGalerkinProj_OneShot_Second,SST,256,56,-3.293320e-05,-3.139545e-06,-3.000000e-06,0.000000e+00,-4.489310e-06
RANS_SST_WD_0.20-0.25_ConsGalerkinProj_OneShot_Second,SST,257,57,-3.305580e-05,-3.134708e-06,-3.000000e-06,0.000000e+00,-4.488097e-06
RANS_SST_WD_0.20-0.25_ConsGalerkinProj_OneShot_Second,SST,258,58,-3.318800e-05,-3.132256e-06,-3.000000e-06,0.000000e+00,-4.502463e-06
RANS_SST_WD_0.20-0.25_ConsGalerkinProj_OneShot_Second,SST,259,59,-3.333080e-05,-3.129907e-06,-3.000000e-06,0.000000e+00,-4.519735e-06
RANS_SST_WD_0.20-0.25_ConsGalerkinProj_OneShot_Second,SST,260,60,-3.347520e-05,-3.127669e-06,-3.000000e-06,0.000000e+00,-4.534741e-06
RANS_SST_WD_0.20-0.25_ConsGalerkinProj_OneShot_Second,SST,261,61,-3.362550e-05,-3.124506e-06,-3.000000e-06,0.000000e+00,-4.543501e-06
RANS_SST_WD_0.20-0.25_ConsGalerkinProj_OneShot_Second,SST,262,62,-3.377840e-05,-3.120438e-06,-3.000000e-06,0.000000e+00,-4.547597e-06
RANS_SST_WD_0.20-0.25_ConsGalerkinProj_OneShot_Second,SST,263,63,-3.391640e-05,-3.116061e-06,-3.000000e-06,0.000000e+00,-4.553246e-06
RANS_SST_WD_0.20-0.25_ConsGalerkinProj_OneShot_Second,SST,264,64,-3.404960e-05,-3.111020e-06,-3.000000e-06,0.000000e+00,-4.563801e-06
RANS_SST_WD_0.20-0.25_ConsGalerkinProj_OneShot_Second,SST,265,65,-3.417420e-05,-3.106778e-06,-3.000000e-06,0.000000e+00,-4.580438e-06
RANS_SST_WD_0.20-0.25_ConsGalerkinProj_OneShot_Second,SST,266,66,-3.430850e-05,-3.103939e-06,-3.000000e-06,0.000000e+00,-4.607494e-06
RANS_SST_WD_0.20-0.25_ConsGalerkinProj_OneShot_Second,SST,267,67,-3.445450e-05,-3.102930e-06,-3.000000e-06,0.000000e+00,-4.640173e-06
RANS_SST_WD_0.20-0.25_ConsGalerkinProj_OneShot_Second,SST,268,68,-3.461110e-05,-3.103776e-06,-3.000000e-06,0.000000e+00,-4.675904e-06
RANS_SST_WD_0.20-0.25_ConsGalerkinProj_OneShot_Second,SST,269,69,-3.477180e-05,-3.105583e-06,-3.000000e-06,0.000000e+00,-4.709445e-06
RANS_SST_WD_0.20-0.25_ConsGalerkinProj_OneShot_Second,SST,270,70,-3.491680e-05,-3.107089e-06,-3.000000e-06,0.000000e+00,-4.733890e-06
RANS_SST_WD_0.20-0.25_ConsGalerkinProj_OneShot_Second,SST,271,71,-3.505930e-05,-3.107946e-06,-3.000000e-06,0.000000e+00,-4.751029e-06
RANS_SST_WD_0.20-0.25_ConsGalerkinProj_OneShot_Second,SST,272,72,-3.520210e-05,-3.108131e-06,-3.000000e-06,0.000000e+00,-4.760961e-06
RANS_SST_WD_0.20-0.25_ConsGalerkinProj_OneShot_Second,SST,273,73,-3.534660e-05,-3.107874e-06,-3.000000e-06,0.000000e+00,-4.769652e-06
RANS_SST_WD_0.20-0.25_ConsGalerkinProj_OneShot_Second,SST,274,74,-3.549330e-05,-3.107060e-06,-3.000000e-06,0.000000e+00,-4.783395e-06
RANS_SST_WD_0.20-0.25_ConsGalerkinProj_OneShot_Second,SST,275,75,-3.564070e-05,-3.105374e-06,-3.000000e-06,0.000000e+00,-4.804334e-06
RANS_SST_WD_0.20-0.25_ConsGalerkinProj_OneShot_Second,SST,276,76,-3.578740e-05,-3.102622e-06,-3.000000e-06,0.000000e+00,-4.831343e-06
RANS_SST_WD_0.20-0.25_ConsGalerkinProj_OneShot_Second,SST,277,77,-3.593280e-05,-3.098858e-06,-3.000000e-06,0.000000e+00,-4.861807e-06
RANS_SST_WD_0.20-0.25_ConsGalerkinProj_OneShot_Second,SST,278,78,-3.607670e-05,-3.094377e-06,-3.000000e-06,0.000000e+00,-4.892387e-06
RANS_SST_WD_0.20-0.25_ConsGalerkinProj_OneShot_Second,SST,279,79,-3.621860e-05,-3.089677e-06,-3.000000e-06,0.000000e+00,-4.919886e-06
RANS_SST_WD_0.20-0.25_ConsGalerkinProj_OneShot_Second,SST,280,80,-3.635910e-05,-3.085451e-06,-3.000000e-06,0.000000e+00,-4.942419e-06
RANS_SST_WD_0.20-0.25_ConsGalerkinProj_OneShot_Second,SST,281,81,-3.649990e-05,-3.082443e-06,-3.000000e-06,0.000000e+00,-4.960133e-06
RANS_SST_WD_0.20-0.25_ConsGalerkinProj_OneShot_Second,SST,282,82,-3.664320e-05,-3.081125e-06,-3.000000e-06,0.000000e+00,-4.974979e-06
RANS_SST_WD_0.20-0.25_ConsGalerkinProj_OneShot_Second,SST,283,83,-3.679090e-05,-3.081360e-06,-3.000000e-06,0.000000e+00,-4.989698e-06
RANS_SST_WD_0.20-0.25_ConsGalerkinProj_OneShot_Second,SST,284,84,-3.694310e-05,-3.082329e-06,-3.000000e-06,0.000000e+00,-5.006592e-06
RANS_SST_WD_0.20-0.25_ConsGalerkinProj_OneShot_Second,SST,285,85,-3.709760e-05,-3.082811e-06,-3.000000e-06,0.000000e+00,-5.026632e-06
RANS_SST_WD_0.20-0.25_ConsGalerkinProj_OneShot_Second,SST,286,86,-3.725040e-05,-3.081657e-06,-3.000000e-06,0.000000e+00,-5.049198e-06
RANS_SST_WD_0.20-0.25_ConsGalerkinProj_OneShot_Second,SST,287,87,-3.739710e-05,-3.078245e-06,-3.000000e-06,0.000000e+00,-5.072464e-06
RANS_SST_WD_0.20-0.25_ConsGalerkinProj_OneShot_Second,SST,288,88,-3.753420e-05,-3.072717e-06,-3.000000e-06,0.000000e+00,-5.094157e-06
RANS_SST_WD_0.20-0.25_ConsGalerkinProj_OneShot_Second,SST,289,89,-3.766040e-05,-3.065904e-06,-3.000000e-06,0.000000e+00,-5.112366e-06
RANS_SST_WD_0.20-0.25_ConsGalerkinProj_OneShot_Second,SST,290,90,-3.777710e-05,-3.058978e-06,-3.000000e-06,0.000000e+00,-5.126127e-06
RANS_SST_WD_0.20-0.25_ConsGalerkinProj_OneShot_Second,SST,291,91,-3.788760e-05,-3.052941e-06,-3.000000e-06,0.000000e+00,-5.135635e-06
RANS_SST_WD_0.20-0.25_ConsGalerkinProj_OneShot_Second,SST,292,92,-3.799640e-05,-3.048230e-06,-3.000000e-06,0.000000e+00,-5.142102e-06
RANS_SST_WD_0.20-0.25_ConsGalerkinProj_OneShot_Second,SST,293,93,-3.810750e-05,-3.044577e-06,-3.000000e-06,0.000000e+00,-5.147342e-06
RANS_SST_WD_0.20-0.25_ConsGalerkinProj_OneShot_Second,SST,294,94,-3.822330e-05,-3.041195e-06,-3.000000e-06,0.000000e+00,-5.153257e-06
RANS_SST_WD_0.20-0.25_ConsGalerkinProj_OneShot_Second,SST,295,95,-3.834440e-05,-3.037169e-06,-3.000000e-06,0.000000e+00,-5.161392e-06
RANS_SST_WD_0.20-0.25_ConsGalerkinProj_OneShot_Second,SST,296,96,-3.846980e-05,-3.031876e-06,-3.000000e-06,0.000000e+00,-5.172639e-06
RANS_SST_WD_0.20-0.25_ConsGalerkinProj_OneShot_Second,SST,297,97,-3.859770e-05,-3.025242e-06,-3.000000e-06,0.000000e+00,-5.187111e-06
RANS_SST_WD_0.20-0.25_ConsGalerkinProj_OneShot_Second,SST,298,98,-3.872620e-05,-3.017755e-06,-3.000000e-06,0.000000e+00,-5.204122e-06
RANS_SST_WD_0.20-0.25_ConsGalerkinProj_OneShot_Second,SST,299,99,-3.885400e-05,-3.010224e-06,-3.000000e-06,0.000000e+00,-5.222264e-06
RANS_SST_WD_0.20-0.25_ConsGalerkinProj_OneShot_Second,SST,300,100,-3.897970e-05,-3.003439e-06,-3.000000e-06,0.000000e+00,-5.239619e-06
RANS_SST_WD_0.20-0.25_ConsGalerkinProj_OneShot_Second,SST,301,101,-3.910240e-05,-2.997857e-06,-3.000000e-06,0.000000e+00,-5.254155e-06
RANS_SST_WD_0.20-0.25_ConsGalerkinProj_OneShot_Second,SST,302,102,-3.922060e-05,-2.993436e-06,-3.000000e-06,0.000000e+00,-5.264293e-06
RANS_SST_WD_0.20-0.25_ConsGalerkinProj_OneShot_Second,SST,303,103,-3.933300e-05,-2.989689e-06,-3.000000e-06,0.000000e+00,-5.269475e-06
RANS_SST_WD_0.20-0.25_ConsGalerkinProj_OneShot_Second,SST,304,104,-3.943920e-05,-2.985882e-06,-3.000000e-06,0.000000e+00,-5.270510e-06
RANS_SST_WD_0.20-0.25_ConsGalerkinProj_OneShot_Second,SST,305,105,-3.953950e-05,-2.981303e-06,-3.000000e-06,0.000000e+00,-5.269486e-06
RANS_SST_WD_0.20-0.25_ConsGalerkinProj_OneShot_Second,SST,306,106,-3.963570e-05,-2.975508e-06,-3.000000e-06,0.000000e+00,-5.269189e-06
RANS_SST_WD_0.20-0.25_ConsGalerkinProj_OneShot_Second,SST,307,107,-3.973070e-05,-2.968462e-06,-3.000000e-06,0.000000e+00,-5.272201e-06
RANS_SST_WD_0.20-0.25_ConsGalerkinProj_OneShot_Second,SST,308,108,-3.982780e-05,-2.960543e-06,-3.000000e-06,0.000000e+00,-5.280000e-06
RANS_SST_WD_0.20-0.25_ConsGalerkinProj_OneShot_Second,SST,309,109,-3.992970e-05,-2.952430e-06,-3.000000e-06,0.000000e+00,-5.292420e-06
RANS_SST_WD_0.20-0.25_ConsGalerkinProj_OneShot_Second,SST,310,110,-4.003770e-05,-2.944895e-06,-3.000000e-06,0.000000e+00,-5.307713e-06
RANS_SST_WD_0.20-0.25_ConsGalerkinProj_OneShot_Second,SST,311,111,-4.015140e-05,-2.938561e-06,-3.000000e-06,0.000000e+00,-5.323206e-06
RANS_SST_WD_0.20-0.25_ConsGalerkinProj_OneShot_Second,SST,312,112,-4.026900e-05,-2.933683e-06,-3.000000e-06,0.000000e+00,-5.336320e-06
RANS_SST_WD_0.20-0.25_ConsGalerkinProj_OneShot_Second,SST,313,113,-4.038750e-05,-2.930019e-06,-3.000000e-06,0.000000e+00,-5.345522e-06
RANS_SST_WD_0.20-0.25_ConsGalerkinProj_OneShot_Second,SST,314,114,-4.050370e-05,-2.926873e-06,-3.000000e-06,0.000000e+00,-5.350837e-06
RANS_SST_WD_0.20-0.25_ConsGalerkinProj_OneShot_Second,SST,315,115,-4.061470e-05,-2.923300e-06,-3.000000e-06,0.000000e+00,-5.353706e-06
RANS_SST_WD_0.20-0.25_ConsGalerkinProj_OneShot_Second,SST,316,116,-4.071880e-05,-2.918426e-06,-3.000000e-06,0.000000e+00,-5.356287e-06
RANS_SST_WD_0.20-0.25_ConsGalerkinProj_OneShot_Second,SST,317,117,-4.081560e-05,-2.911783e-06,-3.000000e-06,0.000000e+00,-5.360513e-06
RANS_SST_WD_0.20-0.25_ConsGalerkinProj_OneShot_Second,SST,318,118,-4.090600e-05,-2.903497e-06,-3.000000e-06,0.000000e+00,-5.367334e-06
RANS_SST_WD_0.20-0.25_ConsGalerkinProj_OneShot_Second,SST,319,119,-4.099190e-05,-2.894270e-06,-2.000000e-06,0.000000e+00,-5.376454e-06
RANS_SST_WD_0.20-0.25_ConsGalerkinProj_OneShot_Second,SST,320,120,-4.107620e-05,-2.885121e-06,-2.000000e-06,0.000000e+00,-5.386632e-06
RANS_SST_WD_0.20-0.25_ConsGalerkinProj_OneShot_Second,SST,321,121,-4.116160e-05,-2.877011e-06,-2.000000e-06,0.000000e+00,-5.396381e-06
RANS_SST_WD_0.20-0.25_ConsGalerkinProj_OneShot_Second,SST,322,122,-4.125100e-05,-2.870507e-06,-2.000000e-06,0.000000e+00,-5.404729e-06
RANS_SST_WD_0.20-0.25_ConsGalerkinProj_OneShot_Second,SST,323,123,-4.134650e-05,-2.865621e-06,-2.000000e-06,0.000000e+00,-5.411685e-06
RANS_SST_WD_0.20-0.25_ConsGalerkinProj_OneShot_Second,SST,324,124,-4.144920e-05,-2.861887e-06,-2.000000e-06,0.000000e+00,-5.418242e-06
RANS_SST_WD_0.20-0.25_ConsGalerkinProj_OneShot_Second,SST,325,125,-4.155920e-05,-2.858611e-06,-2.000000e-06,0.000000e+00,-5.425903e-06
RANS_SST_WD_0.20-0.25_ConsGalerkinProj_OneShot_Second,SST,326,126,-4.167530e-05,-2.855167e-06,-2.000000e-06,0.000000e+00,-5.435975e-06
RANS_SST_WD_0.20-0.25_ConsGalerkinProj_OneShot_Second,SST,327,127,-4.179510e-05,-2.851194e-06,-2.000000e-06,0.000000e+00,-5.448938e-06
RANS_SST_WD_0.20-0.25_ConsGalerkinProj_OneShot_Second,SST,328,128,-4.191500e-05,-2.846629e-06,-2.000000e-06,0.000000e+00,-5.464165e-06
RANS_SST_WD_0.20-0.25_ConsGalerkinProj_OneShot_Second,SST,329,129,-4.203100e-05,-2.841601e-06,-2.000000e-06,0.000000e+00,-5.480102e-06
RANS_SST_WD_0.20-0.25_ConsGalerkinProj_OneShot_Second,SST,330,130,-4.213950e-05,-2.836256e-06,-2.000000e-06,0.000000e+00,-5.494808e-06
RANS_SST_WD_0.20-0.25_ConsGalerkinProj_OneShot_Second,SST,331,131,-4.223800e-05,-2.830644e-06,-2.000000e-06,0.000000e+00,-5.506624e-06
RANS_SST_WD_0.20-0.25_ConsGalerkinProj_OneShot_Second,SST,332,132,-4.232620e-05,-2.824709e-06,-2.000000e-06,0.000000e+00,-5.514695e-06
RANS_SST_WD_0.20-0.25_ConsGalerkinProj_OneShot_Second,SST,333,133,-4.240550e-05,-2.818366e-06,-2.000000e-06,0.000000e+00,-5.519186e-06
RANS_SST_WD_0.20-0.25_ConsGalerkinProj_OneShot_Second,SST,334,134,-4.247940e-05,-2.811616e-06,-2.000000e-06,0.000000e+00,-5.521161e-06
RANS_SST_WD_0.20-0.25_ConsGalerkinProj_OneShot_Second,SST,335,135,-4.255180e-05,-2.804608e-06,-2.000000e-06,0.000000e+00,-5.522212e-06
RANS_SST_WD_0.20-0.25_ConsGalerkinProj_OneShot_Second,SST,336,136,-4.262660e-05,-2.797631e-06,-2.000000e-06,0.000000e+00,-5.524012e-06
RANS_SST_WD_0.20-0.25_ConsGalerkinProj_OneShot_Second,SST,337,137,-4.270670e-05,-2.791020e-06,-2.000000e-06,0.000000e+00,-5.527917e-06
RANS_SST_WD_0.20-0.25_ConsGalerkinProj_OneShot_Second,SST,338,138,-4.279340e-05,-2.785048e-06,-2.000000e-06,0.000000e+00,-5.534704e-06
RANS_SST_WD_0.20-0.25_ConsGalerkinProj_OneShot_Second,SST,339,139,-4.288650e-05,-2.779858e-06,-2.000000e-06,0.000000e+00,-5.544476e-06
RANS_SST_WD_0.20-0.25_ConsGalerkinProj_OneShot_Second,SST,340,140,-4.298510e-05,-2.775439e-06,-2.000000e-06,0.000000e+00,-5.556718e-06
RANS_SST_WD_0.20-0.25_ConsGalerkinProj_OneShot_Second,SST,341,141,-4.308720e-05,-2.771661e-06,-2.000000e-06,0.000000e+00,-5.570469e-06
RANS_SST_WD_0.20-0.25_ConsGalerkinProj_OneShot_Second,SST,342,142,-4.319140e-05,-2.768334e-06,-2.000000e-06,0.000000e+00,-5.584550e-06
RANS_SST_WD_0.20-0.25_ConsGalerkinProj_OneShot_Second,SST,343,143,-4.329610e-05,-2.765242e-06,-2.000000e-06,0.000000e+00,-5.597823e-06
RANS_SST_WD_0.20-0.25_ConsGalerkinProj_OneShot_Second,SST,344,144,-4.340020e-05,-2.762168e-06,-2.000000e-06,0.000000e+00,-5.609396e-06
RANS_SST_WD_0.20-0.25_ConsGalerkinProj_OneShot_Second,SST,345,145,-4.350230e-05,-2.758888e-06,-2.000000e-06,0.000000e+00,-5.618770e-06
RANS_SST_WD_0.20-0.25_ConsGalerkinProj_OneShot_Second,SST,346,146,-4.360070e-05,-2.755180e-06,-2.000000e-06,0.000000e+00,-5.625888e-06
RANS_SST_WD_0.20-0.25_ConsGalerkinProj_OneShot_Second,SST,347,147,-4.369410e-05,-2.750855e-06,-2.000000e-06,0.000000e+00,-5.631102e-06
RANS_SST_WD_0.20-0.25_ConsGalerkinProj_OneShot_Second,SST,348,148,-4.378080e-05,-2.745806e-06,-2.000000e-06,0.000000e+00,-5.635069e-06
RANS_SST_WD_0.20-0.25_ConsGalerkinProj_OneShot_Second,SST,349,149,-4.386030e-05,-2.740049e-06,-2.000000e-06,0.000000e+00,-5.638580e-06
RANS_SST_WD_0.20-0.25_ConsGalerkinProj_OneShot_Second,SST,350,150,-4.393300e-05,-2.733748e-06,-2.000000e-06,0.000000e+00,-5.642354e-06
RANS_SST_WD_0.20-0.25_ConsGalerkinProj_OneShot_Second,SST,351,151,-4.400050e-05,-2.727192e-06,-2.000000e-06,0.000000e+00,-5.646834e-06
RANS_SST_WD_0.20-0.25_ConsGalerkinProj_OneShot_Second,SST,352,152,-4.406540e-05,-2.720725e-06,-2.000000e-06,0.000000e+00,-5.652051e-06
RANS_SST_WD_0.20-0.25_ConsGalerkinProj_OneShot_Second,SST,353,153,-4.413050e-05,-2.714650e-06,-2.000000e-06,0.000000e+00,-5.657628e-06
RANS_SST_WD_0.20-0.25_ConsGalerkinProj_OneShot_Second,SST,354,154,-4.419840e-05,-2.709158e-06,-2.000000e-06,0.000000e+00,-5.662957e-06
RANS_SST_WD_0.20-0.25_ConsGalerkinProj_OneShot_Second,SST,355,155,-4.427080e-05,-2.704282e-06,-2.000000e-06,0.000000e+00,-5.667518e-06
RANS_SST_WD_0.20-0.25_ConsGalerkinProj_OneShot_Second,SST,356,156,-4.434780e-05,-2.699912e-06,-2.000000e-06,0.000000e+00,-5.671198e-06
RANS_SST_WD_0.20-0.25_ConsGalerkinProj_OneShot_Second,SST,357,157,-4.442900e-05,-2.695851e-06,-2.000000e-06,0.000000e+00,-5.674459e-06
RANS_SST_WD_0.20-0.25_ConsGalerkinProj_OneShot_Second,SST,358,158,-4.451330e-05,-2.691912e-06,-2.000000e-06,0.000000e+00,-5.678243e-06
RANS_SST_WD_0.20-0.25_ConsGalerkinProj_OneShot_Second,SST,359,159,-4.459930e-05,-2.687970e-06,-2.000000e-06,0.000000e+00,-5.683601e-06
RANS_SST_WD_0.20-0.25_ConsGalerkinProj_OneShot_Second,SST,360,160,-4.468590e-05,-2.684007e-06,-2.000000e-06,0.000000e+00,-5.691208e-06
RANS_SST_WD_0.20-0.25_ConsGalerkinProj_OneShot_Second,SST,361,161,-4.477200e-05,-2.680070e-06,-2.000000e-06,0.000000e+00,-5.700973e-06
RANS_SST_WD_0.20-0.25_ConsGalerkinProj_OneShot_Second,SST,362,162,-4.485690e-05,-2.676224e-06,-2.000000e-06,0.000000e+00,-5.711948e-06
RANS_SST_WD_0.20-0.25_ConsGalerkinProj_OneShot_Second,SST,363,163,-4.493980e-05,-2.672470e-06,-2.000000e-06,0.000000e+00,-5.722614e-06
RANS_SST_WD_0.20-0.25_ConsGalerkinProj_OneShot_Second,SST,364,164,-4.502020e-05,-2.668719e-06,-2.000000e-06,0.000000e+00,-5.731436e-06
RANS_SST_WD_0.20-0.25_ConsGalerkinProj_OneShot_Second,SST,365,165,-4.509760e-05,-2.664811e-06,-2.000000e-06,0.000000e+00,-5.737454e-06
RANS_SST_WD_0.20-0.25_ConsGalerkinProj_OneShot_Second,SST,366,166,-4.517220e-05,-2.660582e-06,-2.000000e-06,0.000000e+00,-5.740667e-06
RANS_SST_WD_0.20-0.25_ConsGalerkinProj_OneShot_Second,SST,367,167,-4.524410e-05,-2.655946e-06,-2.000000e-06,0.000000e+00,-5.742025e-06
RANS_SST_WD_0.20-0.25_ConsGalerkinProj_OneShot_Second,SST,368,168,-4.531440e-05,-2.650957e-06,-2.000000e-06,0.000000e+00,-5.743062e-06
RANS_SST_WD_0.20-0.25_ConsGalerkinProj_OneShot_Second,SST,369,169,-4.538380e-05,-2.645804e-06,-2.000000e-06,0.000000e+00,-5.745302e-06
RANS_SST_WD_0.20-0.25_ConsGalerkinProj_OneShot_Second,SST,370,170,-4.545330e-05,-2.640749e-06,-2.000000e-06,0.000000e+00,-5.749710e-06
RANS_SST_WD_0.20-0.25_ConsGalerkinProj_OneShot_Second,SST,371,171,-4.552310e-05,-2.636029e-06,-2.000000e-06,0.000000e+00,-5.756381e-06
RANS_SST_WD_0.20-0.25_ConsGalerkinProj_OneShot_Second,SST,372,172,-4.559370e-05,-2.631768e-06,-2.000000e-06,0.000000e+00,-5.764590e-06
RANS_SST_WD_0.20-0.25_ConsGalerkinProj_OneShot_Second,SST,373,173,-4.566480e-05,-2.627938e-06,-2.000000e-06,0.000000e+00,-5.773142e-06
RANS_SST_WD_0.20-0.25_ConsGalerkinProj_OneShot_Second,SST,374,174,-4.573620e-05,-2.624390e-06,-2.000000e-06,0.000000e+00,-5.780869e-06
RANS_SST_WD_0.20-0.25_ConsGalerkinProj_OneShot_Second,SST,375,175,-4.580790e-05,-2.620932e-06,-2.000000e-06,0.000000e+00,-5.787079e-06
RANS_SST_WD_0.20-0.25_ConsGalerkinProj_OneShot_Second,SST,376,176,-4.588010e-05,-2.617421e-06,-2.000000e-06,0.000000e+00,-5.791771e-06
RANS_SST_WD_0.20-0.25_ConsGalerkinProj_OneShot_Second,SST,377,177,-4.595320e-05,-2.613815e-06,-2.000000e-06,0.000000e+00,-5.795581e-06
RANS_SST_WD_0.20-0.25_ConsGalerkinProj_OneShot_Second,SST,378,178,-4.602730e-05,-2.610179e-06,-2.000000e-06,0.000000e+00,-5.799481e-06
RANS_SST_WD_0.20-0.25_ConsGalerkinProj_OneShot_Second,SST,379,179,-4.610260e-05,-2.606623e-06,-2.000000e-06,0.000000e+00,-5.804382e-06
RANS_SST_WD_0.20-0.25_ConsGalerkinProj_OneShot_Second,SST,380,180,-4.617850e-05,-2.603227e-06,-2.000000e-06,0.000000e+00,-5.810780e-06
RANS_SST_WD_0.20-0.25_ConsGalerkinProj_OneShot_Second,SST,381,181,-4.625410e-05,-2.599982e-06,-2.000000e-06,0.000000e+00,-5.818592e-06
RANS_SST_WD_0.20-0.25_ConsGalerkinProj_OneShot_Second,SST,382,182,-4.632870e-05,-2.596779e-06,-2.000000e-06,0.000000e+00,-5.827223e-06
RANS_SST_WD_0.20-0.25_ConsGalerkinProj_OneShot_Second,SST,383,183,-4.640130e-05,-2.593455e-06,-2.000000e-06,0.000000e+00,-5.835807e-06
RANS_SST_WD_0.20-0.25_ConsGalerkinProj_OneShot_Second,SST,384,184,-4.647150e-05,-2.589877e-06,-2.000000e-06,0.000000e+00,-5.843534e-06
RANS_SST_WD_0.20-0.25_ConsGalerkinProj_OneShot_Second,SST,385,185,-4.653970e-05,-2.586012e-06,-2.000000e-06,0.000000e+00,-5.849930e-06
RANS_SST_WD_0.20-0.25_ConsGalerkinProj_OneShot_Second,SST,386,186,-4.660660e-05,-2.581955e-06,-2.000000e-06,0.000000e+00,-5.854977e-06
RANS_SST_WD_0.20-0.25_ConsGalerkinProj_OneShot_Second,SST,387,187,-4.667290e-05,-2.577893e-06,-2.000000e-06,0.000000e+00,-5.859074e-06
RANS_SST_WD_0.20-0.25_ConsGalerkinProj_OneShot_Second,SST,388,188,-4.673960e-05,-2.574032e-06,-2.000000e-06,0.000000e+00,-5.862851e-06
RANS_SST_WD_0.20-0.25_ConsGalerkinProj_OneShot_Second,SST,389,189,-4.680680e-05,-2.570497e-06,-2.000000e-06,0.000000e+00,-5.866948e-06
RANS_SST_WD_0.20-0.25_ConsGalerkinProj_OneShot_Second,SST,390,190,-4.687450e-05,-2.567284e-06,-2.000000e-06,0.000000e+00,-5.871823e-06
RANS_SST_WD_0.20-0.25_ConsGalerkinProj_OneShot_Second,SST,391,191,-4.694230e-05,-2.564258e-06,-2.000000e-06,0.000000e+00,-5.877660e-06
RANS_SST_WD_0.20-0.25_ConsGalerkinProj_OneShot_Second,SST,392,192,-4.700960e-05,-2.561226e-06,-2.000000e-06,0.000000e+00,-5.884369e-06
RANS_SST_WD_0.20-0.25_ConsGalerkinProj_OneShot_Second,SST,393,193,-4.707620e-05,-2.558018e-06,-2.000000e-06,0.000000e+00,-5.891662e-06
RANS_SST_WD_0.20-0.25_ConsGalerkinProj_OneShot_Second,SST,394,194,-4.714210e-05,-2.554587e-06,-2.000000e-06,0.000000e+00,-5.899150e-06
RANS_SST_WD_0.20-0.25_ConsGalerkinProj_OneShot_Second,SST,395,195,-4.720770e-05,-2.551025e-06,-2.000000e-06,0.000000e+00,-5.906437e-06
RANS_SST_WD_0.20-0.25_ConsGalerkinProj_OneShot_Second,SST,396,196,-4.727350e-05,-2.547527e-06,-2.000000e-06,0.000000e+00,-5.913209e-06
RANS_SST_WD_0.20-0.25_ConsGalerkinProj_OneShot_Second,SST,397,197,-4.734010e-05,-2.544306e-06,-2.000000e-06,0.000000e+00,-5.919300e-06
RANS_SST_WD_0.20-0.25_ConsGalerkinProj_OneShot_Second,SST,398,198,-4.740740e-05,-2.541496e-06,-2.000000e-06,0.000000e+00,-5.924748e-06
RANS_SST_WD_0.20-0.25_ConsGalerkinProj_OneShot_Second,SST,399,199,-4.747550e-05,-2.539086e-06,-2.000000e-06,0.000000e+00,-5.929805e-06
