case,model,step,n_fixed,n_fixed_wallband,n_fixed_outer,n_moved,Eddy_Viscosity_band_scale,Eddy_Viscosity_band_rms_rel,Eddy_Viscosity_band_max_rel,Eddy_Viscosity_outer_scale,Eddy_Viscosity_outer_rms_rel,Eddy_Viscosity_outer_max_rel,Nu_Tilde_band_scale,Nu_Tilde_band_rms_rel,Nu_Tilde_band_max_rel,Nu_Tilde_outer_scale,Nu_Tilde_outer_rms_rel,Nu_Tilde_outer_max_rel
RANS_SA_WD_0.01-20_ConsGalerkinProj_Drift_Second,SA,5,23271,8590,14681,0,7.9836e-06,0.000e+00,0.000e+00,8.7777e-06,0.000e+00,0.000e+00,7.9847e-06,0.000e+00,0.000e+00,8.7774e-06,0.000e+00,0.000e+00
RANS_SA_WD_0.01-20_ConsGalerkinProj_Drift_Second,SA,10,10669,8590,2079,12602,7.9836e-06,1.345e-04,3.165e-03,1.9155e-08,6.930e-05,1.727e-03,7.9847e-06,1.334e-04,3.182e-03,8.0348e-08,2.857e-05,7.290e-04
RANS_SA_WD_0.01-20_ConsGalerkinProj_Drift_Second,SA,15,10669,8590,2079,12602,7.9836e-06,6.876e-04,1.048e-02,1.9155e-08,7.472e-05,1.982e-03,7.9847e-06,6.876e-04,1.051e-02,8.0348e-08,2.939e-05,6.045e-04
RANS_SA_WD_0.01-20_ConsGalerkinProj_Drift_Second,SA,20,10669,8590,2079,12602,7.9836e-06,7.944e-04,1.031e-02,1.9155e-08,5.510e-05,1.543e-03,7.9847e-06,7.947e-04,1.031e-02,8.0348e-08,2.763e-05,6.374e-04
RANS_SA_WD_0.01-20_ConsGalerkinProj_Drift_Second,SA,25,10669,8590,2079,12602,7.9836e-06,7.476e-04,1.035e-02,1.9155e-08,4.929e-05,1.197e-03,7.9847e-06,7.470e-04,1.035e-02,8.0348e-08,2.677e-05,7.146e-04
RANS_SA_WD_0.01-20_ConsGalerkinProj_Drift_Second,SA,30,10669,8590,2079,12602,7.9836e-06,7.955e-04,9.576e-03,1.9155e-08,7.841e-05,2.203e-03,7.9847e-06,7.952e-04,9.575e-03,8.0348e-08,5.080e-05,1.795e-03
RANS_SA_WD_0.01-20_ConsGalerkinProj_Drift_Second,SA,35,10669,8590,2079,12602,7.9836e-06,1.224e-03,2.111e-02,1.9155e-08,8.651e-05,1.884e-03,7.9847e-06,1.224e-03,2.113e-02,8.0348e-08,4.811e-05,1.500e-03
RANS_SA_WD_0.01-20_ConsGalerkinProj_Drift_Second,SA,40,10669,8590,2079,12602,7.9836e-06,9.773e-04,1.008e-02,1.9155e-08,9.093e-05,2.268e-03,7.9847e-06,9.774e-04,1.010e-02,8.0348e-08,4.046e-05,1.060e-03
RANS_SA_WD_0.01-20_ConsGalerkinProj_Drift_Second,SA,45,10669,8590,2079,12602,7.9836e-06,7.576e-04,9.509e-03,1.9155e-08,7.179e-05,2.104e-03,7.9847e-06,7.577e-04,9.511e-03,8.0348e-08,3.076e-05,6.409e-04
RANS_SA_WD_0.01-20_ConsGalerkinProj_Drift_Second,SA,50,10669,8590,2079,12602,7.9836e-06,7.612e-04,1.109e-02,1.9155e-08,1.356e-04,4.307e-03,7.9847e-06,7.610e-04,1.110e-02,8.0348e-08,5.459e-05,1.718e-03
RANS_SA_WD_0.01-20_ConsGalerkinProj_Drift_Second,SA,55,10669,8590,2079,12602,7.9836e-06,1.181e-03,1.622e-02,1.9155e-08,1.254e-04,4.432e-03,7.9847e-06,1.180e-03,1.622e-02,8.0348e-08,5.380e-05,1.768e-03
RANS_SA_WD_0.01-20_ConsGalerkinProj_Drift_Second,SA,60,10669,8590,2079,12602,7.9836e-06,1.408e-03,1.712e-02,1.9155e-08,1.674e-04,5.924e-03,7.9847e-06,1.408e-03,1.711e-02,8.0348e-08,7.016e-05,2.365e-03
RANS_SA_WD_0.01-20_ConsGalerkinProj_Drift_Second,SA,65,10669,8590,2079,12602,7.9836e-06,1.213e-03,1.586e-02,1.9155e-08,1.570e-04,5.062e-03,7.9847e-06,1.212e-03,1.586e-02,8.0348e-08,6.464e-05,2.020e-03
RANS_SA_WD_0.01-20_ConsGalerkinProj_Drift_Second,SA,70,10669,8590,2079,12602,7.9836e-06,1.032e-03,1.293e-02,1.9155e-08,1.114e-04,3.771e-03,7.9847e-06,1.031e-03,1.293e-02,8.0348e-08,5.243e-05,1.769e-03
RANS_SA_WD_0.01-20_ConsGalerkinProj_Drift_Second,SA,75,10669,8590,2079,12602,7.9836e-06,1.427e-03,1.961e-02,1.9155e-08,1.256e-04,4.306e-03,7.9847e-06,1.427e-03,1.962e-02,8.0348e-08,5.729e-05,2.021e-03
RANS_SA_WD_0.01-20_ConsGalerkinProj_Drift_Second,SA,80,10669,8590,2079,12602,7.9836e-06,1.581e-03,1.633e-02,1.9155e-08,2.238e-04,5.518e-03,7.9847e-06,1.581e-03,1.634e-02,8.0348e-08,9.690e-05,2.203e-03
RANS_SA_WD_0.01-20_ConsGalerkinProj_Drift_Second,SA,85,10669,8590,2079,12602,7.9836e-06,1.250e-03,1.276e-02,1.9155e-08,2.083e-04,6.515e-03,7.9847e-06,1.250e-03,1.276e-02,8.0348e-08,8.901e-05,2.602e-03
RANS_SA_WD_0.01-20_ConsGalerkinProj_Drift_Second,SA,90,10669,8590,2079,12602,7.9836e-06,9.335e-04,9.874e-03,1.9155e-08,2.142e-04,5.783e-03,7.9847e-06,9.336e-04,9.875e-03,8.0348e-08,8.882e-05,2.206e-03
RANS_SA_WD_0.01-20_ConsGalerkinProj_Drift_Second,SA,95,10669,8590,2079,12602,7.9836e-06,9.371e-04,1.406e-02,1.9155e-08,2.013e-04,4.531e-03,7.9847e-06,9.364e-04,1.405e-02,8.0348e-08,8.993e-05,2.301e-03
RANS_SA_WD_0.01-20_ConsGalerkinProj_Drift_Second,SA,100,10669,8590,2079,12602,7.9836e-06,1.047e-03,1.359e-02,1.9155e-08,1.907e-04,5.828e-03,7.9847e-06,1.046e-03,1.358e-02,8.0348e-08,8.662e-05,2.738e-03
RANS_SA_WD_0.01-20_ConsGalerkinProj_Drift_Second,SA,105,10669,8590,2079,12602,7.9836e-06,9.426e-04,1.275e-02,1.9155e-08,1.734e-04,6.019e-03,7.9847e-06,9.425e-04,1.275e-02,8.0348e-08,8.096e-05,2.828e-03
RANS_SA_WD_0.01-20_ConsGalerkinProj_Drift_Second,SA,110,10669,8590,2079,12602,7.9836e-06,9.255e-04,1.112e-02,1.9155e-08,2.016e-04,7.106e-03,7.9847e-06,9.256e-04,1.111e-02,8.0348e-08,9.780e-05,3.341e-03
RANS_SA_WD_0.01-20_ConsGalerkinProj_Drift_Second,SA,115,10669,8590,2079,12602,7.9836e-06,1.079e-03,1.234e-02,1.9155e-08,1.881e-04,6.639e-03,7.9847e-06,1.079e-03,1.234e-02,8.0348e-08,9.274e-05,3.120e-03
RANS_SA_WD_0.01-20_ConsGalerkinProj_Drift_Second,SA,120,10669,8590,2079,12602,7.9836e-06,2.567e-03,7.572e-02,1.9155e-08,1.902e-04,4.630e-03,7.9847e-06,2.564e-03,7.544e-02,8.0348e-08,8.686e-05,2.173e-03
RANS_SA_WD_0.01-20_ConsGalerkinProj_Drift_Second,SA,125,10669,8590,2079,12602,7.9836e-06,4.695e-03,4.589e-02,1.9155e-08,1.496e-04,3.192e-03,7.9847e-06,4.693e-03,4.586e-02,8.0348e-08,7.070e-05,1.969e-03
RANS_SA_WD_0.01-20_ConsGalerkinProj_Drift_Second,SA,130,10669,8590,2079,12602,7.9836e-06,3.612e-03,4.179e-02,1.9155e-08,1.333e-04,4.897e-03,7.9847e-06,3.610e-03,4.178e-02,8.0348e-08,6.045e-05,1.954e-03
RANS_SA_WD_0.01-20_ConsGalerkinProj_Drift_Second,SA,135,10669,8590,2079,12602,7.9836e-06,3.240e-03,3.456e-02,1.9155e-08,1.242e-04,4.384e-03,7.9847e-06,3.237e-03,3.453e-02,8.0348e-08,5.338e-05,1.749e-03
RANS_SA_WD_0.01-20_ConsGalerkinProj_Drift_Second,SA,140,10669,8590,2079,12602,7.9836e-06,1.285e-03,1.485e-02,1.9155e-08,1.429e-04,4.228e-03,7.9847e-06,1.285e-03,1.483e-02,8.0348e-08,5.858e-05,1.325e-03
RANS_SA_WD_0.01-20_ConsGalerkinProj_Drift_Second,SA,145,10669,8590,2079,12602,7.9836e-06,1.359e-03,2.052e-02,1.9155e-08,1.044e-04,2.578e-03,7.9847e-06,1.360e-03,2.054e-02,8.0348e-08,5.001e-05,1.273e-03
RANS_SA_WD_0.01-20_ConsGalerkinProj_Drift_Second,SA,150,10669,8590,2079,12602,7.9836e-06,1.024e-03,1.169e-02,1.9155e-08,9.343e-05,2.642e-03,7.9847e-06,1.024e-03,1.168e-02,8.0348e-08,4.789e-05,1.238e-03
RANS_SA_WD_0.01-20_ConsGalerkinProj_Drift_Second,SA,155,10669,8590,2079,12602,7.9836e-06,1.372e-03,1.779e-02,1.9155e-08,9.301e-05,2.111e-03,7.9847e-06,1.372e-03,1.778e-02,8.0348e-08,4.516e-05,9.895e-04
RANS_SA_WD_0.01-20_ConsGalerkinProj_Drift_Second,SA,160,10669,8590,2079,12602,7.9836e-06,1.597e-03,1.598e-02,1.9155e-08,1.693e-04,4.453e-03,7.9847e-06,1.598e-03,1.598e-02,8.0348e-08,6.844e-05,1.409e-03
RANS_SA_WD_0.01-20_ConsGalerkinProj_Drift_Second,SA,165,10669,8590,2079,12602,7.9836e-06,1.489e-03,1.542e-02,1.9155e-08,1.889e-04,3.907e-03,7.9847e-06,1.489e-03,1.542e-02,8.0348e-08,7.364e-05,1.594e-03
RANS_SA_WD_0.01-20_ConsGalerkinProj_Drift_Second,SA,170,10669,8590,2079,12602,7.9836e-06,1.264e-03,1.532e-02,1.9155e-08,1.506e-04,3.646e-03,7.9847e-06,1.264e-03,1.532e-02,8.0348e-08,5.875e-05,1.599e-03
RANS_SA_WD_0.01-20_ConsGalerkinProj_Drift_Second,SA,175,10669,8590,2079,12602,7.9836e-06,1.405e-03,1.834e-02,1.9155e-08,1.473e-04,3.501e-03,7.9847e-06,1.404e-03,1.833e-02,8.0348e-08,5.843e-05,1.495e-03
RANS_SA_WD_0.01-20_ConsGalerkinProj_Drift_Second,SA,180,10669,8590,2079,12602,7.9836e-06,7.434e-04,1.022e-02,1.9155e-08,1.566e-04,4.688e-03,7.9847e-06,7.428e-04,1.021e-02,8.0348e-08,7.112e-05,2.201e-03
RANS_SA_WD_0.01-20_ConsGalerkinProj_Drift_Second,SA,185,10669,8590,2079,12602,7.9836e-06,1.070e-03,1.682e-02,1.9155e-08,1.673e-04,4.792e-03,7.9847e-06,1.070e-03,1.685e-02,8.0348e-08,7.689e-05,2.250e-03
RANS_SA_WD_0.01-20_ConsGalerkinProj_Drift_Second,SA,190,10669,8590,2079,12602,7.9836e-06,1.333e-03,1.530e-02,1.9155e-08,1.924e-04,4.722e-03,7.9847e-06,1.333e-03,1.530e-02,8.0348e-08,8.920e-05,2.217e-03
RANS_SA_WD_0.01-20_ConsGalerkinProj_Drift_Second,SA,195,10669,8590,2079,12602,7.9836e-06,1.207e-03,1.250e-02,1.9155e-08,1.924e-04,4.907e-03,7.9847e-06,1.207e-03,1.249e-02,8.0348e-08,8.790e-05,2.304e-03
RANS_SA_WD_0.01-20_ConsGalerkinProj_Drift_Second,SA,200,10669,8590,2079,12602,7.9836e-06,7.702e-04,1.074e-02,1.9155e-08,2.123e-04,6.027e-03,7.9847e-06,7.694e-04,1.073e-02,8.0348e-08,9.747e-05,2.832e-03
RANS_SA_WD_0.01-20_ConsGalerkinProj_Drift_Second,SA,205,10669,8590,2079,12602,7.9836e-06,9.250e-04,1.004e-02,1.9155e-08,2.216e-04,6.769e-03,7.9847e-06,9.249e-04,1.004e-02,8.0348e-08,1.010e-04,3.182e-03
RANS_SA_WD_0.01-20_ConsGalerkinProj_Drift_Second,SA,210,10669,8590,2079,12602,7.9836e-06,1.021e-03,1.276e-02,1.9155e-08,2.285e-04,7.507e-03,7.9847e-06,1.021e-03,1.275e-02,8.0348e-08,1.119e-04,3.531e-03
RANS_SA_WD_0.01-20_ConsGalerkinProj_Drift_Second,SA,215,10669,8590,2079,12602,7.9836e-06,8.643e-04,1.263e-02,1.9155e-08,2.292e-04,7.503e-03,7.9847e-06,8.640e-04,1.262e-02,8.0348e-08,1.095e-04,3.528e-03
RANS_SA_WD_0.01-20_ConsGalerkinProj_Drift_Second,SA,220,10669,8590,2079,12602,7.9836e-06,7.394e-04,9.844e-03,1.9155e-08,2.509e-04,8.175e-03,7.9847e-06,7.395e-04,9.856e-03,8.0348e-08,1.140e-04,3.846e-03
RANS_SA_WD_0.01-20_ConsGalerkinProj_Drift_Second,SA,225,10669,8590,2079,12602,7.9836e-06,1.101e-03,1.832e-02,1.9155e-08,2.528e-04,9.261e-03,7.9847e-06,1.101e-03,1.836e-02,8.0348e-08,1.171e-04,4.360e-03
RANS_SA_WD_0.01-20_ConsGalerkinProj_Drift_Second,SA,230,10669,8590,2079,12602,7.9836e-06,1.024e-03,1.156e-02,1.9155e-08,2.568e-04,7.951e-03,7.9847e-06,1.024e-03,1.159e-02,8.0348e-08,1.131e-04,3.741e-03
RANS_SA_WD_0.01-20_ConsGalerkinProj_Drift_Second,SA,235,10669,8590,2079,12602,7.9836e-06,8.376e-04,9.142e-03,1.9155e-08,2.133e-04,5.760e-03,7.9847e-06,8.376e-04,9.146e-03,8.0348e-08,9.502e-05,2.706e-03
RANS_SA_WD_0.01-20_ConsGalerkinProj_Drift_Second,SA,240,10669,8590,2079,12602,7.9836e-06,6.799e-04,9.759e-03,1.9155e-08,2.061e-04,6.386e-03,7.9847e-06,6.798e-04,9.758e-03,8.0348e-08,9.347e-05,3.001e-03
RANS_SA_WD_0.01-20_ConsGalerkinProj_Drift_Second,SA,245,10669,8590,2079,12602,7.9836e-06,8.840e-04,1.214e-02,1.9155e-08,2.095e-04,6.910e-03,7.9847e-06,8.838e-04,1.214e-02,8.0348e-08,9.530e-05,3.248e-03
RANS_SA_WD_0.01-20_ConsGalerkinProj_Drift_Second,SA,250,10669,8590,2079,12602,7.9836e-06,9.683e-04,1.209e-02,1.9155e-08,2.325e-04,6.822e-03,7.9847e-06,9.679e-04,1.209e-02,8.0348e-08,1.045e-04,3.207e-03
RANS_SA_WD_0.01-20_ConsGalerkinProj_Drift_Second,SA,255,10669,8590,2079,12602,7.9836e-06,1.396e-03,1.458e-02,1.9155e-08,2.165e-04,5.450e-03,7.9847e-06,1.396e-03,1.455e-02,8.0348e-08,9.769e-05,2.560e-03
RANS_SA_WD_0.01-20_ConsGalerkinProj_Drift_Second,SA,260,10669,8590,2079,12602,7.9836e-06,1.295e-03,1.394e-02,1.9155e-08,2.072e-04,4.457e-03,7.9847e-06,1.295e-03,1.396e-02,8.0348e-08,8.794e-05,1.425e-03
RANS_SA_WD_0.01-20_ConsGalerkinProj_Drift_Second,SA,265,10669,8590,2079,12602,7.9836e-06,1.431e-03,1.424e-02,1.9155e-08,2.222e-04,6.129e-03,7.9847e-06,1.431e-03,1.424e-02,8.0348e-08,8.829e-05,1.872e-03
RANS_SA_WD_0.01-20_ConsGalerkinProj_Drift_Second,SA,270,10669,8590,2079,12602,7.9836e-06,1.459e-03,1.321e-02,1.9155e-08,2.450e-04,6.904e-03,7.9847e-06,1.460e-03,1.320e-02,8.0348e-08,1.001e-04,2.180e-03
RANS_SA_WD_0.01-20_ConsGalerkinProj_Drift_Second,SA,275,10669,8590,2079,12602,7.9836e-06,9.917e-04,1.263e-02,1.9155e-08,2.309e-04,5.768e-03,7.9847e-06,9.917e-04,1.266e-02,8.0348e-08,9.507e-05,2.147e-03
RANS_SA_WD_0.01-20_ConsGalerkinProj_Drift_Second,SA,280,10669,8590,2079,12602,7.9836e-06,1.066e-03,1.237e-02,1.9155e-08,2.280e-04,4.977e-03,7.9847e-06,1.066e-03,1.236e-02,8.0348e-08,9.050e-05,1.710e-03
RANS_SA_WD_0.01-20_ConsGalerkinProj_Drift_Second,SA,285,10669,8590,2079,12602,7.9836e-06,1.511e-03,1.389e-02,1.9155e-08,2.526e-04,7.155e-03,7.9847e-06,1.511e-03,1.387e-02,8.0348e-08,9.760e-05,2.190e-03
RANS_SA_WD_0.01-20_ConsGalerkinProj_Drift_Second,SA,290,10669,8590,2079,12602,7.9836e-06,1.265e-03,1.217e-02,1.9155e-08,2.878e-04,9.880e-03,7.9847e-06,1.265e-03,1.216e-02,8.0348e-08,1.098e-04,3.021e-03
RANS_SA_WD_0.01-20_ConsGalerkinProj_Drift_Second,SA,295,10669,8590,2079,12602,7.9836e-06,1.048e-03,1.462e-02,1.9155e-08,3.078e-04,1.067e-02,7.9847e-06,1.047e-03,1.461e-02,8.0348e-08,1.142e-04,3.261e-03
RANS_SA_WD_0.01-20_ConsGalerkinProj_Drift_Second,SA,300,10669,8590,2079,12602,7.9836e-06,8.475e-04,1.109e-02,1.9155e-08,3.050e-04,9.723e-03,7.9847e-06,8.473e-04,1.109e-02,8.0348e-08,1.171e-04,2.972e-03
RANS_SA_WD_0.01-20_ConsGalerkinProj_Drift_Second,SA,305,10669,8590,2079,12602,7.9836e-06,9.905e-04,1.481e-02,1.9155e-08,2.922e-04,8.459e-03,7.9847e-06,9.913e-04,1.482e-02,8.0348e-08,1.160e-04,2.585e-03
RANS_SA_WD_0.01-20_ConsGalerkinProj_Drift_Second,SA,310,10669,8590,2079,12602,7.9836e-06,1.401e-03,1.391e-02,1.9155e-08,2.632e-04,4.532e-03,7.9847e-06,1.402e-03,1.394e-02,8.0348e-08,1.177e-04,2.656e-03
RANS_SA_WD_0.01-20_ConsGalerkinProj_Drift_Second,SA,315,10669,8590,2079,12602,7.9836e-06,9.689e-04,1.187e-02,1.9155e-08,2.708e-04,5.383e-03,7.9847e-06,9.689e-04,1.187e-02,8.0348e-08,1.231e-04,2.896e-03
RANS_SA_WD_0.01-20_ConsGalerkinProj_Drift_Second,SA,320,10669,8590,2079,12602,7.9836e-06,1.068e-03,1.088e-02,1.9155e-08,2.317e-04,4.789e-03,7.9847e-06,1.068e-03,1.089e-02,8.0348e-08,1.074e-04,3.045e-03
RANS_SA_WD_0.01-20_ConsGalerkinProj_Drift_Second,SA,325,10669,8590,2079,12602,7.9836e-06,1.112e-03,1.531e-02,1.9155e-08,2.554e-04,4.933e-03,7.9847e-06,1.111e-03,1.530e-02,8.0348e-08,1.146e-04,3.136e-03
RANS_SA_WD_0.01-20_ConsGalerkinProj_Drift_Second,SA,330,10669,8590,2079,12602,7.9836e-06,9.420e-04,1.179e-02,1.9155e-08,2.714e-04,5.805e-03,7.9847e-06,9.419e-04,1.178e-02,8.0348e-08,1.158e-04,2.283e-03
RANS_SA_WD_0.01-20_ConsGalerkinProj_Drift_Second,SA,335,10669,8590,2079,12602,7.9836e-06,8.983e-04,1.296e-02,1.9155e-08,2.587e-04,5.135e-03,7.9847e-06,8.976e-04,1.295e-02,8.0348e-08,1.112e-04,2.311e-03
RANS_SA_WD_0.01-20_ConsGalerkinProj_Drift_Second,SA,340,10669,8590,2079,12602,7.9836e-06,9.166e-04,9.626e-03,1.9155e-08,2.845e-04,6.317e-03,7.9847e-06,9.163e-04,9.628e-03,8.0348e-08,1.246e-04,2.692e-03
RANS_SA_WD_0.01-20_ConsGalerkinProj_Drift_Second,SA,345,10669,8590,2079,12602,7.9836e-06,8.289e-04,1.102e-02,1.9155e-08,2.791e-04,5.209e-03,7.9847e-06,8.283e-04,1.101e-02,8.0348e-08,1.183e-04,2.536e-03
RANS_SA_WD_0.01-20_ConsGalerkinProj_Drift_Second,SA,350,10669,8590,2079,12602,7.9836e-06,9.228e-04,1.236e-02,1.9155e-08,2.623e-04,5.446e-03,7.9847e-06,9.227e-04,1.236e-02,8.0348e-08,1.160e-04,2.974e-03
RANS_SA_WD_0.01-20_ConsGalerkinProj_Drift_Second,SA,355,10669,8590,2079,12602,7.9836e-06,1.023e-03,1.206e-02,1.9155e-08,2.613e-04,5.290e-03,7.9847e-06,1.023e-03,1.204e-02,8.0348e-08,1.130e-04,2.889e-03
RANS_SA_WD_0.01-20_ConsGalerkinProj_Drift_Second,SA,360,10669,8590,2079,12602,7.9836e-06,1.436e-03,1.420e-02,1.9155e-08,2.901e-04,7.188e-03,7.9847e-06,1.435e-03,1.421e-02,8.0348e-08,1.169e-04,2.422e-03
RANS_SA_WD_0.01-20_ConsGalerkinProj_Drift_Second,SA,365,10669,8590,2079,12602,7.9836e-06,8.889e-04,1.048e-02,1.9155e-08,3.095e-04,7.752e-03,7.9847e-06,8.887e-04,1.048e-02,8.0348e-08,1.305e-04,2.747e-03
RANS_SA_WD_0.01-20_ConsGalerkinProj_Drift_Second,SA,370,10669,8590,2079,12602,7.9836e-06,8.522e-04,1.078e-02,1.9155e-08,3.075e-04,6.612e-03,7.9847e-06,8.520e-04,1.080e-02,8.0348e-08,1.325e-04,2.806e-03
RANS_SA_WD_0.01-20_ConsGalerkinProj_Drift_Second,SA,375,10669,8590,2079,12602,7.9836e-06,1.067e-03,1.178e-02,1.9155e-08,3.220e-04,7.617e-03,7.9847e-06,1.067e-03,1.180e-02,8.0348e-08,1.359e-04,2.761e-03
RANS_SA_WD_0.01-20_ConsGalerkinProj_Drift_Second,SA,380,10669,8590,2079,12602,7.9836e-06,7.927e-04,9.377e-03,1.9155e-08,3.637e-04,8.309e-03,7.9847e-06,7.923e-04,9.373e-03,8.0348e-08,1.590e-04,3.909e-03
RANS_SA_WD_0.01-20_ConsGalerkinProj_Drift_Second,SA,385,10669,8590,2079,12602,7.9836e-06,9.745e-04,1.467e-02,1.9155e-08,3.381e-04,7.229e-03,7.9847e-06,9.751e-04,1.471e-02,8.0348e-08,1.493e-04,3.399e-03
RANS_SA_WD_0.01-20_ConsGalerkinProj_Drift_Second,SA,390,10669,8590,2079,12602,7.9836e-06,1.460e-03,1.530e-02,1.9155e-08,3.252e-04,6.943e-03,7.9847e-06,1.461e-03,1.531e-02,8.0348e-08,1.434e-04,3.004e-03
RANS_SA_WD_0.01-20_ConsGalerkinProj_Drift_Second,SA,395,10669,8590,2079,12602,7.9836e-06,1.165e-03,1.055e-02,1.9155e-08,3.043e-04,6.372e-03,7.9847e-06,1.165e-03,1.055e-02,8.0348e-08,1.352e-04,2.893e-03
RANS_SA_WD_0.01-20_ConsGalerkinProj_Drift_Seed2_Second,SA,5,23271,8590,14681,0,7.9836e-06,0.000e+00,0.000e+00,8.7777e-06,0.000e+00,0.000e+00,7.9847e-06,0.000e+00,0.000e+00,8.7774e-06,0.000e+00,0.000e+00
RANS_SA_WD_0.01-20_ConsGalerkinProj_Drift_Seed2_Second,SA,10,10669,8590,2079,12602,7.9836e-06,1.680e-04,3.917e-03,1.9155e-08,8.684e-05,2.548e-03,7.9847e-06,1.673e-04,3.918e-03,8.0348e-08,3.398e-05,7.917e-04
RANS_SA_WD_0.01-20_ConsGalerkinProj_Drift_Seed2_Second,SA,15,10669,8590,2079,12602,7.9836e-06,7.602e-04,1.160e-02,1.9155e-08,1.172e-04,4.339e-03,7.9847e-06,7.600e-04,1.160e-02,8.0348e-08,4.130e-05,1.321e-03
RANS_SA_WD_0.01-20_ConsGalerkinProj_Drift_Seed2_Second,SA,20,10669,8590,2079,12602,7.9836e-06,8.692e-04,9.966e-03,1.9155e-08,1.174e-04,4.760e-03,7.9847e-06,8.692e-04,9.957e-03,8.0348e-08,4.003e-05,1.449e-03
RANS_SA_WD_0.01-20_ConsGalerkinProj_Drift_Seed2_Second,SA,25,10669,8590,2079,12602,7.9836e-06,9.849e-04,1.136e-02,1.9155e-08,9.384e-05,2.801e-03,7.9847e-06,9.848e-04,1.139e-02,8.0348e-08,3.468e-05,9.425e-04
RANS_SA_WD_0.01-20_ConsGalerkinProj_Drift_Seed2_Second,SA,30,10669,8590,2079,12602,7.9836e-06,1.108e-03,1.175e-02,1.9155e-08,1.128e-04,3.233e-03,7.9847e-06,1.108e-03,1.175e-02,8.0348e-08,4.765e-05,1.289e-03
RANS_SA_WD_0.01-20_ConsGalerkinProj_Drift_Seed2_Second,SA,35,10669,8590,2079,12602,7.9836e-06,9.683e-04,1.269e-02,1.9155e-08,1.301e-04,4.364e-03,7.9847e-06,9.685e-04,1.269e-02,8.0348e-08,5.016e-05,1.332e-03
RANS_SA_WD_0.01-20_ConsGalerkinProj_Drift_Seed2_Second,SA,40,10669,8590,2079,12602,7.9836e-06,9.862e-04,1.076e-02,1.9155e-08,1.436e-04,5.377e-03,7.9847e-06,9.866e-04,1.074e-02,8.0348e-08,5.976e-05,1.641e-03
RANS_SA_WD_0.01-20_ConsGalerkinProj_Drift_Seed2_Second,SA,45,10669,8590,2079,12602,7.9836e-06,1.251e-03,1.603e-02,1.9155e-08,1.202e-04,3.806e-03,7.9847e-06,1.251e-03,1.602e-02,8.0348e-08,5.328e-05,1.306e-03
RANS_SA_WD_0.01-20_ConsGalerkinProj_Drift_Seed2_Second,SA,50,10669,8590,2079,12602,7.9836e-06,9.214e-04,1.210e-02,1.9155e-08,1.362e-04,3.048e-03,7.9847e-06,9.211e-04,1.208e-02,8.0348e-08,6.160e-05,1.668e-03
RANS_SA_WD_0.01-20_ConsGalerkinProj_Drift_Seed2_Second,SA,55,10669,8590,2079,12602,7.9836e-06,8.784e-04,1.254e-02,1.9155e-08,1.346e-04,3.908e-03,7.9847e-06,8.782e-04,1.254e-02,8.0348e-08,5.812e-05,1.507e-03
RANS_SA_WD_0.01-20_ConsGalerkinProj_Drift_Seed2_Second,SA,60,10669,8590,2079,12602,7.9836e-06,8.212e-04,1.219e-02,1.9155e-08,1.336e-04,4.447e-03,7.9847e-06,8.205e-04,1.218e-02,8.0348e-08,5.391e-05,1.498e-03
RANS_SA_WD_0.01-20_ConsGalerkinProj_Drift_Seed2_Second,SA,65,10669,8590,2079,12602,7.9836e-06,1.136e-03,1.787e-02,1.9155e-08,1.232e-04,4.563e-03,7.9847e-06,1.136e-03,1.791e-02,8.0348e-08,4.618e-05,1.536e-03
RANS_SA_WD_0.01-20_ConsGalerkinProj_Drift_Seed2_Second,SA,70,10669,8590,2079,12602,7.9836e-06,1.162e-03,1.349e-02,1.9155e-08,1.215e-04,2.630e-03,7.9847e-06,1.162e-03,1.349e-02,8.0348e-08,5.279e-05,1.051e-03
RANS_SA_WD_0.01-20_ConsGalerkinProj_Drift_Seed2_Second,SA,75,10669,8590,2079,12602,7.9836e-06,1.126e-03,1.305e-02,1.9155e-08,1.522e-04,3.661e-03,7.9847e-06,1.126e-03,1.303e-02,8.0348e-08,6.300e-05,1.298e-03
RANS_SA_WD_0.01-20_ConsGalerkinProj_Drift_Seed2_Second,SA,80,10669,8590,2079,12602,7.9836e-06,1.398e-03,1.219e-02,1.9155e-08,2.027e-04,5.839e-03,7.9847e-06,1.397e-03,1.217e-02,8.0348e-08,7.702e-05,1.967e-03
RANS_SA_WD_0.01-20_ConsGalerkinProj_Drift_Seed2_Second,SA,85,10669,8590,2079,12602,7.9836e-06,1.449e-03,1.589e-02,1.9155e-08,2.028e-04,5.948e-03,7.9847e-06,1.448e-03,1.587e-02,8.0348e-08,7.762e-05,2.004e-03
RANS_SA_WD_0.01-20_ConsGalerkinProj_Drift_Seed2_Second,SA,90,10669,8590,2079,12602,7.9836e-06,9.683e-04,1.476e-02,1.9155e-08,1.688e-04,4.176e-03,7.9847e-06,9.679e-04,1.476e-02,8.0348e-08,6.802e-05,1.482e-03
RANS_SA_WD_0.01-20_ConsGalerkinProj_Drift_Seed2_Second,SA,95,10669,8590,2079,12602,7.9836e-06,8.396e-04,1.199e-02,1.9155e-08,1.799e-04,4.314e-03,7.9847e-06,8.392e-04,1.199e-02,8.0348e-08,7.055e-05,1.604e-03
RANS_SA_WD_0.01-20_ConsGalerkinProj_Drift_Seed2_Second,SA,100,10669,8590,2079,12602,7.9836e-06,7.636e-04,1.017e-02,1.9155e-08,2.311e-04,7.382e-03,7.9847e-06,7.633e-04,1.017e-02,8.0348e-08,8.668e-05,2.488e-03
RANS_SA_WD_0.01-20_ConsGalerkinProj_Drift_Seed2_Second,SA,105,10669,8590,2079,12602,7.9836e-06,1.417e-03,2.533e-02,1.9155e-08,2.496e-04,7.354e-03,7.9847e-06,1.417e-03,2.538e-02,8.0348e-08,9.474e-05,2.479e-03
RANS_SA_WD_0.01-20_ConsGalerkinProj_Drift_Seed2_Second,SA,110,10669,8590,2079,12602,7.9836e-06,1.495e-03,1.577e-02,1.9155e-08,2.243e-04,6.207e-03,7.9847e-06,1.496e-03,1.577e-02,8.0348e-08,9.245e-05,2.307e-03
RANS_SA_WD_0.01-20_ConsGalerkinProj_Drift_Seed2_Second,SA,115,10669,8590,2079,12602,7.9836e-06,2.027e-03,8.066e-02,1.9155e-08,2.089e-04,5.356e-03,7.9847e-06,2.024e-03,8.043e-02,8.0348e-08,8.629e-05,1.991e-03
RANS_SA_WD_0.01-20_ConsGalerkinProj_Drift_Seed2_Second,SA,120,10669,8590,2079,12602,7.9836e-06,7.220e-03,1.413e-01,1.9155e-08,2.476e-04,6.873e-03,7.9847e-06,7.218e-03,1.412e-01,8.0348e-08,9.672e-05,2.727e-03
RANS_SA_WD_0.01-20_ConsGalerkinProj_Drift_Seed2_Second,SA,125,10669,8590,2079,12602,7.9836e-06,7.887e-03,9.100e-02,1.9155e-08,2.355e-04,5.981e-03,7.9847e-06,7.884e-03,9.098e-02,8.0348e-08,9.180e-05,2.374e-03
RANS_SA_WD_0.01-20_ConsGalerkinProj_Drift_Seed2_Second,SA,130,10669,8590,2079,12602,7.9836e-06,8.540e-03,8.448e-02,1.9155e-08,2.187e-04,4.865e-03,7.9847e-06,8.536e-03,8.444e-02,8.0348e-08,8.355e-05,1.932e-03
RANS_SA_WD_0.01-20_ConsGalerkinProj_Drift_Seed2_Second,SA,135,10669,8590,2079,12602,7.9836e-06,1.342e-03,1.604e-02,1.9155e-08,2.092e-04,5.003e-03,7.9847e-06,1.340e-03,1.601e-02,8.0348e-08,8.079e-05,1.685e-03
RANS_SA_WD_0.01-20_ConsGalerkinProj_Drift_Seed2_Second,SA,140,10669,8590,2079,12602,7.9836e-06,1.378e-03,1.372e-02,1.9155e-08,2.132e-04,5.082e-03,7.9847e-06,1.377e-03,1.371e-02,8.0348e-08,9.386e-05,2.698e-03
RANS_SA_WD_0.01-20_ConsGalerkinProj_Drift_Seed2_Second,SA,145,10669,8590,2079,12602,7.9836e-06,1.308e-03,1.545e-02,1.9155e-08,1.959e-04,4.758e-03,7.9847e-06,1.308e-03,1.544e-02,8.0348e-08,8.776e-05,2.600e-03
RANS_SA_WD_0.01-20_ConsGalerkinProj_Drift_Seed2_Second,SA,150,10669,8590,2079,12602,7.9836e-06,1.005e-03,1.550e-02,1.9155e-08,1.835e-04,4.274e-03,7.9847e-06,1.005e-03,1.550e-02,8.0348e-08,7.626e-05,1.636e-03
RANS_SA_WD_0.01-20_ConsGalerkinProj_Drift_Seed2_Second,SA,155,10669,8590,2079,12602,7.9836e-06,1.232e-03,1.396e-02,1.9155e-08,1.774e-04,3.422e-03,7.9847e-06,1.232e-03,1.396e-02,8.0348e-08,7.561e-05,1.451e-03
RANS_SA_WD_0.01-20_ConsGalerkinProj_Drift_Seed2_Second,SA,160,10669,8590,2079,12602,7.9836e-06,1.539e-03,2.271e-02,1.9155e-08,1.778e-04,3.993e-03,7.9847e-06,1.539e-03,2.273e-02,8.0348e-08,7.564e-05,1.344e-03
RANS_SA_WD_0.01-20_ConsGalerkinProj_Drift_Seed2_Second,SA,165,10669,8590,2079,12602,7.9836e-06,1.985e-03,1.940e-02,1.9155e-08,1.802e-04,4.516e-03,7.9847e-06,1.986e-03,1.940e-02,8.0348e-08,7.301e-05,1.520e-03
RANS_SA_WD_0.01-20_ConsGalerkinProj_Drift_Seed2_Second,SA,170,10669,8590,2079,12602,7.9836e-06,1.352e-03,1.473e-02,1.9155e-08,2.030e-04,4.402e-03,7.9847e-06,1.352e-03,1.473e-02,8.0348e-08,8.599e-05,1.749e-03
RANS_SA_WD_0.01-20_ConsGalerkinProj_Drift_Seed2_Second,SA,175,10669,8590,2079,12602,7.9836e-06,1.278e-03,1.570e-02,1.9155e-08,2.030e-04,3.926e-03,7.9847e-06,1.278e-03,1.569e-02,8.0348e-08,8.134e-05,1.321e-03
RANS_SA_WD_0.01-20_ConsGalerkinProj_Drift_Seed2_Second,SA,180,10669,8590,2079,12602,7.9836e-06,1.407e-03,1.423e-02,1.9155e-08,2.803e-04,8.779e-03,7.9847e-06,1.407e-03,1.423e-02,8.0348e-08,1.025e-04,2.683e-03
RANS_SA_WD_0.01-20_ConsGalerkinProj_Drift_Seed2_Second,SA,185,10669,8590,2079,12602,7.9836e-06,1.531e-03,1.944e-02,1.9155e-08,2.443e-04,6.596e-03,7.9847e-06,1.532e-03,1.948e-02,8.0348e-08,9.526e-05,2.015e-03
RANS_SA_WD_0.01-20_ConsGalerkinProj_Drift_Seed2_Second,SA,190,10669,8590,2079,12602,7.9836e-06,1.779e-03,2.384e-02,1.9155e-08,2.173e-04,5.363e-03,7.9847e-06,1.780e-03,2.384e-02,8.0348e-08,8.797e-05,1.994e-03
RANS_SA_WD_0.01-20_ConsGalerkinProj_Drift_Seed2_Second,SA,195,10669,8590,2079,12602,7.9836e-06,2.061e-03,2.204e-02,1.9155e-08,2.442e-04,5.507e-03,7.9847e-06,2.061e-03,2.202e-02,8.0348e-08,1.004e-04,2.047e-03
RANS_SA_WD_0.01-20_ConsGalerkinProj_Drift_Seed2_Second,SA,200,10669,8590,2079,12602,7.9836e-06,1.066e-03,1.229e-02,1.9155e-08,3.085e-04,8.039e-03,7.9847e-06,1.066e-03,1.229e-02,8.0348e-08,1.243e-04,2.456e-03
RANS_SA_WD_0.01-20_ConsGalerkinProj_Drift_Seed2_Second,SA,205,10669,8590,2079,12602,7.9836e-06,1.146e-03,1.426e-02,1.9155e-08,3.098e-04,7.488e-03,7.9847e-06,1.146e-03,1.425e-02,8.0348e-08,1.264e-04,2.611e-03
RANS_SA_WD_0.01-20_ConsGalerkinProj_Drift_Seed2_Second,SA,210,10669,8590,2079,12602,7.9836e-06,1.540e-03,1.506e-02,1.9155e-08,2.363e-04,5.383e-03,7.9847e-06,1.540e-03,1.505e-02,8.0348e-08,1.072e-04,2.459e-03
RANS_SA_WD_0.01-20_ConsGalerkinProj_Drift_Seed2_Second,SA,215,10669,8590,2079,12602,7.9836e-06,1.076e-03,1.108e-02,1.9155e-08,2.414e-04,5.574e-03,7.9847e-06,1.076e-03,1.108e-02,8.0348e-08,1.062e-04,2.287e-03
RANS_SA_WD_0.01-20_ConsGalerkinProj_Drift_Seed2_Second,SA,220,10669,8590,2079,12602,7.9836e-06,1.106e-03,1.317e-02,1.9155e-08,3.096e-04,8.292e-03,7.9847e-06,1.105e-03,1.319e-02,8.0348e-08,1.199e-04,2.534e-03
RANS_SA_WD_0.01-20_ConsGalerkinProj_Drift_Seed2_Second,SA,225,10669,8590,2079,12602,7.9836e-06,1.134e-03,1.248e-02,1.9155e-08,2.877e-04,6.601e-03,7.9847e-06,1.135e-03,1.250e-02,8.0348e-08,1.148e-04,2.453e-03
RANS_SA_WD_0.01-20_ConsGalerkinProj_Drift_Seed2_Second,SA,230,10669,8590,2079,12602,7.9836e-06,1.136e-03,1.300e-02,1.9155e-08,2.542e-04,6.577e-03,7.9847e-06,1.136e-03,1.302e-02,8.0348e-08,1.079e-04,2.627e-03
RANS_SA_WD_0.01-20_ConsGalerkinProj_Drift_Seed2_Second,SA,235,10669,8590,2079,12602,7.9836e-06,1.294e-03,1.832e-02,1.9155e-08,2.470e-04,6.601e-03,7.9847e-06,1.294e-03,1.830e-02,8.0348e-08,1.054e-04,2.636e-03
RANS_SA_WD_0.01-20_ConsGalerkinProj_Drift_Seed2_Second,SA,240,10669,8590,2079,12602,7.9836e-06,1.131e-03,1.685e-02,1.9155e-08,2.689e-04,7.818e-03,7.9847e-06,1.132e-03,1.682e-02,8.0348e-08,1.139e-04,3.124e-03
RANS_SA_WD_0.01-20_ConsGalerkinProj_Drift_Seed2_Second,SA,245,10669,8590,2079,12602,7.9836e-06,1.313e-03,2.220e-02,1.9155e-08,2.561e-04,6.086e-03,7.9847e-06,1.313e-03,2.216e-02,8.0348e-08,1.065e-04,2.430e-03
RANS_SA_WD_0.01-20_ConsGalerkinProj_Drift_Seed2_Second,SA,250,10669,8590,2079,12602,7.9836e-06,1.689e-03,1.993e-02,1.9155e-08,3.020e-04,8.976e-03,7.9847e-06,1.688e-03,1.992e-02,8.0348e-08,1.162e-04,2.743e-03
RANS_SA_WD_0.01-20_ConsGalerkinProj_Drift_Seed2_Second,SA,255,10669,8590,2079,12602,7.9836e-06,1.323e-03,1.558e-02,1.9155e-08,3.158e-04,1.051e-02,7.9847e-06,1.323e-03,1.557e-02,8.0348e-08,1.170e-04,3.213e-03
RANS_SA_WD_0.01-20_ConsGalerkinProj_Drift_Seed2_Second,SA,260,10669,8590,2079,12602,7.9836e-06,6.197e-04,8.267e-03,1.9155e-08,2.982e-04,1.017e-02,7.9847e-06,6.194e-04,8.268e-03,8.0348e-08,1.091e-04,3.108e-03
RANS_SA_WD_0.01-20_ConsGalerkinProj_Drift_Seed2_Second,SA,265,10669,8590,2079,12602,7.9836e-06,9.801e-04,1.139e-02,1.9155e-08,3.041e-04,9.847e-03,7.9847e-06,9.801e-04,1.140e-02,8.0348e-08,1.112e-04,3.010e-03
RANS_SA_WD_0.01-20_ConsGalerkinProj_Drift_Seed2_Second,SA,270,10669,8590,2079,12602,7.9836e-06,1.081e-03,1.083e-02,1.9155e-08,3.012e-04,8.701e-03,7.9847e-06,1.081e-03,1.083e-02,8.0348e-08,1.123e-04,2.659e-03
RANS_SA_WD_0.01-20_ConsGalerkinProj_Drift_Seed2_Second,SA,275,10669,8590,2079,12602,7.9836e-06,1.039e-03,1.250e-02,1.9155e-08,3.077e-04,8.851e-03,7.9847e-06,1.039e-03,1.254e-02,8.0348e-08,1.138e-04,2.705e-03
RANS_SA_WD_0.01-20_ConsGalerkinProj_Drift_Seed2_Second,SA,280,10669,8590,2079,12602,7.9836e-06,9.910e-04,1.070e-02,1.9155e-08,2.877e-04,7.225e-03,7.9847e-06,9.906e-04,1.071e-02,8.0348e-08,1.097e-04,2.207e-03
RANS_SA_WD_0.01-20_ConsGalerkinProj_Drift_Seed2_Second,SA,285,10669,8590,2079,12602,7.9836e-06,9.477e-04,1.103e-02,1.9155e-08,2.763e-04,6.319e-03,7.9847e-06,9.473e-04,1.103e-02,8.0348e-08,1.103e-04,2.871e-03
RANS_SA_WD_0.01-20_ConsGalerkinProj_Drift_Seed2_Second,SA,290,10669,8590,2079,12602,7.9836e-06,8.984e-04,1.250e-02,1.9155e-08,2.621e-04,6.013e-03,7.9847e-06,8.981e-04,1.250e-02,8.0348e-08,1.102e-04,2.803e-03
RANS_SA_WD_0.01-20_ConsGalerkinProj_Drift_Seed2_Second,SA,295,10669,8590,2079,12602,7.9836e-06,1.203e-03,1.757e-02,1.9155e-08,2.764e-04,6.101e-03,7.9847e-06,1.203e-03,1.756e-02,8.0348e-08,1.107e-04,2.356e-03
RANS_SA_WD_0.01-20_ConsGalerkinProj_Drift_Seed2_Second,SA,300,10669,8590,2079,12602,7.9836e-06,1.281e-03,1.759e-02,1.9155e-08,3.023e-04,7.020e-03,7.9847e-06,1.281e-03,1.758e-02,8.0348e-08,1.150e-04,2.346e-03
RANS_SA_WD_0.01-20_ConsGalerkinProj_Drift_Seed2_Second,SA,305,10669,8590,2079,12602,7.9836e-06,1.243e-03,1.315e-02,1.9155e-08,2.907e-04,6.895e-03,7.9847e-06,1.243e-03,1.315e-02,8.0348e-08,1.184e-04,3.212e-03
RANS_SA_WD_0.01-20_ConsGalerkinProj_Drift_Seed2_Second,SA,310,10669,8590,2079,12602,7.9836e-06,1.222e-03,1.684e-02,1.9155e-08,3.021e-04,8.360e-03,7.9847e-06,1.222e-03,1.687e-02,8.0348e-08,1.289e-04,3.891e-03
RANS_SA_WD_0.01-20_ConsGalerkinProj_Drift_Seed2_Second,SA,315,10669,8590,2079,12602,7.9836e-06,1.294e-03,1.531e-02,1.9155e-08,2.960e-04,8.990e-03,7.9847e-06,1.295e-03,1.532e-02,8.0348e-08,1.300e-04,4.183e-03
RANS_SA_WD_0.01-20_ConsGalerkinProj_Drift_Seed2_Second,SA,320,10669,8590,2079,12602,7.9836e-06,1.389e-03,1.271e-02,1.9155e-08,3.237e-04,1.047e-02,7.9847e-06,1.389e-03,1.271e-02,8.0348e-08,1.441e-04,4.867e-03
RANS_SA_WD_0.01-20_ConsGalerkinProj_Drift_Seed2_Second,SA,325,10669,8590,2079,12602,7.9836e-06,1.326e-03,1.882e-02,1.9155e-08,3.499e-04,9.909e-03,7.9847e-06,1.325e-03,1.883e-02,8.0348e-08,1.467e-04,4.607e-03
RANS_SA_WD_0.01-20_ConsGalerkinProj_Drift_Seed2_Second,SA,330,10669,8590,2079,12602,7.9836e-06,1.653e-03,2.491e-02,1.9155e-08,3.866e-04,1.111e-02,7.9847e-06,1.643e-03,2.446e-02,8.0348e-08,1.491e-04,3.940e-03
RANS_SA_WD_0.01-20_ConsGalerkinProj_Drift_Seed2_Second,SA,335,10669,8590,2079,12602,7.9836e-06,2.211e-03,2.383e-02,1.9155e-08,3.793e-04,1.129e-02,7.9847e-06,2.210e-03,2.383e-02,8.0348e-08,1.444e-04,3.629e-03
RANS_SA_WD_0.01-20_ConsGalerkinProj_Drift_Seed2_Second,SA,340,10669,8590,2079,12602,7.9836e-06,2.365e-03,2.824e-02,1.9155e-08,3.011e-04,6.477e-03,7.9847e-06,2.364e-03,2.821e-02,8.0348e-08,1.227e-04,3.019e-03
RANS_SA_WD_0.01-20_ConsGalerkinProj_Drift_Seed2_Second,SA,345,10669,8590,2079,12602,7.9836e-06,2.055e-03,1.934e-02,1.9155e-08,3.098e-04,6.239e-03,7.9847e-06,2.055e-03,1.933e-02,8.0348e-08,1.225e-04,2.908e-03
RANS_SA_WD_0.01-20_ConsGalerkinProj_Drift_Seed2_Second,SA,350,10669,8590,2079,12602,7.9836e-06,7.820e-04,9.616e-03,1.9155e-08,3.622e-04,8.867e-03,7.9847e-06,7.818e-04,9.621e-03,8.0348e-08,1.387e-04,2.706e-03
RANS_SA_WD_0.01-20_ConsGalerkinProj_Drift_Seed2_Second,SA,355,10669,8590,2079,12602,7.9836e-06,8.615e-04,1.273e-02,1.9155e-08,3.622e-04,8.862e-03,7.9847e-06,8.613e-04,1.272e-02,8.0348e-08,1.352e-04,2.705e-03
RANS_SA_WD_0.01-20_ConsGalerkinProj_Drift_Seed2_Second,SA,360,10669,8590,2079,12602,7.9836e-06,1.063e-03,1.248e-02,1.9155e-08,3.265e-04,7.699e-03,7.9847e-06,1.063e-03,1.247e-02,8.0348e-08,1.258e-04,2.349e-03
RANS_SA_WD_0.01-20_ConsGalerkinProj_Drift_Seed2_Second,SA,365,10669,8590,2079,12602,7.9836e-06,9.456e-04,1.154e-02,1.9155e-08,3.274e-04,7.636e-03,7.9847e-06,9.455e-04,1.156e-02,8.0348e-08,1.280e-04,2.330e-03
RANS_SA_WD_0.01-20_ConsGalerkinProj_Drift_Seed2_Second,SA,370,10669,8590,2079,12602,7.9836e-06,8.299e-04,8.900e-03,1.9155e-08,3.012e-04,7.126e-03,7.9847e-06,8.299e-04,8.898e-03,8.0348e-08,1.141e-04,2.174e-03
RANS_SA_WD_0.01-20_ConsGalerkinProj_Drift_Seed2_Second,SA,375,10669,8590,2079,12602,7.9836e-06,9.596e-04,1.252e-02,1.9155e-08,2.996e-04,6.895e-03,7.9847e-06,9.596e-04,1.252e-02,8.0348e-08,1.142e-04,2.103e-03
RANS_SA_WD_0.01-20_ConsGalerkinProj_Drift_Seed2_Second,SA,380,10669,8590,2079,12602,7.9836e-06,7.728e-04,9.869e-03,1.9155e-08,3.291e-04,8.573e-03,7.9847e-06,7.729e-04,9.873e-03,8.0348e-08,1.240e-04,2.616e-03
RANS_SA_WD_0.01-20_ConsGalerkinProj_Drift_Seed2_Second,SA,385,10669,8590,2079,12602,7.9836e-06,1.016e-03,1.418e-02,1.9155e-08,3.057e-04,6.784e-03,7.9847e-06,1.016e-03,1.420e-02,8.0348e-08,1.171e-04,2.180e-03
RANS_SA_WD_0.01-20_ConsGalerkinProj_Drift_Seed2_Second,SA,390,10669,8590,2079,12602,7.9836e-06,1.434e-03,1.583e-02,1.9155e-08,2.980e-04,5.735e-03,7.9847e-06,1.434e-03,1.582e-02,8.0348e-08,1.158e-04,2.076e-03
RANS_SA_WD_0.01-20_ConsGalerkinProj_Drift_Seed2_Second,SA,395,10669,8590,2079,12602,7.9836e-06,1.416e-03,1.635e-02,1.9155e-08,2.830e-04,5.755e-03,7.9847e-06,1.416e-03,1.636e-02,8.0348e-08,1.101e-04,1.755e-03
RANS_SA_WD_0.01-20_NN_Drift_Second,SA,5,23271,8590,14681,0,7.9836e-06,0.000e+00,0.000e+00,8.7777e-06,0.000e+00,0.000e+00,7.9847e-06,0.000e+00,0.000e+00,8.7774e-06,0.000e+00,0.000e+00
RANS_SA_WD_0.01-20_NN_Drift_Second,SA,10,10669,8590,2079,12602,7.9836e-06,1.265e-04,2.855e-03,1.9155e-08,4.289e-06,1.479e-04,7.9847e-06,1.256e-04,2.863e-03,8.0348e-08,1.903e-06,4.988e-05
RANS_SA_WD_0.01-20_NN_Drift_Second,SA,15,10669,8590,2079,12602,7.9836e-06,6.828e-04,1.053e-02,1.9155e-08,3.478e-05,1.171e-03,7.9847e-06,6.827e-04,1.055e-02,8.0348e-08,1.530e-05,3.820e-04
RANS_SA_WD_0.01-20_NN_Drift_Second,SA,20,10669,8590,2079,12602,7.9836e-06,7.947e-04,1.033e-02,1.9155e-08,5.872e-05,1.839e-03,7.9847e-06,7.950e-04,1.033e-02,8.0348e-08,2.642e-05,6.741e-04
RANS_SA_WD_0.01-20_NN_Drift_Second,SA,25,10669,8590,2079,12602,7.9836e-06,7.513e-04,1.037e-02,1.9155e-08,4.838e-05,1.149e-03,7.9847e-06,7.508e-04,1.039e-02,8.0348e-08,2.727e-05,9.349e-04
RANS_SA_WD_0.01-20_NN_Drift_Second,SA,30,10669,8590,2079,12602,7.9836e-06,7.906e-04,9.802e-03,1.9155e-08,5.064e-05,1.368e-03,7.9847e-06,7.904e-04,9.815e-03,8.0348e-08,3.115e-05,1.113e-03
RANS_SA_WD_0.01-20_NN_Drift_Second,SA,35,10669,8590,2079,12602,7.9836e-06,1.238e-03,2.078e-02,1.9155e-08,7.002e-05,2.069e-03,7.9847e-06,1.238e-03,2.079e-02,8.0348e-08,3.266e-05,8.536e-04
RANS_SA_WD_0.01-20_NN_Drift_Second,SA,40,10669,8590,2079,12602,7.9836e-06,9.975e-04,1.009e-02,1.9155e-08,9.205e-05,2.542e-03,7.9847e-06,9.976e-04,1.010e-02,8.0348e-08,3.854e-05,1.188e-03
RANS_SA_WD_0.01-20_NN_Drift_Second,SA,45,10669,8590,2079,12602,7.9836e-06,7.695e-04,9.241e-03,1.9155e-08,8.330e-05,2.189e-03,7.9847e-06,7.696e-04,9.244e-03,8.0348e-08,3.211e-05,7.356e-04
RANS_SA_WD_0.01-20_NN_Drift_Second,SA,50,10669,8590,2079,12602,7.9836e-06,7.627e-04,1.062e-02,1.9155e-08,8.687e-05,2.748e-03,7.9847e-06,7.626e-04,1.063e-02,8.0348e-08,3.256e-05,9.232e-04
RANS_SA_WD_0.01-20_NN_Drift_Second,SA,55,10669,8590,2079,12602,7.9836e-06,1.198e-03,1.644e-02,1.9155e-08,9.079e-05,2.277e-03,7.9847e-06,1.198e-03,1.644e-02,8.0348e-08,3.646e-05,7.651e-04
RANS_SA_WD_0.01-20_NN_Drift_Second,SA,60,10669,8590,2079,12602,7.9836e-06,1.443e-03,1.707e-02,1.9155e-08,1.014e-04,2.607e-03,7.9847e-06,1.443e-03,1.707e-02,8.0348e-08,4.263e-05,9.263e-04
RANS_SA_WD_0.01-20_NN_Drift_Second,SA,65,10669,8590,2079,12602,7.9836e-06,1.247e-03,1.590e-02,1.9155e-08,1.103e-04,2.749e-03,7.9847e-06,1.246e-03,1.590e-02,8.0348e-08,4.560e-05,1.289e-03
RANS_SA_WD_0.01-20_NN_Drift_Second,SA,70,10669,8590,2079,12602,7.9836e-06,1.045e-03,1.304e-02,1.9155e-08,1.214e-04,3.329e-03,7.9847e-06,1.045e-03,1.304e-02,8.0348e-08,5.071e-05,1.561e-03
RANS_SA_WD_0.01-20_NN_Drift_Second,SA,75,10669,8590,2079,12602,7.9836e-06,1.361e-03,2.267e-02,1.9155e-08,1.358e-04,3.844e-03,7.9847e-06,1.361e-03,2.268e-02,8.0348e-08,5.838e-05,1.803e-03
RANS_SA_WD_0.01-20_NN_Drift_Second,SA,80,10669,8590,2079,12602,7.9836e-06,1.763e-03,1.982e-02,1.9155e-08,1.490e-04,3.819e-03,7.9847e-06,1.764e-03,1.985e-02,8.0348e-08,6.559e-05,1.792e-03
RANS_SA_WD_0.01-20_NN_Drift_Second,SA,85,10669,8590,2079,12602,7.9836e-06,1.458e-03,1.412e-02,1.9155e-08,1.470e-04,4.326e-03,7.9847e-06,1.458e-03,1.409e-02,8.0348e-08,5.912e-05,1.513e-03
RANS_SA_WD_0.01-20_NN_Drift_Second,SA,90,10669,8590,2079,12602,7.9836e-06,9.034e-04,8.746e-03,1.9155e-08,1.587e-04,4.934e-03,7.9847e-06,9.033e-04,8.743e-03,8.0348e-08,6.004e-05,1.503e-03
RANS_SA_WD_0.01-20_NN_Drift_Second,SA,95,10669,8590,2079,12602,7.9836e-06,9.410e-04,1.408e-02,1.9155e-08,1.451e-04,3.110e-03,7.9847e-06,9.402e-04,1.407e-02,8.0348e-08,6.061e-05,1.440e-03
RANS_SA_WD_0.01-20_NN_Drift_Second,SA,100,10669,8590,2079,12602,7.9836e-06,1.116e-03,1.385e-02,1.9155e-08,1.556e-04,4.605e-03,7.9847e-06,1.116e-03,1.385e-02,8.0348e-08,6.927e-05,2.162e-03
RANS_SA_WD_0.01-20_NN_Drift_Second,SA,105,10669,8590,2079,12602,7.9836e-06,1.016e-03,1.227e-02,1.9155e-08,1.625e-04,5.096e-03,7.9847e-06,1.016e-03,1.226e-02,8.0348e-08,7.178e-05,2.393e-03
RANS_SA_WD_0.01-20_NN_Drift_Second,SA,110,10669,8590,2079,12602,7.9836e-06,9.315e-04,1.108e-02,1.9155e-08,1.614e-04,4.944e-03,7.9847e-06,9.314e-04,1.108e-02,8.0348e-08,7.041e-05,2.321e-03
RANS_SA_WD_0.01-20_NN_Drift_Second,SA,115,10669,8590,2079,12602,7.9836e-06,1.035e-03,1.278e-02,1.9155e-08,1.588e-04,4.732e-03,7.9847e-06,1.035e-03,1.278e-02,8.0348e-08,6.854e-05,2.221e-03
RANS_SA_WD_0.01-20_NN_Drift_Second,SA,120,10669,8590,2079,12602,7.9836e-06,2.112e-03,6.447e-02,1.9155e-08,1.568e-04,4.462e-03,7.9847e-06,2.108e-03,6.422e-02,8.0348e-08,6.964e-05,2.094e-03
RANS_SA_WD_0.01-20_NN_Drift_Second,SA,125,10669,8590,2079,12602,7.9836e-06,4.128e-03,4.372e-02,1.9155e-08,1.342e-04,3.264e-03,7.9847e-06,4.126e-03,4.370e-02,8.0348e-08,5.843e-05,1.397e-03
RANS_SA_WD_0.01-20_NN_Drift_Second,SA,130,10669,8590,2079,12602,7.9836e-06,3.413e-03,4.082e-02,1.9155e-08,1.167e-04,3.216e-03,7.9847e-06,3.410e-03,4.081e-02,8.0348e-08,4.946e-05,1.087e-03
RANS_SA_WD_0.01-20_NN_Drift_Second,SA,135,10669,8590,2079,12602,7.9836e-06,3.233e-03,3.399e-02,1.9155e-08,1.128e-04,2.612e-03,7.9847e-06,3.230e-03,3.397e-02,8.0348e-08,4.555e-05,7.944e-04
RANS_SA_WD_0.01-20_NN_Drift_Second,SA,140,10669,8590,2079,12602,7.9836e-06,1.401e-03,1.664e-02,1.9155e-08,1.134e-04,2.585e-03,7.9847e-06,1.401e-03,1.662e-02,8.0348e-08,4.607e-05,1.059e-03
RANS_SA_WD_0.01-20_NN_Drift_Second,SA,145,10669,8590,2079,12602,7.9836e-06,1.243e-03,1.916e-02,1.9155e-08,7.569e-05,1.503e-03,7.9847e-06,1.244e-03,1.918e-02,8.0348e-08,3.633e-05,8.913e-04
RANS_SA_WD_0.01-20_NN_Drift_Second,SA,150,10669,8590,2079,12602,7.9836e-06,1.094e-03,1.112e-02,1.9155e-08,9.403e-05,2.218e-03,7.9847e-06,1.094e-03,1.113e-02,8.0348e-08,4.705e-05,1.215e-03
RANS_SA_WD_0.01-20_NN_Drift_Second,SA,155,10669,8590,2079,12602,7.9836e-06,1.117e-03,1.578e-02,1.9155e-08,1.013e-04,2.320e-03,7.9847e-06,1.118e-03,1.577e-02,8.0348e-08,4.778e-05,1.271e-03
RANS_SA_WD_0.01-20_NN_Drift_Second,SA,160,10669,8590,2079,12602,7.9836e-06,1.254e-03,1.457e-02,1.9155e-08,1.153e-04,2.557e-03,7.9847e-06,1.255e-03,1.457e-02,8.0348e-08,5.061e-05,1.168e-03
RANS_SA_WD_0.01-20_NN_Drift_Second,SA,165,10669,8590,2079,12602,7.9836e-06,1.368e-03,1.637e-02,1.9155e-08,1.339e-04,3.761e-03,7.9847e-06,1.368e-03,1.637e-02,8.0348e-08,5.987e-05,1.765e-03
RANS_SA_WD_0.01-20_NN_Drift_Second,SA,170,10669,8590,2079,12602,7.9836e-06,1.037e-03,1.420e-02,1.9155e-08,1.541e-04,4.948e-03,7.9847e-06,1.037e-03,1.420e-02,8.0348e-08,6.979e-05,2.323e-03
RANS_SA_WD_0.01-20_NN_Drift_Second,SA,175,10669,8590,2079,12602,7.9836e-06,1.149e-03,1.691e-02,1.9155e-08,1.607e-04,4.409e-03,7.9847e-06,1.148e-03,1.690e-02,8.0348e-08,7.080e-05,2.069e-03
RANS_SA_WD_0.01-20_NN_Drift_Second,SA,180,10669,8590,2079,12602,7.9836e-06,6.089e-04,7.830e-03,1.9155e-08,1.887e-04,4.122e-03,7.9847e-06,6.085e-04,7.820e-03,8.0348e-08,8.052e-05,1.929e-03
RANS_SA_WD_0.01-20_NN_Drift_Second,SA,185,10669,8590,2079,12602,7.9836e-06,1.204e-03,1.537e-02,1.9155e-08,2.339e-04,4.909e-03,7.9847e-06,1.204e-03,1.538e-02,8.0348e-08,9.775e-05,2.099e-03
RANS_SA_WD_0.01-20_NN_Drift_Second,SA,190,10669,8590,2079,12602,7.9836e-06,1.383e-03,1.615e-02,1.9155e-08,2.737e-04,5.620e-03,7.9847e-06,1.383e-03,1.614e-02,8.0348e-08,1.136e-04,2.363e-03
RANS_SA_WD_0.01-20_NN_Drift_Second,SA,195,10669,8590,2079,12602,7.9836e-06,1.101e-03,1.301e-02,1.9155e-08,2.867e-04,6.298e-03,7.9847e-06,1.101e-03,1.301e-02,8.0348e-08,1.188e-04,2.540e-03
RANS_SA_WD_0.01-20_NN_Drift_Second,SA,200,10669,8590,2079,12602,7.9836e-06,6.811e-04,9.931e-03,1.9155e-08,3.004e-04,6.959e-03,7.9847e-06,6.804e-04,9.928e-03,8.0348e-08,1.248e-04,2.749e-03
RANS_SA_WD_0.01-20_NN_Drift_Second,SA,205,10669,8590,2079,12602,7.9836e-06,8.650e-04,1.014e-02,1.9155e-08,3.097e-04,6.955e-03,7.9847e-06,8.649e-04,1.016e-02,8.0348e-08,1.305e-04,3.270e-03
RANS_SA_WD_0.01-20_NN_Drift_Second,SA,210,10669,8590,2079,12602,7.9836e-06,1.009e-03,1.236e-02,1.9155e-08,3.171e-04,7.493e-03,7.9847e-06,1.009e-03,1.236e-02,8.0348e-08,1.341e-04,3.524e-03
RANS_SA_WD_0.01-20_NN_Drift_Second,SA,215,10669,8590,2079,12602,7.9836e-06,9.983e-04,1.306e-02,1.9155e-08,3.339e-04,7.573e-03,7.9847e-06,9.983e-04,1.305e-02,8.0348e-08,1.383e-04,3.561e-03
RANS_SA_WD_0.01-20_NN_Drift_Second,SA,220,10669,8590,2079,12602,7.9836e-06,7.716e-04,8.402e-03,1.9155e-08,3.407e-04,7.622e-03,7.9847e-06,7.717e-04,8.395e-03,8.0348e-08,1.402e-04,3.585e-03
RANS_SA_WD_0.01-20_NN_Drift_Second,SA,225,10669,8590,2079,12602,7.9836e-06,1.059e-03,1.898e-02,1.9155e-08,3.319e-04,8.679e-03,7.9847e-06,1.060e-03,1.902e-02,8.0348e-08,1.397e-04,4.084e-03
RANS_SA_WD_0.01-20_NN_Drift_Second,SA,230,10669,8590,2079,12602,7.9836e-06,1.094e-03,1.281e-02,1.9155e-08,3.347e-04,9.284e-03,7.9847e-06,1.094e-03,1.282e-02,8.0348e-08,1.423e-04,4.371e-03
RANS_SA_WD_0.01-20_NN_Drift_Second,SA,235,10669,8590,2079,12602,7.9836e-06,1.068e-03,1.267e-02,1.9155e-08,3.462e-04,7.533e-03,7.9847e-06,1.068e-03,1.268e-02,8.0348e-08,1.388e-04,3.346e-03
RANS_SA_WD_0.01-20_NN_Drift_Second,SA,240,10669,8590,2079,12602,7.9836e-06,7.743e-04,1.026e-02,1.9155e-08,3.556e-04,8.243e-03,7.9847e-06,7.743e-04,1.026e-02,8.0348e-08,1.379e-04,2.589e-03
RANS_SA_WD_0.01-20_NN_Drift_Second,SA,245,10669,8590,2079,12602,7.9836e-06,1.195e-03,1.648e-02,1.9155e-08,3.345e-04,6.590e-03,7.9847e-06,1.195e-03,1.651e-02,8.0348e-08,1.330e-04,2.959e-03
RANS_SA_WD_0.01-20_NN_Drift_Second,SA,250,10669,8590,2079,12602,7.9836e-06,9.940e-04,1.099e-02,1.9155e-08,3.139e-04,6.379e-03,7.9847e-06,9.937e-04,1.099e-02,8.0348e-08,1.266e-04,2.997e-03
RANS_SA_WD_0.01-20_NN_Drift_Second,SA,255,10669,8590,2079,12602,7.9836e-06,1.238e-03,1.356e-02,1.9155e-08,3.036e-04,5.570e-03,7.9847e-06,1.239e-03,1.358e-02,8.0348e-08,1.213e-04,2.491e-03
RANS_SA_WD_0.01-20_NN_Drift_Second,SA,260,10669,8590,2079,12602,7.9836e-06,1.083e-03,1.297e-02,1.9155e-08,3.010e-04,6.001e-03,7.9847e-06,1.084e-03,1.297e-02,8.0348e-08,1.198e-04,2.159e-03
RANS_SA_WD_0.01-20_NN_Drift_Second,SA,265,10669,8590,2079,12602,7.9836e-06,1.297e-03,1.415e-02,1.9155e-08,3.054e-04,6.800e-03,7.9847e-06,1.297e-03,1.415e-02,8.0348e-08,1.214e-04,2.281e-03
RANS_SA_WD_0.01-20_NN_Drift_Second,SA,270,10669,8590,2079,12602,7.9836e-06,1.260e-03,1.183e-02,1.9155e-08,3.146e-04,7.169e-03,7.9847e-06,1.260e-03,1.183e-02,8.0348e-08,1.247e-04,2.404e-03
RANS_SA_WD_0.01-20_NN_Drift_Second,SA,275,10669,8590,2079,12602,7.9836e-06,8.983e-04,1.186e-02,1.9155e-08,3.300e-04,7.376e-03,7.9847e-06,8.978e-04,1.185e-02,8.0348e-08,1.271e-04,2.473e-03
RANS_SA_WD_0.01-20_NN_Drift_Second,SA,280,10669,8590,2079,12602,7.9836e-06,1.150e-03,1.493e-02,1.9155e-08,3.363e-04,7.419e-03,7.9847e-06,1.150e-03,1.494e-02,8.0348e-08,1.277e-04,2.487e-03
RANS_SA_WD_0.01-20_NN_Drift_Second,SA,285,10669,8590,2079,12602,7.9836e-06,1.579e-03,1.701e-02,1.9155e-08,3.194e-04,6.847e-03,7.9847e-06,1.579e-03,1.700e-02,8.0348e-08,1.236e-04,2.296e-03
RANS_SA_WD_0.01-20_NN_Drift_Second,SA,290,10669,8590,2079,12602,7.9836e-06,9.092e-04,9.922e-03,1.9155e-08,3.131e-04,6.726e-03,7.9847e-06,9.089e-04,9.918e-03,8.0348e-08,1.228e-04,2.256e-03
RANS_SA_WD_0.01-20_NN_Drift_Second,SA,295,10669,8590,2079,12602,7.9836e-06,1.070e-03,1.506e-02,1.9155e-08,3.222e-04,7.276e-03,7.9847e-06,1.070e-03,1.505e-02,8.0348e-08,1.248e-04,2.440e-03
RANS_SA_WD_0.01-20_NN_Drift_Second,SA,300,10669,8590,2079,12602,7.9836e-06,9.463e-04,1.176e-02,1.9155e-08,3.324e-04,7.613e-03,7.9847e-06,9.463e-04,1.177e-02,8.0348e-08,1.278e-04,2.553e-03
RANS_SA_WD_0.01-20_NN_Drift_Second,SA,305,10669,8590,2079,12602,7.9836e-06,1.066e-03,1.649e-02,1.9155e-08,3.347e-04,7.624e-03,7.9847e-06,1.067e-03,1.650e-02,8.0348e-08,1.285e-04,2.557e-03
RANS_SA_WD_0.01-20_NN_Drift_Second,SA,310,10669,8590,2079,12602,7.9836e-06,1.475e-03,1.445e-02,1.9155e-08,3.309e-04,7.267e-03,7.9847e-06,1.476e-03,1.447e-02,8.0348e-08,1.272e-04,2.437e-03
RANS_SA_WD_0.01-20_NN_Drift_Second,SA,315,10669,8590,2079,12602,7.9836e-06,9.933e-04,1.118e-02,1.9155e-08,3.212e-04,6.021e-03,7.9847e-06,9.931e-04,1.118e-02,8.0348e-08,1.259e-04,2.228e-03
RANS_SA_WD_0.01-20_NN_Drift_Second,SA,320,10669,8590,2079,12602,7.9836e-06,1.134e-03,1.210e-02,1.9155e-08,3.118e-04,5.417e-03,7.9847e-06,1.135e-03,1.211e-02,8.0348e-08,1.245e-04,2.491e-03
RANS_SA_WD_0.01-20_NN_Drift_Second,SA,325,10669,8590,2079,12602,7.9836e-06,1.194e-03,1.570e-02,1.9155e-08,2.866e-04,5.137e-03,7.9847e-06,1.194e-03,1.569e-02,8.0348e-08,1.177e-04,2.373e-03
RANS_SA_WD_0.01-20_NN_Drift_Second,SA,330,10669,8590,2079,12602,7.9836e-06,9.491e-04,1.268e-02,1.9155e-08,2.711e-04,4.761e-03,7.9847e-06,9.489e-04,1.266e-02,8.0348e-08,1.151e-04,2.316e-03
RANS_SA_WD_0.01-20_NN_Drift_Second,SA,335,10669,8590,2079,12602,7.9836e-06,8.726e-04,1.322e-02,1.9155e-08,2.671e-04,4.342e-03,7.9847e-06,8.720e-04,1.321e-02,8.0348e-08,1.120e-04,2.300e-03
RANS_SA_WD_0.01-20_NN_Drift_Second,SA,340,10669,8590,2079,12602,7.9836e-06,9.483e-04,9.209e-03,1.9155e-08,2.820e-04,5.690e-03,7.9847e-06,9.480e-04,9.209e-03,8.0348e-08,1.157e-04,2.329e-03
RANS_SA_WD_0.01-20_NN_Drift_Second,SA,345,10669,8590,2079,12602,7.9836e-06,8.950e-04,1.231e-02,1.9155e-08,2.690e-04,4.244e-03,7.9847e-06,8.943e-04,1.230e-02,8.0348e-08,1.100e-04,2.141e-03
RANS_SA_WD_0.01-20_NN_Drift_Second,SA,350,10669,8590,2079,12602,7.9836e-06,9.735e-04,1.256e-02,1.9155e-08,2.694e-04,3.760e-03,7.9847e-06,9.734e-04,1.256e-02,8.0348e-08,1.105e-04,1.968e-03
RANS_SA_WD_0.01-20_NN_Drift_Second,SA,355,10669,8590,2079,12602,7.9836e-06,9.914e-04,1.138e-02,1.9155e-08,2.811e-04,4.301e-03,7.9847e-06,9.916e-04,1.136e-02,8.0348e-08,1.143e-04,2.012e-03
RANS_SA_WD_0.01-20_NN_Drift_Second,SA,360,10669,8590,2079,12602,7.9836e-06,1.437e-03,1.432e-02,1.9155e-08,2.966e-04,4.844e-03,7.9847e-06,1.437e-03,1.433e-02,8.0348e-08,1.201e-04,2.086e-03
RANS_SA_WD_0.01-20_NN_Drift_Second,SA,365,10669,8590,2079,12602,7.9836e-06,9.313e-04,1.085e-02,1.9155e-08,3.226e-04,5.436e-03,7.9847e-06,9.311e-04,1.085e-02,8.0348e-08,1.349e-04,2.601e-03
RANS_SA_WD_0.01-20_NN_Drift_Second,SA,370,10669,8590,2079,12602,7.9836e-06,8.801e-04,9.733e-03,1.9155e-08,3.414e-04,6.483e-03,7.9847e-06,8.799e-04,9.752e-03,8.0348e-08,1.457e-04,3.047e-03
RANS_SA_WD_0.01-20_NN_Drift_Second,SA,375,10669,8590,2079,12602,7.9836e-06,1.064e-03,1.185e-02,1.9155e-08,3.370e-04,6.938e-03,7.9847e-06,1.064e-03,1.188e-02,8.0348e-08,1.442e-04,3.262e-03
RANS_SA_WD_0.01-20_NN_Drift_Second,SA,380,10669,8590,2079,12602,7.9836e-06,8.395e-04,9.999e-03,1.9155e-08,3.317e-04,6.855e-03,7.9847e-06,8.390e-04,9.994e-03,8.0348e-08,1.411e-04,3.223e-03
RANS_SA_WD_0.01-20_NN_Drift_Second,SA,385,10669,8590,2079,12602,7.9836e-06,9.823e-04,1.295e-02,1.9155e-08,3.312e-04,6.167e-03,7.9847e-06,9.827e-04,1.295e-02,8.0348e-08,1.387e-04,2.804e-03
RANS_SA_WD_0.01-20_NN_Drift_Second,SA,390,10669,8590,2079,12602,7.9836e-06,1.244e-03,1.314e-02,1.9155e-08,3.379e-04,7.029e-03,7.9847e-06,1.246e-03,1.316e-02,8.0348e-08,1.402e-04,2.479e-03
RANS_SA_WD_0.01-20_NN_Drift_Second,SA,395,10669,8590,2079,12602,7.9836e-06,1.036e-03,1.045e-02,1.9155e-08,3.536e-04,8.128e-03,7.9847e-06,1.036e-03,1.045e-02,8.0348e-08,1.426e-04,2.469e-03
RANS_SA_WD_0.01-20_NN_Drift_Seed2_Second,SA,5,23271,8590,14681,0,7.9836e-06,0.000e+00,0.000e+00,8.7777e-06,0.000e+00,0.000e+00,7.9847e-06,0.000e+00,0.000e+00,8.7774e-06,0.000e+00,0.000e+00
RANS_SA_WD_0.01-20_NN_Drift_Seed2_Second,SA,10,10669,8590,2079,12602,7.9836e-06,1.672e-04,3.754e-03,1.9155e-08,6.745e-06,2.726e-04,7.9847e-06,1.666e-04,3.756e-03,8.0348e-08,2.471e-06,8.295e-05
RANS_SA_WD_0.01-20_NN_Drift_Seed2_Second,SA,15,10669,8590,2079,12602,7.9836e-06,7.586e-04,1.160e-02,1.9155e-08,5.011e-05,1.934e-03,7.9847e-06,7.584e-04,1.160e-02,8.0348e-08,1.871e-05,5.888e-04
RANS_SA_WD_0.01-20_NN_Drift_Seed2_Second,SA,20,10669,8590,2079,12602,7.9836e-06,8.585e-04,9.959e-03,1.9155e-08,7.489e-05,2.649e-03,7.9847e-06,8.584e-04,9.950e-03,8.0348e-08,2.830e-05,8.069e-04
RANS_SA_WD_0.01-20_NN_Drift_Seed2_Second,SA,25,10669,8590,2079,12602,7.9836e-06,9.791e-04,1.136e-02,1.9155e-08,5.405e-05,2.045e-03,7.9847e-06,9.790e-04,1.139e-02,8.0348e-08,2.050e-05,6.877e-04
RANS_SA_WD_0.01-20_NN_Drift_Seed2_Second,SA,30,10669,8590,2079,12602,7.9836e-06,1.108e-03,1.195e-02,1.9155e-08,7.449e-05,2.271e-03,7.9847e-06,1.108e-03,1.196e-02,8.0348e-08,3.160e-05,8.843e-04
RANS_SA_WD_0.01-20_NN_Drift_Seed2_Second,SA,35,10669,8590,2079,12602,7.9836e-06,9.598e-04,1.242e-02,1.9155e-08,7.905e-05,1.887e-03,7.9847e-06,9.601e-04,1.242e-02,8.0348e-08,3.482e-05,8.842e-04
RANS_SA_WD_0.01-20_NN_Drift_Seed2_Second,SA,40,10669,8590,2079,12602,7.9836e-06,1.007e-03,1.153e-02,1.9155e-08,9.061e-05,2.462e-03,7.9847e-06,1.008e-03,1.151e-02,8.0348e-08,3.943e-05,7.506e-04
RANS_SA_WD_0.01-20_NN_Drift_Seed2_Second,SA,45,10669,8590,2079,12602,7.9836e-06,1.278e-03,1.571e-02,1.9155e-08,6.489e-05,1.663e-03,7.9847e-06,1.278e-03,1.570e-02,8.0348e-08,3.002e-05,7.324e-04
RANS_SA_WD_0.01-20_NN_Drift_Seed2_Second,SA,50,10669,8590,2079,12602,7.9836e-06,8.850e-04,1.198e-02,1.9155e-08,7.669e-05,2.378e-03,7.9847e-06,8.847e-04,1.197e-02,8.0348e-08,3.570e-05,1.111e-03
RANS_SA_WD_0.01-20_NN_Drift_Seed2_Second,SA,55,10669,8590,2079,12602,7.9836e-06,8.734e-04,1.239e-02,1.9155e-08,8.761e-05,2.332e-03,7.9847e-06,8.732e-04,1.238e-02,8.0348e-08,3.608e-05,8.643e-04
RANS_SA_WD_0.01-20_NN_Drift_Seed2_Second,SA,60,10669,8590,2079,12602,7.9836e-06,8.778e-04,1.291e-02,1.9155e-08,9.881e-05,3.071e-03,7.9847e-06,8.771e-04,1.291e-02,8.0348e-08,3.705e-05,9.369e-04
RANS_SA_WD_0.01-20_NN_Drift_Seed2_Second,SA,65,10669,8590,2079,12602,7.9836e-06,1.072e-03,1.693e-02,1.9155e-08,1.050e-04,3.684e-03,7.9847e-06,1.072e-03,1.697e-02,8.0348e-08,3.768e-05,1.125e-03
RANS_SA_WD_0.01-20_NN_Drift_Seed2_Second,SA,70,10669,8590,2079,12602,7.9836e-06,1.084e-03,1.258e-02,1.9155e-08,1.253e-04,4.097e-03,7.9847e-06,1.084e-03,1.259e-02,8.0348e-08,4.731e-05,1.251e-03
RANS_SA_WD_0.01-20_NN_Drift_Seed2_Second,SA,75,10669,8590,2079,12602,7.9836e-06,1.096e-03,1.408e-02,1.9155e-08,1.567e-04,5.143e-03,7.9847e-06,1.096e-03,1.408e-02,8.0348e-08,5.921e-05,1.570e-03
RANS_SA_WD_0.01-20_NN_Drift_Seed2_Second,SA,80,10669,8590,2079,12602,7.9836e-06,1.418e-03,1.426e-02,1.9155e-08,1.816e-04,5.878e-03,7.9847e-06,1.417e-03,1.425e-02,8.0348e-08,6.901e-05,1.795e-03
RANS_SA_WD_0.01-20_NN_Drift_Seed2_Second,SA,85,10669,8590,2079,12602,7.9836e-06,1.471e-03,1.642e-02,1.9155e-08,1.882e-04,5.592e-03,7.9847e-06,1.470e-03,1.640e-02,8.0348e-08,7.399e-05,1.708e-03
RANS_SA_WD_0.01-20_NN_Drift_Seed2_Second,SA,90,10669,8590,2079,12602,7.9836e-06,9.547e-04,1.422e-02,1.9155e-08,1.979e-04,4.983e-03,7.9847e-06,9.543e-04,1.422e-02,8.0348e-08,8.036e-05,1.522e-03
RANS_SA_WD_0.01-20_NN_Drift_Seed2_Second,SA,95,10669,8590,2079,12602,7.9836e-06,7.868e-04,1.128e-02,1.9155e-08,2.024e-04,4.799e-03,7.9847e-06,7.865e-04,1.128e-02,8.0348e-08,8.223e-05,1.616e-03
RANS_SA_WD_0.01-20_NN_Drift_Seed2_Second,SA,100,10669,8590,2079,12602,7.9836e-06,8.193e-04,1.053e-02,1.9155e-08,2.126e-04,5.241e-03,7.9847e-06,8.191e-04,1.053e-02,8.0348e-08,8.626e-05,1.774e-03
RANS_SA_WD_0.01-20_NN_Drift_Seed2_Second,SA,105,10669,8590,2079,12602,7.9836e-06,1.463e-03,2.478e-02,1.9155e-08,2.237e-04,5.545e-03,7.9847e-06,1.463e-03,2.483e-02,8.0348e-08,9.292e-05,1.913e-03
RANS_SA_WD_0.01-20_NN_Drift_Seed2_Second,SA,110,10669,8590,2079,12602,7.9836e-06,1.458e-03,1.516e-02,1.9155e-08,2.342e-04,5.347e-03,7.9847e-06,1.458e-03,1.517e-02,8.0348e-08,9.645e-05,2.097e-03
RANS_SA_WD_0.01-20_NN_Drift_Seed2_Second,SA,115,10669,8590,2079,12602,7.9836e-06,2.206e-03,8.780e-02,1.9155e-08,2.309e-04,5.656e-03,7.9847e-06,2.203e-03,8.754e-02,8.0348e-08,9.120e-05,2.246e-03
RANS_SA_WD_0.01-20_NN_Drift_Seed2_Second,SA,120,10669,8590,2079,12602,7.9836e-06,7.426e-03,1.428e-01,1.9155e-08,2.342e-04,5.600e-03,7.9847e-06,7.423e-03,1.426e-01,8.0348e-08,8.923e-05,2.223e-03
RANS_SA_WD_0.01-20_NN_Drift_Seed2_Second,SA,125,10669,8590,2079,12602,7.9836e-06,7.842e-03,8.992e-02,1.9155e-08,2.319e-04,6.235e-03,7.9847e-06,7.840e-03,8.990e-02,8.0348e-08,8.535e-05,1.898e-03
RANS_SA_WD_0.01-20_NN_Drift_Seed2_Second,SA,130,10669,8590,2079,12602,7.9836e-06,8.500e-03,8.296e-02,1.9155e-08,2.365e-04,6.781e-03,7.9847e-06,8.496e-03,8.291e-02,8.0348e-08,8.482e-05,2.064e-03
RANS_SA_WD_0.01-20_NN_Drift_Seed2_Second,SA,135,10669,8590,2079,12602,7.9836e-06,1.405e-03,1.583e-02,1.9155e-08,2.533e-04,8.200e-03,7.9847e-06,1.403e-03,1.580e-02,8.0348e-08,8.728e-05,2.495e-03
RANS_SA_WD_0.01-20_NN_Drift_Seed2_Second,SA,140,10669,8590,2079,12602,7.9836e-06,1.510e-03,1.432e-02,1.9155e-08,2.551e-04,8.727e-03,7.9847e-06,1.510e-03,1.431e-02,8.0348e-08,8.647e-05,2.655e-03
RANS_SA_WD_0.01-20_NN_Drift_Seed2_Second,SA,145,10669,8590,2079,12602,7.9836e-06,1.389e-03,1.551e-02,1.9155e-08,2.136e-04,6.670e-03,7.9847e-06,1.389e-03,1.548e-02,8.0348e-08,7.534e-05,2.029e-03
RANS_SA_WD_0.01-20_NN_Drift_Seed2_Second,SA,150,10669,8590,2079,12602,7.9836e-06,9.955e-04,1.540e-02,1.9155e-08,1.884e-04,5.122e-03,7.9847e-06,9.955e-04,1.540e-02,8.0348e-08,7.003e-05,1.559e-03
RANS_SA_WD_0.01-20_NN_Drift_Seed2_Second,SA,155,10669,8590,2079,12602,7.9836e-06,1.268e-03,1.430e-02,1.9155e-08,1.807e-04,4.888e-03,7.9847e-06,1.268e-03,1.430e-02,8.0348e-08,6.875e-05,1.489e-03
RANS_SA_WD_0.01-20_NN_Drift_Seed2_Second,SA,160,10669,8590,2079,12602,7.9836e-06,1.796e-03,2.691e-02,1.9155e-08,1.721e-04,4.213e-03,7.9847e-06,1.796e-03,2.695e-02,8.0348e-08,6.754e-05,1.283e-03
RANS_SA_WD_0.01-20_NN_Drift_Seed2_Second,SA,165,10669,8590,2079,12602,7.9836e-06,2.360e-03,2.365e-02,1.9155e-08,1.608e-04,4.204e-03,7.9847e-06,2.361e-03,2.365e-02,8.0348e-08,6.558e-05,1.415e-03
RANS_SA_WD_0.01-20_NN_Drift_Seed2_Second,SA,170,10669,8590,2079,12602,7.9836e-06,1.387e-03,1.447e-02,1.9155e-08,1.609e-04,4.603e-03,7.9847e-06,1.387e-03,1.447e-02,8.0348e-08,6.736e-05,1.550e-03
RANS_SA_WD_0.01-20_NN_Drift_Seed2_Second,SA,175,10669,8590,2079,12602,7.9836e-06,1.539e-03,1.570e-02,1.9155e-08,1.624e-04,5.078e-03,7.9847e-06,1.539e-03,1.569e-02,8.0348e-08,6.545e-05,1.710e-03
RANS_SA_WD_0.01-20_NN_Drift_Seed2_Second,SA,180,10669,8590,2079,12602,7.9836e-06,1.588e-03,1.728e-02,1.9155e-08,1.676e-04,4.678e-03,7.9847e-06,1.590e-03,1.728e-02,8.0348e-08,6.730e-05,1.575e-03
RANS_SA_WD_0.01-20_NN_Drift_Seed2_Second,SA,185,10669,8590,2079,12602,7.9836e-06,1.640e-03,1.539e-02,1.9155e-08,1.774e-04,3.548e-03,7.9847e-06,1.641e-03,1.543e-02,8.0348e-08,7.294e-05,1.664e-03
RANS_SA_WD_0.01-20_NN_Drift_Seed2_Second,SA,190,10669,8590,2079,12602,7.9836e-06,1.734e-03,2.083e-02,1.9155e-08,2.109e-04,4.556e-03,7.9847e-06,1.735e-03,2.084e-02,8.0348e-08,8.623e-05,2.068e-03
RANS_SA_WD_0.01-20_NN_Drift_Seed2_Second,SA,195,10669,8590,2079,12602,7.9836e-06,2.056e-03,2.093e-02,1.9155e-08,2.315e-04,5.269e-03,7.9847e-06,2.056e-03,2.092e-02,8.0348e-08,9.744e-05,2.474e-03
RANS_SA_WD_0.01-20_NN_Drift_Seed2_Second,SA,200,10669,8590,2079,12602,7.9836e-06,1.144e-03,1.351e-02,1.9155e-08,2.521e-04,5.863e-03,7.9847e-06,1.145e-03,1.351e-02,8.0348e-08,1.077e-04,2.754e-03
RANS_SA_WD_0.01-20_NN_Drift_Seed2_Second,SA,205,10669,8590,2079,12602,7.9836e-06,1.324e-03,1.720e-02,1.9155e-08,2.717e-04,6.043e-03,7.9847e-06,1.324e-03,1.720e-02,8.0348e-08,1.142e-04,2.828e-03
RANS_SA_WD_0.01-20_NN_Drift_Seed2_Second,SA,210,10669,8590,2079,12602,7.9836e-06,1.635e-03,1.583e-02,1.9155e-08,2.781e-04,6.399e-03,7.9847e-06,1.635e-03,1.583e-02,8.0348e-08,1.165e-04,2.799e-03
RANS_SA_WD_0.01-20_NN_Drift_Seed2_Second,SA,215,10669,8590,2079,12602,7.9836e-06,1.227e-03,1.216e-02,1.9155e-08,2.643e-04,6.517e-03,7.9847e-06,1.227e-03,1.217e-02,8.0348e-08,1.112e-04,2.678e-03
RANS_SA_WD_0.01-20_NN_Drift_Seed2_Second,SA,220,10669,8590,2079,12602,7.9836e-06,9.805e-04,9.507e-03,1.9155e-08,2.617e-04,6.975e-03,7.9847e-06,9.800e-04,9.509e-03,8.0348e-08,1.091e-04,2.592e-03
RANS_SA_WD_0.01-20_NN_Drift_Seed2_Second,SA,225,10669,8590,2079,12602,7.9836e-06,1.073e-03,1.045e-02,1.9155e-08,2.701e-04,7.748e-03,7.9847e-06,1.073e-03,1.045e-02,8.0348e-08,1.095e-04,2.878e-03
RANS_SA_WD_0.01-20_NN_Drift_Seed2_Second,SA,230,10669,8590,2079,12602,7.9836e-06,1.344e-03,1.442e-02,1.9155e-08,2.793e-04,7.833e-03,7.9847e-06,1.344e-03,1.444e-02,8.0348e-08,1.110e-04,2.909e-03
RANS_SA_WD_0.01-20_NN_Drift_Seed2_Second,SA,235,10669,8590,2079,12602,7.9836e-06,1.475e-03,1.799e-02,1.9155e-08,2.889e-04,7.469e-03,7.9847e-06,1.475e-03,1.798e-02,8.0348e-08,1.122e-04,2.775e-03
RANS_SA_WD_0.01-20_NN_Drift_Seed2_Second,SA,240,10669,8590,2079,12602,7.9836e-06,1.210e-03,1.489e-02,1.9155e-08,2.815e-04,6.778e-03,7.9847e-06,1.210e-03,1.490e-02,8.0348e-08,1.089e-04,2.518e-03
RANS_SA_WD_0.01-20_NN_Drift_Seed2_Second,SA,245,10669,8590,2079,12602,7.9836e-06,1.479e-03,2.555e-02,1.9155e-08,2.441e-04,5.793e-03,7.9847e-06,1.478e-03,2.552e-02,8.0348e-08,9.822e-05,2.153e-03
RANS_SA_WD_0.01-20_NN_Drift_Seed2_Second,SA,250,10669,8590,2079,12602,7.9836e-06,3.240e-03,6.169e-02,1.9155e-08,2.279e-04,5.155e-03,7.9847e-06,3.239e-03,6.167e-02,8.0348e-08,9.394e-05,1.916e-03
RANS_SA_WD_0.01-20_NN_Drift_Seed2_Second,SA,255,10669,8590,2079,12602,7.9836e-06,3.297e-03,4.992e-02,1.9155e-08,2.221e-04,4.757e-03,7.9847e-06,3.296e-03,4.991e-02,8.0348e-08,9.020e-05,1.769e-03
RANS_SA_WD_0.01-20_NN_Drift_Seed2_Second,SA,260,10669,8590,2079,12602,7.9836e-06,2.948e-03,3.522e-02,1.9155e-08,2.139e-04,4.603e-03,7.9847e-06,2.946e-03,3.521e-02,8.0348e-08,8.515e-05,1.668e-03
RANS_SA_WD_0.01-20_NN_Drift_Seed2_Second,SA,265,10669,8590,2079,12602,7.9836e-06,1.146e-03,1.141e-02,1.9155e-08,1.912e-04,4.459e-03,7.9847e-06,1.146e-03,1.141e-02,8.0348e-08,7.479e-05,1.659e-03
RANS_SA_WD_0.01-20_NN_Drift_Seed2_Second,SA,270,10669,8590,2079,12602,7.9836e-06,1.023e-03,1.064e-02,1.9155e-08,1.843e-04,4.328e-03,7.9847e-06,1.023e-03,1.066e-02,8.0348e-08,7.214e-05,1.610e-03
RANS_SA_WD_0.01-20_NN_Drift_Seed2_Second,SA,275,10669,8590,2079,12602,7.9836e-06,1.099e-03,1.131e-02,1.9155e-08,1.812e-04,4.082e-03,7.9847e-06,1.098e-03,1.134e-02,8.0348e-08,6.987e-05,1.518e-03
RANS_SA_WD_0.01-20_NN_Drift_Seed2_Second,SA,280,10669,8590,2079,12602,7.9836e-06,1.072e-03,1.007e-02,1.9155e-08,1.814e-04,3.939e-03,7.9847e-06,1.072e-03,1.007e-02,8.0348e-08,7.051e-05,1.361e-03
RANS_SA_WD_0.01-20_NN_Drift_Seed2_Second,SA,285,10669,8590,2079,12602,7.9836e-06,1.026e-03,1.140e-02,1.9155e-08,1.781e-04,4.380e-03,7.9847e-06,1.025e-03,1.140e-02,8.0348e-08,7.384e-05,2.044e-03
RANS_SA_WD_0.01-20_NN_Drift_Seed2_Second,SA,290,10669,8590,2079,12602,7.9836e-06,8.596e-04,1.259e-02,1.9155e-08,1.808e-04,5.808e-03,7.9847e-06,8.593e-04,1.259e-02,8.0348e-08,7.886e-05,2.708e-03
RANS_SA_WD_0.01-20_NN_Drift_Seed2_Second,SA,295,10669,8590,2079,12602,7.9836e-06,1.230e-03,1.810e-02,1.9155e-08,1.731e-04,4.735e-03,7.9847e-06,1.230e-03,1.809e-02,8.0348e-08,7.126e-05,2.209e-03
RANS_SA_WD_0.01-20_NN_Drift_Seed2_Second,SA,300,10669,8590,2079,12602,7.9836e-06,1.271e-03,1.815e-02,1.9155e-08,1.796e-04,4.363e-03,7.9847e-06,1.271e-03,1.815e-02,8.0348e-08,7.151e-05,2.036e-03
RANS_SA_WD_0.01-20_NN_Drift_Seed2_Second,SA,305,10669,8590,2079,12602,7.9836e-06,1.436e-03,1.645e-02,1.9155e-08,1.864e-04,6.069e-03,7.9847e-06,1.437e-03,1.645e-02,8.0348e-08,8.114e-05,2.829e-03
RANS_SA_WD_0.01-20_NN_Drift_Seed2_Second,SA,310,10669,8590,2079,12602,7.9836e-06,1.514e-03,1.899e-02,1.9155e-08,2.065e-04,7.275e-03,7.9847e-06,1.514e-03,1.902e-02,8.0348e-08,9.198e-05,3.388e-03
RANS_SA_WD_0.01-20_NN_Drift_Seed2_Second,SA,315,10669,8590,2079,12602,7.9836e-06,1.388e-03,1.609e-02,1.9155e-08,2.208e-04,8.034e-03,7.9847e-06,1.388e-03,1.607e-02,8.0348e-08,9.856e-05,3.740e-03
RANS_SA_WD_0.01-20_NN_Drift_Seed2_Second,SA,320,10669,8590,2079,12602,7.9836e-06,1.605e-03,1.315e-02,1.9155e-08,2.326e-04,8.502e-03,7.9847e-06,1.605e-03,1.314e-02,8.0348e-08,1.040e-04,3.957e-03
RANS_SA_WD_0.01-20_NN_Drift_Seed2_Second,SA,325,10669,8590,2079,12602,7.9836e-06,1.482e-03,2.197e-02,1.9155e-08,2.158e-04,8.166e-03,7.9847e-06,1.483e-03,2.198e-02,8.0348e-08,9.910e-05,3.801e-03
RANS_SA_WD_0.01-20_NN_Drift_Seed2_Second,SA,330,10669,8590,2079,12602,7.9836e-06,1.378e-03,1.346e-02,1.9155e-08,2.148e-04,7.728e-03,7.9847e-06,1.376e-03,1.346e-02,8.0348e-08,9.784e-05,3.598e-03
RANS_SA_WD_0.01-20_NN_Drift_Seed2_Second,SA,335,10669,8590,2079,12602,7.9836e-06,1.480e-03,1.567e-02,1.9155e-08,2.039e-04,7.020e-03,7.9847e-06,1.480e-03,1.567e-02,8.0348e-08,9.335e-05,3.270e-03
RANS_SA_WD_0.01-20_NN_Drift_Seed2_Second,SA,340,10669,8590,2079,12602,7.9836e-06,1.412e-03,1.556e-02,1.9155e-08,1.948e-04,6.554e-03,7.9847e-06,1.412e-03,1.554e-02,8.0348e-08,9.002e-05,3.054e-03
RANS_SA_WD_0.01-20_NN_Drift_Seed2_Second,SA,345,10669,8590,2079,12602,7.9836e-06,8.159e-04,9.086e-03,1.9155e-08,1.920e-04,6.528e-03,7.9847e-06,8.160e-04,9.072e-03,8.0348e-08,8.735e-05,3.042e-03
RANS_SA_WD_0.01-20_NN_Drift_Seed2_Second,SA,350,10669,8590,2079,12602,7.9836e-06,6.410e-04,1.041e-02,1.9155e-08,1.925e-04,6.374e-03,7.9847e-06,6.411e-04,1.042e-02,8.0348e-08,8.640e-05,2.970e-03
RANS_SA_WD_0.01-20_NN_Drift_Seed2_Second,SA,355,10669,8590,2079,12602,7.9836e-06,9.130e-04,1.332e-02,1.9155e-08,1.812e-04,5.479e-03,7.9847e-06,9.127e-04,1.329e-02,8.0348e-08,8.064e-05,2.555e-03
RANS_SA_WD_0.01-20_NN_Drift_Seed2_Second,SA,360,10669,8590,2079,12602,7.9836e-06,9.620e-04,1.124e-02,1.9155e-08,1.723e-04,4.429e-03,7.9847e-06,9.620e-04,1.126e-02,8.0348e-08,7.630e-05,2.067e-03
RANS_SA_WD_0.01-20_NN_Drift_Seed2_Second,SA,365,10669,8590,2079,12602,7.9836e-06,8.396e-04,1.396e-02,1.9155e-08,1.781e-04,4.548e-03,7.9847e-06,8.394e-04,1.396e-02,8.0348e-08,8.015e-05,2.122e-03
RANS_SA_WD_0.01-20_NN_Drift_Seed2_Second,SA,370,10669,8590,2079,12602,7.9836e-06,7.806e-04,8.491e-03,1.9155e-08,1.962e-04,4.430e-03,7.9847e-06,7.805e-04,8.490e-03,8.0348e-08,8.605e-05,2.067e-03
RANS_SA_WD_0.01-20_NN_Drift_Seed2_Second,SA,375,10669,8590,2079,12602,7.9836e-06,9.355e-04,1.311e-02,1.9155e-08,2.235e-04,4.832e-03,7.9847e-06,9.354e-04,1.310e-02,8.0348e-08,9.213e-05,1.729e-03
RANS_SA_WD_0.01-20_NN_Drift_Seed2_Second,SA,380,10669,8590,2079,12602,7.9836e-06,7.979e-04,1.028e-02,1.9155e-08,2.441e-04,6.093e-03,7.9847e-06,7.978e-04,1.028e-02,8.0348e-08,9.748e-05,2.125e-03
RANS_SA_WD_0.01-20_NN_Drift_Seed2_Second,SA,385,10669,8590,2079,12602,7.9836e-06,8.243e-04,1.254e-02,1.9155e-08,2.377e-04,5.672e-03,7.9847e-06,8.242e-04,1.256e-02,8.0348e-08,9.630e-05,2.264e-03
RANS_SA_WD_0.01-20_NN_Drift_Seed2_Second,SA,390,10669,8590,2079,12602,7.9836e-06,8.047e-04,1.168e-02,1.9155e-08,2.355e-04,5.317e-03,7.9847e-06,8.046e-04,1.168e-02,8.0348e-08,9.724e-05,2.122e-03
RANS_SA_WD_0.01-20_NN_Drift_Seed2_Second,SA,395,10669,8590,2079,12602,7.9836e-06,8.336e-04,1.048e-02,1.9155e-08,2.263e-04,4.852e-03,7.9847e-06,8.332e-04,1.048e-02,8.0348e-08,9.684e-05,2.203e-03
RANS_SA_WD_0.05-0.10_ConsGalerkinProj_OneShot_Second,SA,5,23271,8590,14681,0,7.9836e-06,0.000e+00,0.000e+00,8.7777e-06,0.000e+00,0.000e+00,7.9847e-06,0.000e+00,0.000e+00,8.7774e-06,0.000e+00,0.000e+00
RANS_SA_WD_0.05-0.10_ConsGalerkinProj_OneShot_Second,SA,10,23271,8590,14681,0,7.9836e-06,0.000e+00,0.000e+00,8.7777e-06,0.000e+00,0.000e+00,7.9847e-06,0.000e+00,0.000e+00,8.7774e-06,0.000e+00,0.000e+00
RANS_SA_WD_0.05-0.10_ConsGalerkinProj_OneShot_Second,SA,15,23271,8590,14681,0,7.9836e-06,0.000e+00,0.000e+00,8.7777e-06,0.000e+00,0.000e+00,7.9847e-06,0.000e+00,0.000e+00,8.7774e-06,0.000e+00,0.000e+00
RANS_SA_WD_0.05-0.10_ConsGalerkinProj_OneShot_Second,SA,20,23271,8590,14681,0,7.9836e-06,0.000e+00,0.000e+00,8.7777e-06,0.000e+00,0.000e+00,7.9847e-06,0.000e+00,0.000e+00,8.7774e-06,0.000e+00,0.000e+00
RANS_SA_WD_0.05-0.10_ConsGalerkinProj_OneShot_Second,SA,25,23271,8590,14681,0,7.9836e-06,0.000e+00,0.000e+00,8.7777e-06,0.000e+00,0.000e+00,7.9847e-06,0.000e+00,0.000e+00,8.7774e-06,0.000e+00,0.000e+00
RANS_SA_WD_0.05-0.10_ConsGalerkinProj_OneShot_Second,SA,30,23271,8590,14681,0,7.9836e-06,0.000e+00,0.000e+00,8.7777e-06,0.000e+00,0.000e+00,7.9847e-06,0.000e+00,0.000e+00,8.7774e-06,0.000e+00,0.000e+00
RANS_SA_WD_0.05-0.10_ConsGalerkinProj_OneShot_Second,SA,35,23271,8590,14681,0,7.9836e-06,0.000e+00,0.000e+00,8.7777e-06,0.000e+00,0.000e+00,7.9847e-06,0.000e+00,0.000e+00,8.7774e-06,0.000e+00,0.000e+00
RANS_SA_WD_0.05-0.10_ConsGalerkinProj_OneShot_Second,SA,40,23271,8590,14681,0,7.9836e-06,0.000e+00,0.000e+00,8.7777e-06,0.000e+00,0.000e+00,7.9847e-06,0.000e+00,0.000e+00,8.7774e-06,0.000e+00,0.000e+00
RANS_SA_WD_0.05-0.10_ConsGalerkinProj_OneShot_Second,SA,45,23271,8590,14681,0,7.9836e-06,0.000e+00,0.000e+00,8.7777e-06,0.000e+00,0.000e+00,7.9847e-06,0.000e+00,0.000e+00,8.7774e-06,0.000e+00,0.000e+00
RANS_SA_WD_0.05-0.10_ConsGalerkinProj_OneShot_Second,SA,50,23271,8590,14681,0,7.9836e-06,0.000e+00,0.000e+00,8.7777e-06,0.000e+00,0.000e+00,7.9847e-06,0.000e+00,0.000e+00,8.7774e-06,0.000e+00,0.000e+00
RANS_SA_WD_0.05-0.10_ConsGalerkinProj_OneShot_Second,SA,55,23271,8590,14681,0,7.9836e-06,0.000e+00,0.000e+00,8.7777e-06,0.000e+00,0.000e+00,7.9847e-06,0.000e+00,0.000e+00,8.7774e-06,0.000e+00,0.000e+00
RANS_SA_WD_0.05-0.10_ConsGalerkinProj_OneShot_Second,SA,60,23271,8590,14681,0,7.9836e-06,0.000e+00,0.000e+00,8.7777e-06,0.000e+00,0.000e+00,7.9847e-06,0.000e+00,0.000e+00,8.7774e-06,0.000e+00,0.000e+00
RANS_SA_WD_0.05-0.10_ConsGalerkinProj_OneShot_Second,SA,65,23271,8590,14681,0,7.9836e-06,0.000e+00,0.000e+00,8.7777e-06,0.000e+00,0.000e+00,7.9847e-06,0.000e+00,0.000e+00,8.7774e-06,0.000e+00,0.000e+00
RANS_SA_WD_0.05-0.10_ConsGalerkinProj_OneShot_Second,SA,70,23271,8590,14681,0,7.9836e-06,0.000e+00,0.000e+00,8.7777e-06,0.000e+00,0.000e+00,7.9847e-06,0.000e+00,0.000e+00,8.7774e-06,0.000e+00,0.000e+00
RANS_SA_WD_0.05-0.10_ConsGalerkinProj_OneShot_Second,SA,75,23271,8590,14681,0,7.9836e-06,0.000e+00,0.000e+00,8.7777e-06,0.000e+00,0.000e+00,7.9847e-06,0.000e+00,0.000e+00,8.7774e-06,0.000e+00,0.000e+00
RANS_SA_WD_0.05-0.10_ConsGalerkinProj_OneShot_Second,SA,80,23271,8590,14681,0,7.9836e-06,0.000e+00,0.000e+00,8.7777e-06,0.000e+00,0.000e+00,7.9847e-06,0.000e+00,0.000e+00,8.7774e-06,0.000e+00,0.000e+00
RANS_SA_WD_0.05-0.10_ConsGalerkinProj_OneShot_Second,SA,85,23271,8590,14681,0,7.9836e-06,0.000e+00,0.000e+00,8.7777e-06,0.000e+00,0.000e+00,7.9847e-06,0.000e+00,0.000e+00,8.7774e-06,0.000e+00,0.000e+00
RANS_SA_WD_0.05-0.10_ConsGalerkinProj_OneShot_Second,SA,90,23271,8590,14681,0,7.9836e-06,0.000e+00,0.000e+00,8.7777e-06,0.000e+00,0.000e+00,7.9847e-06,0.000e+00,0.000e+00,8.7774e-06,0.000e+00,0.000e+00
RANS_SA_WD_0.05-0.10_ConsGalerkinProj_OneShot_Second,SA,95,23271,8590,14681,0,7.9836e-06,0.000e+00,0.000e+00,8.7777e-06,0.000e+00,0.000e+00,7.9847e-06,0.000e+00,0.000e+00,8.7774e-06,0.000e+00,0.000e+00
RANS_SA_WD_0.05-0.10_ConsGalerkinProj_OneShot_Second,SA,100,23271,8590,14681,0,7.9836e-06,0.000e+00,0.000e+00,8.7777e-06,0.000e+00,0.000e+00,7.9847e-06,0.000e+00,0.000e+00,8.7774e-06,0.000e+00,0.000e+00
RANS_SA_WD_0.05-0.10_ConsGalerkinProj_OneShot_Second,SA,105,23271,8590,14681,0,7.9836e-06,0.000e+00,0.000e+00,8.7777e-06,0.000e+00,0.000e+00,7.9847e-06,0.000e+00,0.000e+00,8.7774e-06,0.000e+00,0.000e+00
RANS_SA_WD_0.05-0.10_ConsGalerkinProj_OneShot_Second,SA,110,23271,8590,14681,0,7.9836e-06,0.000e+00,0.000e+00,8.7777e-06,0.000e+00,0.000e+00,7.9847e-06,0.000e+00,0.000e+00,8.7774e-06,0.000e+00,0.000e+00
RANS_SA_WD_0.05-0.10_ConsGalerkinProj_OneShot_Second,SA,115,23271,8590,14681,0,7.9836e-06,0.000e+00,0.000e+00,8.7777e-06,0.000e+00,0.000e+00,7.9847e-06,0.000e+00,0.000e+00,8.7774e-06,0.000e+00,0.000e+00
RANS_SA_WD_0.05-0.10_ConsGalerkinProj_OneShot_Second,SA,120,23271,8590,14681,0,7.9836e-06,0.000e+00,0.000e+00,8.7777e-06,0.000e+00,0.000e+00,7.9847e-06,0.000e+00,0.000e+00,8.7774e-06,0.000e+00,0.000e+00
RANS_SA_WD_0.05-0.10_ConsGalerkinProj_OneShot_Second,SA,125,23271,8590,14681,0,7.9836e-06,0.000e+00,0.000e+00,8.7777e-06,0.000e+00,0.000e+00,7.9847e-06,0.000e+00,0.000e+00,8.7774e-06,0.000e+00,0.000e+00
RANS_SA_WD_0.05-0.10_ConsGalerkinProj_OneShot_Second,SA,130,23271,8590,14681,0,7.9836e-06,0.000e+00,0.000e+00,8.7777e-06,0.000e+00,0.000e+00,7.9847e-06,0.000e+00,0.000e+00,8.7774e-06,0.000e+00,0.000e+00
RANS_SA_WD_0.05-0.10_ConsGalerkinProj_OneShot_Second,SA,135,23271,8590,14681,0,7.9836e-06,0.000e+00,0.000e+00,8.7777e-06,0.000e+00,0.000e+00,7.9847e-06,0.000e+00,0.000e+00,8.7774e-06,0.000e+00,0.000e+00
RANS_SA_WD_0.05-0.10_ConsGalerkinProj_OneShot_Second,SA,140,23271,8590,14681,0,7.9836e-06,0.000e+00,0.000e+00,8.7777e-06,0.000e+00,0.000e+00,7.9847e-06,0.000e+00,0.000e+00,8.7774e-06,0.000e+00,0.000e+00
RANS_SA_WD_0.05-0.10_ConsGalerkinProj_OneShot_Second,SA,145,23271,8590,14681,0,7.9836e-06,0.000e+00,0.000e+00,8.7777e-06,0.000e+00,0.000e+00,7.9847e-06,0.000e+00,0.000e+00,8.7774e-06,0.000e+00,0.000e+00
RANS_SA_WD_0.05-0.10_ConsGalerkinProj_OneShot_Second,SA,150,23271,8590,14681,0,7.9836e-06,0.000e+00,0.000e+00,8.7777e-06,0.000e+00,0.000e+00,7.9847e-06,0.000e+00,0.000e+00,8.7774e-06,0.000e+00,0.000e+00
RANS_SA_WD_0.05-0.10_ConsGalerkinProj_OneShot_Second,SA,155,23271,8590,14681,0,7.9836e-06,0.000e+00,0.000e+00,8.7777e-06,0.000e+00,0.000e+00,7.9847e-06,0.000e+00,0.000e+00,8.7774e-06,0.000e+00,0.000e+00
RANS_SA_WD_0.05-0.10_ConsGalerkinProj_OneShot_Second,SA,160,23271,8590,14681,0,7.9836e-06,0.000e+00,0.000e+00,8.7777e-06,0.000e+00,0.000e+00,7.9847e-06,0.000e+00,0.000e+00,8.7774e-06,0.000e+00,0.000e+00
RANS_SA_WD_0.05-0.10_ConsGalerkinProj_OneShot_Second,SA,165,23271,8590,14681,0,7.9836e-06,0.000e+00,0.000e+00,8.7777e-06,0.000e+00,0.000e+00,7.9847e-06,0.000e+00,0.000e+00,8.7774e-06,0.000e+00,0.000e+00
RANS_SA_WD_0.05-0.10_ConsGalerkinProj_OneShot_Second,SA,170,23271,8590,14681,0,7.9836e-06,0.000e+00,0.000e+00,8.7777e-06,0.000e+00,0.000e+00,7.9847e-06,0.000e+00,0.000e+00,8.7774e-06,0.000e+00,0.000e+00
RANS_SA_WD_0.05-0.10_ConsGalerkinProj_OneShot_Second,SA,175,23271,8590,14681,0,7.9836e-06,0.000e+00,0.000e+00,8.7777e-06,0.000e+00,0.000e+00,7.9847e-06,0.000e+00,0.000e+00,8.7774e-06,0.000e+00,0.000e+00
RANS_SA_WD_0.05-0.10_ConsGalerkinProj_OneShot_Second,SA,180,23271,8590,14681,0,7.9836e-06,0.000e+00,0.000e+00,8.7777e-06,0.000e+00,0.000e+00,7.9847e-06,0.000e+00,0.000e+00,8.7774e-06,0.000e+00,0.000e+00
RANS_SA_WD_0.05-0.10_ConsGalerkinProj_OneShot_Second,SA,185,23271,8590,14681,0,7.9836e-06,0.000e+00,0.000e+00,8.7777e-06,0.000e+00,0.000e+00,7.9847e-06,0.000e+00,0.000e+00,8.7774e-06,0.000e+00,0.000e+00
RANS_SA_WD_0.05-0.10_ConsGalerkinProj_OneShot_Second,SA,190,23271,8590,14681,0,7.9836e-06,0.000e+00,0.000e+00,8.7777e-06,0.000e+00,0.000e+00,7.9847e-06,0.000e+00,0.000e+00,8.7774e-06,0.000e+00,0.000e+00
RANS_SA_WD_0.05-0.10_ConsGalerkinProj_OneShot_Second,SA,195,23271,8590,14681,0,7.9836e-06,0.000e+00,0.000e+00,8.7777e-06,0.000e+00,0.000e+00,7.9847e-06,0.000e+00,0.000e+00,8.7774e-06,0.000e+00,0.000e+00
RANS_SA_WD_0.05-0.10_ConsGalerkinProj_OneShot_Second,SA,200,22047,8590,13457,1224,7.9836e-06,1.825e-06,2.785e-05,8.7777e-06,1.141e-04,7.982e-03,7.9847e-06,1.767e-06,2.808e-05,8.7774e-06,1.139e-04,7.995e-03
RANS_SA_WD_0.05-0.10_ConsGalerkinProj_OneShot_Second,SA,205,22047,8590,13457,1224,7.9836e-06,6.972e-06,7.986e-05,8.7777e-06,1.910e-04,1.083e-02,7.9847e-06,6.974e-06,7.990e-05,8.7774e-06,1.899e-04,1.085e-02
RANS_SA_WD_0.05-0.10_ConsGalerkinProj_OneShot_Second,SA,210,22047,8590,13457,1224,7.9836e-06,9.750e-06,8.197e-05,8.7777e-06,1.914e-04,1.086e-02,7.9847e-06,9.894e-06,8.201e-05,8.7774e-06,1.903e-04,1.087e-02
RANS_SA_WD_0.05-0.10_ConsGalerkinProj_OneShot_Second,SA,215,22047,8590,13457,1224,7.9836e-06,1.520e-05,2.020e-04,8.7777e-06,1.916e-04,1.087e-02,7.9847e-06,1.543e-05,2.033e-04,8.7774e-06,1.905e-04,1.088e-02
RANS_SA_WD_0.05-0.10_ConsGalerkinProj_OneShot_Second,SA,220,22047,8590,13457,1224,7.9836e-06,2.692e-05,3.111e-04,8.7777e-06,1.919e-04,1.087e-02,7.9847e-06,2.708e-05,3.115e-04,8.7774e-06,1.909e-04,1.088e-02
RANS_SA_WD_0.05-0.10_ConsGalerkinProj_OneShot_Second,SA,225,22047,8590,13457,1224,7.9836e-06,3.643e-05,3.974e-04,8.7777e-06,1.923e-04,1.088e-02,7.9847e-06,3.650e-05,3.974e-04,8.7774e-06,1.913e-04,1.090e-02
RANS_SA_WD_0.05-0.10_ConsGalerkinProj_OneShot_Second,SA,230,22047,8590,13457,1224,7.9836e-06,4.376e-05,4.085e-04,8.7777e-06,1.925e-04,1.088e-02,7.9847e-06,4.378e-05,4.076e-04,8.7774e-06,1.914e-04,1.089e-02
RANS_SA_WD_0.05-0.10_ConsGalerkinProj_OneShot_Second,SA,235,22047,8590,13457,1224,7.9836e-06,4.853e-05,3.569e-04,8.7777e-06,1.929e-04,1.087e-02,7.9847e-06,4.851e-05,3.558e-04,8.7774e-06,1.918e-04,1.088e-02
RANS_SA_WD_0.05-0.10_ConsGalerkinProj_OneShot_Second,SA,240,22047,8590,13457,1224,7.9836e-06,5.128e-05,3.428e-04,8.7777e-06,1.936e-04,1.089e-02,7.9847e-06,5.124e-05,3.418e-04,8.7774e-06,1.925e-04,1.091e-02
RANS_SA_WD_0.05-0.10_ConsGalerkinProj_OneShot_Second,SA,245,22047,8590,13457,1224,7.9836e-06,5.327e-05,3.338e-04,8.7777e-06,1.942e-04,1.092e-02,7.9847e-06,5.322e-05,3.328e-04,8.7774e-06,1.931e-04,1.094e-02
RANS_SA_WD_0.05-0.10_ConsGalerkinProj_OneShot_Second,SA,250,22047,8590,13457,1224,7.9836e-06,5.488e-05,3.274e-04,8.7777e-06,1.945e-04,1.094e-02,7.9847e-06,5.482e-05,3.262e-04,8.7774e-06,1.935e-04,1.096e-02
RANS_SA_WD_0.05-0.10_ConsGalerkinProj_OneShot_Second,SA,255,22047,8590,13457,1224,7.9836e-06,5.614e-05,3.224e-04,8.7777e-06,1.947e-04,1.096e-02,7.9847e-06,5.606e-05,3.213e-04,8.7774e-06,1.937e-04,1.097e-02
RANS_SA_WD_0.05-0.10_ConsGalerkinProj_OneShot_Second,SA,260,22047,8590,13457,1224,7.9836e-06,5.703e-05,3.240e-04,8.7777e-06,1.948e-04,1.097e-02,7.9847e-06,5.694e-05,3.238e-04,8.7774e-06,1.938e-04,1.098e-02
RANS_SA_WD_0.05-0.10_ConsGalerkinProj_OneShot_Second,SA,265,22047,8590,13457,1224,7.9836e-06,5.766e-05,3.337e-04,8.7777e-06,1.949e-04,1.097e-02,7.9847e-06,5.756e-05,3.334e-04,8.7774e-06,1.938e-04,1.099e-02
RANS_SA_WD_0.05-0.10_ConsGalerkinProj_OneShot_Second,SA,270,22047,8590,13457,1224,7.9836e-06,5.808e-05,3.402e-04,8.7777e-06,1.949e-04,1.098e-02,7.9847e-06,5.797e-05,3.398e-04,8.7774e-06,1.939e-04,1.099e-02
RANS_SA_WD_0.05-0.10_ConsGalerkinProj_OneShot_Second,SA,275,22047,8590,13457,1224,7.9836e-06,5.837e-05,3.454e-04,8.7777e-06,1.949e-04,1.098e-02,7.9847e-06,5.826e-05,3.449e-04,8.7774e-06,1.939e-04,1.100e-02
RANS_SA_WD_0.05-0.10_ConsGalerkinProj_OneShot_Second,SA,280,22047,8590,13457,1224,7.9836e-06,5.855e-05,3.485e-04,8.7777e-06,1.949e-04,1.098e-02,7.9847e-06,5.843e-05,3.480e-04,8.7774e-06,1.939e-04,1.100e-02
RANS_SA_WD_0.05-0.10_ConsGalerkinProj_OneShot_Second,SA,285,22047,8590,13457,1224,7.9836e-06,5.864e-05,3.513e-04,8.7777e-06,1.949e-04,1.099e-02,7.9847e-06,5.851e-05,3.508e-04,8.7774e-06,1.939e-04,1.100e-02
RANS_SA_WD_0.05-0.10_ConsGalerkinProj_OneShot_Second,SA,290,22047,8590,13457,1224,7.9836e-06,5.866e-05,3.531e-04,8.7777e-06,1.949e-04,1.099e-02,7.9847e-06,5.852e-05,3.525e-04,8.7774e-06,1.939e-04,1.100e-02
RANS_SA_WD_0.05-0.10_ConsGalerkinProj_OneShot_Second,SA,295,22047,8590,13457,1224,7.9836e-06,5.861e-05,3.542e-04,8.7777e-06,1.949e-04,1.099e-02,7.9847e-06,5.846e-05,3.536e-04,8.7774e-06,1.939e-04,1.100e-02
RANS_SA_WD_0.05-0.10_ConsGalerkinProj_OneShot_Second,SA,300,22047,8590,13457,1224,7.9836e-06,5.850e-05,3.549e-04,8.7777e-06,1.949e-04,1.098e-02,7.9847e-06,5.835e-05,3.542e-04,8.7774e-06,1.938e-04,1.100e-02
RANS_SA_WD_0.05-0.10_ConsGalerkinProj_OneShot_Second,SA,305,22047,8590,13457,1224,7.9836e-06,5.835e-05,3.549e-04,8.7777e-06,1.949e-04,1.098e-02,7.9847e-06,5.820e-05,3.543e-04,8.7774e-06,1.938e-04,1.100e-02
RANS_SA_WD_0.05-0.10_ConsGalerkinProj_OneShot_Second,SA,310,22047,8590,13457,1224,7.9836e-06,5.816e-05,3.545e-04,8.7777e-06,1.948e-04,1.098e-02,7.9847e-06,5.801e-05,3.538e-04,8.7774e-06,1.938e-04,1.100e-02
RANS_SA_WD_0.05-0.10_ConsGalerkinProj_OneShot_Second,SA,315,22047,8590,13457,1224,7.9836e-06,5.795e-05,3.537e-04,8.7777e-06,1.948e-04,1.098e-02,7.9847e-06,5.779e-05,3.530e-04,8.7774e-06,1.937e-04,1.100e-02
RANS_SA_WD_0.05-0.10_ConsGalerkinProj_OneShot_Second,SA,320,22047,8590,13457,1224,7.9836e-06,5.771e-05,3.525e-04,8.7777e-06,1.947e-04,1.098e-02,7.9847e-06,5.755e-05,3.519e-04,8.7774e-06,1.937e-04,1.099e-02
RANS_SA_WD_0.05-0.10_ConsGalerkinProj_OneShot_Second,SA,325,22047,8590,13457,1224,7.9836e-06,5.745e-05,3.511e-04,8.7777e-06,1.947e-04,1.098e-02,7.9847e-06,5.729e-05,3.504e-04,8.7774e-06,1.937e-04,1.099e-02
RANS_SA_WD_0.05-0.10_ConsGalerkinProj_OneShot_Second,SA,330,22047,8590,13457,1224,7.9836e-06,5.719e-05,3.495e-04,8.7777e-06,1.947e-04,1.097e-02,7.9847e-06,5.702e-05,3.489e-04,8.7774e-06,1.936e-04,1.099e-02
RANS_SA_WD_0.05-0.10_ConsGalerkinProj_OneShot_Second,SA,335,22047,8590,13457,1224,7.9836e-06,5.691e-05,3.478e-04,8.7777e-06,1.946e-04,1.097e-02,7.9847e-06,5.674e-05,3.471e-04,8.7774e-06,1.936e-04,1.099e-02
RANS_SA_WD_0.05-0.10_ConsGalerkinProj_OneShot_Second,SA,340,22047,8590,13457,1224,7.9836e-06,5.662e-05,3.460e-04,8.7777e-06,1.946e-04,1.097e-02,7.9847e-06,5.645e-05,3.453e-04,8.7774e-06,1.935e-04,1.098e-02
RANS_SA_WD_0.05-0.10_ConsGalerkinProj_OneShot_Second,SA,345,22047,8590,13457,1224,7.9836e-06,5.634e-05,3.440e-04,8.7777e-06,1.945e-04,1.097e-02,7.9847e-06,5.616e-05,3.433e-04,8.7774e-06,1.935e-04,1.098e-02
RANS_SA_WD_0.05-0.10_ConsGalerkinProj_OneShot_Second,SA,350,22047,8590,13457,1224,7.9836e-06,5.605e-05,3.419e-04,8.7777e-06,1.945e-04,1.096e-02,7.9847e-06,5.587e-05,3.413e-04,8.7774e-06,1.935e-04,1.098e-02
RANS_SA_WD_0.05-0.10_ConsGalerkinProj_OneShot_Second,SA,355,22047,8590,13457,1224,7.9836e-06,5.576e-05,3.398e-04,8.7777e-06,1.945e-04,1.096e-02,7.9847e-06,5.558e-05,3.392e-04,8.7774e-06,1.934e-04,1.098e-02
RANS_SA_WD_0.05-0.10_ConsGalerkinProj_OneShot_Second,SA,360,22047,8590,13457,1224,7.9836e-06,5.547e-05,3.377e-04,8.7777e-06,1.944e-04,1.096e-02,7.9847e-06,5.529e-05,3.370e-04,8.7774e-06,1.934e-04,1.097e-02
RANS_SA_WD_0.05-0.10_ConsGalerkinProj_OneShot_Second,SA,365,22047,8590,13457,1224,7.9836e-06,5.519e-05,3.356e-04,8.7777e-06,1.944e-04,1.096e-02,7.9847e-06,5.500e-05,3.349e-04,8.7774e-06,1.934e-04,1.097e-02
RANS_SA_WD_0.05-0.10_ConsGalerkinProj_OneShot_Second,SA,370,22047,8590,13457,1224,7.9836e-06,5.491e-05,3.334e-04,8.7777e-06,1.944e-04,1.095e-02,7.9847e-06,5.473e-05,3.327e-04,8.7774e-06,1.933e-04,1.097e-02
RANS_SA_WD_0.05-0.10_ConsGalerkinProj_OneShot_Second,SA,375,22047,8590,13457,1224,7.9836e-06,5.464e-05,3.312e-04,8.7777e-06,1.943e-04,1.095e-02,7.9847e-06,5.445e-05,3.306e-04,8.7774e-06,1.933e-04,1.097e-02
RANS_SA_WD_0.05-0.10_ConsGalerkinProj_OneShot_Second,SA,380,22047,8590,13457,1224,7.9836e-06,5.438e-05,3.291e-04,8.7777e-06,1.943e-04,1.095e-02,7.9847e-06,5.419e-05,3.284e-04,8.7774e-06,1.933e-04,1.096e-02
RANS_SA_WD_0.05-0.10_ConsGalerkinProj_OneShot_Second,SA,385,22047,8590,13457,1224,7.9836e-06,5.413e-05,3.270e-04,8.7777e-06,1.943e-04,1.095e-02,7.9847e-06,5.394e-05,3.263e-04,8.7774e-06,1.932e-04,1.096e-02
RANS_SA_WD_0.05-0.10_ConsGalerkinProj_OneShot_Second,SA,390,22047,8590,13457,1224,7.9836e-06,5.389e-05,3.250e-04,8.7777e-06,1.942e-04,1.094e-02,7.9847e-06,5.369e-05,3.243e-04,8.7774e-06,1.932e-04,1.096e-02
RANS_SA_WD_0.05-0.10_ConsGalerkinProj_OneShot_Second,SA,395,22047,8590,13457,1224,7.9836e-06,5.365e-05,3.230e-04,8.7777e-06,1.942e-04,1.094e-02,7.9847e-06,5.346e-05,3.224e-04,8.7774e-06,1.932e-04,1.096e-02
RANS_SA_WD_0.10-0.15_ConsGalerkinProj_OneShot_SF2_Second,SA,5,23271,8590,14681,0,7.9836e-06,0.000e+00,0.000e+00,8.7777e-06,0.000e+00,0.000e+00,7.9847e-06,0.000e+00,0.000e+00,8.7774e-06,0.000e+00,0.000e+00
RANS_SA_WD_0.10-0.15_ConsGalerkinProj_OneShot_SF2_Second,SA,10,23271,8590,14681,0,7.9836e-06,0.000e+00,0.000e+00,8.7777e-06,0.000e+00,0.000e+00,7.9847e-06,0.000e+00,0.000e+00,8.7774e-06,0.000e+00,0.000e+00
RANS_SA_WD_0.10-0.15_ConsGalerkinProj_OneShot_SF2_Second,SA,15,23271,8590,14681,0,7.9836e-06,0.000e+00,0.000e+00,8.7777e-06,0.000e+00,0.000e+00,7.9847e-06,0.000e+00,0.000e+00,8.7774e-06,0.000e+00,0.000e+00
RANS_SA_WD_0.10-0.15_ConsGalerkinProj_OneShot_SF2_Second,SA,20,23271,8590,14681,0,7.9836e-06,0.000e+00,0.000e+00,8.7777e-06,0.000e+00,0.000e+00,7.9847e-06,0.000e+00,0.000e+00,8.7774e-06,0.000e+00,0.000e+00
RANS_SA_WD_0.10-0.15_ConsGalerkinProj_OneShot_SF2_Second,SA,25,23271,8590,14681,0,7.9836e-06,0.000e+00,0.000e+00,8.7777e-06,0.000e+00,0.000e+00,7.9847e-06,0.000e+00,0.000e+00,8.7774e-06,0.000e+00,0.000e+00
RANS_SA_WD_0.10-0.15_ConsGalerkinProj_OneShot_SF2_Second,SA,30,23271,8590,14681,0,7.9836e-06,0.000e+00,0.000e+00,8.7777e-06,0.000e+00,0.000e+00,7.9847e-06,0.000e+00,0.000e+00,8.7774e-06,0.000e+00,0.000e+00
RANS_SA_WD_0.10-0.15_ConsGalerkinProj_OneShot_SF2_Second,SA,35,23271,8590,14681,0,7.9836e-06,0.000e+00,0.000e+00,8.7777e-06,0.000e+00,0.000e+00,7.9847e-06,0.000e+00,0.000e+00,8.7774e-06,0.000e+00,0.000e+00
RANS_SA_WD_0.10-0.15_ConsGalerkinProj_OneShot_SF2_Second,SA,40,23271,8590,14681,0,7.9836e-06,0.000e+00,0.000e+00,8.7777e-06,0.000e+00,0.000e+00,7.9847e-06,0.000e+00,0.000e+00,8.7774e-06,0.000e+00,0.000e+00
RANS_SA_WD_0.10-0.15_ConsGalerkinProj_OneShot_SF2_Second,SA,45,23271,8590,14681,0,7.9836e-06,0.000e+00,0.000e+00,8.7777e-06,0.000e+00,0.000e+00,7.9847e-06,0.000e+00,0.000e+00,8.7774e-06,0.000e+00,0.000e+00
RANS_SA_WD_0.10-0.15_ConsGalerkinProj_OneShot_SF2_Second,SA,50,23271,8590,14681,0,7.9836e-06,0.000e+00,0.000e+00,8.7777e-06,0.000e+00,0.000e+00,7.9847e-06,0.000e+00,0.000e+00,8.7774e-06,0.000e+00,0.000e+00
RANS_SA_WD_0.10-0.15_ConsGalerkinProj_OneShot_SF2_Second,SA,55,23271,8590,14681,0,7.9836e-06,0.000e+00,0.000e+00,8.7777e-06,0.000e+00,0.000e+00,7.9847e-06,0.000e+00,0.000e+00,8.7774e-06,0.000e+00,0.000e+00
RANS_SA_WD_0.10-0.15_ConsGalerkinProj_OneShot_SF2_Second,SA,60,23271,8590,14681,0,7.9836e-06,0.000e+00,0.000e+00,8.7777e-06,0.000e+00,0.000e+00,7.9847e-06,0.000e+00,0.000e+00,8.7774e-06,0.000e+00,0.000e+00
RANS_SA_WD_0.10-0.15_ConsGalerkinProj_OneShot_SF2_Second,SA,65,23271,8590,14681,0,7.9836e-06,0.000e+00,0.000e+00,8.7777e-06,0.000e+00,0.000e+00,7.9847e-06,0.000e+00,0.000e+00,8.7774e-06,0.000e+00,0.000e+00
RANS_SA_WD_0.10-0.15_ConsGalerkinProj_OneShot_SF2_Second,SA,70,23271,8590,14681,0,7.9836e-06,0.000e+00,0.000e+00,8.7777e-06,0.000e+00,0.000e+00,7.9847e-06,0.000e+00,0.000e+00,8.7774e-06,0.000e+00,0.000e+00
RANS_SA_WD_0.10-0.15_ConsGalerkinProj_OneShot_SF2_Second,SA,75,23271,8590,14681,0,7.9836e-06,0.000e+00,0.000e+00,8.7777e-06,0.000e+00,0.000e+00,7.9847e-06,0.000e+00,0.000e+00,8.7774e-06,0.000e+00,0.000e+00
RANS_SA_WD_0.10-0.15_ConsGalerkinProj_OneShot_SF2_Second,SA,80,23271,8590,14681,0,7.9836e-06,0.000e+00,0.000e+00,8.7777e-06,0.000e+00,0.000e+00,7.9847e-06,0.000e+00,0.000e+00,8.7774e-06,0.000e+00,0.000e+00
RANS_SA_WD_0.10-0.15_ConsGalerkinProj_OneShot_SF2_Second,SA,85,23271,8590,14681,0,7.9836e-06,0.000e+00,0.000e+00,8.7777e-06,0.000e+00,0.000e+00,7.9847e-06,0.000e+00,0.000e+00,8.7774e-06,0.000e+00,0.000e+00
RANS_SA_WD_0.10-0.15_ConsGalerkinProj_OneShot_SF2_Second,SA,90,23271,8590,14681,0,7.9836e-06,0.000e+00,0.000e+00,8.7777e-06,0.000e+00,0.000e+00,7.9847e-06,0.000e+00,0.000e+00,8.7774e-06,0.000e+00,0.000e+00
RANS_SA_WD_0.10-0.15_ConsGalerkinProj_OneShot_SF2_Second,SA,95,23271,8590,14681,0,7.9836e-06,0.000e+00,0.000e+00,8.7777e-06,0.000e+00,0.000e+00,7.9847e-06,0.000e+00,0.000e+00,8.7774e-06,0.000e+00,0.000e+00
RANS_SA_WD_0.10-0.15_ConsGalerkinProj_OneShot_SF2_Second,SA,100,23271,8590,14681,0,7.9836e-06,0.000e+00,0.000e+00,8.7777e-06,0.000e+00,0.000e+00,7.9847e-06,0.000e+00,0.000e+00,8.7774e-06,0.000e+00,0.000e+00
RANS_SA_WD_0.10-0.15_ConsGalerkinProj_OneShot_SF2_Second,SA,105,23271,8590,14681,0,7.9836e-06,0.000e+00,0.000e+00,8.7777e-06,0.000e+00,0.000e+00,7.9847e-06,0.000e+00,0.000e+00,8.7774e-06,0.000e+00,0.000e+00
RANS_SA_WD_0.10-0.15_ConsGalerkinProj_OneShot_SF2_Second,SA,110,23271,8590,14681,0,7.9836e-06,0.000e+00,0.000e+00,8.7777e-06,0.000e+00,0.000e+00,7.9847e-06,0.000e+00,0.000e+00,8.7774e-06,0.000e+00,0.000e+00
RANS_SA_WD_0.10-0.15_ConsGalerkinProj_OneShot_SF2_Second,SA,115,23271,8590,14681,0,7.9836e-06,0.000e+00,0.000e+00,8.7777e-06,0.000e+00,0.000e+00,7.9847e-06,0.000e+00,0.000e+00,8.7774e-06,0.000e+00,0.000e+00
RANS_SA_WD_0.10-0.15_ConsGalerkinProj_OneShot_SF2_Second,SA,120,23271,8590,14681,0,7.9836e-06,0.000e+00,0.000e+00,8.7777e-06,0.000e+00,0.000e+00,7.9847e-06,0.000e+00,0.000e+00,8.7774e-06,0.000e+00,0.000e+00
RANS_SA_WD_0.10-0.15_ConsGalerkinProj_OneShot_SF2_Second,SA,125,23271,8590,14681,0,7.9836e-06,0.000e+00,0.000e+00,8.7777e-06,0.000e+00,0.000e+00,7.9847e-06,0.000e+00,0.000e+00,8.7774e-06,0.000e+00,0.000e+00
RANS_SA_WD_0.10-0.15_ConsGalerkinProj_OneShot_SF2_Second,SA,130,23271,8590,14681,0,7.9836e-06,0.000e+00,0.000e+00,8.7777e-06,0.000e+00,0.000e+00,7.9847e-06,0.000e+00,0.000e+00,8.7774e-06,0.000e+00,0.000e+00
RANS_SA_WD_0.10-0.15_ConsGalerkinProj_OneShot_SF2_Second,SA,135,23271,8590,14681,0,7.9836e-06,0.000e+00,0.000e+00,8.7777e-06,0.000e+00,0.000e+00,7.9847e-06,0.000e+00,0.000e+00,8.7774e-06,0.000e+00,0.000e+00
RANS_SA_WD_0.10-0.15_ConsGalerkinProj_OneShot_SF2_Second,SA,140,23271,8590,14681,0,7.9836e-06,0.000e+00,0.000e+00,8.7777e-06,0.000e+00,0.000e+00,7.9847e-06,0.000e+00,0.000e+00,8.7774e-06,0.000e+00,0.000e+00
RANS_SA_WD_0.10-0.15_ConsGalerkinProj_OneShot_SF2_Second,SA,145,23271,8590,14681,0,7.9836e-06,0.000e+00,0.000e+00,8.7777e-06,0.000e+00,0.000e+00,7.9847e-06,0.000e+00,0.000e+00,8.7774e-06,0.000e+00,0.000e+00
RANS_SA_WD_0.10-0.15_ConsGalerkinProj_OneShot_SF2_Second,SA,150,23271,8590,14681,0,7.9836e-06,0.000e+00,0.000e+00,8.7777e-06,0.000e+00,0.000e+00,7.9847e-06,0.000e+00,0.000e+00,8.7774e-06,0.000e+00,0.000e+00
RANS_SA_WD_0.10-0.15_ConsGalerkinProj_OneShot_SF2_Second,SA,155,23271,8590,14681,0,7.9836e-06,0.000e+00,0.000e+00,8.7777e-06,0.000e+00,0.000e+00,7.9847e-06,0.000e+00,0.000e+00,8.7774e-06,0.000e+00,0.000e+00
RANS_SA_WD_0.10-0.15_ConsGalerkinProj_OneShot_SF2_Second,SA,160,23271,8590,14681,0,7.9836e-06,0.000e+00,0.000e+00,8.7777e-06,0.000e+00,0.000e+00,7.9847e-06,0.000e+00,0.000e+00,8.7774e-06,0.000e+00,0.000e+00
RANS_SA_WD_0.10-0.15_ConsGalerkinProj_OneShot_SF2_Second,SA,165,23271,8590,14681,0,7.9836e-06,0.000e+00,0.000e+00,8.7777e-06,0.000e+00,0.000e+00,7.9847e-06,0.000e+00,0.000e+00,8.7774e-06,0.000e+00,0.000e+00
RANS_SA_WD_0.10-0.15_ConsGalerkinProj_OneShot_SF2_Second,SA,170,23271,8590,14681,0,7.9836e-06,0.000e+00,0.000e+00,8.7777e-06,0.000e+00,0.000e+00,7.9847e-06,0.000e+00,0.000e+00,8.7774e-06,0.000e+00,0.000e+00
RANS_SA_WD_0.10-0.15_ConsGalerkinProj_OneShot_SF2_Second,SA,175,23271,8590,14681,0,7.9836e-06,0.000e+00,0.000e+00,8.7777e-06,0.000e+00,0.000e+00,7.9847e-06,0.000e+00,0.000e+00,8.7774e-06,0.000e+00,0.000e+00
RANS_SA_WD_0.10-0.15_ConsGalerkinProj_OneShot_SF2_Second,SA,180,23271,8590,14681,0,7.9836e-06,0.000e+00,0.000e+00,8.7777e-06,0.000e+00,0.000e+00,7.9847e-06,0.000e+00,0.000e+00,8.7774e-06,0.000e+00,0.000e+00
RANS_SA_WD_0.10-0.15_ConsGalerkinProj_OneShot_SF2_Second,SA,185,23271,8590,14681,0,7.9836e-06,0.000e+00,0.000e+00,8.7777e-06,0.000e+00,0.000e+00,7.9847e-06,0.000e+00,0.000e+00,8.7774e-06,0.000e+00,0.000e+00
RANS_SA_WD_0.10-0.15_ConsGalerkinProj_OneShot_SF2_Second,SA,190,23271,8590,14681,0,7.9836e-06,0.000e+00,0.000e+00,8.7777e-06,0.000e+00,0.000e+00,7.9847e-06,0.000e+00,0.000e+00,8.7774e-06,0.000e+00,0.000e+00
RANS_SA_WD_0.10-0.15_ConsGalerkinProj_OneShot_SF2_Second,SA,195,23271,8590,14681,0,7.9836e-06,0.000e+00,0.000e+00,8.7777e-06,0.000e+00,0.000e+00,7.9847e-06,0.000e+00,0.000e+00,8.7774e-06,0.000e+00,0.000e+00
RANS_SA_WD_0.10-0.15_ConsGalerkinProj_OneShot_SF2_Second,SA,200,22508,8590,13918,763,7.9836e-06,9.909e-07,1.561e-05,8.7777e-06,1.193e-04,1.130e-02,7.9847e-06,9.633e-07,1.549e-05,8.7774e-06,1.186e-04,1.131e-02
RANS_SA_WD_0.10-0.15_ConsGalerkinProj_OneShot_SF2_Second,SA,205,22508,8590,13918,763,7.9836e-06,3.444e-06,4.631e-05,8.7777e-06,2.639e-04,1.715e-02,7.9847e-06,3.449e-06,4.653e-05,8.7774e-06,2.596e-04,1.716e-02
RANS_SA_WD_0.10-0.15_ConsGalerkinProj_OneShot_SF2_Second,SA,210,22508,8590,13918,763,7.9836e-06,6.443e-06,5.969e-05,8.7777e-06,2.660e-04,1.708e-02,7.9847e-06,6.442e-06,5.991e-05,8.7774e-06,2.615e-04,1.709e-02
RANS_SA_WD_0.10-0.15_ConsGalerkinProj_OneShot_SF2_Second,SA,215,22508,8590,13918,763,7.9836e-06,1.058e-05,9.041e-05,8.7777e-06,2.669e-04,1.708e-02,7.9847e-06,1.064e-05,9.067e-05,8.7774e-06,2.624e-04,1.708e-02
RANS_SA_WD_0.10-0.15_ConsGalerkinProj_OneShot_SF2_Second,SA,220,22508,8590,13918,763,7.9836e-06,1.167e-05,1.122e-04,8.7777e-06,2.672e-04,1.706e-02,7.9847e-06,1.169e-05,1.114e-04,8.7774e-06,2.627e-04,1.706e-02
RANS_SA_WD_0.10-0.15_ConsGalerkinProj_OneShot_SF2_Second,SA,225,22508,8590,13918,763,7.9836e-06,1.336e-05,1.291e-04,8.7777e-06,2.674e-04,1.704e-02,7.9847e-06,1.333e-05,1.289e-04,8.7774e-06,2.629e-04,1.705e-02
RANS_SA_WD_0.10-0.15_ConsGalerkinProj_OneShot_SF2_Second,SA,230,22508,8590,13918,763,7.9836e-06,1.735e-05,1.716e-04,8.7777e-06,2.676e-04,1.705e-02,7.9847e-06,1.729e-05,1.714e-04,8.7774e-06,2.631e-04,1.706e-02
RANS_SA_WD_0.10-0.15_ConsGalerkinProj_OneShot_SF2_Second,SA,235,22508,8590,13918,763,7.9836e-06,2.337e-05,1.847e-04,8.7777e-06,2.682e-04,1.704e-02,7.9847e-06,2.329e-05,1.844e-04,8.7774e-06,2.636e-04,1.705e-02
RANS_SA_WD_0.10-0.15_ConsGalerkinProj_OneShot_SF2_Second,SA,240,22508,8590,13918,763,7.9836e-06,3.081e-05,2.309e-04,8.7777e-06,2.686e-04,1.701e-02,7.9847e-06,3.072e-05,2.307e-04,8.7774e-06,2.641e-04,1.701e-02
RANS_SA_WD_0.10-0.15_ConsGalerkinProj_OneShot_SF2_Second,SA,245,22508,8590,13918,763,7.9836e-06,3.603e-05,2.817e-04,8.7777e-06,2.688e-04,1.700e-02,7.9847e-06,3.595e-05,2.815e-04,8.7774e-06,2.642e-04,1.700e-02
RANS_SA_WD_0.10-0.15_ConsGalerkinProj_OneShot_SF2_Second,SA,250,22508,8590,13918,763,7.9836e-06,4.007e-05,3.098e-04,8.7777e-06,2.689e-04,1.700e-02,7.9847e-06,3.999e-05,3.096e-04,8.7774e-06,2.644e-04,1.700e-02
RANS_SA_WD_0.10-0.15_ConsGalerkinProj_OneShot_SF2_Second,SA,255,22508,8590,13918,763,7.9836e-06,4.355e-05,3.284e-04,8.7777e-06,2.691e-04,1.700e-02,7.9847e-06,4.348e-05,3.281e-04,8.7774e-06,2.645e-04,1.700e-02
RANS_SA_WD_0.10-0.15_ConsGalerkinProj_OneShot_SF2_Second,SA,260,22508,8590,13918,763,7.9836e-06,4.649e-05,3.419e-04,8.7777e-06,2.692e-04,1.700e-02,7.9847e-06,4.642e-05,3.416e-04,8.7774e-06,2.646e-04,1.701e-02
RANS_SA_WD_0.10-0.15_ConsGalerkinProj_OneShot_SF2_Second,SA,265,22508,8590,13918,763,7.9836e-06,4.908e-05,3.531e-04,8.7777e-06,2.692e-04,1.700e-02,7.9847e-06,4.901e-05,3.528e-04,8.7774e-06,2.647e-04,1.701e-02
RANS_SA_WD_0.10-0.15_ConsGalerkinProj_OneShot_SF2_Second,SA,270,22508,8590,13918,763,7.9836e-06,5.134e-05,3.624e-04,8.7777e-06,2.693e-04,1.701e-02,7.9847e-06,5.127e-05,3.621e-04,8.7774e-06,2.647e-04,1.701e-02
RANS_SA_WD_0.10-0.15_ConsGalerkinProj_OneShot_SF2_Second,SA,275,22508,8590,13918,763,7.9836e-06,5.340e-05,3.709e-04,8.7777e-06,2.693e-04,1.701e-02,7.9847e-06,5.333e-05,3.705e-04,8.7774e-06,2.647e-04,1.701e-02
RANS_SA_WD_0.10-0.15_ConsGalerkinProj_OneShot_SF2_Second,SA,280,22508,8590,13918,763,7.9836e-06,5.519e-05,3.785e-04,8.7777e-06,2.693e-04,1.701e-02,7.9847e-06,5.512e-05,3.782e-04,8.7774e-06,2.648e-04,1.702e-02
RANS_SA_WD_0.10-0.15_ConsGalerkinProj_OneShot_SF2_Second,SA,285,22508,8590,13918,763,7.9836e-06,5.687e-05,3.859e-04,8.7777e-06,2.694e-04,1.701e-02,7.9847e-06,5.680e-05,3.855e-04,8.7774e-06,2.648e-04,1.702e-02
RANS_SA_WD_0.10-0.15_ConsGalerkinProj_OneShot_SF2_Second,SA,290,22508,8590,13918,763,7.9836e-06,5.845e-05,3.930e-04,8.7777e-06,2.694e-04,1.701e-02,7.9847e-06,5.836e-05,3.926e-04,8.7774e-06,2.648e-04,1.702e-02
RANS_SA_WD_0.10-0.15_ConsGalerkinProj_OneShot_SF2_Second,SA,295,22508,8590,13918,763,7.9836e-06,5.990e-05,3.998e-04,8.7777e-06,2.694e-04,1.702e-02,7.9847e-06,5.982e-05,3.994e-04,8.7774e-06,2.649e-04,1.702e-02
RANS_SA_WD_0.10-0.15_ConsGalerkinProj_OneShot_SF2_Second,SA,300,22508,8590,13918,763,7.9836e-06,6.125e-05,4.064e-04,8.7777e-06,2.694e-04,1.702e-02,7.9847e-06,6.117e-05,4.060e-04,8.7774e-06,2.649e-04,1.702e-02
RANS_SA_WD_0.10-0.15_ConsGalerkinProj_OneShot_SF2_Second,SA,305,22508,8590,13918,763,7.9836e-06,6.248e-05,4.128e-04,8.7777e-06,2.695e-04,1.702e-02,7.9847e-06,6.240e-05,4.124e-04,8.7774e-06,2.649e-04,1.702e-02
RANS_SA_WD_0.10-0.15_ConsGalerkinProj_OneShot_SF2_Second,SA,310,22508,8590,13918,763,7.9836e-06,6.361e-05,4.189e-04,8.7777e-06,2.695e-04,1.702e-02,7.9847e-06,6.352e-05,4.185e-04,8.7774e-06,2.649e-04,1.703e-02
RANS_SA_WD_0.10-0.15_ConsGalerkinProj_OneShot_SF2_Second,SA,315,22508,8590,13918,763,7.9836e-06,6.463e-05,4.247e-04,8.7777e-06,2.695e-04,1.702e-02,7.9847e-06,6.454e-05,4.243e-04,8.7774e-06,2.650e-04,1.703e-02
RANS_SA_WD_0.10-0.15_ConsGalerkinProj_OneShot_SF2_Second,SA,320,22508,8590,13918,763,7.9836e-06,6.555e-05,4.301e-04,8.7777e-06,2.695e-04,1.702e-02,7.9847e-06,6.546e-05,4.297e-04,8.7774e-06,2.650e-04,1.703e-02
RANS_SA_WD_0.10-0.15_ConsGalerkinProj_OneShot_SF2_Second,SA,325,22508,8590,13918,763,7.9836e-06,6.638e-05,4.351e-04,8.7777e-06,2.696e-04,1.702e-02,7.9847e-06,6.628e-05,4.346e-04,8.7774e-06,2.650e-04,1.703e-02
RANS_SA_WD_0.10-0.15_ConsGalerkinProj_OneShot_SF2_Second,SA,330,22508,8590,13918,763,7.9836e-06,6.711e-05,4.396e-04,8.7777e-06,2.696e-04,1.703e-02,7.9847e-06,6.702e-05,4.391e-04,8.7774e-06,2.650e-04,1.703e-02
RANS_SA_WD_0.10-0.15_ConsGalerkinProj_OneShot_SF2_Second,SA,335,22508,8590,13918,763,7.9836e-06,6.777e-05,4.436e-04,8.7777e-06,2.696e-04,1.703e-02,7.9847e-06,6.767e-05,4.431e-04,8.7774e-06,2.650e-04,1.703e-02
RANS_SA_WD_0.10-0.15_ConsGalerkinProj_OneShot_SF2_Second,SA,340,22508,8590,13918,763,7.9836e-06,6.834e-05,4.470e-04,8.7777e-06,2.696e-04,1.703e-02,7.9847e-06,6.824e-05,4.465e-04,8.7774e-06,2.650e-04,1.703e-02
RANS_SA_WD_0.10-0.15_ConsGalerkinProj_OneShot_SF2_Second,SA,345,22508,8590,13918,763,7.9836e-06,6.884e-05,4.499e-04,8.7777e-06,2.696e-04,1.703e-02,7.9847e-06,6.873e-05,4.494e-04,8.7774e-06,2.650e-04,1.703e-02
RANS_SA_WD_0.10-0.15_ConsGalerkinProj_OneShot_SF2_Second,SA,350,22508,8590,13918,763,7.9836e-06,6.926e-05,4.523e-04,8.7777e-06,2.696e-04,1.703e-02,7.9847e-06,6.916e-05,4.517e-04,8.7774e-06,2.650e-04,1.703e-02
RANS_SA_WD_0.10-0.15_ConsGalerkinProj_OneShot_SF2_Second,SA,355,22508,8590,13918,763,7.9836e-06,6.961e-05,4.542e-04,8.7777e-06,2.696e-04,1.703e-02,7.9847e-06,6.951e-05,4.537e-04,8.7774e-06,2.650e-04,1.704e-02
RANS_SA_WD_0.10-0.15_ConsGalerkinProj_OneShot_SF2_Second,SA,360,22508,8590,13918,763,7.9836e-06,6.990e-05,4.557e-04,8.7777e-06,2.696e-04,1.703e-02,7.9847e-06,6.980e-05,4.551e-04,8.7774e-06,2.650e-04,1.704e-02
RANS_SA_WD_0.10-0.15_ConsGalerkinProj_OneShot_SF2_Second,SA,365,22508,8590,13918,763,7.9836e-06,7.014e-05,4.568e-04,8.7777e-06,2.696e-04,1.703e-02,7.9847e-06,7.003e-05,4.562e-04,8.7774e-06,2.650e-04,1.704e-02
RANS_SA_WD_0.10-0.15_ConsGalerkinProj_OneShot_SF2_Second,SA,370,22508,8590,13918,763,7.9836e-06,7.031e-05,4.576e-04,8.7777e-06,2.696e-04,1.703e-02,7.9847e-06,7.021e-05,4.571e-04,8.7774e-06,2.650e-04,1.704e-02
RANS_SA_WD_0.10-0.15_ConsGalerkinProj_OneShot_SF2_Second,SA,375,22508,8590,13918,763,7.9836e-06,7.044e-05,4.584e-04,8.7777e-06,2.696e-04,1.703e-02,7.9847e-06,7.033e-05,4.578e-04,8.7774e-06,2.650e-04,1.704e-02
RANS_SA_WD_0.10-0.15_ConsGalerkinProj_OneShot_SF2_Second,SA,380,22508,8590,13918,763,7.9836e-06,7.053e-05,4.587e-04,8.7777e-06,2.696e-04,1.703e-02,7.9847e-06,7.042e-05,4.581e-04,8.7774e-06,2.650e-04,1.704e-02
RANS_SA_WD_0.10-0.15_ConsGalerkinProj_OneShot_SF2_Second,SA,385,22508,8590,13918,763,7.9836e-06,7.057e-05,4.588e-04,8.7777e-06,2.696e-04,1.703e-02,7.9847e-06,7.046e-05,4.582e-04,8.7774e-06,2.650e-04,1.704e-02
RANS_SA_WD_0.10-0.15_ConsGalerkinProj_OneShot_SF2_Second,SA,390,22508,8590,13918,763,7.9836e-06,7.057e-05,4.587e-04,8.7777e-06,2.696e-04,1.703e-02,7.9847e-06,7.046e-05,4.580e-04,8.7774e-06,2.650e-04,1.704e-02
RANS_SA_WD_0.10-0.15_ConsGalerkinProj_OneShot_SF2_Second,SA,395,22508,8590,13918,763,7.9836e-06,7.054e-05,4.583e-04,8.7777e-06,2.696e-04,1.703e-02,7.9847e-06,7.043e-05,4.576e-04,8.7774e-06,2.650e-04,1.704e-02
RANS_SA_WD_0.10-0.15_ConsGalerkinProj_OneShot_Second,SA,5,23271,8590,14681,0,7.9836e-06,0.000e+00,0.000e+00,8.7777e-06,0.000e+00,0.000e+00,7.9847e-06,0.000e+00,0.000e+00,8.7774e-06,0.000e+00,0.000e+00
RANS_SA_WD_0.10-0.15_ConsGalerkinProj_OneShot_Second,SA,10,23271,8590,14681,0,7.9836e-06,0.000e+00,0.000e+00,8.7777e-06,0.000e+00,0.000e+00,7.9847e-06,0.000e+00,0.000e+00,8.7774e-06,0.000e+00,0.000e+00
RANS_SA_WD_0.10-0.15_ConsGalerkinProj_OneShot_Second,SA,15,23271,8590,14681,0,7.9836e-06,0.000e+00,0.000e+00,8.7777e-06,0.000e+00,0.000e+00,7.9847e-06,0.000e+00,0.000e+00,8.7774e-06,0.000e+00,0.000e+00
RANS_SA_WD_0.10-0.15_ConsGalerkinProj_OneShot_Second,SA,20,23271,8590,14681,0,7.9836e-06,0.000e+00,0.000e+00,8.7777e-06,0.000e+00,0.000e+00,7.9847e-06,0.000e+00,0.000e+00,8.7774e-06,0.000e+00,0.000e+00
RANS_SA_WD_0.10-0.15_ConsGalerkinProj_OneShot_Second,SA,25,23271,8590,14681,0,7.9836e-06,0.000e+00,0.000e+00,8.7777e-06,0.000e+00,0.000e+00,7.9847e-06,0.000e+00,0.000e+00,8.7774e-06,0.000e+00,0.000e+00
RANS_SA_WD_0.10-0.15_ConsGalerkinProj_OneShot_Second,SA,30,23271,8590,14681,0,7.9836e-06,0.000e+00,0.000e+00,8.7777e-06,0.000e+00,0.000e+00,7.9847e-06,0.000e+00,0.000e+00,8.7774e-06,0.000e+00,0.000e+00
RANS_SA_WD_0.10-0.15_ConsGalerkinProj_OneShot_Second,SA,35,23271,8590,14681,0,7.9836e-06,0.000e+00,0.000e+00,8.7777e-06,0.000e+00,0.000e+00,7.9847e-06,0.000e+00,0.000e+00,8.7774e-06,0.000e+00,0.000e+00
RANS_SA_WD_0.10-0.15_ConsGalerkinProj_OneShot_Second,SA,40,23271,8590,14681,0,7.9836e-06,0.000e+00,0.000e+00,8.7777e-06,0.000e+00,0.000e+00,7.9847e-06,0.000e+00,0.000e+00,8.7774e-06,0.000e+00,0.000e+00
RANS_SA_WD_0.10-0.15_ConsGalerkinProj_OneShot_Second,SA,45,23271,8590,14681,0,7.9836e-06,0.000e+00,0.000e+00,8.7777e-06,0.000e+00,0.000e+00,7.9847e-06,0.000e+00,0.000e+00,8.7774e-06,0.000e+00,0.000e+00
RANS_SA_WD_0.10-0.15_ConsGalerkinProj_OneShot_Second,SA,50,23271,8590,14681,0,7.9836e-06,0.000e+00,0.000e+00,8.7777e-06,0.000e+00,0.000e+00,7.9847e-06,0.000e+00,0.000e+00,8.7774e-06,0.000e+00,0.000e+00
RANS_SA_WD_0.10-0.15_ConsGalerkinProj_OneShot_Second,SA,55,23271,8590,14681,0,7.9836e-06,0.000e+00,0.000e+00,8.7777e-06,0.000e+00,0.000e+00,7.9847e-06,0.000e+00,0.000e+00,8.7774e-06,0.000e+00,0.000e+00
RANS_SA_WD_0.10-0.15_ConsGalerkinProj_OneShot_Second,SA,60,23271,8590,14681,0,7.9836e-06,0.000e+00,0.000e+00,8.7777e-06,0.000e+00,0.000e+00,7.9847e-06,0.000e+00,0.000e+00,8.7774e-06,0.000e+00,0.000e+00
RANS_SA_WD_0.10-0.15_ConsGalerkinProj_OneShot_Second,SA,65,23271,8590,14681,0,7.9836e-06,0.000e+00,0.000e+00,8.7777e-06,0.000e+00,0.000e+00,7.9847e-06,0.000e+00,0.000e+00,8.7774e-06,0.000e+00,0.000e+00
RANS_SA_WD_0.10-0.15_ConsGalerkinProj_OneShot_Second,SA,70,23271,8590,14681,0,7.9836e-06,0.000e+00,0.000e+00,8.7777e-06,0.000e+00,0.000e+00,7.9847e-06,0.000e+00,0.000e+00,8.7774e-06,0.000e+00,0.000e+00
RANS_SA_WD_0.10-0.15_ConsGalerkinProj_OneShot_Second,SA,75,23271,8590,14681,0,7.9836e-06,0.000e+00,0.000e+00,8.7777e-06,0.000e+00,0.000e+00,7.9847e-06,0.000e+00,0.000e+00,8.7774e-06,0.000e+00,0.000e+00
RANS_SA_WD_0.10-0.15_ConsGalerkinProj_OneShot_Second,SA,80,23271,8590,14681,0,7.9836e-06,0.000e+00,0.000e+00,8.7777e-06,0.000e+00,0.000e+00,7.9847e-06,0.000e+00,0.000e+00,8.7774e-06,0.000e+00,0.000e+00
RANS_SA_WD_0.10-0.15_ConsGalerkinProj_OneShot_Second,SA,85,23271,8590,14681,0,7.9836e-06,0.000e+00,0.000e+00,8.7777e-06,0.000e+00,0.000e+00,7.9847e-06,0.000e+00,0.000e+00,8.7774e-06,0.000e+00,0.000e+00
RANS_SA_WD_0.10-0.15_ConsGalerkinProj_OneShot_Second,SA,90,23271,8590,14681,0,7.9836e-06,0.000e+00,0.000e+00,8.7777e-06,0.000e+00,0.000e+00,7.9847e-06,0.000e+00,0.000e+00,8.7774e-06,0.000e+00,0.000e+00
RANS_SA_WD_0.10-0.15_ConsGalerkinProj_OneShot_Second,SA,95,23271,8590,14681,0,7.9836e-06,0.000e+00,0.000e+00,8.7777e-06,0.000e+00,0.000e+00,7.9847e-06,0.000e+00,0.000e+00,8.7774e-06,0.000e+00,0.000e+00
RANS_SA_WD_0.10-0.15_ConsGalerkinProj_OneShot_Second,SA,100,23271,8590,14681,0,7.9836e-06,0.000e+00,0.000e+00,8.7777e-06,0.000e+00,0.000e+00,7.9847e-06,0.000e+00,0.000e+00,8.7774e-06,0.000e+00,0.000e+00
RANS_SA_WD_0.10-0.15_ConsGalerkinProj_OneShot_Second,SA,105,23271,8590,14681,0,7.9836e-06,0.000e+00,0.000e+00,8.7777e-06,0.000e+00,0.000e+00,7.9847e-06,0.000e+00,0.000e+00,8.7774e-06,0.000e+00,0.000e+00
RANS_SA_WD_0.10-0.15_ConsGalerkinProj_OneShot_Second,SA,110,23271,8590,14681,0,7.9836e-06,0.000e+00,0.000e+00,8.7777e-06,0.000e+00,0.000e+00,7.9847e-06,0.000e+00,0.000e+00,8.7774e-06,0.000e+00,0.000e+00
RANS_SA_WD_0.10-0.15_ConsGalerkinProj_OneShot_Second,SA,115,23271,8590,14681,0,7.9836e-06,0.000e+00,0.000e+00,8.7777e-06,0.000e+00,0.000e+00,7.9847e-06,0.000e+00,0.000e+00,8.7774e-06,0.000e+00,0.000e+00
RANS_SA_WD_0.10-0.15_ConsGalerkinProj_OneShot_Second,SA,120,23271,8590,14681,0,7.9836e-06,0.000e+00,0.000e+00,8.7777e-06,0.000e+00,0.000e+00,7.9847e-06,0.000e+00,0.000e+00,8.7774e-06,0.000e+00,0.000e+00
RANS_SA_WD_0.10-0.15_ConsGalerkinProj_OneShot_Second,SA,125,23271,8590,14681,0,7.9836e-06,0.000e+00,0.000e+00,8.7777e-06,0.000e+00,0.000e+00,7.9847e-06,0.000e+00,0.000e+00,8.7774e-06,0.000e+00,0.000e+00
RANS_SA_WD_0.10-0.15_ConsGalerkinProj_OneShot_Second,SA,130,23271,8590,14681,0,7.9836e-06,0.000e+00,0.000e+00,8.7777e-06,0.000e+00,0.000e+00,7.9847e-06,0.000e+00,0.000e+00,8.7774e-06,0.000e+00,0.000e+00
RANS_SA_WD_0.10-0.15_ConsGalerkinProj_OneShot_Second,SA,135,23271,8590,14681,0,7.9836e-06,0.000e+00,0.000e+00,8.7777e-06,0.000e+00,0.000e+00,7.9847e-06,0.000e+00,0.000e+00,8.7774e-06,0.000e+00,0.000e+00
RANS_SA_WD_0.10-0.15_ConsGalerkinProj_OneShot_Second,SA,140,23271,8590,14681,0,7.9836e-06,0.000e+00,0.000e+00,8.7777e-06,0.000e+00,0.000e+00,7.9847e-06,0.000e+00,0.000e+00,8.7774e-06,0.000e+00,0.000e+00
RANS_SA_WD_0.10-0.15_ConsGalerkinProj_OneShot_Second,SA,145,23271,8590,14681,0,7.9836e-06,0.000e+00,0.000e+00,8.7777e-06,0.000e+00,0.000e+00,7.9847e-06,0.000e+00,0.000e+00,8.7774e-06,0.000e+00,0.000e+00
RANS_SA_WD_0.10-0.15_ConsGalerkinProj_OneShot_Second,SA,150,23271,8590,14681,0,7.9836e-06,0.000e+00,0.000e+00,8.7777e-06,0.000e+00,0.000e+00,7.9847e-06,0.000e+00,0.000e+00,8.7774e-06,0.000e+00,0.000e+00
RANS_SA_WD_0.10-0.15_ConsGalerkinProj_OneShot_Second,SA,155,23271,8590,14681,0,7.9836e-06,0.000e+00,0.000e+00,8.7777e-06,0.000e+00,0.000e+00,7.9847e-06,0.000e+00,0.000e+00,8.7774e-06,0.000e+00,0.000e+00
RANS_SA_WD_0.10-0.15_ConsGalerkinProj_OneShot_Second,SA,160,23271,8590,14681,0,7.9836e-06,0.000e+00,0.000e+00,8.7777e-06,0.000e+00,0.000e+00,7.9847e-06,0.000e+00,0.000e+00,8.7774e-06,0.000e+00,0.000e+00
RANS_SA_WD_0.10-0.15_ConsGalerkinProj_OneShot_Second,SA,165,23271,8590,14681,0,7.9836e-06,0.000e+00,0.000e+00,8.7777e-06,0.000e+00,0.000e+00,7.9847e-06,0.000e+00,0.000e+00,8.7774e-06,0.000e+00,0.000e+00
RANS_SA_WD_0.10-0.15_ConsGalerkinProj_OneShot_Second,SA,170,23271,8590,14681,0,7.9836e-06,0.000e+00,0.000e+00,8.7777e-06,0.000e+00,0.000e+00,7.9847e-06,0.000e+00,0.000e+00,8.7774e-06,0.000e+00,0.000e+00
RANS_SA_WD_0.10-0.15_ConsGalerkinProj_OneShot_Second,SA,175,23271,8590,14681,0,7.9836e-06,0.000e+00,0.000e+00,8.7777e-06,0.000e+00,0.000e+00,7.9847e-06,0.000e+00,0.000e+00,8.7774e-06,0.000e+00,0.000e+00
RANS_SA_WD_0.10-0.15_ConsGalerkinProj_OneShot_Second,SA,180,23271,8590,14681,0,7.9836e-06,0.000e+00,0.000e+00,8.7777e-06,0.000e+00,0.000e+00,7.9847e-06,0.000e+00,0.000e+00,8.7774e-06,0.000e+00,0.000e+00
RANS_SA_WD_0.10-0.15_ConsGalerkinProj_OneShot_Second,SA,185,23271,8590,14681,0,7.9836e-06,0.000e+00,0.000e+00,8.7777e-06,0.000e+00,0.000e+00,7.9847e-06,0.000e+00,0.000e+00,8.7774e-06,0.000e+00,0.000e+00
RANS_SA_WD_0.10-0.15_ConsGalerkinProj_OneShot_Second,SA,190,23271,8590,14681,0,7.9836e-06,0.000e+00,0.000e+00,8.7777e-06,0.000e+00,0.000e+00,7.9847e-06,0.000e+00,0.000e+00,8.7774e-06,0.000e+00,0.000e+00
RANS_SA_WD_0.10-0.15_ConsGalerkinProj_OneShot_Second,SA,195,23271,8590,14681,0,7.9836e-06,0.000e+00,0.000e+00,8.7777e-06,0.000e+00,0.000e+00,7.9847e-06,0.000e+00,0.000e+00,8.7774e-06,0.000e+00,0.000e+00
RANS_SA_WD_0.10-0.15_ConsGalerkinProj_OneShot_Second,SA,200,22508,8590,13918,763,7.9836e-06,3.525e-07,4.016e-06,8.7777e-06,5.737e-05,5.577e-03,7.9847e-06,3.415e-07,4.072e-06,8.7774e-06,5.706e-05,5.584e-03
RANS_SA_WD_0.10-0.15_ConsGalerkinProj_OneShot_Second,SA,205,22508,8590,13918,763,7.9836e-06,2.841e-06,2.267e-05,8.7777e-06,1.211e-04,8.144e-03,7.9847e-06,2.868e-06,2.295e-05,8.7774e-06,1.191e-04,8.149e-03
RANS_SA_WD_0.10-0.15_ConsGalerkinProj_OneShot_Second,SA,210,22508,8590,13918,763,7.9836e-06,4.764e-06,3.480e-05,8.7777e-06,1.224e-04,8.107e-03,7.9847e-06,4.789e-06,3.503e-05,8.7774e-06,1.203e-04,8.112e-03
RANS_SA_WD_0.10-0.15_ConsGalerkinProj_OneShot_Second,SA,215,22508,8590,13918,763,7.9836e-06,5.989e-06,3.754e-05,8.7777e-06,1.229e-04,8.102e-03,7.9847e-06,6.018e-06,3.776e-05,8.7774e-06,1.207e-04,8.106e-03
RANS_SA_WD_0.10-0.15_ConsGalerkinProj_OneShot_Second,SA,220,22508,8590,13918,763,7.9836e-06,6.076e-06,3.822e-05,8.7777e-06,1.231e-04,8.094e-03,7.9847e-06,6.103e-06,3.844e-05,8.7774e-06,1.209e-04,8.099e-03
RANS_SA_WD_0.10-0.15_ConsGalerkinProj_OneShot_Second,SA,225,22508,8590,13918,763,7.9836e-06,4.922e-06,3.560e-05,8.7777e-06,1.232e-04,8.082e-03,7.9847e-06,4.929e-06,3.574e-05,8.7774e-06,1.211e-04,8.087e-03
RANS_SA_WD_0.10-0.15_ConsGalerkinProj_OneShot_Second,SA,230,22508,8590,13918,763,7.9836e-06,4.757e-06,4.115e-05,8.7777e-06,1.232e-04,8.079e-03,7.9847e-06,4.732e-06,4.183e-05,8.7774e-06,1.211e-04,8.084e-03
RANS_SA_WD_0.10-0.15_ConsGalerkinProj_OneShot_Second,SA,235,22508,8590,13918,763,7.9836e-06,5.717e-06,5.297e-05,8.7777e-06,1.233e-04,8.089e-03,7.9847e-06,5.683e-06,5.325e-05,8.7774e-06,1.211e-04,8.094e-03
RANS_SA_WD_0.10-0.15_ConsGalerkinProj_OneShot_Second,SA,240,22508,8590,13918,763,7.9836e-06,7.140e-06,5.423e-05,8.7777e-06,1.234e-04,8.113e-03,7.9847e-06,7.117e-06,5.439e-05,8.7774e-06,1.212e-04,8.118e-03
RANS_SA_WD_0.10-0.15_ConsGalerkinProj_OneShot_Second,SA,245,22508,8590,13918,763,7.9836e-06,8.858e-06,5.696e-05,8.7777e-06,1.233e-04,8.121e-03,7.9847e-06,8.845e-06,5.695e-05,8.7774e-06,1.212e-04,8.126e-03
RANS_SA_WD_0.10-0.15_ConsGalerkinProj_OneShot_Second,SA,250,22508,8590,13918,763,7.9836e-06,1.046e-05,6.028e-05,8.7777e-06,1.233e-04,8.118e-03,7.9847e-06,1.045e-05,6.027e-05,8.7774e-06,1.211e-04,8.123e-03
RANS_SA_WD_0.10-0.15_ConsGalerkinProj_OneShot_Second,SA,255,22508,8590,13918,763,7.9836e-06,1.179e-05,6.914e-05,8.7777e-06,1.234e-04,8.123e-03,7.9847e-06,1.179e-05,6.905e-05,8.7774e-06,1.212e-04,8.127e-03
RANS_SA_WD_0.10-0.15_ConsGalerkinProj_OneShot_Second,SA,260,22508,8590,13918,763,7.9836e-06,1.298e-05,7.665e-05,8.7777e-06,1.234e-04,8.127e-03,7.9847e-06,1.298e-05,7.663e-05,8.7774e-06,1.213e-04,8.132e-03
RANS_SA_WD_0.10-0.15_ConsGalerkinProj_OneShot_Second,SA,265,22508,8590,13918,763,7.9836e-06,1.401e-05,8.343e-05,8.7777e-06,1.234e-04,8.128e-03,7.9847e-06,1.401e-05,8.338e-05,8.7774e-06,1.213e-04,8.133e-03
RANS_SA_WD_0.10-0.15_ConsGalerkinProj_OneShot_Second,SA,270,22508,8590,13918,763,7.9836e-06,1.494e-05,8.953e-05,8.7777e-06,1.235e-04,8.129e-03,7.9847e-06,1.494e-05,8.947e-05,8.7774e-06,1.213e-04,8.134e-03
RANS_SA_WD_0.10-0.15_ConsGalerkinProj_OneShot_Second,SA,275,22508,8590,13918,763,7.9836e-06,1.580e-05,9.482e-05,8.7777e-06,1.235e-04,8.130e-03,7.9847e-06,1.580e-05,9.475e-05,8.7774e-06,1.213e-04,8.134e-03
RANS_SA_WD_0.10-0.15_ConsGalerkinProj_OneShot_Second,SA,280,22508,8590,13918,763,7.9836e-06,1.665e-05,9.957e-05,8.7777e-06,1.235e-04,8.130e-03,7.9847e-06,1.665e-05,9.950e-05,8.7774e-06,1.214e-04,8.135e-03
RANS_SA_WD_0.10-0.15_ConsGalerkinProj_OneShot_Second,SA,285,22508,8590,13918,763,7.9836e-06,1.749e-05,1.042e-04,8.7777e-06,1.235e-04,8.131e-03,7.9847e-06,1.749e-05,1.040e-04,8.7774e-06,1.214e-04,8.136e-03
RANS_SA_WD_0.10-0.15_ConsGalerkinProj_OneShot_Second,SA,290,22508,8590,13918,763,7.9836e-06,1.831e-05,1.083e-04,8.7777e-06,1.236e-04,8.131e-03,7.9847e-06,1.831e-05,1.082e-04,8.7774e-06,1.214e-04,8.136e-03
RANS_SA_WD_0.10-0.15_ConsGalerkinProj_OneShot_Second,SA,295,22508,8590,13918,763,7.9836e-06,1.913e-05,1.124e-04,8.7777e-06,1.236e-04,8.132e-03,7.9847e-06,1.913e-05,1.123e-04,8.7774e-06,1.214e-04,8.137e-03
RANS_SA_WD_0.10-0.15_ConsGalerkinProj_OneShot_Second,SA,300,22508,8590,13918,763,7.9836e-06,1.994e-05,1.163e-04,8.7777e-06,1.236e-04,8.133e-03,7.9847e-06,1.993e-05,1.162e-04,8.7774e-06,1.215e-04,8.137e-03
RANS_SA_WD_0.10-0.15_ConsGalerkinProj_OneShot_Second,SA,305,22508,8590,13918,763,7.9836e-06,2.073e-05,1.201e-04,8.7777e-06,1.236e-04,8.133e-03,7.9847e-06,2.073e-05,1.200e-04,8.7774e-06,1.215e-04,8.138e-03
RANS_SA_WD_0.10-0.15_ConsGalerkinProj_OneShot_Second,SA,310,22508,8590,13918,763,7.9836e-06,2.152e-05,1.238e-04,8.7777e-06,1.237e-04,8.133e-03,7.9847e-06,2.151e-05,1.237e-04,8.7774e-06,1.215e-04,8.138e-03
RANS_SA_WD_0.10-0.15_ConsGalerkinProj_OneShot_Second,SA,315,22508,8590,13918,763,7.9836e-06,2.228e-05,1.276e-04,8.7777e-06,1.237e-04,8.134e-03,7.9847e-06,2.228e-05,1.275e-04,8.7774e-06,1.215e-04,8.138e-03
RANS_SA_WD_0.10-0.15_ConsGalerkinProj_OneShot_Second,SA,320,22508,8590,13918,763,7.9836e-06,2.303e-05,1.312e-04,8.7777e-06,1.237e-04,8.134e-03,7.9847e-06,2.302e-05,1.311e-04,8.7774e-06,1.216e-04,8.139e-03
RANS_SA_WD_0.10-0.15_ConsGalerkinProj_OneShot_Second,SA,325,22508,8590,13918,763,7.9836e-06,2.376e-05,1.349e-04,8.7777e-06,1.237e-04,8.134e-03,7.9847e-06,2.375e-05,1.348e-04,8.7774e-06,1.216e-04,8.139e-03
RANS_SA_WD_0.10-0.15_ConsGalerkinProj_OneShot_Second,SA,330,22508,8590,13918,763,7.9836e-06,2.445e-05,1.384e-04,8.7777e-06,1.237e-04,8.134e-03,7.9847e-06,2.444e-05,1.383e-04,8.7774e-06,1.216e-04,8.139e-03
RANS_SA_WD_0.10-0.15_ConsGalerkinProj_OneShot_Second,SA,335,22508,8590,13918,763,7.9836e-06,2.512e-05,1.419e-04,8.7777e-06,1.238e-04,8.134e-03,7.9847e-06,2.511e-05,1.418e-04,8.7774e-06,1.216e-04,8.139e-03
RANS_SA_WD_0.10-0.15_ConsGalerkinProj_OneShot_Second,SA,340,22508,8590,13918,763,7.9836e-06,2.576e-05,1.454e-04,8.7777e-06,1.238e-04,8.134e-03,7.9847e-06,2.574e-05,1.453e-04,8.7774e-06,1.216e-04,8.139e-03
RANS_SA_WD_0.10-0.15_ConsGalerkinProj_OneShot_Second,SA,345,22508,8590,13918,763,7.9836e-06,2.636e-05,1.487e-04,8.7777e-06,1.238e-04,8.134e-03,7.9847e-06,2.634e-05,1.486e-04,8.7774e-06,1.216e-04,8.139e-03
RANS_SA_WD_0.10-0.15_ConsGalerkinProj_OneShot_Second,SA,350,22508,8590,13918,763,7.9836e-06,2.693e-05,1.519e-04,8.7777e-06,1.238e-04,8.134e-03,7.9847e-06,2.691e-05,1.518e-04,8.7774e-06,1.216e-04,8.139e-03
RANS_SA_WD_0.10-0.15_ConsGalerkinProj_OneShot_Second,SA,355,22508,8590,13918,763,7.9836e-06,2.746e-05,1.548e-04,8.7777e-06,1.238e-04,8.134e-03,7.9847e-06,2.744e-05,1.547e-04,8.7774e-06,1.217e-04,8.139e-03
RANS_SA_WD_0.10-0.15_ConsGalerkinProj_OneShot_Second,SA,360,22508,8590,13918,763,7.9836e-06,2.796e-05,1.576e-04,8.7777e-06,1.238e-04,8.134e-03,7.9847e-06,2.794e-05,1.575e-04,8.7774e-06,1.217e-04,8.138e-03
RANS_SA_WD_0.10-0.15_ConsGalerkinProj_OneShot_Second,SA,365,22508,8590,13918,763,7.9836e-06,2.843e-05,1.603e-04,8.7777e-06,1.238e-04,8.133e-03,7.9847e-06,2.840e-05,1.601e-04,8.7774e-06,1.217e-04,8.138e-03
RANS_SA_WD_0.10-0.15_ConsGalerkinProj_OneShot_Second,SA,370,22508,8590,13918,763,7.9836e-06,2.886e-05,1.627e-04,8.7777e-06,1.238e-04,8.133e-03,7.9847e-06,2.883e-05,1.625e-04,8.7774e-06,1.217e-04,8.138e-03
RANS_SA_WD_0.10-0.15_ConsGalerkinProj_OneShot_Second,SA,375,22508,8590,13918,763,7.9836e-06,2.925e-05,1.649e-04,8.7777e-06,1.239e-04,8.133e-03,7.9847e-06,2.923e-05,1.647e-04,8.7774e-06,1.217e-04,8.138e-03
RANS_SA_WD_0.10-0.15_ConsGalerkinProj_OneShot_Second,SA,380,22508,8590,13918,763,7.9836e-06,2.962e-05,1.670e-04,8.7777e-06,1.239e-04,8.133e-03,7.9847e-06,2.959e-05,1.668e-04,8.7774e-06,1.217e-04,8.137e-03
RANS_SA_WD_0.10-0.15_ConsGalerkinProj_OneShot_Second,SA,385,22508,8590,13918,763,7.9836e-06,2.995e-05,1.688e-04,8.7777e-06,1.239e-04,8.132e-03,7.9847e-06,2.992e-05,1.686e-04,8.7774e-06,1.217e-04,8.137e-03
RANS_SA_WD_0.10-0.15_ConsGalerkinProj_OneShot_Second,SA,390,22508,8590,13918,763,7.9836e-06,3.025e-05,1.705e-04,8.7777e-06,1.239e-04,8.132e-03,7.9847e-06,3.022e-05,1.703e-04,8.7774e-06,1.217e-04,8.137e-03
RANS_SA_WD_0.10-0.15_ConsGalerkinProj_OneShot_Second,SA,395,22508,8590,13918,763,7.9836e-06,3.051e-05,1.720e-04,8.7777e-06,1.239e-04,8.132e-03,7.9847e-06,3.048e-05,1.718e-04,8.7774e-06,1.217e-04,8.136e-03
RANS_SA_WD_0.20-0.25_ConsGalerkinProj_OneShot_Long_Second,SA,5,23271,8590,14681,0,7.9836e-06,0.000e+00,0.000e+00,8.7777e-06,0.000e+00,0.000e+00,7.9847e-06,0.000e+00,0.000e+00,8.7774e-06,0.000e+00,0.000e+00
RANS_SA_WD_0.20-0.25_ConsGalerkinProj_OneShot_Long_Second,SA,10,23271,8590,14681,0,7.9836e-06,0.000e+00,0.000e+00,8.7777e-06,0.000e+00,0.000e+00,7.9847e-06,0.000e+00,0.000e+00,8.7774e-06,0.000e+00,0.000e+00
RANS_SA_WD_0.20-0.25_ConsGalerkinProj_OneShot_Long_Second,SA,15,23271,8590,14681,0,7.9836e-06,0.000e+00,0.000e+00,8.7777e-06,0.000e+00,0.000e+00,7.9847e-06,0.000e+00,0.000e+00,8.7774e-06,0.000e+00,0.000e+00
RANS_SA_WD_0.20-0.25_ConsGalerkinProj_OneShot_Long_Second,SA,20,23271,8590,14681,0,7.9836e-06,0.000e+00,0.000e+00,8.7777e-06,0.000e+00,0.000e+00,7.9847e-06,0.000e+00,0.000e+00,8.7774e-06,0.000e+00,0.000e+00
RANS_SA_WD_0.20-0.25_ConsGalerkinProj_OneShot_Long_Second,SA,25,23271,8590,14681,0,7.9836e-06,0.000e+00,0.000e+00,8.7777e-06,0.000e+00,0.000e+00,7.9847e-06,0.000e+00,0.000e+00,8.7774e-06,0.000e+00,0.000e+00
RANS_SA_WD_0.20-0.25_ConsGalerkinProj_OneShot_Long_Second,SA,30,23271,8590,14681,0,7.9836e-06,0.000e+00,0.000e+00,8.7777e-06,0.000e+00,0.000e+00,7.9847e-06,0.000e+00,0.000e+00,8.7774e-06,0.000e+00,0.000e+00
RANS_SA_WD_0.20-0.25_ConsGalerkinProj_OneShot_Long_Second,SA,35,23271,8590,14681,0,7.9836e-06,0.000e+00,0.000e+00,8.7777e-06,0.000e+00,0.000e+00,7.9847e-06,0.000e+00,0.000e+00,8.7774e-06,0.000e+00,0.000e+00
RANS_SA_WD_0.20-0.25_ConsGalerkinProj_OneShot_Long_Second,SA,40,23271,8590,14681,0,7.9836e-06,0.000e+00,0.000e+00,8.7777e-06,0.000e+00,0.000e+00,7.9847e-06,0.000e+00,0.000e+00,8.7774e-06,0.000e+00,0.000e+00
RANS_SA_WD_0.20-0.25_ConsGalerkinProj_OneShot_Long_Second,SA,45,23271,8590,14681,0,7.9836e-06,0.000e+00,0.000e+00,8.7777e-06,0.000e+00,0.000e+00,7.9847e-06,0.000e+00,0.000e+00,8.7774e-06,0.000e+00,0.000e+00
RANS_SA_WD_0.20-0.25_ConsGalerkinProj_OneShot_Long_Second,SA,50,23271,8590,14681,0,7.9836e-06,0.000e+00,0.000e+00,8.7777e-06,0.000e+00,0.000e+00,7.9847e-06,0.000e+00,0.000e+00,8.7774e-06,0.000e+00,0.000e+00
RANS_SA_WD_0.20-0.25_ConsGalerkinProj_OneShot_Long_Second,SA,55,23271,8590,14681,0,7.9836e-06,0.000e+00,0.000e+00,8.7777e-06,0.000e+00,0.000e+00,7.9847e-06,0.000e+00,0.000e+00,8.7774e-06,0.000e+00,0.000e+00
RANS_SA_WD_0.20-0.25_ConsGalerkinProj_OneShot_Long_Second,SA,60,23271,8590,14681,0,7.9836e-06,0.000e+00,0.000e+00,8.7777e-06,0.000e+00,0.000e+00,7.9847e-06,0.000e+00,0.000e+00,8.7774e-06,0.000e+00,0.000e+00
RANS_SA_WD_0.20-0.25_ConsGalerkinProj_OneShot_Long_Second,SA,65,23271,8590,14681,0,7.9836e-06,0.000e+00,0.000e+00,8.7777e-06,0.000e+00,0.000e+00,7.9847e-06,0.000e+00,0.000e+00,8.7774e-06,0.000e+00,0.000e+00
RANS_SA_WD_0.20-0.25_ConsGalerkinProj_OneShot_Long_Second,SA,70,23271,8590,14681,0,7.9836e-06,0.000e+00,0.000e+00,8.7777e-06,0.000e+00,0.000e+00,7.9847e-06,0.000e+00,0.000e+00,8.7774e-06,0.000e+00,0.000e+00
RANS_SA_WD_0.20-0.25_ConsGalerkinProj_OneShot_Long_Second,SA,75,23271,8590,14681,0,7.9836e-06,0.000e+00,0.000e+00,8.7777e-06,0.000e+00,0.000e+00,7.9847e-06,0.000e+00,0.000e+00,8.7774e-06,0.000e+00,0.000e+00
RANS_SA_WD_0.20-0.25_ConsGalerkinProj_OneShot_Long_Second,SA,80,23271,8590,14681,0,7.9836e-06,0.000e+00,0.000e+00,8.7777e-06,0.000e+00,0.000e+00,7.9847e-06,0.000e+00,0.000e+00,8.7774e-06,0.000e+00,0.000e+00
RANS_SA_WD_0.20-0.25_ConsGalerkinProj_OneShot_Long_Second,SA,85,23271,8590,14681,0,7.9836e-06,0.000e+00,0.000e+00,8.7777e-06,0.000e+00,0.000e+00,7.9847e-06,0.000e+00,0.000e+00,8.7774e-06,0.000e+00,0.000e+00
RANS_SA_WD_0.20-0.25_ConsGalerkinProj_OneShot_Long_Second,SA,90,23271,8590,14681,0,7.9836e-06,0.000e+00,0.000e+00,8.7777e-06,0.000e+00,0.000e+00,7.9847e-06,0.000e+00,0.000e+00,8.7774e-06,0.000e+00,0.000e+00
RANS_SA_WD_0.20-0.25_ConsGalerkinProj_OneShot_Long_Second,SA,95,23271,8590,14681,0,7.9836e-06,0.000e+00,0.000e+00,8.7777e-06,0.000e+00,0.000e+00,7.9847e-06,0.000e+00,0.000e+00,8.7774e-06,0.000e+00,0.000e+00
RANS_SA_WD_0.20-0.25_ConsGalerkinProj_OneShot_Long_Second,SA,100,23271,8590,14681,0,7.9836e-06,0.000e+00,0.000e+00,8.7777e-06,0.000e+00,0.000e+00,7.9847e-06,0.000e+00,0.000e+00,8.7774e-06,0.000e+00,0.000e+00
RANS_SA_WD_0.20-0.25_ConsGalerkinProj_OneShot_Long_Second,SA,105,23271,8590,14681,0,7.9836e-06,0.000e+00,0.000e+00,8.7777e-06,0.000e+00,0.000e+00,7.9847e-06,0.000e+00,0.000e+00,8.7774e-06,0.000e+00,0.000e+00
RANS_SA_WD_0.20-0.25_ConsGalerkinProj_OneShot_Long_Second,SA,110,23271,8590,14681,0,7.9836e-06,0.000e+00,0.000e+00,8.7777e-06,0.000e+00,0.000e+00,7.9847e-06,0.000e+00,0.000e+00,8.7774e-06,0.000e+00,0.000e+00
RANS_SA_WD_0.20-0.25_ConsGalerkinProj_OneShot_Long_Second,SA,115,23271,8590,14681,0,7.9836e-06,0.000e+00,0.000e+00,8.7777e-06,0.000e+00,0.000e+00,7.9847e-06,0.000e+00,0.000e+00,8.7774e-06,0.000e+00,0.000e+00
RANS_SA_WD_0.20-0.25_ConsGalerkinProj_OneShot_Long_Second,SA,120,23271,8590,14681,0,7.9836e-06,0.000e+00,0.000e+00,8.7777e-06,0.000e+00,0.000e+00,7.9847e-06,0.000e+00,0.000e+00,8.7774e-06,0.000e+00,0.000e+00
RANS_SA_WD_0.20-0.25_ConsGalerkinProj_OneShot_Long_Second,SA,125,23271,8590,14681,0,7.9836e-06,0.000e+00,0.000e+00,8.7777e-06,0.000e+00,0.000e+00,7.9847e-06,0.000e+00,0.000e+00,8.7774e-06,0.000e+00,0.000e+00
RANS_SA_WD_0.20-0.25_ConsGalerkinProj_OneShot_Long_Second,SA,130,23271,8590,14681,0,7.9836e-06,0.000e+00,0.000e+00,8.7777e-06,0.000e+00,0.000e+00,7.9847e-06,0.000e+00,0.000e+00,8.7774e-06,0.000e+00,0.000e+00
RANS_SA_WD_0.20-0.25_ConsGalerkinProj_OneShot_Long_Second,SA,135,23271,8590,14681,0,7.9836e-06,0.000e+00,0.000e+00,8.7777e-06,0.000e+00,0.000e+00,7.9847e-06,0.000e+00,0.000e+00,8.7774e-06,0.000e+00,0.000e+00
RANS_SA_WD_0.20-0.25_ConsGalerkinProj_OneShot_Long_Second,SA,140,23271,8590,14681,0,7.9836e-06,0.000e+00,0.000e+00,8.7777e-06,0.000e+00,0.000e+00,7.9847e-06,0.000e+00,0.000e+00,8.7774e-06,0.000e+00,0.000e+00
RANS_SA_WD_0.20-0.25_ConsGalerkinProj_OneShot_Long_Second,SA,145,23271,8590,14681,0,7.9836e-06,0.000e+00,0.000e+00,8.7777e-06,0.000e+00,0.000e+00,7.9847e-06,0.000e+00,0.000e+00,8.7774e-06,0.000e+00,0.000e+00
RANS_SA_WD_0.20-0.25_ConsGalerkinProj_OneShot_Long_Second,SA,150,23271,8590,14681,0,7.9836e-06,0.000e+00,0.000e+00,8.7777e-06,0.000e+00,0.000e+00,7.9847e-06,0.000e+00,0.000e+00,8.7774e-06,0.000e+00,0.000e+00
RANS_SA_WD_0.20-0.25_ConsGalerkinProj_OneShot_Long_Second,SA,155,23271,8590,14681,0,7.9836e-06,0.000e+00,0.000e+00,8.7777e-06,0.000e+00,0.000e+00,7.9847e-06,0.000e+00,0.000e+00,8.7774e-06,0.000e+00,0.000e+00
RANS_SA_WD_0.20-0.25_ConsGalerkinProj_OneShot_Long_Second,SA,160,23271,8590,14681,0,7.9836e-06,0.000e+00,0.000e+00,8.7777e-06,0.000e+00,0.000e+00,7.9847e-06,0.000e+00,0.000e+00,8.7774e-06,0.000e+00,0.000e+00
RANS_SA_WD_0.20-0.25_ConsGalerkinProj_OneShot_Long_Second,SA,165,23271,8590,14681,0,7.9836e-06,0.000e+00,0.000e+00,8.7777e-06,0.000e+00,0.000e+00,7.9847e-06,0.000e+00,0.000e+00,8.7774e-06,0.000e+00,0.000e+00
RANS_SA_WD_0.20-0.25_ConsGalerkinProj_OneShot_Long_Second,SA,170,23271,8590,14681,0,7.9836e-06,0.000e+00,0.000e+00,8.7777e-06,0.000e+00,0.000e+00,7.9847e-06,0.000e+00,0.000e+00,8.7774e-06,0.000e+00,0.000e+00
RANS_SA_WD_0.20-0.25_ConsGalerkinProj_OneShot_Long_Second,SA,175,23271,8590,14681,0,7.9836e-06,0.000e+00,0.000e+00,8.7777e-06,0.000e+00,0.000e+00,7.9847e-06,0.000e+00,0.000e+00,8.7774e-06,0.000e+00,0.000e+00
RANS_SA_WD_0.20-0.25_ConsGalerkinProj_OneShot_Long_Second,SA,180,23271,8590,14681,0,7.9836e-06,0.000e+00,0.000e+00,8.7777e-06,0.000e+00,0.000e+00,7.9847e-06,0.000e+00,0.000e+00,8.7774e-06,0.000e+00,0.000e+00
RANS_SA_WD_0.20-0.25_ConsGalerkinProj_OneShot_Long_Second,SA,185,23271,8590,14681,0,7.9836e-06,0.000e+00,0.000e+00,8.7777e-06,0.000e+00,0.000e+00,7.9847e-06,0.000e+00,0.000e+00,8.7774e-06,0.000e+00,0.000e+00
RANS_SA_WD_0.20-0.25_ConsGalerkinProj_OneShot_Long_Second,SA,190,23271,8590,14681,0,7.9836e-06,0.000e+00,0.000e+00,8.7777e-06,0.000e+00,0.000e+00,7.9847e-06,0.000e+00,0.000e+00,8.7774e-06,0.000e+00,0.000e+00
RANS_SA_WD_0.20-0.25_ConsGalerkinProj_OneShot_Long_Second,SA,195,23271,8590,14681,0,7.9836e-06,0.000e+00,0.000e+00,8.7777e-06,0.000e+00,0.000e+00,7.9847e-06,0.000e+00,0.000e+00,8.7774e-06,0.000e+00,0.000e+00
RANS_SA_WD_0.20-0.25_ConsGalerkinProj_OneShot_Long_Second,SA,200,23271,8590,14681,0,7.9836e-06,0.000e+00,0.000e+00,8.7777e-06,0.000e+00,0.000e+00,7.9847e-06,0.000e+00,0.000e+00,8.7774e-06,0.000e+00,0.000e+00
RANS_SA_WD_0.20-0.25_ConsGalerkinProj_OneShot_Long_Second,SA,205,23271,8590,14681,0,7.9836e-06,0.000e+00,0.000e+00,8.7777e-06,0.000e+00,0.000e+00,7.9847e-06,0.000e+00,0.000e+00,8.7774e-06,0.000e+00,0.000e+00
RANS_SA_WD_0.20-0.25_ConsGalerkinProj_OneShot_Long_Second,SA,210,23271,8590,14681,0,7.9836e-06,0.000e+00,0.000e+00,8.7777e-06,0.000e+00,0.000e+00,7.9847e-06,0.000e+00,0.000e+00,8.7774e-06,0.000e+00,0.000e+00
RANS_SA_WD_0.20-0.25_ConsGalerkinProj_OneShot_Long_Second,SA,215,23271,8590,14681,0,7.9836e-06,0.000e+00,0.000e+00,8.7777e-06,0.000e+00,0.000e+00,7.9847e-06,0.000e+00,0.000e+00,8.7774e-06,0.000e+00,0.000e+00
RANS_SA_WD_0.20-0.25_ConsGalerkinProj_OneShot_Long_Second,SA,220,23271,8590,14681,0,7.9836e-06,0.000e+00,0.000e+00,8.7777e-06,0.000e+00,0.000e+00,7.9847e-06,0.000e+00,0.000e+00,8.7774e-06,0.000e+00,0.000e+00
RANS_SA_WD_0.20-0.25_ConsGalerkinProj_OneShot_Long_Second,SA,225,23271,8590,14681,0,7.9836e-06,0.000e+00,0.000e+00,8.7777e-06,0.000e+00,0.000e+00,7.9847e-06,0.000e+00,0.000e+00,8.7774e-06,0.000e+00,0.000e+00
RANS_SA_WD_0.20-0.25_ConsGalerkinProj_OneShot_Long_Second,SA,230,23271,8590,14681,0,7.9836e-06,0.000e+00,0.000e+00,8.7777e-06,0.000e+00,0.000e+00,7.9847e-06,0.000e+00,0.000e+00,8.7774e-06,0.000e+00,0.000e+00
RANS_SA_WD_0.20-0.25_ConsGalerkinProj_OneShot_Long_Second,SA,235,23271,8590,14681,0,7.9836e-06,0.000e+00,0.000e+00,8.7777e-06,0.000e+00,0.000e+00,7.9847e-06,0.000e+00,0.000e+00,8.7774e-06,0.000e+00,0.000e+00
RANS_SA_WD_0.20-0.25_ConsGalerkinProj_OneShot_Long_Second,SA,240,23271,8590,14681,0,7.9836e-06,0.000e+00,0.000e+00,8.7777e-06,0.000e+00,0.000e+00,7.9847e-06,0.000e+00,0.000e+00,8.7774e-06,0.000e+00,0.000e+00
RANS_SA_WD_0.20-0.25_ConsGalerkinProj_OneShot_Long_Second,SA,245,23271,8590,14681,0,7.9836e-06,0.000e+00,0.000e+00,8.7777e-06,0.000e+00,0.000e+00,7.9847e-06,0.000e+00,0.000e+00,8.7774e-06,0.000e+00,0.000e+00
RANS_SA_WD_0.20-0.25_ConsGalerkinProj_OneShot_Long_Second,SA,250,23271,8590,14681,0,7.9836e-06,0.000e+00,0.000e+00,8.7777e-06,0.000e+00,0.000e+00,7.9847e-06,0.000e+00,0.000e+00,8.7774e-06,0.000e+00,0.000e+00
RANS_SA_WD_0.20-0.25_ConsGalerkinProj_OneShot_Long_Second,SA,255,23271,8590,14681,0,7.9836e-06,0.000e+00,0.000e+00,8.7777e-06,0.000e+00,0.000e+00,7.9847e-06,0.000e+00,0.000e+00,8.7774e-06,0.000e+00,0.000e+00
RANS_SA_WD_0.20-0.25_ConsGalerkinProj_OneShot_Long_Second,SA,260,23271,8590,14681,0,7.9836e-06,0.000e+00,0.000e+00,8.7777e-06,0.000e+00,0.000e+00,7.9847e-06,0.000e+00,0.000e+00,8.7774e-06,0.000e+00,0.000e+00
RANS_SA_WD_0.20-0.25_ConsGalerkinProj_OneShot_Long_Second,SA,265,23271,8590,14681,0,7.9836e-06,0.000e+00,0.000e+00,8.7777e-06,0.000e+00,0.000e+00,7.9847e-06,0.000e+00,0.000e+00,8.7774e-06,0.000e+00,0.000e+00
RANS_SA_WD_0.20-0.25_ConsGalerkinProj_OneShot_Long_Second,SA,270,23271,8590,14681,0,7.9836e-06,0.000e+00,0.000e+00,8.7777e-06,0.000e+00,0.000e+00,7.9847e-06,0.000e+00,0.000e+00,8.7774e-06,0.000e+00,0.000e+00
RANS_SA_WD_0.20-0.25_ConsGalerkinProj_OneShot_Long_Second,SA,275,23271,8590,14681,0,7.9836e-06,0.000e+00,0.000e+00,8.7777e-06,0.000e+00,0.000e+00,7.9847e-06,0.000e+00,0.000e+00,8.7774e-06,0.000e+00,0.000e+00
RANS_SA_WD_0.20-0.25_ConsGalerkinProj_OneShot_Long_Second,SA,280,23271,8590,14681,0,7.9836e-06,0.000e+00,0.000e+00,8.7777e-06,0.000e+00,0.000e+00,7.9847e-06,0.000e+00,0.000e+00,8.7774e-06,0.000e+00,0.000e+00
RANS_SA_WD_0.20-0.25_ConsGalerkinProj_OneShot_Long_Second,SA,285,23271,8590,14681,0,7.9836e-06,0.000e+00,0.000e+00,8.7777e-06,0.000e+00,0.000e+00,7.9847e-06,0.000e+00,0.000e+00,8.7774e-06,0.000e+00,0.000e+00
RANS_SA_WD_0.20-0.25_ConsGalerkinProj_OneShot_Long_Second,SA,290,23271,8590,14681,0,7.9836e-06,0.000e+00,0.000e+00,8.7777e-06,0.000e+00,0.000e+00,7.9847e-06,0.000e+00,0.000e+00,8.7774e-06,0.000e+00,0.000e+00
RANS_SA_WD_0.20-0.25_ConsGalerkinProj_OneShot_Long_Second,SA,295,23271,8590,14681,0,7.9836e-06,0.000e+00,0.000e+00,8.7777e-06,0.000e+00,0.000e+00,7.9847e-06,0.000e+00,0.000e+00,8.7774e-06,0.000e+00,0.000e+00
RANS_SA_WD_0.20-0.25_ConsGalerkinProj_OneShot_Long_Second,SA,300,23271,8590,14681,0,7.9836e-06,0.000e+00,0.000e+00,8.7777e-06,0.000e+00,0.000e+00,7.9847e-06,0.000e+00,0.000e+00,8.7774e-06,0.000e+00,0.000e+00
RANS_SA_WD_0.20-0.25_ConsGalerkinProj_OneShot_Long_Second,SA,305,23271,8590,14681,0,7.9836e-06,0.000e+00,0.000e+00,8.7777e-06,0.000e+00,0.000e+00,7.9847e-06,0.000e+00,0.000e+00,8.7774e-06,0.000e+00,0.000e+00
RANS_SA_WD_0.20-0.25_ConsGalerkinProj_OneShot_Long_Second,SA,310,23271,8590,14681,0,7.9836e-06,0.000e+00,0.000e+00,8.7777e-06,0.000e+00,0.000e+00,7.9847e-06,0.000e+00,0.000e+00,8.7774e-06,0.000e+00,0.000e+00
RANS_SA_WD_0.20-0.25_ConsGalerkinProj_OneShot_Long_Second,SA,315,23271,8590,14681,0,7.9836e-06,0.000e+00,0.000e+00,8.7777e-06,0.000e+00,0.000e+00,7.9847e-06,0.000e+00,0.000e+00,8.7774e-06,0.000e+00,0.000e+00
RANS_SA_WD_0.20-0.25_ConsGalerkinProj_OneShot_Long_Second,SA,320,23271,8590,14681,0,7.9836e-06,0.000e+00,0.000e+00,8.7777e-06,0.000e+00,0.000e+00,7.9847e-06,0.000e+00,0.000e+00,8.7774e-06,0.000e+00,0.000e+00
RANS_SA_WD_0.20-0.25_ConsGalerkinProj_OneShot_Long_Second,SA,325,23271,8590,14681,0,7.9836e-06,0.000e+00,0.000e+00,8.7777e-06,0.000e+00,0.000e+00,7.9847e-06,0.000e+00,0.000e+00,8.7774e-06,0.000e+00,0.000e+00
RANS_SA_WD_0.20-0.25_ConsGalerkinProj_OneShot_Long_Second,SA,330,23271,8590,14681,0,7.9836e-06,0.000e+00,0.000e+00,8.7777e-06,0.000e+00,0.000e+00,7.9847e-06,0.000e+00,0.000e+00,8.7774e-06,0.000e+00,0.000e+00
RANS_SA_WD_0.20-0.25_ConsGalerkinProj_OneShot_Long_Second,SA,335,23271,8590,14681,0,7.9836e-06,0.000e+00,0.000e+00,8.7777e-06,0.000e+00,0.000e+00,7.9847e-06,0.000e+00,0.000e+00,8.7774e-06,0.000e+00,0.000e+00
RANS_SA_WD_0.20-0.25_ConsGalerkinProj_OneShot_Long_Second,SA,340,23271,8590,14681,0,7.9836e-06,0.000e+00,0.000e+00,8.7777e-06,0.000e+00,0.000e+00,7.9847e-06,0.000e+00,0.000e+00,8.7774e-06,0.000e+00,0.000e+00
RANS_SA_WD_0.20-0.25_ConsGalerkinProj_OneShot_Long_Second,SA,345,23271,8590,14681,0,7.9836e-06,0.000e+00,0.000e+00,8.7777e-06,0.000e+00,0.000e+00,7.9847e-06,0.000e+00,0.000e+00,8.7774e-06,0.000e+00,0.000e+00
RANS_SA_WD_0.20-0.25_ConsGalerkinProj_OneShot_Long_Second,SA,350,23271,8590,14681,0,7.9836e-06,0.000e+00,0.000e+00,8.7777e-06,0.000e+00,0.000e+00,7.9847e-06,0.000e+00,0.000e+00,8.7774e-06,0.000e+00,0.000e+00
RANS_SA_WD_0.20-0.25_ConsGalerkinProj_OneShot_Long_Second,SA,355,23271,8590,14681,0,7.9836e-06,0.000e+00,0.000e+00,8.7777e-06,0.000e+00,0.000e+00,7.9847e-06,0.000e+00,0.000e+00,8.7774e-06,0.000e+00,0.000e+00
RANS_SA_WD_0.20-0.25_ConsGalerkinProj_OneShot_Long_Second,SA,360,23271,8590,14681,0,7.9836e-06,0.000e+00,0.000e+00,8.7777e-06,0.000e+00,0.000e+00,7.9847e-06,0.000e+00,0.000e+00,8.7774e-06,0.000e+00,0.000e+00
RANS_SA_WD_0.20-0.25_ConsGalerkinProj_OneShot_Long_Second,SA,365,23271,8590,14681,0,7.9836e-06,0.000e+00,0.000e+00,8.7777e-06,0.000e+00,0.000e+00,7.9847e-06,0.000e+00,0.000e+00,8.7774e-06,0.000e+00,0.000e+00
RANS_SA_WD_0.20-0.25_ConsGalerkinProj_OneShot_Long_Second,SA,370,23271,8590,14681,0,7.9836e-06,0.000e+00,0.000e+00,8.7777e-06,0.000e+00,0.000e+00,7.9847e-06,0.000e+00,0.000e+00,8.7774e-06,0.000e+00,0.000e+00
RANS_SA_WD_0.20-0.25_ConsGalerkinProj_OneShot_Long_Second,SA,375,23271,8590,14681,0,7.9836e-06,0.000e+00,0.000e+00,8.7777e-06,0.000e+00,0.000e+00,7.9847e-06,0.000e+00,0.000e+00,8.7774e-06,0.000e+00,0.000e+00
RANS_SA_WD_0.20-0.25_ConsGalerkinProj_OneShot_Long_Second,SA,380,23271,8590,14681,0,7.9836e-06,0.000e+00,0.000e+00,8.7777e-06,0.000e+00,0.000e+00,7.9847e-06,0.000e+00,0.000e+00,8.7774e-06,0.000e+00,0.000e+00
RANS_SA_WD_0.20-0.25_ConsGalerkinProj_OneShot_Long_Second,SA,385,23271,8590,14681,0,7.9836e-06,0.000e+00,0.000e+00,8.7777e-06,0.000e+00,0.000e+00,7.9847e-06,0.000e+00,0.000e+00,8.7774e-06,0.000e+00,0.000e+00
RANS_SA_WD_0.20-0.25_ConsGalerkinProj_OneShot_Long_Second,SA,390,23271,8590,14681,0,7.9836e-06,0.000e+00,0.000e+00,8.7777e-06,0.000e+00,0.000e+00,7.9847e-06,0.000e+00,0.000e+00,8.7774e-06,0.000e+00,0.000e+00
RANS_SA_WD_0.20-0.25_ConsGalerkinProj_OneShot_Long_Second,SA,395,23271,8590,14681,0,7.9836e-06,0.000e+00,0.000e+00,8.7777e-06,0.000e+00,0.000e+00,7.9847e-06,0.000e+00,0.000e+00,8.7774e-06,0.000e+00,0.000e+00
RANS_SA_WD_0.20-0.25_ConsGalerkinProj_OneShot_Long_Second,SA,400,22877,8590,14287,394,7.9836e-06,3.317e-08,5.126e-07,8.7777e-06,3.997e-05,3.867e-03,7.9847e-06,3.033e-08,4.659e-07,8.7774e-06,3.971e-05,3.855e-03
RANS_SA_WD_0.20-0.25_ConsGalerkinProj_OneShot_Long_Second,SA,405,22877,8590,14287,394,7.9836e-06,4.021e-07,2.677e-06,8.7777e-06,8.823e-05,6.073e-03,7.9847e-06,4.158e-07,2.791e-06,8.7774e-06,8.690e-05,6.053e-03
RANS_SA_WD_0.20-0.25_ConsGalerkinProj_OneShot_Long_Second,SA,410,22877,8590,14287,394,7.9836e-06,1.090e-06,5.981e-06,8.7777e-06,8.985e-05,6.063e-03,7.9847e-06,1.123e-06,6.037e-06,8.7774e-06,8.841e-05,6.043e-03
RANS_SA_WD_0.20-0.25_ConsGalerkinProj_OneShot_Long_Second,SA,415,22877,8590,14287,394,7.9836e-06,2.134e-06,1.403e-05,8.7777e-06,9.011e-05,6.062e-03,7.9847e-06,2.178e-06,1.653e-05,8.7774e-06,8.865e-05,6.042e-03
RANS_SA_WD_0.20-0.25_ConsGalerkinProj_OneShot_Long_Second,SA,420,22877,8590,14287,394,7.9836e-06,3.505e-06,2.687e-05,8.7777e-06,9.019e-05,6.061e-03,7.9847e-06,3.551e-06,2.692e-05,8.7774e-06,8.873e-05,6.041e-03
RANS_SA_WD_0.20-0.25_ConsGalerkinProj_OneShot_Long_Second,SA,425,22877,8590,14287,394,7.9836e-06,7.294e-06,7.037e-05,8.7777e-06,9.023e-05,6.059e-03,7.9847e-06,7.322e-06,7.065e-05,8.7774e-06,8.877e-05,6.040e-03
RANS_SA_WD_0.20-0.25_ConsGalerkinProj_OneShot_Long_Second,SA,430,22877,8590,14287,394,7.9836e-06,1.299e-05,1.355e-04,8.7777e-06,9.040e-05,6.058e-03,7.9847e-06,1.300e-05,1.359e-04,8.7774e-06,8.893e-05,6.039e-03
RANS_SA_WD_0.20-0.25_ConsGalerkinProj_OneShot_Long_Second,SA,435,22877,8590,14287,394,7.9836e-06,1.937e-05,1.863e-04,8.7777e-06,9.110e-05,6.060e-03,7.9847e-06,1.938e-05,1.867e-04,8.7774e-06,8.964e-05,6.040e-03
RANS_SA_WD_0.20-0.25_ConsGalerkinProj_OneShot_Long_Second,SA,440,22877,8590,14287,394,7.9836e-06,2.673e-05,2.285e-04,8.7777e-06,9.320e-05,6.072e-03,7.9847e-06,2.675e-05,2.289e-04,8.7774e-06,9.178e-05,6.053e-03
RANS_SA_WD_0.20-0.25_ConsGalerkinProj_OneShot_Long_Second,SA,445,22877,8590,14287,394,7.9836e-06,3.232e-05,2.528e-04,8.7777e-06,9.520e-05,6.090e-03,7.9847e-06,3.235e-05,2.533e-04,8.7774e-06,9.381e-05,6.070e-03
RANS_SA_WD_0.20-0.25_ConsGalerkinProj_OneShot_Long_Second,SA,450,22877,8590,14287,394,7.9836e-06,3.700e-05,2.707e-04,8.7777e-06,9.639e-05,6.096e-03,7.9847e-06,3.703e-05,2.712e-04,8.7774e-06,9.501e-05,6.076e-03
RANS_SA_WD_0.20-0.25_ConsGalerkinProj_OneShot_Long_Second,SA,455,22877,8590,14287,394,7.9836e-06,4.050e-05,2.839e-04,8.7777e-06,9.711e-05,6.102e-03,7.9847e-06,4.053e-05,2.844e-04,8.7774e-06,9.574e-05,6.082e-03
RANS_SA_WD_0.20-0.25_ConsGalerkinProj_OneShot_Long_Second,SA,460,22877,8590,14287,394,7.9836e-06,4.293e-05,2.937e-04,8.7777e-06,9.758e-05,6.108e-03,7.9847e-06,4.295e-05,2.942e-04,8.7774e-06,9.621e-05,6.088e-03
RANS_SA_WD_0.20-0.25_ConsGalerkinProj_OneShot_Long_Second,SA,465,22877,8590,14287,394,7.9836e-06,4.483e-05,3.018e-04,8.7777e-06,9.790e-05,6.110e-03,7.9847e-06,4.486e-05,3.022e-04,8.7774e-06,9.653e-05,6.090e-03
RANS_SA_WD_0.20-0.25_ConsGalerkinProj_OneShot_Long_Second,SA,470,22877,8590,14287,394,7.9836e-06,4.640e-05,3.082e-04,8.7777e-06,9.812e-05,6.111e-03,7.9847e-06,4.642e-05,3.085e-04,8.7774e-06,9.676e-05,6.091e-03
RANS_SA_WD_0.20-0.25_ConsGalerkinProj_OneShot_Long_Second,SA,475,22877,8590,14287,394,7.9836e-06,4.768e-05,3.135e-04,8.7777e-06,9.827e-05,6.112e-03,7.9847e-06,4.770e-05,3.138e-04,8.7774e-06,9.690e-05,6.092e-03
RANS_SA_WD_0.20-0.25_ConsGalerkinProj_OneShot_Long_Second,SA,480,22877,8590,14287,394,7.9836e-06,4.886e-05,3.180e-04,8.7777e-06,9.838e-05,6.113e-03,7.9847e-06,4.887e-05,3.183e-04,8.7774e-06,9.701e-05,6.093e-03
RANS_SA_WD_0.20-0.25_ConsGalerkinProj_OneShot_Long_Second,SA,485,22877,8590,14287,394,7.9836e-06,4.993e-05,3.219e-04,8.7777e-06,9.845e-05,6.113e-03,7.9847e-06,4.994e-05,3.222e-04,8.7774e-06,9.708e-05,6.093e-03
RANS_SA_WD_0.20-0.25_ConsGalerkinProj_OneShot_Long_Second,SA,490,22877,8590,14287,394,7.9836e-06,5.091e-05,3.252e-04,8.7777e-06,9.848e-05,6.114e-03,7.9847e-06,5.092e-05,3.257e-04,8.7774e-06,9.711e-05,6.094e-03
RANS_SA_WD_0.20-0.25_ConsGalerkinProj_OneShot_Long_Second,SA,495,22877,8590,14287,394,7.9836e-06,5.181e-05,3.283e-04,8.7777e-06,9.849e-05,6.114e-03,7.9847e-06,5.181e-05,3.286e-04,8.7774e-06,9.712e-05,6.094e-03
RANS_SA_WD_0.20-0.25_ConsGalerkinProj_OneShot_Long_Second,SA,500,22877,8590,14287,394,7.9836e-06,5.263e-05,3.317e-04,8.7777e-06,9.847e-05,6.115e-03,7.9847e-06,5.263e-05,3.318e-04,8.7774e-06,9.710e-05,6.095e-03
RANS_SA_WD_0.20-0.25_ConsGalerkinProj_OneShot_Long_Second,SA,505,22877,8590,14287,394,7.9836e-06,5.338e-05,3.345e-04,8.7777e-06,9.844e-05,6.115e-03,7.9847e-06,5.337e-05,3.347e-04,8.7774e-06,9.706e-05,6.095e-03
RANS_SA_WD_0.20-0.25_ConsGalerkinProj_OneShot_Long_Second,SA,510,22877,8590,14287,394,7.9836e-06,5.406e-05,3.363e-04,8.7777e-06,9.838e-05,6.115e-03,7.9847e-06,5.405e-05,3.364e-04,8.7774e-06,9.701e-05,6.095e-03
RANS_SA_WD_0.20-0.25_ConsGalerkinProj_OneShot_Long_Second,SA,515,22877,8590,14287,394,7.9836e-06,5.468e-05,3.372e-04,8.7777e-06,9.831e-05,6.114e-03,7.9847e-06,5.466e-05,3.373e-04,8.7774e-06,9.693e-05,6.094e-03
RANS_SA_WD_0.20-0.25_ConsGalerkinProj_OneShot_Long_Second,SA,520,22877,8590,14287,394,7.9836e-06,5.523e-05,3.373e-04,8.7777e-06,9.823e-05,6.114e-03,7.9847e-06,5.522e-05,3.374e-04,8.7774e-06,9.685e-05,6.094e-03
RANS_SA_WD_0.20-0.25_ConsGalerkinProj_OneShot_Long_Second,SA,525,22877,8590,14287,394,7.9836e-06,5.573e-05,3.369e-04,8.7777e-06,9.813e-05,6.114e-03,7.9847e-06,5.571e-05,3.369e-04,8.7774e-06,9.675e-05,6.094e-03
RANS_SA_WD_0.20-0.25_ConsGalerkinProj_OneShot_Long_Second,SA,530,22877,8590,14287,394,7.9836e-06,5.618e-05,3.358e-04,8.7777e-06,9.803e-05,6.113e-03,7.9847e-06,5.616e-05,3.359e-04,8.7774e-06,9.665e-05,6.093e-03
RANS_SA_WD_0.20-0.25_ConsGalerkinProj_OneShot_Long_Second,SA,535,22877,8590,14287,394,7.9836e-06,5.658e-05,3.345e-04,8.7777e-06,9.792e-05,6.113e-03,7.9847e-06,5.655e-05,3.344e-04,8.7774e-06,9.653e-05,6.093e-03
RANS_SA_WD_0.20-0.25_ConsGalerkinProj_OneShot_Long_Second,SA,540,22877,8590,14287,394,7.9836e-06,5.693e-05,3.326e-04,8.7777e-06,9.780e-05,6.112e-03,7.9847e-06,5.691e-05,3.326e-04,8.7774e-06,9.642e-05,6.092e-03
RANS_SA_WD_0.20-0.25_ConsGalerkinProj_OneShot_Long_Second,SA,545,22877,8590,14287,394,7.9836e-06,5.725e-05,3.305e-04,8.7777e-06,9.768e-05,6.112e-03,7.9847e-06,5.722e-05,3.306e-04,8.7774e-06,9.629e-05,6.092e-03
RANS_SA_WD_0.20-0.25_ConsGalerkinProj_OneShot_Long_Second,SA,550,22877,8590,14287,394,7.9836e-06,5.752e-05,3.282e-04,8.7777e-06,9.756e-05,6.111e-03,7.9847e-06,5.749e-05,3.282e-04,8.7774e-06,9.617e-05,6.091e-03
RANS_SA_WD_0.20-0.25_ConsGalerkinProj_OneShot_Long_Second,SA,555,22877,8590,14287,394,7.9836e-06,5.775e-05,3.257e-04,8.7777e-06,9.743e-05,6.110e-03,7.9847e-06,5.772e-05,3.257e-04,8.7774e-06,9.604e-05,6.090e-03
RANS_SA_WD_0.20-0.25_ConsGalerkinProj_OneShot_Long_Second,SA,560,22877,8590,14287,394,7.9836e-06,5.795e-05,3.231e-04,8.7777e-06,9.730e-05,6.110e-03,7.9847e-06,5.791e-05,3.230e-04,8.7774e-06,9.591e-05,6.090e-03
RANS_SA_WD_0.20-0.25_ConsGalerkinProj_OneShot_Long_Second,SA,565,22877,8590,14287,394,7.9836e-06,5.811e-05,3.203e-04,8.7777e-06,9.718e-05,6.109e-03,7.9847e-06,5.807e-05,3.203e-04,8.7774e-06,9.578e-05,6.089e-03
RANS_SA_WD_0.20-0.25_ConsGalerkinProj_OneShot_Long_Second,SA,570,22877,8590,14287,394,7.9836e-06,5.824e-05,3.175e-04,8.7777e-06,9.705e-05,6.108e-03,7.9847e-06,5.820e-05,3.175e-04,8.7774e-06,9.565e-05,6.088e-03
RANS_SA_WD_0.20-0.25_ConsGalerkinProj_OneShot_Long_Second,SA,575,22877,8590,14287,394,7.9836e-06,5.833e-05,3.145e-04,8.7777e-06,9.692e-05,6.107e-03,7.9847e-06,5.829e-05,3.145e-04,8.7774e-06,9.552e-05,6.087e-03
RANS_SA_WD_0.20-0.25_ConsGalerkinProj_OneShot_Long_Second,SA,580,22877,8590,14287,394,7.9836e-06,5.840e-05,3.116e-04,8.7777e-06,9.679e-05,6.107e-03,7.9847e-06,5.835e-05,3.115e-04,8.7774e-06,9.539e-05,6.087e-03
RANS_SA_WD_0.20-0.25_ConsGalerkinProj_OneShot_Long_Second,SA,585,22877,8590,14287,394,7.9836e-06,5.844e-05,3.085e-04,8.7777e-06,9.666e-05,6.106e-03,7.9847e-06,5.839e-05,3.085e-04,8.7774e-06,9.526e-05,6.086e-03
RANS_SA_WD_0.20-0.25_ConsGalerkinProj_OneShot_Long_Second,SA,590,22877,8590,14287,394,7.9836e-06,5.845e-05,3.055e-04,8.7777e-06,9.654e-05,6.105e-03,7.9847e-06,5.840e-05,3.054e-04,8.7774e-06,9.513e-05,6.085e-03
RANS_SA_WD_0.20-0.25_ConsGalerkinProj_OneShot_Long_Second,SA,595,22877,8590,14287,394,7.9836e-06,5.844e-05,3.025e-04,8.7777e-06,9.642e-05,6.104e-03,7.9847e-06,5.838e-05,3.024e-04,8.7774e-06,9.501e-05,6.084e-03
RANS_SA_WD_0.20-0.25_ConsGalerkinProj_OneShot_Long_Second,SA,600,22877,8590,14287,394,7.9836e-06,5.840e-05,2.994e-04,8.7777e-06,9.629e-05,6.103e-03,7.9847e-06,5.835e-05,2.993e-04,8.7774e-06,9.488e-05,6.083e-03
RANS_SA_WD_0.20-0.25_ConsGalerkinProj_OneShot_Long_Second,SA,605,22877,8590,14287,394,7.9836e-06,5.834e-05,2.964e-04,8.7777e-06,9.617e-05,6.103e-03,7.9847e-06,5.829e-05,2.963e-04,8.7774e-06,9.476e-05,6.083e-03
RANS_SA_WD_0.20-0.25_ConsGalerkinProj_OneShot_Long_Second,SA,610,22877,8590,14287,394,7.9836e-06,5.827e-05,2.933e-04,8.7777e-06,9.606e-05,6.102e-03,7.9847e-06,5.821e-05,2.933e-04,8.7774e-06,9.464e-05,6.082e-03
RANS_SA_WD_0.20-0.25_ConsGalerkinProj_OneShot_Long_Second,SA,615,22877,8590,14287,394,7.9836e-06,5.817e-05,2.904e-04,8.7777e-06,9.594e-05,6.101e-03,7.9847e-06,5.811e-05,2.902e-04,8.7774e-06,9.452e-05,6.081e-03
RANS_SA_WD_0.20-0.25_ConsGalerkinProj_OneShot_Long_Second,SA,620,22877,8590,14287,394,7.9836e-06,5.806e-05,2.874e-04,8.7777e-06,9.583e-05,6.100e-03,7.9847e-06,5.800e-05,2.873e-04,8.7774e-06,9.441e-05,6.080e-03
RANS_SA_WD_0.20-0.25_ConsGalerkinProj_OneShot_Long_Second,SA,625,22877,8590,14287,394,7.9836e-06,5.794e-05,2.845e-04,8.7777e-06,9.571e-05,6.100e-03,7.9847e-06,5.788e-05,2.844e-04,8.7774e-06,9.429e-05,6.080e-03
RANS_SA_WD_0.20-0.25_ConsGalerkinProj_OneShot_Long_Second,SA,630,22877,8590,14287,394,7.9836e-06,5.780e-05,2.816e-04,8.7777e-06,9.560e-05,6.099e-03,7.9847e-06,5.774e-05,2.816e-04,8.7774e-06,9.418e-05,6.079e-03
RANS_SA_WD_0.20-0.25_ConsGalerkinProj_OneShot_Long_Second,SA,635,22877,8590,14287,394,7.9836e-06,5.765e-05,2.788e-04,8.7777e-06,9.550e-05,6.098e-03,7.9847e-06,5.758e-05,2.787e-04,8.7774e-06,9.407e-05,6.078e-03
RANS_SA_WD_0.20-0.25_ConsGalerkinProj_OneShot_Long_Second,SA,640,22877,8590,14287,394,7.9836e-06,5.748e-05,2.760e-04,8.7777e-06,9.539e-05,6.097e-03,7.9847e-06,5.742e-05,2.759e-04,8.7774e-06,9.397e-05,6.077e-03
RANS_SA_WD_0.20-0.25_ConsGalerkinProj_OneShot_Long_Second,SA,645,22877,8590,14287,394,7.9836e-06,5.731e-05,2.733e-04,8.7777e-06,9.529e-05,6.097e-03,7.9847e-06,5.724e-05,2.731e-04,8.7774e-06,9.386e-05,6.077e-03
RANS_SA_WD_0.20-0.25_ConsGalerkinProj_OneShot_Long_Second,SA,650,22877,8590,14287,394,7.9836e-06,5.712e-05,2.706e-04,8.7777e-06,9.518e-05,6.096e-03,7.9847e-06,5.706e-05,2.705e-04,8.7774e-06,9.376e-05,6.076e-03
RANS_SA_WD_0.20-0.25_ConsGalerkinProj_OneShot_Long_Second,SA,655,22877,8590,14287,394,7.9836e-06,5.693e-05,2.679e-04,8.7777e-06,9.508e-05,6.095e-03,7.9847e-06,5.687e-05,2.678e-04,8.7774e-06,9.366e-05,6.075e-03
RANS_SA_WD_0.20-0.25_ConsGalerkinProj_OneShot_Long_Second,SA,660,22877,8590,14287,394,7.9836e-06,5.673e-05,2.653e-04,8.7777e-06,9.499e-05,6.095e-03,7.9847e-06,5.666e-05,2.653e-04,8.7774e-06,9.356e-05,6.075e-03
RANS_SA_WD_0.20-0.25_ConsGalerkinProj_OneShot_Long_Second,SA,665,22877,8590,14287,394,7.9836e-06,5.652e-05,2.628e-04,8.7777e-06,9.489e-05,6.094e-03,7.9847e-06,5.645e-05,2.627e-04,8.7774e-06,9.346e-05,6.074e-03
RANS_SA_WD_0.20-0.25_ConsGalerkinProj_OneShot_Long_Second,SA,670,22877,8590,14287,394,7.9836e-06,5.631e-05,2.624e-04,8.7777e-06,9.480e-05,6.093e-03,7.9847e-06,5.624e-05,2.622e-04,8.7774e-06,9.337e-05,6.073e-03
RANS_SA_WD_0.20-0.25_ConsGalerkinProj_OneShot_Long_Second,SA,675,22877,8590,14287,394,7.9836e-06,5.608e-05,2.619e-04,8.7777e-06,9.470e-05,6.093e-03,7.9847e-06,5.602e-05,2.618e-04,8.7774e-06,9.327e-05,6.073e-03
RANS_SA_WD_0.20-0.25_ConsGalerkinProj_OneShot_Long_Second,SA,680,22877,8590,14287,394,7.9836e-06,5.586e-05,2.614e-04,8.7777e-06,9.461e-05,6.092e-03,7.9847e-06,5.579e-05,2.612e-04,8.7774e-06,9.318e-05,6.072e-03
RANS_SA_WD_0.20-0.25_ConsGalerkinProj_OneShot_Long_Second,SA,685,22877,8590,14287,394,7.9836e-06,5.563e-05,2.608e-04,8.7777e-06,9.452e-05,6.091e-03,7.9847e-06,5.556e-05,2.607e-04,8.7774e-06,9.309e-05,6.071e-03
RANS_SA_WD_0.20-0.25_ConsGalerkinProj_OneShot_Long_Second,SA,690,22877,8590,14287,394,7.9836e-06,5.539e-05,2.602e-04,8.7777e-06,9.444e-05,6.091e-03,7.9847e-06,5.532e-05,2.600e-04,8.7774e-06,9.300e-05,6.071e-03
RANS_SA_WD_0.20-0.25_ConsGalerkinProj_OneShot_Long_Second,SA,695,22877,8590,14287,394,7.9836e-06,5.515e-05,2.594e-04,8.7777e-06,9.435e-05,6.090e-03,7.9847e-06,5.508e-05,2.592e-04,8.7774e-06,9.292e-05,6.070e-03
RANS_SA_WD_0.20-0.25_ConsGalerkinProj_OneShot_Long_Second,SA,700,22877,8590,14287,394,7.9836e-06,5.490e-05,2.586e-04,8.7777e-06,9.427e-05,6.089e-03,7.9847e-06,5.483e-05,2.585e-04,8.7774e-06,9.283e-05,6.069e-03
RANS_SA_WD_0.20-0.25_ConsGalerkinProj_OneShot_Long_Second,SA,705,22877,8590,14287,394,7.9836e-06,5.466e-05,2.578e-04,8.7777e-06,9.419e-05,6.089e-03,7.9847e-06,5.459e-05,2.576e-04,8.7774e-06,9.275e-05,6.069e-03
RANS_SA_WD_0.20-0.25_ConsGalerkinProj_OneShot_Long_Second,SA,710,22877,8590,14287,394,7.9836e-06,5.440e-05,2.569e-04,8.7777e-06,9.411e-05,6.088e-03,7.9847e-06,5.434e-05,2.567e-04,8.7774e-06,9.267e-05,6.068e-03
RANS_SA_WD_0.20-0.25_ConsGalerkinProj_OneShot_Long_Second,SA,715,22877,8590,14287,394,7.9836e-06,5.415e-05,2.559e-04,8.7777e-06,9.403e-05,6.088e-03,7.9847e-06,5.408e-05,2.557e-04,8.7774e-06,9.259e-05,6.068e-03
RANS_SA_WD_0.20-0.25_ConsGalerkinProj_OneShot_Long_Second,SA,720,22877,8590,14287,394,7.9836e-06,5.389e-05,2.549e-04,8.7777e-06,9.395e-05,6.087e-03,7.9847e-06,5.383e-05,2.547e-04,8.7774e-06,9.251e-05,6.067e-03
RANS_SA_WD_0.20-0.25_ConsGalerkinProj_OneShot_Long_Second,SA,725,22877,8590,14287,394,7.9836e-06,5.364e-05,2.539e-04,8.7777e-06,9.387e-05,6.087e-03,7.9847e-06,5.357e-05,2.537e-04,8.7774e-06,9.243e-05,6.067e-03
RANS_SA_WD_0.20-0.25_ConsGalerkinProj_OneShot_Long_Second,SA,730,22877,8590,14287,394,7.9836e-06,5.338e-05,2.528e-04,8.7777e-06,9.380e-05,6.086e-03,7.9847e-06,5.331e-05,2.526e-04,8.7774e-06,9.236e-05,6.066e-03
RANS_SA_WD_0.20-0.25_ConsGalerkinProj_OneShot_Long_Second,SA,735,22877,8590,14287,394,7.9836e-06,5.312e-05,2.517e-04,8.7777e-06,9.373e-05,6.085e-03,7.9847e-06,5.305e-05,2.515e-04,8.7774e-06,9.228e-05,6.065e-03
RANS_SA_WD_0.20-0.25_ConsGalerkinProj_OneShot_Long_Second,SA,740,22877,8590,14287,394,7.9836e-06,5.285e-05,2.506e-04,8.7777e-06,9.366e-05,6.085e-03,7.9847e-06,5.278e-05,2.504e-04,8.7774e-06,9.221e-05,6.065e-03
RANS_SA_WD_0.20-0.25_ConsGalerkinProj_OneShot_Long_Second,SA,745,22877,8590,14287,394,7.9836e-06,5.259e-05,2.494e-04,8.7777e-06,9.359e-05,6.084e-03,7.9847e-06,5.252e-05,2.493e-04,8.7774e-06,9.214e-05,6.064e-03
RANS_SA_WD_0.20-0.25_ConsGalerkinProj_OneShot_Long_Second,SA,750,22877,8590,14287,394,7.9836e-06,5.232e-05,2.482e-04,8.7777e-06,9.352e-05,6.084e-03,7.9847e-06,5.225e-05,2.481e-04,8.7774e-06,9.207e-05,6.064e-03
RANS_SA_WD_0.20-0.25_ConsGalerkinProj_OneShot_Long_Second,SA,755,22877,8590,14287,394,7.9836e-06,5.206e-05,2.470e-04,8.7777e-06,9.345e-05,6.083e-03,7.9847e-06,5.199e-05,2.469e-04,8.7774e-06,9.200e-05,6.063e-03
RANS_SA_WD_0.20-0.25_ConsGalerkinProj_OneShot_Long_Second,SA,760,22877,8590,14287,394,7.9836e-06,5.179e-05,2.458e-04,8.7777e-06,9.338e-05,6.083e-03,7.9847e-06,5.172e-05,2.456e-04,8.7774e-06,9.194e-05,6.063e-03
RANS_SA_WD_0.20-0.25_ConsGalerkinProj_OneShot_Long_Second,SA,765,22877,8590,14287,394,7.9836e-06,5.152e-05,2.446e-04,8.7777e-06,9.332e-05,6.082e-03,7.9847e-06,5.145e-05,2.444e-04,8.7774e-06,9.187e-05,6.062e-03
RANS_SA_WD_0.20-0.25_ConsGalerkinProj_OneShot_Long_Second,SA,770,22877,8590,14287,394,7.9836e-06,5.125e-05,2.433e-04,8.7777e-06,9.326e-05,6.082e-03,7.9847e-06,5.119e-05,2.431e-04,8.7774e-06,9.181e-05,6.062e-03
RANS_SA_WD_0.20-0.25_ConsGalerkinProj_OneShot_Long_Second,SA,775,22877,8590,14287,394,7.9836e-06,5.099e-05,2.420e-04,8.7777e-06,9.320e-05,6.081e-03,7.9847e-06,5.092e-05,2.418e-04,8.7774e-06,9.175e-05,6.061e-03
RANS_SA_WD_0.20-0.25_ConsGalerkinProj_OneShot_Long_Second,SA,780,22877,8590,14287,394,7.9836e-06,5.072e-05,2.407e-04,8.7777e-06,9.313e-05,6.081e-03,7.9847e-06,5.065e-05,2.406e-04,8.7774e-06,9.169e-05,6.061e-03
RANS_SA_WD_0.20-0.25_ConsGalerkinProj_OneShot_Long_Second,SA,785,22877,8590,14287,394,7.9836e-06,5.045e-05,2.394e-04,8.7777e-06,9.308e-05,6.080e-03,7.9847e-06,5.038e-05,2.393e-04,8.7774e-06,9.163e-05,6.060e-03
RANS_SA_WD_0.20-0.25_ConsGalerkinProj_OneShot_Long_Second,SA,790,22877,8590,14287,394,7.9836e-06,5.018e-05,2.382e-04,8.7777e-06,9.302e-05,6.080e-03,7.9847e-06,5.012e-05,2.380e-04,8.7774e-06,9.157e-05,6.060e-03
RANS_SA_WD_0.20-0.25_ConsGalerkinProj_OneShot_Long_Second,SA,795,22877,8590,14287,394,7.9836e-06,4.991e-05,2.368e-04,8.7777e-06,9.296e-05,6.079e-03,7.9847e-06,4.985e-05,2.367e-04,8.7774e-06,9.151e-05,6.059e-03
RANS_SA_WD_0.20-0.25_ConsGalerkinProj_OneShot_Second,SA,5,23271,8590,14681,0,7.9836e-06,0.000e+00,0.000e+00,8.7777e-06,0.000e+00,0.000e+00,7.9847e-06,0.000e+00,0.000e+00,8.7774e-06,0.000e+00,0.000e+00
RANS_SA_WD_0.20-0.25_ConsGalerkinProj_OneShot_Second,SA,10,23271,8590,14681,0,7.9836e-06,0.000e+00,0.000e+00,8.7777e-06,0.000e+00,0.000e+00,7.9847e-06,0.000e+00,0.000e+00,8.7774e-06,0.000e+00,0.000e+00
RANS_SA_WD_0.20-0.25_ConsGalerkinProj_OneShot_Second,SA,15,23271,8590,14681,0,7.9836e-06,0.000e+00,0.000e+00,8.7777e-06,0.000e+00,0.000e+00,7.9847e-06,0.000e+00,0.000e+00,8.7774e-06,0.000e+00,0.000e+00
RANS_SA_WD_0.20-0.25_ConsGalerkinProj_OneShot_Second,SA,20,23271,8590,14681,0,7.9836e-06,0.000e+00,0.000e+00,8.7777e-06,0.000e+00,0.000e+00,7.9847e-06,0.000e+00,0.000e+00,8.7774e-06,0.000e+00,0.000e+00
RANS_SA_WD_0.20-0.25_ConsGalerkinProj_OneShot_Second,SA,25,23271,8590,14681,0,7.9836e-06,0.000e+00,0.000e+00,8.7777e-06,0.000e+00,0.000e+00,7.9847e-06,0.000e+00,0.000e+00,8.7774e-06,0.000e+00,0.000e+00
RANS_SA_WD_0.20-0.25_ConsGalerkinProj_OneShot_Second,SA,30,23271,8590,14681,0,7.9836e-06,0.000e+00,0.000e+00,8.7777e-06,0.000e+00,0.000e+00,7.9847e-06,0.000e+00,0.000e+00,8.7774e-06,0.000e+00,0.000e+00
RANS_SA_WD_0.20-0.25_ConsGalerkinProj_OneShot_Second,SA,35,23271,8590,14681,0,7.9836e-06,0.000e+00,0.000e+00,8.7777e-06,0.000e+00,0.000e+00,7.9847e-06,0.000e+00,0.000e+00,8.7774e-06,0.000e+00,0.000e+00
RANS_SA_WD_0.20-0.25_ConsGalerkinProj_OneShot_Second,SA,40,23271,8590,14681,0,7.9836e-06,0.000e+00,0.000e+00,8.7777e-06,0.000e+00,0.000e+00,7.9847e-06,0.000e+00,0.000e+00,8.7774e-06,0.000e+00,0.000e+00
RANS_SA_WD_0.20-0.25_ConsGalerkinProj_OneShot_Second,SA,45,23271,8590,14681,0,7.9836e-06,0.000e+00,0.000e+00,8.7777e-06,0.000e+00,0.000e+00,7.9847e-06,0.000e+00,0.000e+00,8.7774e-06,0.000e+00,0.000e+00
RANS_SA_WD_0.20-0.25_ConsGalerkinProj_OneShot_Second,SA,50,23271,8590,14681,0,7.9836e-06,0.000e+00,0.000e+00,8.7777e-06,0.000e+00,0.000e+00,7.9847e-06,0.000e+00,0.000e+00,8.7774e-06,0.000e+00,0.000e+00
RANS_SA_WD_0.20-0.25_ConsGalerkinProj_OneShot_Second,SA,55,23271,8590,14681,0,7.9836e-06,0.000e+00,0.000e+00,8.7777e-06,0.000e+00,0.000e+00,7.9847e-06,0.000e+00,0.000e+00,8.7774e-06,0.000e+00,0.000e+00
RANS_SA_WD_0.20-0.25_ConsGalerkinProj_OneShot_Second,SA,60,23271,8590,14681,0,7.9836e-06,0.000e+00,0.000e+00,8.7777e-06,0.000e+00,0.000e+00,7.9847e-06,0.000e+00,0.000e+00,8.7774e-06,0.000e+00,0.000e+00
RANS_SA_WD_0.20-0.25_ConsGalerkinProj_OneShot_Second,SA,65,23271,8590,14681,0,7.9836e-06,0.000e+00,0.000e+00,8.7777e-06,0.000e+00,0.000e+00,7.9847e-06,0.000e+00,0.000e+00,8.7774e-06,0.000e+00,0.000e+00
RANS_SA_WD_0.20-0.25_ConsGalerkinProj_OneShot_Second,SA,70,23271,8590,14681,0,7.9836e-06,0.000e+00,0.000e+00,8.7777e-06,0.000e+00,0.000e+00,7.9847e-06,0.000e+00,0.000e+00,8.7774e-06,0.000e+00,0.000e+00
RANS_SA_WD_0.20-0.25_ConsGalerkinProj_OneShot_Second,SA,75,23271,8590,14681,0,7.9836e-06,0.000e+00,0.000e+00,8.7777e-06,0.000e+00,0.000e+00,7.9847e-06,0.000e+00,0.000e+00,8.7774e-06,0.000e+00,0.000e+00
RANS_SA_WD_0.20-0.25_ConsGalerkinProj_OneShot_Second,SA,80,23271,8590,14681,0,7.9836e-06,0.000e+00,0.000e+00,8.7777e-06,0.000e+00,0.000e+00,7.9847e-06,0.000e+00,0.000e+00,8.7774e-06,0.000e+00,0.000e+00
RANS_SA_WD_0.20-0.25_ConsGalerkinProj_OneShot_Second,SA,85,23271,8590,14681,0,7.9836e-06,0.000e+00,0.000e+00,8.7777e-06,0.000e+00,0.000e+00,7.9847e-06,0.000e+00,0.000e+00,8.7774e-06,0.000e+00,0.000e+00
RANS_SA_WD_0.20-0.25_ConsGalerkinProj_OneShot_Second,SA,90,23271,8590,14681,0,7.9836e-06,0.000e+00,0.000e+00,8.7777e-06,0.000e+00,0.000e+00,7.9847e-06,0.000e+00,0.000e+00,8.7774e-06,0.000e+00,0.000e+00
RANS_SA_WD_0.20-0.25_ConsGalerkinProj_OneShot_Second,SA,95,23271,8590,14681,0,7.9836e-06,0.000e+00,0.000e+00,8.7777e-06,0.000e+00,0.000e+00,7.9847e-06,0.000e+00,0.000e+00,8.7774e-06,0.000e+00,0.000e+00
RANS_SA_WD_0.20-0.25_ConsGalerkinProj_OneShot_Second,SA,100,23271,8590,14681,0,7.9836e-06,0.000e+00,0.000e+00,8.7777e-06,0.000e+00,0.000e+00,7.9847e-06,0.000e+00,0.000e+00,8.7774e-06,0.000e+00,0.000e+00
RANS_SA_WD_0.20-0.25_ConsGalerkinProj_OneShot_Second,SA,105,23271,8590,14681,0,7.9836e-06,0.000e+00,0.000e+00,8.7777e-06,0.000e+00,0.000e+00,7.9847e-06,0.000e+00,0.000e+00,8.7774e-06,0.000e+00,0.000e+00
RANS_SA_WD_0.20-0.25_ConsGalerkinProj_OneShot_Second,SA,110,23271,8590,14681,0,7.9836e-06,0.000e+00,0.000e+00,8.7777e-06,0.000e+00,0.000e+00,7.9847e-06,0.000e+00,0.000e+00,8.7774e-06,0.000e+00,0.000e+00
RANS_SA_WD_0.20-0.25_ConsGalerkinProj_OneShot_Second,SA,115,23271,8590,14681,0,7.9836e-06,0.000e+00,0.000e+00,8.7777e-06,0.000e+00,0.000e+00,7.9847e-06,0.000e+00,0.000e+00,8.7774e-06,0.000e+00,0.000e+00
RANS_SA_WD_0.20-0.25_ConsGalerkinProj_OneShot_Second,SA,120,23271,8590,14681,0,7.9836e-06,0.000e+00,0.000e+00,8.7777e-06,0.000e+00,0.000e+00,7.9847e-06,0.000e+00,0.000e+00,8.7774e-06,0.000e+00,0.000e+00
RANS_SA_WD_0.20-0.25_ConsGalerkinProj_OneShot_Second,SA,125,23271,8590,14681,0,7.9836e-06,0.000e+00,0.000e+00,8.7777e-06,0.000e+00,0.000e+00,7.9847e-06,0.000e+00,0.000e+00,8.7774e-06,0.000e+00,0.000e+00
RANS_SA_WD_0.20-0.25_ConsGalerkinProj_OneShot_Second,SA,130,23271,8590,14681,0,7.9836e-06,0.000e+00,0.000e+00,8.7777e-06,0.000e+00,0.000e+00,7.9847e-06,0.000e+00,0.000e+00,8.7774e-06,0.000e+00,0.000e+00
RANS_SA_WD_0.20-0.25_ConsGalerkinProj_OneShot_Second,SA,135,23271,8590,14681,0,7.9836e-06,0.000e+00,0.000e+00,8.7777e-06,0.000e+00,0.000e+00,7.9847e-06,0.000e+00,0.000e+00,8.7774e-06,0.000e+00,0.000e+00
RANS_SA_WD_0.20-0.25_ConsGalerkinProj_OneShot_Second,SA,140,23271,8590,14681,0,7.9836e-06,0.000e+00,0.000e+00,8.7777e-06,0.000e+00,0.000e+00,7.9847e-06,0.000e+00,0.000e+00,8.7774e-06,0.000e+00,0.000e+00
RANS_SA_WD_0.20-0.25_ConsGalerkinProj_OneShot_Second,SA,145,23271,8590,14681,0,7.9836e-06,0.000e+00,0.000e+00,8.7777e-06,0.000e+00,0.000e+00,7.9847e-06,0.000e+00,0.000e+00,8.7774e-06,0.000e+00,0.000e+00
RANS_SA_WD_0.20-0.25_ConsGalerkinProj_OneShot_Second,SA,150,23271,8590,14681,0,7.9836e-06,0.000e+00,0.000e+00,8.7777e-06,0.000e+00,0.000e+00,7.9847e-06,0.000e+00,0.000e+00,8.7774e-06,0.000e+00,0.000e+00
RANS_SA_WD_0.20-0.25_ConsGalerkinProj_OneShot_Second,SA,155,23271,8590,14681,0,7.9836e-06,0.000e+00,0.000e+00,8.7777e-06,0.000e+00,0.000e+00,7.9847e-06,0.000e+00,0.000e+00,8.7774e-06,0.000e+00,0.000e+00
RANS_SA_WD_0.20-0.25_ConsGalerkinProj_OneShot_Second,SA,160,23271,8590,14681,0,7.9836e-06,0.000e+00,0.000e+00,8.7777e-06,0.000e+00,0.000e+00,7.9847e-06,0.000e+00,0.000e+00,8.7774e-06,0.000e+00,0.000e+00
RANS_SA_WD_0.20-0.25_ConsGalerkinProj_OneShot_Second,SA,165,23271,8590,14681,0,7.9836e-06,0.000e+00,0.000e+00,8.7777e-06,0.000e+00,0.000e+00,7.9847e-06,0.000e+00,0.000e+00,8.7774e-06,0.000e+00,0.000e+00
RANS_SA_WD_0.20-0.25_ConsGalerkinProj_OneShot_Second,SA,170,23271,8590,14681,0,7.9836e-06,0.000e+00,0.000e+00,8.7777e-06,0.000e+00,0.000e+00,7.9847e-06,0.000e+00,0.000e+00,8.7774e-06,0.000e+00,0.000e+00
RANS_SA_WD_0.20-0.25_ConsGalerkinProj_OneShot_Second,SA,175,23271,8590,14681,0,7.9836e-06,0.000e+00,0.000e+00,8.7777e-06,0.000e+00,0.000e+00,7.9847e-06,0.000e+00,0.000e+00,8.7774e-06,0.000e+00,0.000e+00
RANS_SA_WD_0.20-0.25_ConsGalerkinProj_OneShot_Second,SA,180,23271,8590,14681,0,7.9836e-06,0.000e+00,0.000e+00,8.7777e-06,0.000e+00,0.000e+00,7.9847e-06,0.000e+00,0.000e+00,8.7774e-06,0.000e+00,0.000e+00
RANS_SA_WD_0.20-0.25_ConsGalerkinProj_OneShot_Second,SA,185,23271,8590,14681,0,7.9836e-06,0.000e+00,0.000e+00,8.7777e-06,0.000e+00,0.000e+00,7.9847e-06,0.000e+00,0.000e+00,8.7774e-06,0.000e+00,0.000e+00
RANS_SA_WD_0.20-0.25_ConsGalerkinProj_OneShot_Second,SA,190,23271,8590,14681,0,7.9836e-06,0.000e+00,0.000e+00,8.7777e-06,0.000e+00,0.000e+00,7.9847e-06,0.000e+00,0.000e+00,8.7774e-06,0.000e+00,0.000e+00
RANS_SA_WD_0.20-0.25_ConsGalerkinProj_OneShot_Second,SA,195,23271,8590,14681,0,7.9836e-06,0.000e+00,0.000e+00,8.7777e-06,0.000e+00,0.000e+00,7.9847e-06,0.000e+00,0.000e+00,8.7774e-06,0.000e+00,0.000e+00
RANS_SA_WD_0.20-0.25_ConsGalerkinProj_OneShot_Second,SA,200,22877,8590,14287,394,7.9836e-06,1.408e-07,2.022e-06,8.7777e-06,4.644e-05,3.478e-03,7.9847e-06,1.562e-07,2.107e-06,8.7774e-06,4.612e-05,3.476e-03
RANS_SA_WD_0.20-0.25_ConsGalerkinProj_OneShot_Second,SA,205,22877,8590,14287,394,7.9836e-06,1.343e-06,7.690e-06,8.7777e-06,9.275e-05,5.111e-03,7.9847e-06,1.371e-06,7.859e-06,8.7774e-06,9.184e-05,5.108e-03
RANS_SA_WD_0.20-0.25_ConsGalerkinProj_OneShot_Second,SA,210,22877,8590,14287,394,7.9836e-06,2.575e-06,1.601e-05,8.7777e-06,9.303e-05,5.069e-03,7.9847e-06,2.603e-06,1.617e-05,8.7774e-06,9.206e-05,5.066e-03
RANS_SA_WD_0.20-0.25_ConsGalerkinProj_OneShot_Second,SA,215,22877,8590,14287,394,7.9836e-06,3.321e-06,2.119e-05,8.7777e-06,9.320e-05,5.066e-03,7.9847e-06,3.353e-06,2.136e-05,8.7774e-06,9.221e-05,5.063e-03
RANS_SA_WD_0.20-0.25_ConsGalerkinProj_OneShot_Second,SA,220,22877,8590,14287,394,7.9836e-06,4.011e-06,2.380e-05,8.7777e-06,9.325e-05,5.065e-03,7.9847e-06,4.036e-06,2.852e-05,8.7774e-06,9.226e-05,5.062e-03
RANS_SA_WD_0.20-0.25_ConsGalerkinProj_OneShot_Second,SA,225,22877,8590,14287,394,7.9836e-06,7.368e-06,7.140e-05,8.7777e-06,9.326e-05,5.063e-03,7.9847e-06,7.412e-06,7.172e-05,8.7774e-06,9.227e-05,5.060e-03
RANS_SA_WD_0.20-0.25_ConsGalerkinProj_OneShot_Second,SA,230,22877,8590,14287,394,7.9836e-06,1.276e-05,1.371e-04,8.7777e-06,9.335e-05,5.061e-03,7.9847e-06,1.281e-05,1.376e-04,8.7774e-06,9.236e-05,5.058e-03
RANS_SA_WD_0.20-0.25_ConsGalerkinProj_OneShot_Second,SA,235,22877,8590,14287,394,7.9836e-06,1.799e-05,1.841e-04,8.7777e-06,9.374e-05,5.060e-03,7.9847e-06,1.805e-05,1.846e-04,8.7774e-06,9.276e-05,5.057e-03
RANS_SA_WD_0.20-0.25_ConsGalerkinProj_OneShot_Second,SA,240,22877,8590,14287,394,7.9836e-06,2.181e-05,2.104e-04,8.7777e-06,9.444e-05,5.060e-03,7.9847e-06,2.188e-05,2.110e-04,8.7774e-06,9.347e-05,5.057e-03
RANS_SA_WD_0.20-0.25_ConsGalerkinProj_OneShot_Second,SA,245,22877,8590,14287,394,7.9836e-06,2.643e-05,2.353e-04,8.7777e-06,9.576e-05,5.064e-03,7.9847e-06,2.651e-05,2.359e-04,8.7774e-06,9.481e-05,5.062e-03
RANS_SA_WD_0.20-0.25_ConsGalerkinProj_OneShot_Second,SA,250,22877,8590,14287,394,7.9836e-06,3.052e-05,2.542e-04,8.7777e-06,9.714e-05,5.074e-03,7.9847e-06,3.060e-05,2.548e-04,8.7774e-06,9.621e-05,5.071e-03
RANS_SA_WD_0.20-0.25_ConsGalerkinProj_OneShot_Second,SA,255,22877,8590,14287,394,7.9836e-06,3.352e-05,2.670e-04,8.7777e-06,9.813e-05,5.085e-03,7.9847e-06,3.360e-05,2.676e-04,8.7774e-06,9.721e-05,5.082e-03
RANS_SA_WD_0.20-0.25_ConsGalerkinProj_OneShot_Second,SA,260,22877,8590,14287,394,7.9836e-06,3.620e-05,2.776e-04,8.7777e-06,9.892e-05,5.093e-03,7.9847e-06,3.628e-05,2.783e-04,8.7774e-06,9.801e-05,5.090e-03
RANS_SA_WD_0.20-0.25_ConsGalerkinProj_OneShot_Second,SA,265,22877,8590,14287,394,7.9836e-06,3.854e-05,2.876e-04,8.7777e-06,9.957e-05,5.098e-03,7.9847e-06,3.863e-05,2.882e-04,8.7774e-06,9.867e-05,5.096e-03
RANS_SA_WD_0.20-0.25_ConsGalerkinProj_OneShot_Second,SA,270,22877,8590,14287,394,7.9836e-06,4.055e-05,2.963e-04,8.7777e-06,1.001e-04,5.102e-03,7.9847e-06,4.063e-05,2.968e-04,8.7774e-06,9.920e-05,5.099e-03
RANS_SA_WD_0.20-0.25_ConsGalerkinProj_OneShot_Second,SA,275,22877,8590,14287,394,7.9836e-06,4.240e-05,3.042e-04,8.7777e-06,1.006e-04,5.106e-03,7.9847e-06,4.248e-05,3.048e-04,8.7774e-06,9.967e-05,5.103e-03
RANS_SA_WD_0.20-0.25_ConsGalerkinProj_OneShot_Second,SA,280,22877,8590,14287,394,7.9836e-06,4.413e-05,3.119e-04,8.7777e-06,1.010e-04,5.110e-03,7.9847e-06,4.420e-05,3.124e-04,8.7774e-06,1.001e-04,5.107e-03
RANS_SA_WD_0.20-0.25_ConsGalerkinProj_OneShot_Second,SA,285,22877,8590,14287,394,7.9836e-06,4.571e-05,3.193e-04,8.7777e-06,1.013e-04,5.114e-03,7.9847e-06,4.579e-05,3.198e-04,8.7774e-06,1.004e-04,5.111e-03
RANS_SA_WD_0.20-0.25_ConsGalerkinProj_OneShot_Second,SA,290,22877,8590,14287,394,7.9836e-06,4.715e-05,3.264e-04,8.7777e-06,1.016e-04,5.118e-03,7.9847e-06,4.722e-05,3.269e-04,8.7774e-06,1.007e-04,5.115e-03
RANS_SA_WD_0.20-0.25_ConsGalerkinProj_OneShot_Second,SA,295,22877,8590,14287,394,7.9836e-06,4.843e-05,3.330e-04,8.7777e-06,1.019e-04,5.122e-03,7.9847e-06,4.850e-05,3.335e-04,8.7774e-06,1.010e-04,5.119e-03
RANS_SA_WD_0.20-0.25_ConsGalerkinProj_OneShot_Second,SA,300,22877,8590,14287,394,7.9836e-06,4.957e-05,3.387e-04,8.7777e-06,1.020e-04,5.126e-03,7.9847e-06,4.963e-05,3.392e-04,8.7774e-06,1.012e-04,5.123e-03
RANS_SA_WD_0.20-0.25_ConsGalerkinProj_OneShot_Second,SA,305,22877,8590,14287,394,7.9836e-06,5.057e-05,3.440e-04,8.7777e-06,1.022e-04,5.129e-03,7.9847e-06,5.062e-05,3.444e-04,8.7774e-06,1.013e-04,5.126e-03
RANS_SA_WD_0.20-0.25_ConsGalerkinProj_OneShot_Second,SA,310,22877,8590,14287,394,7.9836e-06,5.143e-05,3.485e-04,8.7777e-06,1.023e-04,5.131e-03,7.9847e-06,5.148e-05,3.489e-04,8.7774e-06,1.014e-04,5.129e-03
RANS_SA_WD_0.20-0.25_ConsGalerkinProj_OneShot_Second,SA,315,22877,8590,14287,394,7.9836e-06,5.218e-05,3.522e-04,8.7777e-06,1.024e-04,5.134e-03,7.9847e-06,5.223e-05,3.526e-04,8.7774e-06,1.015e-04,5.131e-03
RANS_SA_WD_0.20-0.25_ConsGalerkinProj_OneShot_Second,SA,320,22877,8590,14287,394,7.9836e-06,5.282e-05,3.555e-04,8.7777e-06,1.024e-04,5.136e-03,7.9847e-06,5.286e-05,3.561e-04,8.7774e-06,1.015e-04,5.133e-03
RANS_SA_WD_0.20-0.25_ConsGalerkinProj_OneShot_Second,SA,325,22877,8590,14287,394,7.9836e-06,5.337e-05,3.582e-04,8.7777e-06,1.024e-04,5.139e-03,7.9847e-06,5.340e-05,3.586e-04,8.7774e-06,1.015e-04,5.136e-03
RANS_SA_WD_0.20-0.25_ConsGalerkinProj_OneShot_Second,SA,330,22877,8590,14287,394,7.9836e-06,5.382e-05,3.606e-04,8.7777e-06,1.023e-04,5.140e-03,7.9847e-06,5.386e-05,3.609e-04,8.7774e-06,1.015e-04,5.138e-03
RANS_SA_WD_0.20-0.25_ConsGalerkinProj_OneShot_Second,SA,335,22877,8590,14287,394,7.9836e-06,5.420e-05,3.634e-04,8.7777e-06,1.023e-04,5.142e-03,7.9847e-06,5.423e-05,3.636e-04,8.7774e-06,1.014e-04,5.139e-03
RANS_SA_WD_0.20-0.25_ConsGalerkinProj_OneShot_Second,SA,340,22877,8590,14287,394,7.9836e-06,5.451e-05,3.652e-04,8.7777e-06,1.022e-04,5.144e-03,7.9847e-06,5.454e-05,3.653e-04,8.7774e-06,1.013e-04,5.141e-03
RANS_SA_WD_0.20-0.25_ConsGalerkinProj_OneShot_Second,SA,345,22877,8590,14287,394,7.9836e-06,5.476e-05,3.661e-04,8.7777e-06,1.021e-04,5.145e-03,7.9847e-06,5.479e-05,3.663e-04,8.7774e-06,1.012e-04,5.142e-03
RANS_SA_WD_0.20-0.25_ConsGalerkinProj_OneShot_Second,SA,350,22877,8590,14287,394,7.9836e-06,5.496e-05,3.663e-04,8.7777e-06,1.020e-04,5.146e-03,7.9847e-06,5.498e-05,3.664e-04,8.7774e-06,1.011e-04,5.143e-03
RANS_SA_WD_0.20-0.25_ConsGalerkinProj_OneShot_Second,SA,355,22877,8590,14287,394,7.9836e-06,5.511e-05,3.659e-04,8.7777e-06,1.018e-04,5.147e-03,7.9847e-06,5.512e-05,3.660e-04,8.7774e-06,1.010e-04,5.144e-03
RANS_SA_WD_0.20-0.25_ConsGalerkinProj_OneShot_Second,SA,360,22877,8590,14287,394,7.9836e-06,5.522e-05,3.649e-04,8.7777e-06,1.017e-04,5.148e-03,7.9847e-06,5.523e-05,3.650e-04,8.7774e-06,1.008e-04,5.145e-03
RANS_SA_WD_0.20-0.25_ConsGalerkinProj_OneShot_Second,SA,365,22877,8590,14287,394,7.9836e-06,5.529e-05,3.634e-04,8.7777e-06,1.015e-04,5.148e-03,7.9847e-06,5.530e-05,3.636e-04,8.7774e-06,1.007e-04,5.145e-03
RANS_SA_WD_0.20-0.25_ConsGalerkinProj_OneShot_Second,SA,370,22877,8590,14287,394,7.9836e-06,5.533e-05,3.616e-04,8.7777e-06,1.014e-04,5.149e-03,7.9847e-06,5.533e-05,3.616e-04,8.7774e-06,1.005e-04,5.146e-03
RANS_SA_WD_0.20-0.25_ConsGalerkinProj_OneShot_Second,SA,375,22877,8590,14287,394,7.9836e-06,5.534e-05,3.594e-04,8.7777e-06,1.012e-04,5.149e-03,7.9847e-06,5.534e-05,3.595e-04,8.7774e-06,1.003e-04,5.146e-03
RANS_SA_WD_0.20-0.25_ConsGalerkinProj_OneShot_Second,SA,380,22877,8590,14287,394,7.9836e-06,5.532e-05,3.569e-04,8.7777e-06,1.011e-04,5.150e-03,7.9847e-06,5.532e-05,3.570e-04,8.7774e-06,1.002e-04,5.147e-03
RANS_SA_WD_0.20-0.25_ConsGalerkinProj_OneShot_Second,SA,385,22877,8590,14287,394,7.9836e-06,5.528e-05,3.543e-04,8.7777e-06,1.009e-04,5.150e-03,7.9847e-06,5.527e-05,3.544e-04,8.7774e-06,1.000e-04,5.147e-03
RANS_SA_WD_0.20-0.25_ConsGalerkinProj_OneShot_Second,SA,390,22877,8590,14287,394,7.9836e-06,5.522e-05,3.513e-04,8.7777e-06,1.007e-04,5.150e-03,7.9847e-06,5.521e-05,3.514e-04,8.7774e-06,9.984e-05,5.147e-03
RANS_SA_WD_0.20-0.25_ConsGalerkinProj_OneShot_Second,SA,395,22877,8590,14287,394,7.9836e-06,5.514e-05,3.484e-04,8.7777e-06,1.006e-04,5.150e-03,7.9847e-06,5.513e-05,3.484e-04,8.7774e-06,9.968e-05,5.147e-03
