case,model,step,dCL,dCD,dCDp,dCDv,dCMz
RANS_SA_WD_0.01-20_ConsGalerkinProj_Drift_Second,SA,2,0.000000e+00,0.000000e+00,0.000000e+00,0.000000e+00,0.000000e+00
RANS_SA_WD_0.01-20_ConsGalerkinProj_Drift_Second,SA,3,0.000000e+00,0.000000e+00,0.000000e+00,0.000000e+00,0.000000e+00
RANS_SA_WD_0.01-20_ConsGalerkinProj_Drift_Second,SA,4,0.000000e+00,0.000000e+00,0.000000e+00,0.000000e+00,0.000000e+00
RANS_SA_WD_0.01-20_ConsGalerkinProj_Drift_Second,SA,5,0.000000e+00,0.000000e+00,0.000000e+00,0.000000e+00,0.000000e+00
RANS_SA_WD_0.01-20_ConsGalerkinProj_Drift_Second,SA,6,0.000000e+00,0.000000e+00,0.000000e+00,0.000000e+00,0.000000e+00
RANS_SA_WD_0.01-20_ConsGalerkinProj_Drift_Second,SA,7,0.000000e+00,0.000000e+00,0.000000e+00,0.000000e+00,0.000000e+00
RANS_SA_WD_0.01-20_ConsGalerkinProj_Drift_Second,SA,8,0.000000e+00,0.000000e+00,0.000000e+00,0.000000e+00,0.000000e+00
RANS_SA_WD_0.01-20_ConsGalerkinProj_Drift_Second,SA,9,0.000000e+00,0.000000e+00,0.000000e+00,0.000000e+00,0.000000e+00
RANS_SA_WD_0.01-20_ConsGalerkinProj_Drift_Second,SA,10,1.768330e-05,3.097857e-05,3.000000e-05,0.000000e+00,2.099022e-05
RANS_SA_WD_0.01-20_ConsGalerkinProj_Drift_Second,SA,11,2.852310e-05,4.777336e-05,4.700000e-05,0.000000e+00,2.423167e-05
RANS_SA_WD_0.01-20_ConsGalerkinProj_Drift_Second,SA,12,1.642510e-05,4.347602e-05,4.300000e-05,0.000000e+00,-3.820393e-07
RANS_SA_WD_0.01-20_ConsGalerkinProj_Drift_Second,SA,13,1.436350e-05,3.523463e-05,3.500000e-05,0.000000e+00,-1.792169e-05
RANS_SA_WD_0.01-20_ConsGalerkinProj_Drift_Second,SA,14,2.284640e-05,3.126558e-05,3.100000e-05,0.000000e+00,-1.313541e-05
RANS_SA_WD_0.01-20_ConsGalerkinProj_Drift_Second,SA,15,2.799440e-05,3.177086e-05,3.100000e-05,0.000000e+00,-2.967319e-06
RANS_SA_WD_0.01-20_ConsGalerkinProj_Drift_Second,SA,16,3.018830e-05,3.472501e-05,3.400000e-05,0.000000e+00,2.376437e-06
RANS_SA_WD_0.01-20_ConsGalerkinProj_Drift_Second,SA,17,2.955000e-05,3.807090e-05,3.800000e-05,0.000000e+00,1.002579e-06
RANS_SA_WD_0.01-20_ConsGalerkinProj_Drift_Second,SA,18,3.634300e-05,4.102956e-05,4.100000e-05,0.000000e+00,2.219640e-06
RANS_SA_WD_0.01-20_ConsGalerkinProj_Drift_Second,SA,19,5.488910e-05,4.346286e-05,4.300000e-05,0.000000e+00,1.176638e-05
RANS_SA_WD_0.01-20_ConsGalerkinProj_Drift_Second,SA,20,2.288502e-04,5.287288e-05,5.200000e-05,0.000000e+00,9.714619e-05
RANS_SA_WD_0.01-20_ConsGalerkinProj_Drift_Second,SA,21,3.938667e-04,6.924281e-05,6.900000e-05,0.000000e+00,1.803009e-04
RANS_SA_WD_0.01-20_ConsGalerkinProj_Drift_Second,SA,22,4.693982e-04,8.137303e-05,8.100000e-05,0.000000e+00,2.056693e-04
RANS_SA_WD_0.01-20_ConsGalerkinProj_Drift_Second,SA,23,5.058511e-04,9.415777e-05,9.400000e-05,0.000000e+00,2.046493e-04
RANS_SA_WD_0.01-20_ConsGalerkinProj_Drift_Second,SA,24,4.751803e-04,9.677065e-05,9.600000e-05,0.000000e+00,1.678864e-04
RANS_SA_WD_0.01-20_ConsGalerkinProj_Drift_Second,SA,25,4.115252e-04,9.131438e-05,9.100000e-05,0.000000e+00,1.259494e-04
RANS_SA_WD_0.01-20_ConsGalerkinProj_Drift_Second,SA,26,3.222949e-04,7.785338e-05,7.700000e-05,0.000000e+00,8.468807e-05
RANS_SA_WD_0.01-20_ConsGalerkinProj_Drift_Second,SA,27,2.691856e-04,7.007010e-05,6.900000e-05,0.000000e+00,7.584724e-05
RANS_SA_WD_0.01-20_ConsGalerkinProj_Drift_Second,SA,28,2.770451e-04,7.220178e-05,7.100000e-05,0.000000e+00,9.158913e-05
RANS_SA_WD_0.01-20_ConsGalerkinProj_Drift_Second,SA,29,3.246820e-04,7.878617e-05,7.800000e-05,0.000000e+00,1.166943e-04
RANS_SA_WD_0.01-20_ConsGalerkinProj_Drift_Second,SA,30,2.694073e-04,7.148363e-05,7.100000e-05,0.000000e+00,1.156256e-04
RANS_SA_WD_0.01-20_ConsGalerkinProj_Drift_Second,SA,31,2.380780e-04,8.115421e-05,8.000000e-05,0.000000e+00,1.071839e-04
RANS_SA_WD_0.01-20_ConsGalerkinProj_Drift_Second,SA,32,2.091674e-04,8.105100e-05,8.000000e-05,0.000000e+00,9.670526e-05
RANS_SA_WD_0.01-20_ConsGalerkinProj_Drift_Second,SA,33,2.518612e-04,8.421980e-05,8.400000e-05,0.000000e+00,1.105974e-04
RANS_SA_WD_0.01-20_ConsGalerkinProj_Drift_Second,SA,34,3.111924e-04,8.719520e-05,8.700000e-05,0.000000e+00,1.418523e-04
RANS_SA_WD_0.01-20_ConsGalerkinProj_Drift_Second,SA,35,3.729607e-04,9.527420e-05,9.500000e-05,0.000000e+00,1.840831e-04
RANS_SA_WD_0.01-20_ConsGalerkinProj_Drift_Second,SA,36,4.275309e-04,1.049684e-04,1.050000e-04,0.000000e+00,2.126370e-04
RANS_SA_WD_0.01-20_ConsGalerkinProj_Drift_Second,SA,37,4.526582e-04,1.097616e-04,1.090000e-04,0.000000e+00,2.106369e-04
RANS_SA_WD_0.01-20_ConsGalerkinProj_Drift_Second,SA,38,4.300272e-04,1.066702e-04,1.060000e-04,0.000000e+00,1.785170e-04
RANS_SA_WD_0.01-20_ConsGalerkinProj_Drift_Second,SA,39,3.610404e-04,9.577477e-05,9.500000e-05,0.000000e+00,1.298481e-04
RANS_SA_WD_0.01-20_ConsGalerkinProj_Drift_Second,SA,40,2.704695e-04,7.864156e-05,7.800000e-05,0.000000e+00,6.623905e-05
RANS_SA_WD_0.01-20_ConsGalerkinProj_Drift_Second,SA,41,2.143212e-04,7.795048e-05,7.700000e-05,0.000000e+00,6.926822e-05
RANS_SA_WD_0.01-20_ConsGalerkinProj_Drift_Second,SA,42,1.513058e-04,6.346135e-05,6.200000e-05,1.000000e-06,4.920531e-05
RANS_SA_WD_0.01-20_ConsGalerkinProj_Drift_Second,SA,43,1.286771e-04,5.598388e-05,5.500000e-05,1.000000e-06,4.613315e-05
RANS_SA_WD_0.01-20_ConsGalerkinProj_Drift_Second,SA,44,1.685573e-04,6.200633e-05,6.000000e-05,1.000000e-06,6.913613e-05
RANS_SA_WD_0.01-20_ConsGalerkinProj_Drift_Second,SA,45,2.411145e-04,7.227905e-05,7.100000e-05,1.000000e-06,9.788501e-05
RANS_SA_WD_0.01-20_ConsGalerkinProj_Drift_Second,SA,46,3.055058e-04,7.989033e-05,7.800000e-05,1.000000e-06,1.181812e-04
RANS_SA_WD_0.01-20_ConsGalerkinProj_Drift_Second,SA,47,3.279138e-04,8.091247e-05,7.900000e-05,1.000000e-06,1.197558e-04
RANS_SA_WD_0.01-20_ConsGalerkinProj_Drift_Second,SA,48,2.969523e-04,7.518952e-05,7.300000e-05,1.000000e-06,9.613934e-05
RANS_SA_WD_0.01-20_ConsGalerkinProj_Drift_Second,SA,49,2.195558e-04,6.470798e-05,6.200000e-05,2.000000e-06,5.110415e-05
RANS_SA_WD_0.01-20_ConsGalerkinProj_Drift_Second,SA,50,9.177210e-05,5.481459e-05,5.200000e-05,2.000000e-06,-3.749836e-05
RANS_SA_WD_0.01-20_ConsGalerkinProj_Drift_Second,SA,51,-9.029900e-06,3.872066e-05,3.600000e-05,2.000000e-06,-8.598807e-05
RANS_SA_WD_0.01-20_ConsGalerkinProj_Drift_Second,SA,52,-2.128630e-05,3.945583e-05,3.600000e-05,3.000000e-06,-8.391414e-05
RANS_SA_WD_0.01-20_ConsGalerkinProj_Drift_Second,SA,53,1.324400e-06,5.106500e-05,4.800000e-05,3.000000e-06,-5.919248e-05
RANS_SA_WD_0.01-20_ConsGalerkinProj_Drift_Second,SA,54,2.647690e-05,6.213447e-05,5.800000e-05,3.000000e-06,-3.842857e-05
RANS_SA_WD_0.01-20_ConsGalerkinProj_Drift_Second,SA,55,3.875950e-05,6.933548e-05,6.500000e-05,3.000000e-06,-3.006466e-05
RANS_SA_WD_0.01-20_ConsGalerkinProj_Drift_Second,SA,56,7.131400e-06,6.959099e-05,6.500000e-05,4.000000e-06,-3.971522e-05
RANS_SA_WD_0.01-20_ConsGalerkinProj_Drift_Second,SA,57,-4.518430e-05,6.673053e-05,6.200000e-05,4.000000e-06,-5.449754e-05
RANS_SA_WD_0.01-20_ConsGalerkinProj_Drift_Second,SA,58,-8.950070e-05,6.307558e-05,5.800000e-05,4.000000e-06,-5.896622e-05
RANS_SA_WD_0.01-20_ConsGalerkinProj_Drift_Second,SA,59,-1.019494e-04,6.147433e-05,5.700000e-05,4.000000e-06,-4.781702e-05
RANS_SA_WD_0.01-20_ConsGalerkinProj_Drift_Second,SA,60,-3.314200e-05,5.875224e-05,5.400000e-05,4.000000e-06,3.411163e-05
RANS_SA_WD_0.01-20_ConsGalerkinProj_Drift_Second,SA,61,4.172500e-05,6.976130e-05,6.500000e-05,4.000000e-06,1.029380e-04
RANS_SA_WD_0.01-20_ConsGalerkinProj_Drift_Second,SA,62,5.477320e-05,6.232411e-05,5.800000e-05,4.000000e-06,7.469912e-05
RANS_SA_WD_0.01-20_ConsGalerkinProj_Drift_Second,SA,63,8.467550e-05,5.673874e-05,5.200000e-05,4.000000e-06,4.893700e-05
RANS_SA_WD_0.01-20_ConsGalerkinProj_Drift_Second,SA,64,1.471730e-04,5.810640e-05,5.400000e-05,4.000000e-06,6.370092e-05
RANS_SA_WD_0.01-20_ConsGalerkinProj_Drift_Second,SA,65,2.448962e-04,6.367888e-05,5.900000e-05,4.000000e-06,1.104555e-04
RANS_SA_WD_0.01-20_ConsGalerkinProj_Drift_Second,SA,66,3.879807e-04,7.598713e-05,7.200000e-05,3.000000e-06,1.791262e-04
RANS_SA_WD_0.01-20_ConsGalerkinProj_Drift_Second,SA,67,5.370656e-04,8.714584e-05,8.300000e-05,3.000000e-06,2.391642e-04
RANS_SA_WD_0.01-20_ConsGalerkinProj_Drift_Second,SA,68,6.378158e-04,9.245139e-05,8.900000e-05,3.000000e-06,2.642977e-04
RANS_SA_WD_0.01-20_ConsGalerkinProj_Drift_Second,SA,69,6.675612e-04,9.423949e-05,9.100000e-05,3.000000e-06,2.488939e-04
RANS_SA_WD_0.01-20_ConsGalerkinProj_Drift_Second,SA,70,5.109549e-04,6.734319e-05,6.400000e-05,3.000000e-06,1.100543e-04
RANS_SA_WD_0.01-20_ConsGalerkinProj_Drift_Second,SA,71,3.255112e-04,5.747393e-05,5.500000e-05,2.000000e-06,4.782696e-05
RANS_SA_WD_0.01-20_ConsGalerkinProj_Drift_Second,SA,72,1.569366e-04,4.307216e-05,4.100000e-05,2.000000e-06,9.690947e-07
RANS_SA_WD_0.01-20_ConsGalerkinProj_Drift_Second,SA,73,2.231240e-05,3.296691e-05,3.100000e-05,2.000000e-06,-3.740454e-05
RANS_SA_WD_0.01-20_ConsGalerkinProj_Drift_Second,SA,74,-6.900090e-05,3.033219e-05,2.800000e-05,2.000000e-06,-6.680294e-05
RANS_SA_WD_0.01-20_ConsGalerkinProj_Drift_Second,SA,75,-1.395048e-04,2.751628e-05,2.500000e-05,1.000000e-06,-9.552259e-05
RANS_SA_WD_0.01-20_ConsGalerkinProj_Drift_Second,SA,76,-1.858899e-04,2.821674e-05,2.600000e-05,1.000000e-06,-1.154869e-04
RANS_SA_WD_0.01-20_ConsGalerkinProj_Drift_Second,SA,77,-2.210009e-04,3.032936e-05,2.800000e-05,1.000000e-06,-1.285378e-04
RANS_SA_WD_0.01-20_ConsGalerkinProj_Drift_Second,SA,78,-2.474807e-04,3.188394e-05,3.000000e-05,1.000000e-06,-1.360781e-04
RANS_SA_WD_0.01-20_ConsGalerkinProj_Drift_Second,SA,79,-2.647180e-04,3.158431e-05,3.000000e-05,1.000000e-06,-1.381965e-04
RANS_SA_WD_0.01-20_ConsGalerkinProj_Drift_Second,SA,80,-1.297410e-05,4.765693e-05,4.600000e-05,1.000000e-06,5.510200e-05
RANS_SA_WD_0.01-20_ConsGalerkinProj_Drift_Second,SA,81,2.220447e-04,7.254281e-05,7.100000e-05,1.000000e-06,1.843234e-04
RANS_SA_WD_0.01-20_ConsGalerkinProj_Drift_Second,SA,82,3.633003e-04,8.995945e-05,8.900000e-05,0.000000e+00,2.153473e-04
RANS_SA_WD_0.01-20_ConsGalerkinProj_Drift_Second,SA,83,4.150238e-04,9.617676e-05,9.500000e-05,0.000000e+00,1.977593e-04
RANS_SA_WD_0.01-20_ConsGalerkinProj_Drift_Second,SA,84,4.051175e-04,9.271123e-05,9.200000e-05,0.000000e+00,1.643104e-04
RANS_SA_WD_0.01-20_ConsGalerkinProj_Drift_Second,SA,85,3.467830e-04,8.327457e-05,8.300000e-05,0.000000e+00,1.285511e-04
RANS_SA_WD_0.01-20_ConsGalerkinProj_Drift_Second,SA,86,2.686622e-04,7.110448e-05,7.000000e-05,0.000000e+00,9.875648e-05
RANS_SA_WD_0.01-20_ConsGalerkinProj_Drift_Second,SA,87,2.258499e-04,6.453385e-05,6.400000e-05,0.000000e+00,9.385716e-05
RANS_SA_WD_0.01-20_ConsGalerkinProj_Drift_Second,SA,88,2.471411e-04,6.727273e-05,6.700000e-05,0.000000e+00,1.173796e-04
RANS_SA_WD_0.01-20_ConsGalerkinProj_Drift_Second,SA,89,3.051130e-04,7.466444e-05,7.400000e-05,0.000000e+00,1.511030e-04
RANS_SA_WD_0.01-20_ConsGalerkinProj_Drift_Second,SA,90,1.356793e-04,5.818164e-05,5.700000e-05,1.000000e-06,1.103028e-05
RANS_SA_WD_0.01-20_ConsGalerkinProj_Drift_Second,SA,91,1.935190e-05,4.576294e-05,4.400000e-05,1.000000e-06,-4.596077e-05
RANS_SA_WD_0.01-20_ConsGalerkinProj_Drift_Second,SA,92,-9.676390e-05,3.493386e-05,3.300000e-05,2.000000e-06,-6.984589e-05
RANS_SA_WD_0.01-20_ConsGalerkinProj_Drift_Second,SA,93,-1.651847e-04,3.302844e-05,3.000000e-05,2.000000e-06,-8.023964e-05
RANS_SA_WD_0.01-20_ConsGalerkinProj_Drift_Second,SA,94,-1.707435e-04,3.311901e-05,3.000000e-05,2.000000e-06,-8.657371e-05
RANS_SA_WD_0.01-20_ConsGalerkinProj_Drift_Second,SA,95,-1.393400e-04,3.206343e-05,2.900000e-05,3.000000e-06,-8.590340e-05
RANS_SA_WD_0.01-20_ConsGalerkinProj_Drift_Second,SA,96,-8.859290e-05,3.342748e-05,3.000000e-05,3.000000e-06,-7.227519e-05
RANS_SA_WD_0.01-20_ConsGalerkinProj_Drift_Second,SA,97,-2.911950e-05,3.770317e-05,3.400000e-05,3.000000e-06,-5.218021e-05
RANS_SA_WD_0.01-20_ConsGalerkinProj_Drift_Second,SA,98,1.718510e-05,4.203222e-05,3.800000e-05,3.000000e-06,-3.716425e-05
RANS_SA_WD_0.01-20_ConsGalerkinProj_Drift_Second,SA,99,4.724710e-05,4.529681e-05,4.100000e-05,3.000000e-06,-2.653070e-05
RANS_SA_WD_0.01-20_ConsGalerkinProj_Drift_Second,SA,100,1.718786e-04,6.896238e-05,6.500000e-05,4.000000e-06,2.777343e-05
RANS_SA_WD_0.01-20_ConsGalerkinProj_Drift_Second,SA,101,2.167023e-04,7.415718e-05,7.000000e-05,4.000000e-06,5.139839e-05
RANS_SA_WD_0.01-20_ConsGalerkinProj_Drift_Second,SA,102,2.230887e-04,7.224342e-05,6.800000e-05,4.000000e-06,4.666059e-05
RANS_SA_WD_0.01-20_ConsGalerkinProj_Drift_Second,SA,103,1.996861e-04,6.974329e-05,6.500000e-05,4.000000e-06,4.116951e-05
RANS_SA_WD_0.01-20_ConsGalerkinProj_Drift_Second,SA,104,1.673982e-04,7.074608e-05,6.600000e-05,4.000000e-06,3.740774e-05
RANS_SA_WD_0.01-20_ConsGalerkinProj_Drift_Second,SA,105,1.226758e-04,7.096335e-05,6.600000e-05,4.000000e-06,2.634550e-05
RANS_SA_WD_0.01-20_ConsGalerkinProj_Drift_Second,SA,106,9.568810e-05,7.272998e-05,6.800000e-05,4.000000e-06,2.103420e-05
RANS_SA_WD_0.01-20_ConsGalerkinProj_Drift_Second,SA,107,8.205930e-05,7.370411e-05,6.900000e-05,4.000000e-06,1.990286e-05
RANS_SA_WD_0.01-20_ConsGalerkinProj_Drift_Second,SA,108,7.882540e-05,7.345012e-05,6.900000e-05,4.000000e-06,1.725215e-05
RANS_SA_WD_0.01-20_ConsGalerkinProj_Drift_Second,SA,109,9.380250e-05,7.973351e-05,7.500000e-05,4.000000e-06,3.071287e-05
RANS_SA_WD_0.01-20_ConsGalerkinProj_Drift_Second,SA,110,-6.095770e-05,3.703311e-05,3.300000e-05,4.000000e-06,-2.534482e-05
RANS_SA_WD_0.01-20_ConsGalerkinProj_Drift_Second,SA,111,-1.025401e-04,4.792812e-05,4.400000e-05,4.000000e-06,-1.064278e-05
RANS_SA_WD_0.01-20_ConsGalerkinProj_Drift_Second,SA,112,-1.324955e-04,5.184512e-05,4.800000e-05,3.000000e-06,-2.942761e-05
RANS_SA_WD_0.01-20_ConsGalerkinProj_Drift_Second,SA,113,-1.371705e-04,4.912246e-05,4.500000e-05,3.000000e-06,-5.981905e-05
RANS_SA_WD_0.01-20_ConsGalerkinProj_Drift_Second,SA,114,-9.839300e-05,4.781200e-05,4.400000e-05,3.000000e-06,-6.603614e-05
RANS_SA_WD_0.01-20_ConsGalerkinProj_Drift_Second,SA,115,-6.428760e-05,4.645078e-05,4.300000e-05,3.000000e-06,-5.818066e-05
RANS_SA_WD_0.01-20_ConsGalerkinProj_Drift_Second,SA,116,-1.392050e-05,4.894981e-05,4.500000e-05,3.000000e-06,-2.929403e-05
RANS_SA_WD_0.01-20_ConsGalerkinProj_Drift_Second,SA,117,2.998190e-05,4.947402e-05,4.600000e-05,3.000000e-06,-5.282000e-10
RANS_SA_WD_0.01-20_ConsGalerkinProj_Drift_Second,SA,118,1.071561e-04,5.211695e-05,4.900000e-05,3.000000e-06,2.563570e-05
RANS_SA_WD_0.01-20_ConsGalerkinProj_Drift_Second,SA,119,2.058339e-04,5.900958e-05,5.600000e-05,3.000000e-06,4.588421e-05
RANS_SA_WD_0.01-20_ConsGalerkinProj_Drift_Second,SA,120,3.582593e-04,7.856185e-05,7.600000e-05,2.000000e-06,1.120361e-04
RANS_SA_WD_0.01-20_ConsGalerkinProj_Drift_Second,SA,121,1.875383e-04,7.914697e-05,7.600000e-05,2.000000e-06,3.782969e-05
RANS_SA_WD_0.01-20_ConsGalerkinProj_Drift_Second,SA,122,7.541260e-05,6.947829e-05,6.700000e-05,2.000000e-06,-4.139603e-06
RANS_SA_WD_0.01-20_ConsGalerkinProj_Drift_Second,SA,123,7.980350e-05,6.920221e-05,6.700000e-05,2.000000e-06,-7.130373e-07
RANS_SA_WD_0.01-20_ConsGalerkinProj_Drift_Second,SA,124,1.727388e-04,6.803518e-05,6.600000e-05,2.000000e-06,5.478935e-05
RANS_SA_WD_0.01-20_ConsGalerkinProj_Drift_Second,SA,125,2.525209e-04,6.899534e-05,6.700000e-05,1.000000e-06,8.215078e-05
RANS_SA_WD_0.01-20_ConsGalerkinProj_Drift_Second,SA,126,3.188990e-04,7.327846e-05,7.100000e-05,1.000000e-06,8.863635e-05
RANS_SA_WD_0.01-20_ConsGalerkinProj_Drift_Second,SA,127,4.025199e-04,7.838756e-05,7.600000e-05,1.000000e-06,1.219997e-04
RANS_SA_WD_0.01-20_ConsGalerkinProj_Drift_Second,SA,128,4.849542e-04,8.315220e-05,8.100000e-05,2.000000e-06,1.692730e-04
RANS_SA_WD_0.01-20_ConsGalerkinProj_Drift_Second,SA,129,5.707228e-04,8.638073e-05,8.400000e-05,2.000000e-06,2.167023e-04
RANS_SA_WD_0.01-20_ConsGalerkinProj_Drift_Second,SA,130,7.490495e-04,8.766629e-05,8.400000e-05,3.000000e-06,3.088637e-04
RANS_SA_WD_0.01-20_ConsGalerkinProj_Drift_Second,SA,131,8.265579e-04,9.869696e-05,9.500000e-05,3.000000e-06,3.357584e-04
RANS_SA_WD_0.01-20_ConsGalerkinProj_Drift_Second,SA,132,7.258241e-04,8.997104e-05,8.500000e-05,4.000000e-06,2.654093e-04
RANS_SA_WD_0.01-20_ConsGalerkinProj_Drift_Second,SA,133,5.290921e-04,7.271422e-05,6.700000e-05,5.000000e-06,1.495060e-04
RANS_SA_WD_0.01-20_ConsGalerkinProj_Drift_Second,SA,134,3.282194e-04,5.674609e-05,5.000000e-05,6.000000e-06,5.046783e-05
RANS_SA_WD_0.01-20_ConsGalerkinProj_Drift_Second,SA,135,1.607791e-04,4.391276e-05,3.700000e-05,6.000000e-06,-1.594025e-05
RANS_SA_WD_0.01-20_ConsGalerkinProj_Drift_Second,SA,136,7.538560e-05,3.587111e-05,2.900000e-05,6.000000e-06,-3.807486e-05
RANS_SA_WD_0.01-20_ConsGalerkinProj_Drift_Second,SA,137,9.468040e-05,4.178335e-05,3.500000e-05,6.000000e-06,-1.010070e-05
RANS_SA_WD_0.01-20_ConsGalerkinProj_Drift_Second,SA,138,1.915210e-04,6.052450e-05,5.400000e-05,6.000000e-06,5.066688e-05
RANS_SA_WD_0.01-20_ConsGalerkinProj_Drift_Second,SA,139,3.274798e-04,7.832642e-05,7.200000e-05,6.000000e-06,1.156642e-04
RANS_SA_WD_0.01-20_ConsGalerkinProj_Drift_Second,SA,140,2.951870e-04,7.921524e-05,7.400000e-05,5.000000e-06,1.020764e-04
RANS_SA_WD_0.01-20_ConsGalerkinProj_Drift_Second,SA,141,2.548680e-04,7.997546e-05,7.500000e-05,5.000000e-06,9.598334e-05
RANS_SA_WD_0.01-20_ConsGalerkinProj_Drift_Second,SA,142,1.998218e-04,7.211422e-05,6.700000e-05,4.000000e-06,7.263800e-05
RANS_SA_WD_0.01-20_ConsGalerkinProj_Drift_Second,SA,143,1.557108e-04,6.275459e-05,5.800000e-05,4.000000e-06,4.899538e-05
RANS_SA_WD_0.01-20_ConsGalerkinProj_Drift_Second,SA,144,9.651440e-05,5.560314e-05,5.100000e-05,4.000000e-06,2.915149e-05
RANS_SA_WD_0.01-20_ConsGalerkinProj_Drift_Second,SA,145,3.245640e-05,4.943355e-05,4.500000e-05,3.000000e-06,8.269919e-06
RANS_SA_WD_0.01-20_ConsGalerkinProj_Drift_Second,SA,146,-1.161340e-05,4.356743e-05,4.000000e-05,3.000000e-06,-7.915601e-06
RANS_SA_WD_0.01-20_ConsGalerkinProj_Drift_Second,SA,147,-7.607900e-06,4.368257e-05,4.000000e-05,3.000000e-06,-2.061753e-06
RANS_SA_WD_0.01-20_ConsGalerkinProj_Drift_Second,SA,148,4.196770e-05,5.041812e-05,4.700000e-05,3.000000e-06,2.431841e-05
RANS_SA_WD_0.01-20_ConsGalerkinProj_Drift_Second,SA,149,1.152191e-04,6.063190e-05,5.700000e-05,3.000000e-06,5.639424e-05
RANS_SA_WD_0.01-20_ConsGalerkinProj_Drift_Second,SA,150,1.805690e-04,6.875614e-05,6.500000e-05,3.000000e-06,9.777089e-05
RANS_SA_WD_0.01-20_ConsGalerkinProj_Drift_Second,SA,151,1.932862e-04,6.756572e-05,6.400000e-05,2.000000e-06,9.726295e-05
RANS_SA_WD_0.01-20_ConsGalerkinProj_Drift_Second,SA,152,1.633623e-04,5.629106e-05,5.300000e-05,2.000000e-06,6.528395e-05
RANS_SA_WD_0.01-20_ConsGalerkinProj_Drift_Second,SA,153,1.089058e-04,4.658498e-05,4.400000e-05,2.000000e-06,3.323919e-05
RANS_SA_WD_0.01-20_ConsGalerkinProj_Drift_Second,SA,154,8.176560e-05,4.648166e-05,4.400000e-05,2.000000e-06,1.916529e-05
RANS_SA_WD_0.01-20_ConsGalerkinProj_Drift_Second,SA,155,7.072360e-05,5.029045e-05,4.800000e-05,2.000000e-06,2.425599e-05
RANS_SA_WD_0.01-20_ConsGalerkinProj_Drift_Second,SA,156,9.374150e-05,5.929639e-05,5.700000e-05,2.000000e-06,4.960900e-05
RANS_SA_WD_0.01-20_ConsGalerkinProj_Drift_Second,SA,157,1.482567e-04,7.181754e-05,6.900000e-05,2.000000e-06,8.856553e-05
RANS_SA_WD_0.01-20_ConsGalerkinProj_Drift_Second,SA,158,2.001900e-04,8.230404e-05,8.000000e-05,2.000000e-06,1.195614e-04
RANS_SA_WD_0.01-20_ConsGalerkinProj_Drift_Second,SA,159,2.299245e-04,8.829144e-05,8.600000e-05,2.000000e-06,1.283959e-04
RANS_SA_WD_0.01-20_ConsGalerkinProj_Drift_Second,SA,160,1.851295e-04,7.483587e-05,7.200000e-05,2.000000e-06,6.373096e-05
RANS_SA_WD_0.01-20_ConsGalerkinProj_Drift_Second,SA,161,1.371273e-04,6.707763e-05,6.400000e-05,2.000000e-06,5.057826e-05
RANS_SA_WD_0.01-20_ConsGalerkinProj_Drift_Second,SA,162,8.419610e-05,6.209026e-05,5.900000e-05,2.000000e-06,4.130035e-05
RANS_SA_WD_0.01-20_ConsGalerkinProj_Drift_Second,SA,163,5.496620e-05,5.880883e-05,5.600000e-05,2.000000e-06,3.237631e-05
RANS_SA_WD_0.01-20_ConsGalerkinProj_Drift_Second,SA,164,6.143710e-05,5.941342e-05,5.600000e-05,2.000000e-06,2.999881e-05
RANS_SA_WD_0.01-20_ConsGalerkinProj_Drift_Second,SA,165,7.816380e-05,6.002805e-05,5.700000e-05,2.000000e-06,2.898134e-05
RANS_SA_WD_0.01-20_ConsGalerkinProj_Drift_Second,SA,166,7.187200e-05,5.681227e-05,5.400000e-05,2.000000e-06,1.334988e-05
RANS_SA_WD_0.01-20_ConsGalerkinProj_Drift_Second,SA,167,3.859680e-05,5.000958e-05,4.700000e-05,2.000000e-06,-1.402130e-05
RANS_SA_WD_0.01-20_ConsGalerkinProj_Drift_Second,SA,168,-4.712300e-06,4.347218e-05,4.000000e-05,2.000000e-06,-4.244447e-05
RANS_SA_WD_0.01-20_ConsGalerkinProj_Drift_Second,SA,169,-2.502510e-05,4.066305e-05,3.800000e-05,2.000000e-06,-5.508439e-05
RANS_SA_WD_0.01-20_ConsGalerkinProj_Drift_Second,SA,170,-3.714900e-05,2.224290e-05,1.900000e-05,2.000000e-06,-5.059456e-05
RANS_SA_WD_0.01-20_ConsGalerkinProj_Drift_Second,SA,171,-1.285960e-05,3.293226e-05,3.000000e-05,2.000000e-06,-8.840175e-06
RANS_SA_WD_0.01-20_ConsGalerkinProj_Drift_Second,SA,172,1.067250e-05,4.000488e-05,3.700000e-05,3.000000e-06,9.021132e-06
RANS_SA_WD_0.01-20_ConsGalerkinProj_Drift_Second,SA,173,3.955380e-05,4.226737e-05,3.900000e-05,3.000000e-06,1.361957e-05
RANS_SA_WD_0.01-20_ConsGalerkinProj_Drift_Second,SA,174,9.250250e-05,4.702468e-05,4.400000e-05,3.000000e-06,2.960327e-05
RANS_SA_WD_0.01-20_ConsGalerkinProj_Drift_Second,SA,175,1.532277e-04,5.433398e-05,5.100000e-05,3.000000e-06,4.735573e-05
RANS_SA_WD_0.01-20_ConsGalerkinProj_Drift_Second,SA,176,1.988781e-04,6.294876e-05,6.000000e-05,3.000000e-06,6.332154e-05
RANS_SA_WD_0.01-20_ConsGalerkinProj_Drift_Second,SA,177,2.163347e-04,6.905840e-05,6.600000e-05,3.000000e-06,7.656867e-05
RANS_SA_WD_0.01-20_ConsGalerkinProj_Drift_Second,SA,178,2.087176e-04,6.836361e-05,6.500000e-05,3.000000e-06,7.662016e-05
RANS_SA_WD_0.01-20_ConsGalerkinProj_Drift_Second,SA,179,1.892731e-04,6.180784e-05,5.800000e-05,3.000000e-06,6.778475e-05
RANS_SA_WD_0.01-20_ConsGalerkinProj_Drift_Second,SA,180,2.170217e-04,6.136197e-05,5.800000e-05,3.000000e-06,7.895467e-05
RANS_SA_WD_0.01-20_ConsGalerkinProj_Drift_Second,SA,181,1.983094e-04,5.951298e-05,5.600000e-05,3.000000e-06,7.178016e-05
RANS_SA_WD_0.01-20_ConsGalerkinProj_Drift_Second,SA,182,2.162988e-04,6.077288e-05,5.700000e-05,3.000000e-06,6.727444e-05
RANS_SA_WD_0.01-20_ConsGalerkinProj_Drift_Second,SA,183,2.796259e-04,7.018370e-05,6.600000e-05,3.000000e-06,8.051484e-05
RANS_SA_WD_0.01-20_ConsGalerkinProj_Drift_Second,SA,184,3.356579e-04,7.578462e-05,7.200000e-05,3.000000e-06,9.443608e-05
RANS_SA_WD_0.01-20_ConsGalerkinProj_Drift_Second,SA,185,3.558389e-04,7.764100e-05,7.400000e-05,3.000000e-06,9.896761e-05
RANS_SA_WD_0.01-20_ConsGalerkinProj_Drift_Second,SA,186,3.398475e-04,7.491717e-05,7.100000e-05,3.000000e-06,8.403750e-05
RANS_SA_WD_0.01-20_ConsGalerkinProj_Drift_Second,SA,187,3.101540e-04,6.969333e-05,6.600000e-05,3.000000e-06,6.178567e-05
RANS_SA_WD_0.01-20_ConsGalerkinProj_Drift_Second,SA,188,2.936715e-04,6.754658e-05,6.400000e-05,3.000000e-06,5.507335e-05
RANS_SA_WD_0.01-20_ConsGalerkinProj_Drift_Second,SA,189,3.026382e-04,7.024183e-05,6.700000e-05,3.000000e-06,6.180074e-05
RANS_SA_WD_0.01-20_ConsGalerkinProj_Drift_Second,SA,190,2.322856e-04,4.704311e-05,4.400000e-05,2.000000e-06,4.030157e-05
RANS_SA_WD_0.01-20_ConsGalerkinProj_Drift_Second,SA,191,1.638962e-04,4.130091e-05,3.800000e-05,2.000000e-06,2.788357e-05
RANS_SA_WD_0.01-20_ConsGalerkinProj_Drift_Second,SA,192,5.542240e-05,3.167103e-05,2.900000e-05,2.000000e-06,-1.461809e-05
RANS_SA_WD_0.01-20_ConsGalerkinProj_Drift_Second,SA,193,-9.224400e-06,3.134843e-05,2.900000e-05,2.000000e-06,-4.591354e-05
RANS_SA_WD_0.01-20_ConsGalerkinProj_Drift_Second,SA,194,-2.993550e-05,3.734278e-05,3.500000e-05,2.000000e-06,-5.927797e-05
RANS_SA_WD_0.01-20_ConsGalerkinProj_Drift_Second,SA,195,-4.860600e-05,4.047486e-05,3.800000e-05,2.000000e-06,-6.704698e-05
RANS_SA_WD_0.01-20_ConsGalerkinProj_Drift_Second,SA,196,-4.002950e-05,4.851904e-05,4.600000e-05,2.000000e-06,-6.316220e-05
RANS_SA_WD_0.01-20_ConsGalerkinProj_Drift_Second,SA,197,-1.993620e-05,5.560231e-05,5.300000e-05,1.000000e-06,-4.846925e-05
RANS_SA_WD_0.01-20_ConsGalerkinProj_Drift_Second,SA,198,1.942000e-07,5.858930e-05,5.700000e-05,1.000000e-06,-2.496952e-05
RANS_SA_WD_0.01-20_ConsGalerkinProj_Drift_Second,SA,199,1.537970e-05,6.058788e-05,5.900000e-05,1.000000e-06,-5.404423e-06
RANS_SA_WD_0.01-20_ConsGalerkinProj_Drift_Second,SA,200,1.473045e-04,9.707681e-05,9.500000e-05,1.000000e-06,8.674535e-05
RANS_SA_WD_0.01-20_ConsGalerkinProj_Drift_Second,SA,201,2.132573e-04,1.124444e-04,1.100000e-04,1.000000e-06,1.393638e-04
RANS_SA_WD_0.01-20_ConsGalerkinProj_Drift_Second,SA,202,2.584532e-04,1.208871e-04,1.190000e-04,1.000000e-06,1.679739e-04
RANS_SA_WD_0.01-20_ConsGalerkinProj_Drift_Second,SA,203,2.608542e-04,1.170956e-04,1.150000e-04,1.000000e-06,1.576016e-04
RANS_SA_WD_0.01-20_ConsGalerkinProj_Drift_Second,SA,204,2.279127e-04,1.061788e-04,1.040000e-04,1.000000e-06,1.291913e-04
RANS_SA_WD_0.01-20_ConsGalerkinProj_Drift_Second,SA,205,1.836368e-04,9.635988e-05,9.500000e-05,1.000000e-06,1.086531e-04
RANS_SA_WD_0.01-20_ConsGalerkinProj_Drift_Second,SA,206,1.072794e-04,8.499584e-05,8.300000e-05,1.000000e-06,8.279081e-05
RANS_SA_WD_0.01-20_ConsGalerkinProj_Drift_Second,SA,207,5.391050e-05,7.789691e-05,7.600000e-05,1.000000e-06,5.746937e-05
RANS_SA_WD_0.01-20_ConsGalerkinProj_Drift_Second,SA,208,3.003580e-05,7.438794e-05,7.300000e-05,1.000000e-06,4.165479e-05
RANS_SA_WD_0.01-20_ConsGalerkinProj_Drift_Second,SA,209,3.347410e-05,7.245120e-05,7.100000e-05,1.000000e-06,4.038437e-05
RANS_SA_WD_0.01-20_ConsGalerkinProj_Drift_Second,SA,210,-2.856240e-05,4.173731e-05,4.000000e-05,1.000000e-06,-3.322321e-05
RANS_SA_WD_0.01-20_ConsGalerkinProj_Drift_Second,SA,211,-2.935450e-05,4.280534e-05,4.100000e-05,1.000000e-06,-3.995850e-05
RANS_SA_WD_0.01-20_ConsGalerkinProj_Drift_Second,SA,212,-3.748250e-05,3.905667e-05,3.800000e-05,1.000000e-06,-3.703637e-05
RANS_SA_WD_0.01-20_ConsGalerkinProj_Drift_Second,SA,213,-2.564070e-05,4.178163e-05,4.000000e-05,1.000000e-06,-2.269537e-05
RANS_SA_WD_0.01-20_ConsGalerkinProj_Drift_Second,SA,214,2.030160e-05,5.180703e-05,5.000000e-05,1.000000e-06,2.101814e-06
RANS_SA_WD_0.01-20_ConsGalerkinProj_Drift_Second,SA,215,8.165440e-05,6.292701e-05,6.200000e-05,1.000000e-06,3.094803e-05
RANS_SA_WD_0.01-20_ConsGalerkinProj_Drift_Second,SA,216,1.359153e-04,7.221633e-05,7.100000e-05,1.000000e-06,5.944324e-05
RANS_SA_WD_0.01-20_ConsGalerkinProj_Drift_Second,SA,217,1.839675e-04,8.077477e-05,7.900000e-05,1.000000e-06,8.016760e-05
RANS_SA_WD_0.01-20_ConsGalerkinProj_Drift_Second,SA,218,1.979476e-04,8.691068e-05,8.500000e-05,1.000000e-06,8.235436e-05
RANS_SA_WD_0.01-20_ConsGalerkinProj_Drift_Second,SA,219,1.652768e-04,8.701220e-05,8.500000e-05,1.000000e-06,6.059353e-05
RANS_SA_WD_0.01-20_ConsGalerkinProj_Drift_Second,SA,220,8.477480e-05,7.676576e-05,7.500000e-05,1.000000e-06,7.925678e-05
RANS_SA_WD_0.01-20_ConsGalerkinProj_Drift_Second,SA,221,4.841970e-05,7.386923e-05,7.200000e-05,1.000000e-06,6.654886e-05
RANS_SA_WD_0.01-20_ConsGalerkinProj_Drift_Second,SA,222,2.022730e-05,7.017928e-05,6.800000e-05,1.000000e-06,4.828922e-05
RANS_SA_WD_0.01-20_ConsGalerkinProj_Drift_Second,SA,223,3.305900e-05,7.406187e-05,7.200000e-05,1.000000e-06,4.896866e-05
RANS_SA_WD_0.01-20_ConsGalerkinProj_Drift_Second,SA,224,5.487570e-05,7.844382e-05,7.600000e-05,2.000000e-06,4.469220e-05
RANS_SA_WD_0.01-20_ConsGalerkinProj_Drift_Second,SA,225,7.784490e-05,8.128618e-05,7.900000e-05,2.000000e-06,2.963918e-05
RANS_SA_WD_0.01-20_ConsGalerkinProj_Drift_Second,SA,226,6.978620e-05,7.474637e-05,7.300000e-05,2.000000e-06,1.181674e-06
RANS_SA_WD_0.01-20_ConsGalerkinProj_Drift_Second,SA,227,5.958700e-05,6.954032e-05,6.700000e-05,1.000000e-06,-1.105692e-05
RANS_SA_WD_0.01-20_ConsGalerkinProj_Drift_Second,SA,228,3.992780e-05,6.677109e-05,6.500000e-05,1.000000e-06,-1.369693e-05
RANS_SA_WD_0.01-20_ConsGalerkinProj_Drift_Second,SA,229,4.480120e-05,6.856554e-05,6.700000e-05,1.000000e-06,-6.540607e-07
RANS_SA_WD_0.01-20_ConsGalerkinProj_Drift_Second,SA,230,4.455600e-06,5.859614e-05,5.700000e-05,1.000000e-06,-1.199626e-05
RANS_SA_WD_0.01-20_ConsGalerkinProj_Drift_Second,SA,231,-3.066810e-05,4.923835e-05,4.700000e-05,1.000000e-06,-1.936033e-05
RANS_SA_WD_0.01-20_ConsGalerkinProj_Drift_Second,SA,232,-3.760820e-05,4.538331e-05,4.300000e-05,1.000000e-06,-2.524631e-05
RANS_SA_WD_0.01-20_ConsGalerkinProj_Drift_Second,SA,233,-2.099900e-06,4.709963e-05,4.500000e-05,1.000000e-06,-8.418679e-06
RANS_SA_WD_0.01-20_ConsGalerkinProj_Drift_Second,SA,234,5.382740e-05,5.421126e-05,5.300000e-05,1.000000e-06,2.265829e-05
RANS_SA_WD_0.01-20_ConsGalerkinProj_Drift_Second,SA,235,1.057353e-04,6.142417e-05,6.000000e-05,1.000000e-06,4.896343e-05
RANS_SA_WD_0.01-20_ConsGalerkinProj_Drift_Second,SA,236,1.362019e-04,6.759230e-05,6.600000e-05,1.000000e-06,6.290092e-05
RANS_SA_WD_0.01-20_ConsGalerkinProj_Drift_Second,SA,237,1.199464e-04,6.693009e-05,6.600000e-05,1.000000e-06,5.350419e-05
RANS_SA_WD_0.01-20_ConsGalerkinProj_Drift_Second,SA,238,7.885890e-05,6.244096e-05,6.100000e-05,1.000000e-06,3.490581e-05
RANS_SA_WD_0.01-20_ConsGalerkinProj_Drift_Second,SA,239,4.655310e-05,5.758893e-05,5.600000e-05,1.000000e-06,2.384104e-05
RANS_SA_WD_0.01-20_ConsGalerkinProj_Drift_Second,SA,240,5.214300e-05,6.315070e-05,6.200000e-05,1.000000e-06,7.651320e-06
RANS_SA_WD_0.01-20_ConsGalerkinProj_Drift_Second,SA,241,2.608020e-05,7.383269e-05,7.300000e-05,1.000000e-06,1.367862e-05
RANS_SA_WD_0.01-20_ConsGalerkinProj_Drift_Second,SA,242,4.384000e-07,6.707368e-05,6.600000e-05,1.000000e-06,-1.213606e-05
RANS_SA_WD_0.01-20_ConsGalerkinProj_Drift_Second,SA,243,-2.739730e-05,5.615378e-05,5.400000e-05,1.000000e-06,-3.835627e-05
RANS_SA_WD_0.01-20_ConsGalerkinProj_Drift_Second,SA,244,-5.061850e-05,5.312569e-05,5.100000e-05,1.000000e-06,-5.299705e-05
RANS_SA_WD_0.01-20_ConsGalerkinProj_Drift_Second,SA,245,-9.473540e-05,5.318696e-05,5.100000e-05,1.000000e-06,-7.150477e-05
RANS_SA_WD_0.01-20_ConsGalerkinProj_Drift_Second,SA,246,-1.433755e-04,5.571489e-05,5.400000e-05,2.000000e-06,-8.917192e-05
RANS_SA_WD_0.01-20_ConsGalerkinProj_Drift_Second,SA,247,-1.772705e-04,5.669386e-05,5.400000e-05,2.000000e-06,-1.111003e-04
RANS_SA_WD_0.01-20_ConsGalerkinProj_Drift_Second,SA,248,-1.912821e-04,5.880032e-05,5.600000e-05,2.000000e-06,-1.164928e-04
RANS_SA_WD_0.01-20_ConsGalerkinProj_Drift_Second,SA,249,-1.812600e-04,6.193348e-05,6.000000e-05,2.000000e-06,-1.009206e-04
RANS_SA_WD_0.01-20_ConsGalerkinProj_Drift_Second,SA,250,-1.568681e-04,4.850642e-05,4.600000e-05,2.000000e-06,-4.065315e-05
RANS_SA_WD_0.01-20_ConsGalerkinProj_Drift_Second,SA,251,-9.161960e-05,4.945952e-05,4.700000e-05,2.000000e-06,-2.711890e-06
RANS_SA_WD_0.01-20_ConsGalerkinProj_Drift_Second,SA,252,-5.371780e-05,4.609867e-05,4.400000e-05,2.000000e-06,7.368313e-06
RANS_SA_WD_0.01-20_ConsGalerkinProj_Drift_Second,SA,253,-4.155880e-05,4.648664e-05,4.400000e-05,2.000000e-06,1.977694e-05
RANS_SA_WD_0.01-20_ConsGalerkinProj_Drift_Second,SA,254,-4.690830e-05,4.853171e-05,4.600000e-05,2.000000e-06,2.581925e-05
RANS_SA_WD_0.01-20_ConsGalerkinProj_Drift_Second,SA,255,-4.955540e-05,5.234961e-05,5.000000e-05,2.000000e-06,2.852420e-05
RANS_SA_WD_0.01-20_ConsGalerkinProj_Drift_Second,SA,256,-4.380900e-05,5.668853e-05,5.400000e-05,2.000000e-06,2.957842e-05
RANS_SA_WD_0.01-20_ConsGalerkinProj_Drift_Second,SA,257,-3.020210e-05,5.973112e-05,5.700000e-05,2.000000e-06,3.025162e-05
RANS_SA_WD_0.01-20_ConsGalerkinProj_Drift_Second,SA,258,-4.622660e-05,5.899302e-05,5.600000e-05,2.000000e-06,2.152487e-05
RANS_SA_WD_0.01-20_ConsGalerkinProj_Drift_Second,SA,259,-8.913050e-05,5.703322e-05,5.500000e-05,2.000000e-06,-5.367131e-07
RANS_SA_WD_0.01-20_ConsGalerkinProj_Drift_Second,SA,260,-1.277396e-04,5.471336e-05,5.200000e-05,2.000000e-06,-1.722616e-05
RANS_SA_WD_0.01-20_ConsGalerkinProj_Drift_Second,SA,261,-1.785131e-04,5.685297e-05,5.400000e-05,2.000000e-06,-4.318135e-05
RANS_SA_WD_0.01-20_ConsGalerkinProj_Drift_Second,SA,262,-2.761888e-04,4.469523e-05,4.200000e-05,2.000000e-06,-1.015827e-04
RANS_SA_WD_0.01-20_ConsGalerkinProj_Drift_Second,SA,263,-3.470205e-04,3.726114e-05,3.500000e-05,2.000000e-06,-1.316569e-04
RANS_SA_WD_0.01-20_ConsGalerkinProj_Drift_Second,SA,264,-3.322798e-04,4.286879e-05,4.100000e-05,2.000000e-06,-1.155547e-04
RANS_SA_WD_0.01-20_ConsGalerkinProj_Drift_Second,SA,265,-2.618454e-04,4.982860e-05,4.800000e-05,1.000000e-06,-7.130420e-05
RANS_SA_WD_0.01-20_ConsGalerkinProj_Drift_Second,SA,266,-1.530706e-04,5.967818e-05,5.800000e-05,1.000000e-06,-1.854227e-05
RANS_SA_WD_0.01-20_ConsGalerkinProj_Drift_Second,SA,267,-4.056640e-05,7.204472e-05,7.100000e-05,1.000000e-06,2.790025e-05
RANS_SA_WD_0.01-20_ConsGalerkinProj_Drift_Second,SA,268,7.290010e-05,8.717419e-05,8.600000e-05,0.000000e+00,6.310047e-05
RANS_SA_WD_0.01-20_ConsGalerkinProj_Drift_Second,SA,269,1.688886e-04,9.952889e-05,9.900000e-05,0.000000e+00,8.865939e-05
RANS_SA_WD_0.01-20_ConsGalerkinProj_Drift_Second,SA,270,1.909773e-04,9.420979e-05,9.400000e-05,0.000000e+00,1.024164e-04
RANS_SA_WD_0.01-20_ConsGalerkinProj_Drift_Second,SA,271,1.894953e-04,8.524662e-05,8.500000e-05,0.000000e+00,1.266180e-04
RANS_SA_WD_0.01-20_ConsGalerkinProj_Drift_Second,SA,272,1.303318e-04,7.445935e-05,7.400000e-05,-1.000000e-06,1.127363e-04
RANS_SA_WD_0.01-20_ConsGalerkinProj_Drift_Second,SA,273,9.487960e-05,7.023862e-05,7.000000e-05,0.000000e+00,8.676649e-05
RANS_SA_WD_0.01-20_ConsGalerkinProj_Drift_Second,SA,274,7.241660e-05,6.807880e-05,6.800000e-05,0.000000e+00,5.771717e-05
RANS_SA_WD_0.01-20_ConsGalerkinProj_Drift_Second,SA,275,6.313250e-05,6.717685e-05,6.700000e-05,0.000000e+00,3.722194e-05
RANS_SA_WD_0.01-20_ConsGalerkinProj_Drift_Second,SA,276,5.264990e-05,6.338681e-05,6.300000e-05,0.000000e+00,2.767539e-05
RANS_SA_WD_0.01-20_ConsGalerkinProj_Drift_Second,SA,277,6.626060e-05,6.339784e-05,6.200000e-05,0.000000e+00,3.669268e-05
RANS_SA_WD_0.01-20_ConsGalerkinProj_Drift_Second,SA,278,1.077906e-04,7.004955e-05,6.900000e-05,0.000000e+00,6.460426e-05
RANS_SA_WD_0.01-20_ConsGalerkinProj_Drift_Second,SA,279,1.702585e-04,8.025585e-05,7.900000e-05,1.000000e-06,1.021997e-04
RANS_SA_WD_0.01-20_ConsGalerkinProj_Drift_Second,SA,280,1.870545e-04,7.425076e-05,7.300000e-05,1.000000e-06,1.061466e-04
RANS_SA_WD_0.01-20_ConsGalerkinProj_Drift_Second,SA,281,2.216608e-04,8.602431e-05,8.400000e-05,1.000000e-06,1.170534e-04
RANS_SA_WD_0.01-20_ConsGalerkinProj_Drift_Second,SA,282,1.671520e-04,7.699813e-05,7.500000e-05,1.000000e-06,7.702289e-05
RANS_SA_WD_0.01-20_ConsGalerkinProj_Drift_Second,SA,283,6.816620e-05,6.072756e-05,5.900000e-05,1.000000e-06,1.216548e-05
RANS_SA_WD_0.01-20_ConsGalerkinProj_Drift_Second,SA,284,-5.472790e-05,4.451948e-05,4.300000e-05,1.000000e-06,-5.335086e-05
RANS_SA_WD_0.01-20_ConsGalerkinProj_Drift_Second,SA,285,-1.643279e-04,3.490577e-05,3.400000e-05,1.000000e-06,-9.002950e-05
RANS_SA_WD_0.01-20_ConsGalerkinProj_Drift_Second,SA,286,-2.206633e-04,3.337138e-05,3.200000e-05,0.000000e+00,-9.542058e-05
RANS_SA_WD_0.01-20_ConsGalerkinProj_Drift_Second,SA,287,-2.203465e-04,3.683672e-05,3.600000e-05,0.000000e+00,-7.675240e-05
RANS_SA_WD_0.01-20_ConsGalerkinProj_Drift_Second,SA,288,-1.950496e-04,3.877624e-05,3.800000e-05,0.000000e+00,-5.304778e-05
RANS_SA_WD_0.01-20_ConsGalerkinProj_Drift_Second,SA,289,-1.645124e-04,4.008821e-05,3.900000e-05,0.000000e+00,-3.395575e-05
RANS_SA_WD_0.01-20_ConsGalerkinProj_Drift_Second,SA,290,-1.206586e-04,3.925546e-05,3.900000e-05,0.000000e+00,1.304087e-06
RANS_SA_WD_0.01-20_ConsGalerkinProj_Drift_Second,SA,291,-5.745600e-05,4.850841e-05,4.800000e-05,0.000000e+00,4.671360e-05
RANS_SA_WD_0.01-20_ConsGalerkinProj_Drift_Second,SA,292,-4.888050e-05,5.300716e-05,5.200000e-05,0.000000e+00,4.435468e-05
RANS_SA_WD_0.01-20_ConsGalerkinProj_Drift_Second,SA,293,-5.430500e-05,5.560838e-05,5.500000e-05,0.000000e+00,3.025872e-05
RANS_SA_WD_0.01-20_ConsGalerkinProj_Drift_Second,SA,294,-7.750460e-05,5.375879e-05,5.300000e-05,0.000000e+00,2.718524e-05
RANS_SA_WD_0.01-20_ConsGalerkinProj_Drift_Second,SA,295,-8.814760e-05,5.389894e-05,5.300000e-05,0.000000e+00,2.774975e-05
RANS_SA_WD_0.01-20_ConsGalerkinProj_Drift_Second,SA,296,-9.560970e-05,5.219059e-05,5.100000e-05,0.000000e+00,1.622238e-05
RANS_SA_WD_0.01-20_ConsGalerkinProj_Drift_Second,SA,297,-1.196576e-04,4.639848e-05,4.600000e-05,0.000000e+00,-1.120080e-05
RANS_SA_WD_0.01-20_ConsGalerkinProj_Drift_Second,SA,298,-1.602032e-04,3.980637e-05,3.900000e-05,0.000000e+00,-3.993174e-05
RANS_SA_WD_0.01-20_ConsGalerkinProj_Drift_Second,SA,299,-1.978758e-04,3.498994e-05,3.400000e-05,0.000000e+00,-6.280067e-05
RANS_SA_WD_0.01-20_ConsGalerkinProj_Drift_Second,SA,300,-1.774993e-04,3.284927e-05,3.200000e-05,0.000000e+00,-5.472523e-05
RANS_SA_WD_0.01-20_ConsGalerkinProj_Drift_Second,SA,301,-1.408374e-04,3.995736e-05,3.900000e-05,0.000000e+00,-1.874045e-05
RANS_SA_WD_0.01-20_ConsGalerkinProj_Drift_Second,SA,302,-5.973430e-05,4.813186e-05,4.700000e-05,0.000000e+00,1.606757e-05
RANS_SA_WD_0.01-20_ConsGalerkinProj_Drift_Second,SA,303,3.414380e-05,5.313618e-05,5.200000e-05,1.000000e-06,4.055390e-05
RANS_SA_WD_0.01-20_ConsGalerkinProj_Drift_Second,SA,304,1.015467e-04,5.737928e-05,5.600000e-05,1.000000e-06,6.003261e-05
RANS_SA_WD_0.01-20_ConsGalerkinProj_Drift_Second,SA,305,1.430630e-04,6.295926e-05,6.200000e-05,1.000000e-06,7.129622e-05
RANS_SA_WD_0.01-20_ConsGalerkinProj_Drift_Second,SA,306,1.652920e-04,6.870611e-05,6.700000e-05,1.000000e-06,7.993901e-05
RANS_SA_WD_0.01-20_ConsGalerkinProj_Drift_Second,SA,307,1.909863e-04,7.632317e-05,7.500000e-05,1.000000e-06,9.114589e-05
RANS_SA_WD_0.01-20_ConsGalerkinProj_Drift_Second,SA,308,2.041866e-04,8.152497e-05,8.000000e-05,1.000000e-06,9.813213e-05
RANS_SA_WD_0.01-20_ConsGalerkinProj_Drift_Second,SA,309,1.842189e-04,7.893023e-05,7.700000e-05,1.000000e-06,8.316612e-05
RANS_SA_WD_0.01-20_ConsGalerkinProj_Drift_Second,SA,310,9.737950e-05,6.894263e-05,6.700000e-05,1.000000e-06,3.725952e-05
RANS_SA_WD_0.01-20_ConsGalerkinProj_Drift_Second,SA,311,3.586100e-06,6.210374e-05,6.000000e-05,1.000000e-06,2.397123e-05
RANS_SA_WD_0.01-20_ConsGalerkinProj_Drift_Second,SA,312,-5.318620e-05,5.985815e-05,5.800000e-05,1.000000e-06,2.069103e-05
RANS_SA_WD_0.01-20_ConsGalerkinProj_Drift_Second,SA,313,-1.239760e-05,6.941232e-05,6.700000e-05,2.000000e-06,4.659271e-05
RANS_SA_WD_0.01-20_ConsGalerkinProj_Drift_Second,SA,314,9.425790e-05,8.516458e-05,8.300000e-05,2.000000e-06,9.579751e-05
RANS_SA_WD_0.01-20_ConsGalerkinProj_Drift_Second,SA,315,2.203758e-04,9.962216e-05,9.700000e-05,2.000000e-06,1.484650e-04
RANS_SA_WD_0.01-20_ConsGalerkinProj_Drift_Second,SA,316,3.560816e-04,1.129605e-04,1.110000e-04,2.000000e-06,1.979180e-04
RANS_SA_WD_0.01-20_ConsGalerkinProj_Drift_Second,SA,317,4.697484e-04,1.221082e-04,1.200000e-04,1.000000e-06,2.312314e-04
RANS_SA_WD_0.01-20_ConsGalerkinProj_Drift_Second,SA,318,5.481020e-04,1.268607e-04,1.250000e-04,1.000000e-06,2.474963e-04
RANS_SA_WD_0.01-20_ConsGalerkinProj_Drift_Second,SA,319,5.801488e-04,1.258372e-04,1.240000e-04,1.000000e-06,2.438108e-04
RANS_SA_WD_0.01-20_ConsGalerkinProj_Drift_Second,SA,320,3.450090e-04,8.448515e-05,8.300000e-05,1.000000e-06,1.191853e-04
RANS_SA_WD_0.01-20_ConsGalerkinProj_Drift_Second,SA,321,2.038917e-04,6.594810e-05,6.400000e-05,1.000000e-06,4.447876e-05
RANS_SA_WD_0.01-20_ConsGalerkinProj_Drift_Second,SA,322,-1.051300e-06,3.676997e-05,3.500000e-05,1.000000e-06,-4.221694e-05
RANS_SA_WD_0.01-20_ConsGalerkinProj_Drift_Second,SA,323,-1.770306e-04,1.320676e-05,1.200000e-05,1.000000e-06,-1.090283e-04
RANS_SA_WD_0.01-20_ConsGalerkinProj_Drift_Second,SA,324,-2.947169e-04,-1.930560e-06,-4.000000e-06,1.000000e-06,-1.529300e-04
RANS_SA_WD_0.01-20_ConsGalerkinProj_Drift_Second,SA,325,-3.608875e-04,-9.157710e-06,-1.100000e-05,1.000000e-06,-1.798165e-04
RANS_SA_WD_0.01-20_ConsGalerkinProj_Drift_Second,SA,326,-3.908093e-04,-1.022378e-05,-1.200000e-05,1.000000e-06,-1.940504e-04
RANS_SA_WD_0.01-20_ConsGalerkinProj_Drift_Second,SA,327,-4.130201e-04,-9.244070e-06,-1.100000e-05,1.000000e-06,-2.022792e-04
RANS_SA_WD_0.01-20_ConsGalerkinProj_Drift_Second,SA,328,-4.346078e-04,-8.634250e-06,-1.000000e-05,1.000000e-06,-2.041837e-04
RANS_SA_WD_0.01-20_ConsGalerkinProj_Drift_Second,SA,329,-4.513150e-04,-8.246020e-06,-1.000000e-05,1.000000e-06,-2.008058e-04
RANS_SA_WD_0.01-20_ConsGalerkinProj_Drift_Second,SA,330,-4.607369e-04,-1.586397e-05,-1.800000e-05,1.000000e-06,-2.136108e-04
RANS_SA_WD_0.01-20_ConsGalerkinProj_Drift_Second,SA,331,-4.697678e-04,-4.765590e-06,-7.000000e-06,1.000000e-06,-2.048412e-04
RANS_SA_WD_0.01-20_ConsGalerkinProj_Drift_Second,SA,332,-4.771597e-04,3.745890e-06,2.000000e-06,1.000000e-06,-2.099596e-04
RANS_SA_WD_0.01-20_ConsGalerkinProj_Drift_Second,SA,333,-4.480840e-04,1.536238e-05,1.400000e-05,1.000000e-06,-1.996753e-04
RANS_SA_WD_0.01-20_ConsGalerkinProj_Drift_Second,SA,334,-3.993324e-04,2.994280e-05,2.800000e-05,1.000000e-06,-1.757661e-04
RANS_SA_WD_0.01-20_ConsGalerkinProj_Drift_Second,SA,335,-3.549949e-04,4.052364e-05,3.900000e-05,1.000000e-06,-1.503055e-04
RANS_SA_WD_0.01-20_ConsGalerkinProj_Drift_Second,SA,336,-3.034852e-04,4.802160e-05,4.700000e-05,1.000000e-06,-1.184194e-04
RANS_SA_WD_0.01-20_ConsGalerkinProj_Drift_Second,SA,337,-2.336909e-04,5.537405e-05,5.400000e-05,1.000000e-06,-7.676613e-05
RANS_SA_WD_0.01-20_ConsGalerkinProj_Drift_Second,SA,338,-1.450936e-04,6.560389e-05,6.400000e-05,1.000000e-06,-3.052673e-05
RANS_SA_WD_0.01-20_ConsGalerkinProj_Drift_Second,SA,339,-6.931810e-05,7.594684e-05,7.500000e-05,1.000000e-06,5.270051e-06
RANS_SA_WD_0.01-20_ConsGalerkinProj_Drift_Second,SA,340,4.500680e-05,8.779261e-05,8.700000e-05,1.000000e-06,9.133349e-05
RANS_SA_WD_0.01-20_ConsGalerkinProj_Drift_Second,SA,341,1.346521e-04,1.098687e-04,1.090000e-04,0.000000e+00,1.429565e-04
RANS_SA_WD_0.01-20_ConsGalerkinProj_Drift_Second,SA,342,1.499508e-04,1.157366e-04,1.150000e-04,0.000000e+00,1.395435e-04
RANS_SA_WD_0.01-20_ConsGalerkinProj_Drift_Second,SA,343,1.306243e-04,1.082445e-04,1.070000e-04,0.000000e+00,1.054240e-04
RANS_SA_WD_0.01-20_ConsGalerkinProj_Drift_Second,SA,344,8.860230e-05,9.517243e-05,9.400000e-05,0.000000e+00,6.308859e-05
RANS_SA_WD_0.01-20_ConsGalerkinProj_Drift_Second,SA,345,4.438010e-05,8.445475e-05,8.300000e-05,0.000000e+00,2.923216e-05
RANS_SA_WD_0.01-20_ConsGalerkinProj_Drift_Second,SA,346,-4.438000e-07,7.640225e-05,7.500000e-05,0.000000e+00,5.915429e-06
RANS_SA_WD_0.01-20_ConsGalerkinProj_Drift_Second,SA,347,-3.292300e-05,6.968252e-05,6.900000e-05,1.000000e-06,-1.345028e-05
RANS_SA_WD_0.01-20_ConsGalerkinProj_Drift_Second,SA,348,-3.616750e-05,6.812735e-05,6.700000e-05,1.000000e-06,-9.344150e-06
RANS_SA_WD_0.01-20_ConsGalerkinProj_Drift_Second,SA,349,-2.273020e-05,6.799913e-05,6.700000e-05,1.000000e-06,1.196639e-07
RANS_SA_WD_0.01-20_ConsGalerkinProj_Drift_Second,SA,350,1.055530e-04,7.080371e-05,6.900000e-05,1.000000e-06,9.289333e-05
RANS_SA_WD_0.01-20_ConsGalerkinProj_Drift_Second,SA,351,2.490793e-04,8.440393e-05,8.300000e-05,1.000000e-06,1.735770e-04
RANS_SA_WD_0.01-20_ConsGalerkinProj_Drift_Second,SA,352,3.323753e-04,9.383802e-05,9.200000e-05,1.000000e-06,1.863008e-04
RANS_SA_WD_0.01-20_ConsGalerkinProj_Drift_Second,SA,353,3.950185e-04,1.034512e-04,1.010000e-04,1.000000e-06,1.815476e-04
RANS_SA_WD_0.01-20_ConsGalerkinProj_Drift_Second,SA,354,4.493254e-04,1.108908e-04,1.090000e-04,1.000000e-06,1.848504e-04
RANS_SA_WD_0.01-20_ConsGalerkinProj_Drift_Second,SA,355,4.718664e-04,1.115028e-04,1.090000e-04,2.000000e-06,1.896678e-04
RANS_SA_WD_0.01-20_ConsGalerkinProj_Drift_Second,SA,356,4.623026e-04,1.078906e-04,1.060000e-04,2.000000e-06,1.915914e-04
RANS_SA_WD_0.01-20_ConsGalerkinProj_Drift_Second,SA,357,4.433719e-04,1.076760e-04,1.050000e-04,2.000000e-06,1.880272e-04
RANS_SA_WD_0.01-20_ConsGalerkinProj_Drift_Second,SA,358,4.344201e-04,1.123212e-04,1.100000e-04,2.000000e-06,1.817748e-04
RANS_SA_WD_0.01-20_ConsGalerkinProj_Drift_Second,SA,359,4.397687e-04,1.148903e-04,1.120000e-04,2.000000e-06,1.715010e-04
RANS_SA_WD_0.01-20_ConsGalerkinProj_Drift_Second,SA,360,2.900181e-04,8.842447e-05,8.600000e-05,2.000000e-06,8.138898e-05
RANS_SA_WD_0.01-20_ConsGalerkinProj_Drift_Second,SA,361,1.470286e-04,6.113815e-05,5.900000e-05,2.000000e-06,1.819415e-05
RANS_SA_WD_0.01-20_ConsGalerkinProj_Drift_Second,SA,362,-3.652060e-05,2.991705e-05,2.700000e-05,2.000000e-06,-4.035367e-05
RANS_SA_WD_0.01-20_ConsGalerkinProj_Drift_Second,SA,363,-1.474290e-04,1.788018e-05,1.500000e-05,2.000000e-06,-7.128534e-05
RANS_SA_WD_0.01-20_ConsGalerkinProj_Drift_Second,SA,364,-1.784102e-04,2.007345e-05,1.700000e-05,2.000000e-06,-7.680670e-05
RANS_SA_WD_0.01-20_ConsGalerkinProj_Drift_Second,SA,365,-1.801099e-04,2.575295e-05,2.300000e-05,2.000000e-06,-7.798497e-05
RANS_SA_WD_0.01-20_ConsGalerkinProj_Drift_Second,SA,366,-1.650913e-04,3.121082e-05,2.800000e-05,2.000000e-06,-7.622577e-05
RANS_SA_WD_0.01-20_ConsGalerkinProj_Drift_Second,SA,367,-1.594428e-04,3.274310e-05,3.000000e-05,2.000000e-06,-7.942911e-05
RANS_SA_WD_0.01-20_ConsGalerkinProj_Drift_Second,SA,368,-1.639964e-04,3.411131e-05,3.100000e-05,3.000000e-06,-7.250782e-05
RANS_SA_WD_0.01-20_ConsGalerkinProj_Drift_Second,SA,369,-1.636230e-04,3.755431e-05,3.400000e-05,3.000000e-06,-5.689229e-05
RANS_SA_WD_0.01-20_ConsGalerkinProj_Drift_Second,SA,370,-1.274251e-04,4.511438e-05,4.200000e-05,3.000000e-06,-2.912526e-05
RANS_SA_WD_0.01-20_ConsGalerkinProj_Drift_Second,SA,371,-4.152420e-05,6.370698e-05,6.000000e-05,3.000000e-06,3.577990e-05
RANS_SA_WD_0.01-20_ConsGalerkinProj_Drift_Second,SA,372,-2.475600e-06,6.575048e-05,6.200000e-05,3.000000e-06,3.831744e-05
RANS_SA_WD_0.01-20_ConsGalerkinProj_Drift_Second,SA,373,-1.592000e-07,5.941874e-05,5.500000e-05,3.000000e-06,1.252812e-05
RANS_SA_WD_0.01-20_ConsGalerkinProj_Drift_Second,SA,374,-3.458550e-05,5.217592e-05,4.800000e-05,3.000000e-06,-1.680083e-05
RANS_SA_WD_0.01-20_ConsGalerkinProj_Drift_Second,SA,375,-7.277620e-05,4.698973e-05,4.300000e-05,4.000000e-06,-2.769359e-05
RANS_SA_WD_0.01-20_ConsGalerkinProj_Drift_Second,SA,376,-8.505620e-05,4.526614e-05,4.100000e-05,4.000000e-06,-1.890255e-05
RANS_SA_WD_0.01-20_ConsGalerkinProj_Drift_Second,SA,377,-5.344510e-05,4.921637e-05,4.500000e-05,4.000000e-06,5.167371e-06
RANS_SA_WD_0.01-20_ConsGalerkinProj_Drift_Second,SA,378,1.662690e-05,5.829987e-05,5.400000e-05,4.000000e-06,3.875004e-05
RANS_SA_WD_0.01-20_ConsGalerkinProj_Drift_Second,SA,379,9.542550e-05,6.905076e-05,6.400000e-05,4.000000e-06,7.049140e-05
RANS_SA_WD_0.01-20_ConsGalerkinProj_Drift_Second,SA,380,5.583770e-05,6.204866e-05,5.700000e-05,4.000000e-06,4.617390e-05
RANS_SA_WD_0.01-20_ConsGalerkinProj_Drift_Second,SA,381,-2.053400e-06,5.466757e-05,5.000000e-05,4.000000e-06,1.548077e-05
RANS_SA_WD_0.01-20_ConsGalerkinProj_Drift_Second,SA,382,-4.901530e-05,4.465843e-05,4.000000e-05,4.000000e-06,-9.142446e-06
RANS_SA_WD_0.01-20_ConsGalerkinProj_Drift_Second,SA,383,-6.100370e-05,4.338548e-05,3.800000e-05,5.000000e-06,-2.042570e-05
RANS_SA_WD_0.01-20_ConsGalerkinProj_Drift_Second,SA,384,-7.212190e-05,4.370618e-05,3.800000e-05,5.000000e-06,-3.279413e-05
RANS_SA_WD_0.01-20_ConsGalerkinProj_Drift_Second,SA,385,-9.044880e-05,4.220886e-05,3.700000e-05,5.000000e-06,-5.233588e-05
RANS_SA_WD_0.01-20_ConsGalerkinProj_Drift_Second,SA,386,-9.551830e-05,4.651679e-05,4.100000e-05,4.000000e-06,-6.923023e-05
RANS_SA_WD_0.01-20_ConsGalerkinProj_Drift_Second,SA,387,-8.885050e-05,5.105470e-05,4.600000e-05,4.000000e-06,-8.392023e-05
RANS_SA_WD_0.01-20_ConsGalerkinProj_Drift_Second,SA,388,-9.674860e-05,5.134007e-05,4.600000e-05,4.000000e-06,-9.341247e-05
RANS_SA_WD_0.01-20_ConsGalerkinProj_Drift_Second,SA,389,-1.209905e-04,4.515618e-05,4.000000e-05,4.000000e-06,-1.033015e-04
RANS_SA_WD_0.01-20_ConsGalerkinProj_Drift_Second,SA,390,-1.646537e-04,2.477265e-05,2.000000e-05,4.000000e-06,-1.004985e-04
RANS_SA_WD_0.01-20_ConsGalerkinProj_Drift_Second,SA,391,-1.738876e-04,2.079393e-05,1.600000e-05,4.000000e-06,-6.507069e-05
RANS_SA_WD_0.01-20_ConsGalerkinProj_Drift_Second,SA,392,-1.943744e-04,1.228077e-05,8.000000e-06,4.000000e-06,-6.036220e-05
RANS_SA_WD_0.01-20_ConsGalerkinProj_Drift_Second,SA,393,-1.663204e-04,1.265021e-05,9.000000e-06,3.000000e-06,-5.482510e-05
RANS_SA_WD_0.01-20_ConsGalerkinProj_Drift_Second,SA,394,-1.107462e-04,1.971473e-05,1.600000e-05,3.000000e-06,-3.767649e-05
RANS_SA_WD_0.01-20_ConsGalerkinProj_Drift_Second,SA,395,-7.996150e-05,2.570550e-05,2.200000e-05,3.000000e-06,-2.723129e-05
RANS_SA_WD_0.01-20_ConsGalerkinProj_Drift_Second,SA,396,-9.634040e-05,2.628723e-05,2.300000e-05,3.000000e-06,-3.633110e-05
RANS_SA_WD_0.01-20_ConsGalerkinProj_Drift_Second,SA,397,-1.400750e-04,2.398613e-05,2.100000e-05,3.000000e-06,-5.974139e-05
RANS_SA_WD_0.01-20_ConsGalerkinProj_Drift_Second,SA,398,-1.988716e-04,2.044772e-05,1.700000e-05,2.000000e-06,-8.529359e-05
RANS_SA_WD_0.01-20_ConsGalerkinProj_Drift_Second,SA,399,-2.492224e-04,1.805787e-05,1.500000e-05,2.000000e-06,-9.833232e-05
RANS_SA_WD_0.01-20_ConsGalerkinProj_Drift_Seed2_Second,SA,2,0.000000e+00,0.000000e+00,0.000000e+00,0.000000e+00,0.000000e+00
RANS_SA_WD_0.01-20_ConsGalerkinProj_Drift_Seed2_Second,SA,3,0.000000e+00,0.000000e+00,0.000000e+00,0.000000e+00,0.000000e+00
RANS_SA_WD_0.01-20_ConsGalerkinProj_Drift_Seed2_Second,SA,4,0.000000e+00,0.000000e+00,0.000000e+00,0.000000e+00,0.000000e+00
RANS_SA_WD_0.01-20_ConsGalerkinProj_Drift_Seed2_Second,SA,5,0.000000e+00,0.000000e+00,0.000000e+00,0.000000e+00,0.000000e+00
RANS_SA_WD_0.01-20_ConsGalerkinProj_Drift_Seed2_Second,SA,6,0.000000e+00,0.000000e+00,0.000000e+00,0.000000e+00,0.000000e+00
RANS_SA_WD_0.01-20_ConsGalerkinProj_Drift_Seed2_Second,SA,7,0.000000e+00,0.000000e+00,0.000000e+00,0.000000e+00,0.000000e+00
RANS_SA_WD_0.01-20_ConsGalerkinProj_Drift_Seed2_Second,SA,8,0.000000e+00,0.000000e+00,0.000000e+00,0.000000e+00,0.000000e+00
RANS_SA_WD_0.01-20_ConsGalerkinProj_Drift_Seed2_Second,SA,9,0.000000e+00,0.000000e+00,0.000000e+00,0.000000e+00,0.000000e+00
RANS_SA_WD_0.01-20_ConsGalerkinProj_Drift_Seed2_Second,SA,10,3.124560e-05,3.368682e-05,3.300000e-05,0.000000e+00,5.144342e-05
RANS_SA_WD_0.01-20_ConsGalerkinProj_Drift_Seed2_Second,SA,11,1.021902e-04,5.445927e-05,5.400000e-05,0.000000e+00,7.655323e-05
RANS_SA_WD_0.01-20_ConsGalerkinProj_Drift_Seed2_Second,SA,12,1.225889e-04,5.701979e-05,5.700000e-05,0.000000e+00,6.361664e-05
RANS_SA_WD_0.01-20_ConsGalerkinProj_Drift_Seed2_Second,SA,13,1.238193e-04,5.098752e-05,5.100000e-05,0.000000e+00,4.838357e-05
RANS_SA_WD_0.01-20_ConsGalerkinProj_Drift_Seed2_Second,SA,14,1.298174e-04,4.591498e-05,4.500000e-05,0.000000e+00,5.078381e-05
RANS_SA_WD_0.01-20_ConsGalerkinProj_Drift_Seed2_Second,SA,15,1.377747e-04,4.589984e-05,4.600000e-05,0.000000e+00,5.786593e-05
RANS_SA_WD_0.01-20_ConsGalerkinProj_Drift_Seed2_Second,SA,16,1.426397e-04,4.982204e-05,5.000000e-05,0.000000e+00,6.116484e-05
RANS_SA_WD_0.01-20_ConsGalerkinProj_Drift_Seed2_Second,SA,17,1.471305e-04,5.353891e-05,5.300000e-05,0.000000e+00,5.165383e-05
RANS_SA_WD_0.01-20_ConsGalerkinProj_Drift_Seed2_Second,SA,18,1.423527e-04,5.627793e-05,5.600000e-05,-1.000000e-06,4.295329e-05
RANS_SA_WD_0.01-20_ConsGalerkinProj_Drift_Seed2_Second,SA,19,1.188824e-04,5.572389e-05,5.600000e-05,-1.000000e-06,2.759766e-05
RANS_SA_WD_0.01-20_ConsGalerkinProj_Drift_Seed2_Second,SA,20,3.065590e-05,4.347418e-05,4.300000e-05,-1.000000e-06,-4.496283e-05
RANS_SA_WD_0.01-20_ConsGalerkinProj_Drift_Seed2_Second,SA,21,-3.306010e-05,4.474846e-05,4.500000e-05,-1.000000e-06,-5.210834e-05
RANS_SA_WD_0.01-20_ConsGalerkinProj_Drift_Seed2_Second,SA,22,-8.103480e-05,4.043638e-05,4.100000e-05,-1.000000e-06,-5.296783e-05
RANS_SA_WD_0.01-20_ConsGalerkinProj_Drift_Seed2_Second,SA,23,-1.053670e-04,4.087564e-05,4.100000e-05,-1.000000e-06,-5.601686e-05
RANS_SA_WD_0.01-20_ConsGalerkinProj_Drift_Seed2_Second,SA,24,-1.397930e-04,3.933655e-05,4.000000e-05,-1.000000e-06,-6.687871e-05
RANS_SA_WD_0.01-20_ConsGalerkinProj_Drift_Seed2_Second,SA,25,-1.672751e-04,3.744481e-05,3.800000e-05,-1.000000e-06,-7.604155e-05
RANS_SA_WD_0.01-20_ConsGalerkinProj_Drift_Seed2_Second,SA,26,-1.647694e-04,3.706907e-05,3.700000e-05,-1.000000e-06,-6.858483e-05
RANS_SA_WD_0.01-20_ConsGalerkinProj_Drift_Seed2_Second,SA,27,-1.205596e-04,4.141703e-05,4.200000e-05,-1.000000e-06,-3.757444e-05
RANS_SA_WD_0.01-20_ConsGalerkinProj_Drift_Seed2_Second,SA,28,-4.297180e-05,5.043265e-05,5.100000e-05,-1.000000e-06,5.439755e-06
RANS_SA_WD_0.01-20_ConsGalerkinProj_Drift_Seed2_Second,SA,29,4.179310e-05,6.081427e-05,6.100000e-05,-1.000000e-06,4.690134e-05
RANS_SA_WD_0.01-20_ConsGalerkinProj_Drift_Seed2_Second,SA,30,8.119440e-05,6.320394e-05,6.400000e-05,-2.000000e-06,5.559798e-05
RANS_SA_WD_0.01-20_ConsGalerkinProj_Drift_Seed2_Second,SA,31,1.182239e-04,7.528334e-05,7.600000e-05,-2.000000e-06,4.752071e-05
RANS_SA_WD_0.01-20_ConsGalerkinProj_Drift_Seed2_Second,SA,32,1.046215e-04,7.585859e-05,7.700000e-05,-2.000000e-06,2.864511e-05
RANS_SA_WD_0.01-20_ConsGalerkinProj_Drift_Seed2_Second,SA,33,8.341040e-05,7.259363e-05,7.400000e-05,-2.000000e-06,1.325807e-05
RANS_SA_WD_0.01-20_ConsGalerkinProj_Drift_Seed2_Second,SA,34,5.067720e-05,6.669750e-05,6.800000e-05,-2.000000e-06,-8.097413e-07
RANS_SA_WD_0.01-20_ConsGalerkinProj_Drift_Seed2_Second,SA,35,2.180500e-06,6.077465e-05,6.200000e-05,-2.000000e-06,-2.112744e-05
RANS_SA_WD_0.01-20_ConsGalerkinProj_Drift_Seed2_Second,SA,36,-5.236480e-05,5.383212e-05,5.500000e-05,-2.000000e-06,-4.587090e-05
RANS_SA_WD_0.01-20_ConsGalerkinProj_Drift_Seed2_Second,SA,37,-1.144665e-04,4.574288e-05,4.700000e-05,-2.000000e-06,-7.660073e-05
RANS_SA_WD_0.01-20_ConsGalerkinProj_Drift_Seed2_Second,SA,38,-1.830588e-04,3.668565e-05,3.800000e-05,-2.000000e-06,-1.108755e-04
RANS_SA_WD_0.01-20_ConsGalerkinProj_Drift_Seed2_Second,SA,39,-2.418836e-04,3.028622e-05,3.100000e-05,-2.000000e-06,-1.386542e-04
RANS_SA_WD_0.01-20_ConsGalerkinProj_Drift_Seed2_Second,SA,40,-2.321376e-04,2.980293e-05,3.000000e-05,-1.000000e-06,-8.706837e-05
RANS_SA_WD_0.01-20_ConsGalerkinProj_Drift_Seed2_Second,SA,41,-1.440615e-04,3.955577e-05,3.900000e-05,-1.000000e-06,-1.203207e-05
RANS_SA_WD_0.01-20_ConsGalerkinProj_Drift_Seed2_Second,SA,42,-1.058907e-04,4.270500e-05,4.200000e-05,0.000000e+00,1.901740e-05
RANS_SA_WD_0.01-20_ConsGalerkinProj_Drift_Seed2_Second,SA,43,-6.605190e-05,4.767080e-05,4.700000e-05,0.000000e+00,3.200131e-05
RANS_SA_WD_0.01-20_ConsGalerkinProj_Drift_Seed2_Second,SA,44,-1.545410e-05,5.924649e-05,5.800000e-05,1.000000e-06,5.749212e-05
RANS_SA_WD_0.01-20_ConsGalerkinProj_Drift_Seed2_Second,SA,45,3.998200e-05,7.225618e-05,7.100000e-05,1.000000e-06,8.540036e-05
RANS_SA_WD_0.01-20_ConsGalerkinProj_Drift_Seed2_Second,SA,46,8.517000e-05,8.153167e-05,8.000000e-05,1.000000e-06,1.065938e-04
RANS_SA_WD_0.01-20_ConsGalerkinProj_Drift_Seed2_Second,SA,47,9.668310e-05,8.315655e-05,8.100000e-05,1.000000e-06,1.099295e-04
RANS_SA_WD_0.01-20_ConsGalerkinProj_Drift_Seed2_Second,SA,48,9.188900e-05,8.074595e-05,7.900000e-05,1.000000e-06,9.696607e-05
RANS_SA_WD_0.01-20_ConsGalerkinProj_Drift_Seed2_Second,SA,49,7.431690e-05,7.437621e-05,7.300000e-05,1.000000e-06,7.953881e-05
RANS_SA_WD_0.01-20_ConsGalerkinProj_Drift_Seed2_Second,SA,50,-2.761520e-05,6.262367e-05,6.100000e-05,1.000000e-06,1.474583e-05
RANS_SA_WD_0.01-20_ConsGalerkinProj_Drift_Seed2_Second,SA,51,-1.145438e-04,5.062971e-05,4.900000e-05,1.000000e-06,-2.779884e-05
RANS_SA_WD_0.01-20_ConsGalerkinProj_Drift_Seed2_Second,SA,52,-1.769906e-04,3.721182e-05,3.600000e-05,1.000000e-06,-6.722932e-05
RANS_SA_WD_0.01-20_ConsGalerkinProj_Drift_Seed2_Second,SA,53,-1.778549e-04,3.428200e-05,3.300000e-05,1.000000e-06,-7.232927e-05
RANS_SA_WD_0.01-20_ConsGalerkinProj_Drift_Seed2_Second,SA,54,-1.521435e-04,3.563941e-05,3.400000e-05,1.000000e-06,-5.868840e-05
RANS_SA_WD_0.01-20_ConsGalerkinProj_Drift_Seed2_Second,SA,55,-1.083480e-04,4.108056e-05,4.000000e-05,1.000000e-06,-4.734873e-05
RANS_SA_WD_0.01-20_ConsGalerkinProj_Drift_Seed2_Second,SA,56,-6.644890e-05,4.508470e-05,4.400000e-05,1.000000e-06,-3.892474e-05
RANS_SA_WD_0.01-20_ConsGalerkinProj_Drift_Seed2_Second,SA,57,-5.159880e-05,4.606497e-05,4.500000e-05,1.000000e-06,-3.626209e-05
RANS_SA_WD_0.01-20_ConsGalerkinProj_Drift_Seed2_Second,SA,58,-6.207270e-05,4.580986e-05,4.400000e-05,1.000000e-06,-4.045039e-05
RANS_SA_WD_0.01-20_ConsGalerkinProj_Drift_Seed2_Second,SA,59,-9.233820e-05,4.410894e-05,4.300000e-05,1.000000e-06,-4.905988e-05
RANS_SA_WD_0.01-20_ConsGalerkinProj_Drift_Seed2_Second,SA,60,-1.222825e-04,4.190301e-05,4.000000e-05,1.000000e-06,-4.847562e-05
RANS_SA_WD_0.01-20_ConsGalerkinProj_Drift_Seed2_Second,SA,61,-1.867681e-04,4.716459e-05,4.500000e-05,1.000000e-06,-4.463560e-05
RANS_SA_WD_0.01-20_ConsGalerkinProj_Drift_Seed2_Second,SA,62,-2.118178e-04,5.191245e-05,5.000000e-05,1.000000e-06,-3.823902e-05
RANS_SA_WD_0.01-20_ConsGalerkinProj_Drift_Seed2_Second,SA,63,-1.742699e-04,6.025894e-05,5.800000e-05,1.000000e-06,-3.028447e-05
RANS_SA_WD_0.01-20_ConsGalerkinProj_Drift_Seed2_Second,SA,64,-1.137149e-04,7.287916e-05,7.100000e-05,1.000000e-06,-2.150432e-05
RANS_SA_WD_0.01-20_ConsGalerkinProj_Drift_Seed2_Second,SA,65,-9.617940e-05,8.069934e-05,7.800000e-05,2.000000e-06,-2.598161e-05
RANS_SA_WD_0.01-20_ConsGalerkinProj_Drift_Seed2_Second,SA,66,-1.202184e-04,8.135351e-05,7.900000e-05,2.000000e-06,-4.660926e-05
RANS_SA_WD_0.01-20_ConsGalerkinProj_Drift_Seed2_Second,SA,67,-1.695922e-04,7.804273e-05,7.600000e-05,2.000000e-06,-6.981756e-05
RANS_SA_WD_0.01-20_ConsGalerkinProj_Drift_Seed2_Second,SA,68,-2.084117e-04,7.484373e-05,7.200000e-05,2.000000e-06,-8.074837e-05
RANS_SA_WD_0.01-20_ConsGalerkinProj_Drift_Seed2_Second,SA,69,-2.154842e-04,7.298751e-05,7.000000e-05,2.000000e-06,-7.207035e-05
RANS_SA_WD_0.01-20_ConsGalerkinProj_Drift_Seed2_Second,SA,70,-8.631100e-05,6.716017e-05,6.500000e-05,2.000000e-06,1.815677e-05
RANS_SA_WD_0.01-20_ConsGalerkinProj_Drift_Seed2_Second,SA,71,1.794590e-05,6.716274e-05,6.500000e-05,2.000000e-06,7.648858e-05
RANS_SA_WD_0.01-20_ConsGalerkinProj_Drift_Seed2_Second,SA,72,4.977420e-05,6.337655e-05,6.100000e-05,2.000000e-06,8.132409e-05
RANS_SA_WD_0.01-20_ConsGalerkinProj_Drift_Seed2_Second,SA,73,7.818400e-05,6.628206e-05,6.400000e-05,2.000000e-06,8.297969e-05
RANS_SA_WD_0.01-20_ConsGalerkinProj_Drift_Seed2_Second,SA,74,1.051057e-04,6.832394e-05,6.600000e-05,2.000000e-06,8.797436e-05
RANS_SA_WD_0.01-20_ConsGalerkinProj_Drift_Seed2_Second,SA,75,1.426242e-04,7.101846e-05,6.900000e-05,2.000000e-06,1.010785e-04
RANS_SA_WD_0.01-20_ConsGalerkinProj_Drift_Seed2_Second,SA,76,2.036395e-04,7.668556e-05,7.400000e-05,2.000000e-06,1.273771e-04
RANS_SA_WD_0.01-20_ConsGalerkinProj_Drift_Seed2_Second,SA,77,2.655130e-04,8.294962e-05,8.100000e-05,2.000000e-06,1.508871e-04
RANS_SA_WD_0.01-20_ConsGalerkinProj_Drift_Seed2_Second,SA,78,2.970428e-04,8.534870e-05,8.300000e-05,2.000000e-06,1.574788e-04
RANS_SA_WD_0.01-20_ConsGalerkinProj_Drift_Seed2_Second,SA,79,2.841754e-04,8.333590e-05,8.100000e-05,2.000000e-06,1.387620e-04
RANS_SA_WD_0.01-20_ConsGalerkinProj_Drift_Seed2_Second,SA,80,1.848014e-04,7.173483e-05,7.000000e-05,1.000000e-06,8.649822e-05
RANS_SA_WD_0.01-20_ConsGalerkinProj_Drift_Seed2_Second,SA,81,6.329310e-05,5.612099e-05,5.400000e-05,1.000000e-06,1.328751e-05
RANS_SA_WD_0.01-20_ConsGalerkinProj_Drift_Seed2_Second,SA,82,-9.476040e-05,3.235292e-05,3.100000e-05,1.000000e-06,-7.673531e-05
RANS_SA_WD_0.01-20_ConsGalerkinProj_Drift_Seed2_Second,SA,83,-2.224952e-04,1.344322e-05,1.200000e-05,1.000000e-06,-1.335164e-04
RANS_SA_WD_0.01-20_ConsGalerkinProj_Drift_Seed2_Second,SA,84,-2.835211e-04,3.697580e-06,2.000000e-06,1.000000e-06,-1.482008e-04
RANS_SA_WD_0.01-20_ConsGalerkinProj_Drift_Seed2_Second,SA,85,-3.120565e-04,1.162150e-06,0.000000e+00,1.000000e-06,-1.482597e-04
RANS_SA_WD_0.01-20_ConsGalerkinProj_Drift_Seed2_Second,SA,86,-3.340070e-04,8.935400e-07,-1.000000e-06,1.000000e-06,-1.578036e-04
RANS_SA_WD_0.01-20_ConsGalerkinProj_Drift_Seed2_Second,SA,87,-3.542738e-04,2.701460e-06,1.000000e-06,1.000000e-06,-1.716061e-04
RANS_SA_WD_0.01-20_ConsGalerkinProj_Drift_Seed2_Second,SA,88,-3.706390e-04,4.234660e-06,3.000000e-06,1.000000e-06,-1.792747e-04
RANS_SA_WD_0.01-20_ConsGalerkinProj_Drift_Seed2_Second,SA,89,-3.764497e-04,6.332310e-06,5.000000e-06,1.000000e-06,-1.751583e-04
RANS_SA_WD_0.01-20_ConsGalerkinProj_Drift_Seed2_Second,SA,90,-3.254290e-04,1.095600e-05,9.000000e-06,1.000000e-06,-1.393604e-04
RANS_SA_WD_0.01-20_ConsGalerkinProj_Drift_Seed2_Second,SA,91,-2.453651e-04,3.971781e-05,3.800000e-05,1.000000e-06,-4.750337e-05
RANS_SA_WD_0.01-20_ConsGalerkinProj_Drift_Seed2_Second,SA,92,-1.583047e-04,5.836362e-05,5.600000e-05,1.000000e-06,5.552169e-06
RANS_SA_WD_0.01-20_ConsGalerkinProj_Drift_Seed2_Second,SA,93,-8.094050e-05,6.348565e-05,6.200000e-05,1.000000e-06,1.833299e-05
RANS_SA_WD_0.01-20_ConsGalerkinProj_Drift_Seed2_Second,SA,94,-2.888630e-05,6.656857e-05,6.500000e-05,1.000000e-06,2.381116e-05
RANS_SA_WD_0.01-20_ConsGalerkinProj_Drift_Seed2_Second,SA,95,-3.940450e-05,6.343086e-05,6.200000e-05,1.000000e-06,1.987960e-05
RANS_SA_WD_0.01-20_ConsGalerkinProj_Drift_Seed2_Second,SA,96,-6.199290e-05,6.014213e-05,5.800000e-05,1.000000e-06,1.596136e-05
RANS_SA_WD_0.01-20_ConsGalerkinProj_Drift_Seed2_Second,SA,97,-7.791260e-05,5.701808e-05,5.500000e-05,1.000000e-06,1.434386e-05
RANS_SA_WD_0.01-20_ConsGalerkinProj_Drift_Seed2_Second,SA,98,-6.727000e-05,5.716486e-05,5.500000e-05,1.000000e-06,2.105347e-05
RANS_SA_WD_0.01-20_ConsGalerkinProj_Drift_Seed2_Second,SA,99,-3.365230e-05,6.074700e-05,5.900000e-05,1.000000e-06,3.460696e-05
RANS_SA_WD_0.01-20_ConsGalerkinProj_Drift_Seed2_Second,SA,100,-1.279090e-05,5.384829e-05,5.200000e-05,1.000000e-06,3.047228e-05
RANS_SA_WD_0.01-20_ConsGalerkinProj_Drift_Seed2_Second,SA,101,-5.594430e-05,4.339276e-05,4.200000e-05,1.000000e-06,1.715760e-05
RANS_SA_WD_0.01-20_ConsGalerkinProj_Drift_Seed2_Second,SA,102,-1.361939e-04,2.448370e-05,2.300000e-05,1.000000e-06,-2.731059e-05
RANS_SA_WD_0.01-20_ConsGalerkinProj_Drift_Seed2_Second,SA,103,-1.982081e-04,1.688844e-05,1.500000e-05,1.000000e-06,-5.249033e-05
RANS_SA_WD_0.01-20_ConsGalerkinProj_Drift_Seed2_Second,SA,104,-2.459351e-04,1.949460e-05,1.800000e-05,1.000000e-06,-6.172268e-05
RANS_SA_WD_0.01-20_ConsGalerkinProj_Drift_Seed2_Second,SA,105,-2.570419e-04,2.833639e-05,2.700000e-05,1.000000e-06,-5.821269e-05
RANS_SA_WD_0.01-20_ConsGalerkinProj_Drift_Seed2_Second,SA,106,-2.442897e-04,3.396589e-05,3.200000e-05,1.000000e-06,-5.482303e-05
RANS_SA_WD_0.01-20_ConsGalerkinProj_Drift_Seed2_Second,SA,107,-2.206500e-04,3.550885e-05,3.400000e-05,1.000000e-06,-4.761660e-05
RANS_SA_WD_0.01-20_ConsGalerkinProj_Drift_Seed2_Second,SA,108,-2.015686e-04,3.647314e-05,3.500000e-05,1.000000e-06,-2.753816e-05
RANS_SA_WD_0.01-20_ConsGalerkinProj_Drift_Seed2_Second,SA,109,-1.923885e-04,3.680781e-05,3.500000e-05,1.000000e-06,-1.449330e-05
RANS_SA_WD_0.01-20_ConsGalerkinProj_Drift_Seed2_Second,SA,110,-8.546580e-05,4.777597e-05,4.600000e-05,1.000000e-06,7.001182e-05
RANS_SA_WD_0.01-20_ConsGalerkinProj_Drift_Seed2_Second,SA,111,1.086484e-04,7.458892e-05,7.300000e-05,1.000000e-06,1.507533e-04
RANS_SA_WD_0.01-20_ConsGalerkinProj_Drift_Seed2_Second,SA,112,1.984423e-04,8.256706e-05,8.000000e-05,2.000000e-06,1.592540e-04
RANS_SA_WD_0.01-20_ConsGalerkinProj_Drift_Seed2_Second,SA,113,2.676848e-04,8.447194e-05,8.200000e-05,2.000000e-06,1.607813e-04
RANS_SA_WD_0.01-20_ConsGalerkinProj_Drift_Seed2_Second,SA,114,3.422958e-04,7.480182e-05,7.200000e-05,2.000000e-06,1.815783e-04
RANS_SA_WD_0.01-20_ConsGalerkinProj_Drift_Seed2_Second,SA,115,4.191876e-04,6.001443e-05,5.800000e-05,2.000000e-06,2.129394e-04
RANS_SA_WD_0.01-20_ConsGalerkinProj_Drift_Seed2_Second,SA,116,4.932262e-04,4.881942e-05,4.600000e-05,2.000000e-06,2.459449e-04
RANS_SA_WD_0.01-20_ConsGalerkinProj_Drift_Seed2_Second,SA,117,5.598474e-04,4.891773e-05,4.700000e-05,2.000000e-06,2.679917e-04
RANS_SA_WD_0.01-20_ConsGalerkinProj_Drift_Seed2_Second,SA,118,6.074724e-04,6.187367e-05,5.900000e-05,2.000000e-06,2.779098e-04
RANS_SA_WD_0.01-20_ConsGalerkinProj_Drift_Seed2_Second,SA,119,6.302781e-04,7.708954e-05,7.400000e-05,2.000000e-06,2.699490e-04
RANS_SA_WD_0.01-20_ConsGalerkinProj_Drift_Seed2_Second,SA,120,3.934319e-04,7.242171e-05,7.000000e-05,2.000000e-06,9.112613e-05
RANS_SA_WD_0.01-20_ConsGalerkinProj_Drift_Seed2_Second,SA,121,1.281189e-04,7.889230e-05,7.600000e-05,2.000000e-06,-3.867715e-05
RANS_SA_WD_0.01-20_ConsGalerkinProj_Drift_Seed2_Second,SA,122,5.054100e-05,8.035667e-05,7.700000e-05,2.000000e-06,-3.036835e-05
RANS_SA_WD_0.01-20_ConsGalerkinProj_Drift_Seed2_Second,SA,123,7.252200e-05,7.520736e-05,7.200000e-05,3.000000e-06,2.806181e-05
RANS_SA_WD_0.01-20_ConsGalerkinProj_Drift_Seed2_Second,SA,124,1.553017e-04,7.267080e-05,6.800000e-05,4.000000e-06,8.467022e-05
RANS_SA_WD_0.01-20_ConsGalerkinProj_Drift_Seed2_Second,SA,125,2.902225e-04,8.108479e-05,7.600000e-05,5.000000e-06,1.439954e-04
RANS_SA_WD_0.01-20_ConsGalerkinProj_Drift_Seed2_Second,SA,126,4.362174e-04,9.323636e-05,8.600000e-05,6.000000e-06,2.039138e-04
RANS_SA_WD_0.01-20_ConsGalerkinProj_Drift_Seed2_Second,SA,127,5.003108e-04,9.861314e-05,9.000000e-05,8.000000e-06,2.199991e-04
RANS_SA_WD_0.01-20_ConsGalerkinProj_Drift_Seed2_Second,SA,128,4.858752e-04,9.567483e-05,8.600000e-05,9.000000e-06,2.019853e-04
RANS_SA_WD_0.01-20_ConsGalerkinProj_Drift_Seed2_Second,SA,129,3.921797e-04,8.835992e-05,7.700000e-05,1.000000e-05,1.504702e-04
RANS_SA_WD_0.01-20_ConsGalerkinProj_Drift_Seed2_Second,SA,130,2.443008e-04,6.717666e-05,5.500000e-05,1.100000e-05,8.793262e-05
RANS_SA_WD_0.01-20_ConsGalerkinProj_Drift_Seed2_Second,SA,131,2.518520e-05,4.531703e-05,3.200000e-05,1.200000e-05,1.019477e-06
RANS_SA_WD_0.01-20_ConsGalerkinProj_Drift_Seed2_Second,SA,132,-2.515653e-04,2.628574e-05,1.300000e-05,1.300000e-05,-1.145034e-04
RANS_SA_WD_0.01-20_ConsGalerkinProj_Drift_Seed2_Second,SA,133,-4.618976e-04,1.417161e-05,1.000000e-06,1.300000e-05,-2.130463e-04
RANS_SA_WD_0.01-20_ConsGalerkinProj_Drift_Seed2_Second,SA,134,-5.627314e-04,4.974230e-06,-8.000000e-06,1.200000e-05,-2.534694e-04
RANS_SA_WD_0.01-20_ConsGalerkinProj_Drift_Seed2_Second,SA,135,-5.501984e-04,5.669000e-06,-6.000000e-06,1.100000e-05,-2.311306e-04
RANS_SA_WD_0.01-20_ConsGalerkinProj_Drift_Seed2_Second,SA,136,-4.746644e-04,1.470504e-05,4.000000e-06,1.000000e-05,-1.667498e-04
RANS_SA_WD_0.01-20_ConsGalerkinProj_Drift_Seed2_Second,SA,137,-3.284984e-04,3.415902e-05,2.400000e-05,9.000000e-06,-8.363569e-05
RANS_SA_WD_0.01-20_ConsGalerkinProj_Drift_Seed2_Second,SA,138,-1.649837e-04,5.652247e-05,4.700000e-05,8.000000e-06,-1.116792e-05
RANS_SA_WD_0.01-20_ConsGalerkinProj_Drift_Seed2_Second,SA,139,-4.300760e-05,7.175184e-05,6.300000e-05,8.000000e-06,2.521069e-05
RANS_SA_WD_0.01-20_ConsGalerkinProj_Drift_Seed2_Second,SA,140,1.266900e-06,7.249683e-05,6.500000e-05,7.000000e-06,1.899284e-05
RANS_SA_WD_0.01-20_ConsGalerkinProj_Drift_Seed2_Second,SA,141,-2.201180e-05,7.932064e-05,7.300000e-05,6.000000e-06,1.905524e-05
RANS_SA_WD_0.01-20_ConsGalerkinProj_Drift_Seed2_Second,SA,142,-9.635660e-05,7.064161e-05,6.500000e-05,5.000000e-06,-8.862227e-06
RANS_SA_WD_0.01-20_ConsGalerkinProj_Drift_Seed2_Second,SA,143,-1.198435e-04,6.232700e-05,5.700000e-05,5.000000e-06,-1.573011e-05
RANS_SA_WD_0.01-20_ConsGalerkinProj_Drift_Seed2_Second,SA,144,-1.003274e-04,6.005656e-05,5.500000e-05,4.000000e-06,3.026287e-06
RANS_SA_WD_0.01-20_ConsGalerkinProj_Drift_Seed2_Second,SA,145,-4.890910e-05,6.377303e-05,5.900000e-05,4.000000e-06,3.900293e-05
RANS_SA_WD_0.01-20_ConsGalerkinProj_Drift_Seed2_Second,SA,146,2.230920e-05,7.540926e-05,7.100000e-05,4.000000e-06,7.232028e-05
RANS_SA_WD_0.01-20_ConsGalerkinProj_Drift_Seed2_Second,SA,147,6.279590e-05,8.261765e-05,7.800000e-05,3.000000e-06,8.105507e-05
RANS_SA_WD_0.01-20_ConsGalerkinProj_Drift_Seed2_Second,SA,148,6.325590e-05,8.532464e-05,8.100000e-05,3.000000e-06,6.802430e-05
RANS_SA_WD_0.01-20_ConsGalerkinProj_Drift_Seed2_Second,SA,149,3.566990e-05,8.539747e-05,8.200000e-05,3.000000e-06,4.370583e-05
RANS_SA_WD_0.01-20_ConsGalerkinProj_Drift_Seed2_Second,SA,150,-8.155910e-05,7.106354e-05,6.800000e-05,2.000000e-06,1.409170e-06
RANS_SA_WD_0.01-20_ConsGalerkinProj_Drift_Seed2_Second,SA,151,-1.796185e-04,4.351793e-05,4.100000e-05,2.000000e-06,-3.579756e-05
RANS_SA_WD_0.01-20_ConsGalerkinProj_Drift_Seed2_Second,SA,152,-2.869117e-04,1.850742e-05,1.600000e-05,2.000000e-06,-7.541926e-05
RANS_SA_WD_0.01-20_ConsGalerkinProj_Drift_Seed2_Second,SA,153,-3.500033e-04,7.651870e-06,6.000000e-06,1.000000e-06,-1.103807e-04
RANS_SA_WD_0.01-20_ConsGalerkinProj_Drift_Seed2_Second,SA,154,-3.487202e-04,1.389649e-05,1.200000e-05,1.000000e-06,-1.160918e-04
RANS_SA_WD_0.01-20_ConsGalerkinProj_Drift_Seed2_Second,SA,155,-3.032678e-04,2.519969e-05,2.300000e-05,1.000000e-06,-1.011633e-04
RANS_SA_WD_0.01-20_ConsGalerkinProj_Drift_Seed2_Second,SA,156,-2.575993e-04,3.177653e-05,3.000000e-05,1.000000e-06,-7.837555e-05
RANS_SA_WD_0.01-20_ConsGalerkinProj_Drift_Seed2_Second,SA,157,-2.117835e-04,3.687697e-05,3.500000e-05,1.000000e-06,-5.344875e-05
RANS_SA_WD_0.01-20_ConsGalerkinProj_Drift_Seed2_Second,SA,158,-1.763911e-04,4.057896e-05,3.900000e-05,1.000000e-06,-3.971407e-05
RANS_SA_WD_0.01-20_ConsGalerkinProj_Drift_Seed2_Second,SA,159,-1.564612e-04,4.290090e-05,4.100000e-05,1.000000e-06,-4.302478e-05
RANS_SA_WD_0.01-20_ConsGalerkinProj_Drift_Seed2_Second,SA,160,6.611510e-05,6.162318e-05,6.000000e-05,1.000000e-06,7.056499e-05
RANS_SA_WD_0.01-20_ConsGalerkinProj_Drift_Seed2_Second,SA,161,1.237692e-04,7.024082e-05,6.900000e-05,1.000000e-06,1.154636e-04
RANS_SA_WD_0.01-20_ConsGalerkinProj_Drift_Seed2_Second,SA,162,1.366175e-04,6.803910e-05,6.700000e-05,1.000000e-06,1.080440e-04
RANS_SA_WD_0.01-20_ConsGalerkinProj_Drift_Seed2_Second,SA,163,1.422199e-04,6.620303e-05,6.500000e-05,0.000000e+00,9.100166e-05
RANS_SA_WD_0.01-20_ConsGalerkinProj_Drift_Seed2_Second,SA,164,1.464227e-04,6.709833e-05,6.600000e-05,0.000000e+00,8.429910e-05
RANS_SA_WD_0.01-20_ConsGalerkinProj_Drift_Seed2_Second,SA,165,1.699458e-04,7.085908e-05,7.000000e-05,0.000000e+00,9.690341e-05
RANS_SA_WD_0.01-20_ConsGalerkinProj_Drift_Seed2_Second,SA,166,2.120175e-04,7.480062e-05,7.400000e-05,0.000000e+00,1.222762e-04
RANS_SA_WD_0.01-20_ConsGalerkinProj_Drift_Seed2_Second,SA,167,2.534242e-04,7.589383e-05,7.600000e-05,0.000000e+00,1.458359e-04
RANS_SA_WD_0.01-20_ConsGalerkinProj_Drift_Seed2_Second,SA,168,3.040866e-04,7.825120e-05,7.800000e-05,-1.000000e-06,1.649290e-04
RANS_SA_WD_0.01-20_ConsGalerkinProj_Drift_Seed2_Second,SA,169,3.542226e-04,8.129692e-05,8.100000e-05,-1.000000e-06,1.801612e-04
RANS_SA_WD_0.01-20_ConsGalerkinProj_Drift_Seed2_Second,SA,170,2.404830e-04,7.001151e-05,7.000000e-05,-1.000000e-06,1.026242e-04
RANS_SA_WD_0.01-20_ConsGalerkinProj_Drift_Seed2_Second,SA,171,2.378583e-04,8.723428e-05,8.800000e-05,-1.000000e-06,9.473199e-05
RANS_SA_WD_0.01-20_ConsGalerkinProj_Drift_Seed2_Second,SA,172,1.972897e-04,8.343409e-05,8.400000e-05,-1.000000e-06,7.751578e-05
RANS_SA_WD_0.01-20_ConsGalerkinProj_Drift_Seed2_Second,SA,173,1.265123e-04,7.400017e-05,7.500000e-05,-1.000000e-06,6.268760e-05
RANS_SA_WD_0.01-20_ConsGalerkinProj_Drift_Seed2_Second,SA,174,5.626430e-05,6.434007e-05,6.500000e-05,-1.000000e-06,4.943689e-05
RANS_SA_WD_0.01-20_ConsGalerkinProj_Drift_Seed2_Second,SA,175,-2.082200e-06,5.798479e-05,5.800000e-05,-1.000000e-06,3.467718e-05
RANS_SA_WD_0.01-20_ConsGalerkinProj_Drift_Seed2_Second,SA,176,-6.328920e-05,5.053359e-05,5.100000e-05,-1.000000e-06,4.543356e-06
RANS_SA_WD_0.01-20_ConsGalerkinProj_Drift_Seed2_Second,SA,177,-1.338092e-04,3.812675e-05,3.800000e-05,0.000000e+00,-3.818690e-05
RANS_SA_WD_0.01-20_ConsGalerkinProj_Drift_Seed2_Second,SA,178,-2.091445e-04,2.779977e-05,2.700000e-05,0.000000e+00,-7.492103e-05
RANS_SA_WD_0.01-20_ConsGalerkinProj_Drift_Seed2_Second,SA,179,-2.633811e-04,2.069584e-05,2.000000e-05,0.000000e+00,-9.895614e-05
RANS_SA_WD_0.01-20_ConsGalerkinProj_Drift_Seed2_Second,SA,180,-1.361279e-04,3.379456e-05,3.300000e-05,1.000000e-06,-8.000383e-06
RANS_SA_WD_0.01-20_ConsGalerkinProj_Drift_Seed2_Second,SA,181,-1.197524e-04,3.948454e-05,3.800000e-05,1.000000e-06,3.362946e-05
RANS_SA_WD_0.01-20_ConsGalerkinProj_Drift_Seed2_Second,SA,182,-5.961160e-05,5.160120e-05,5.000000e-05,1.000000e-06,6.892077e-05
RANS_SA_WD_0.01-20_ConsGalerkinProj_Drift_Seed2_Second,SA,183,1.087146e-04,7.119694e-05,7.000000e-05,1.000000e-06,1.270920e-04
RANS_SA_WD_0.01-20_ConsGalerkinProj_Drift_Seed2_Second,SA,184,2.873516e-04,8.670476e-05,8.500000e-05,1.000000e-06,1.793064e-04
RANS_SA_WD_0.01-20_ConsGalerkinProj_Drift_Seed2_Second,SA,185,4.251683e-04,9.937983e-05,9.800000e-05,1.000000e-06,2.166848e-04
RANS_SA_WD_0.01-20_ConsGalerkinProj_Drift_Seed2_Second,SA,186,5.000646e-04,1.086562e-04,1.080000e-04,0.000000e+00,2.326194e-04
RANS_SA_WD_0.01-20_ConsGalerkinProj_Drift_Seed2_Second,SA,187,5.314528e-04,1.150137e-04,1.140000e-04,0.000000e+00,2.357145e-04
RANS_SA_WD_0.01-20_ConsGalerkinProj_Drift_Seed2_Second,SA,188,5.390635e-04,1.170137e-04,1.160000e-04,0.000000e+00,2.351384e-04
RANS_SA_WD_0.01-20_ConsGalerkinProj_Drift_Seed2_Second,SA,189,5.377906e-04,1.164461e-04,1.160000e-04,0.000000e+00,2.392368e-04
RANS_SA_WD_0.01-20_ConsGalerkinProj_Drift_Seed2_Second,SA,190,2.938425e-04,7.658261e-05,7.700000e-05,-1.000000e-06,9.770290e-05
RANS_SA_WD_0.01-20_ConsGalerkinProj_Drift_Seed2_Second,SA,191,1.938516e-04,6.512940e-05,6.500000e-05,-1.000000e-06,5.826037e-05
RANS_SA_WD_0.01-20_ConsGalerkinProj_Drift_Seed2_Second,SA,192,1.197379e-04,5.492115e-05,5.600000e-05,-1.000000e-06,2.571208e-05
RANS_SA_WD_0.01-20_ConsGalerkinProj_Drift_Seed2_Second,SA,193,4.795250e-05,4.946100e-05,5.000000e-05,-1.000000e-06,-1.141434e-05
RANS_SA_WD_0.01-20_ConsGalerkinProj_Drift_Seed2_Second,SA,194,-3.456520e-05,4.686227e-05,4.800000e-05,-2.000000e-06,-4.599771e-05
RANS_SA_WD_0.01-20_ConsGalerkinProj_Drift_Seed2_Second,SA,195,-1.189967e-04,4.370672e-05,4.500000e-05,-2.000000e-06,-8.055191e-05
RANS_SA_WD_0.01-20_ConsGalerkinProj_Drift_Seed2_Second,SA,196,-1.915387e-04,3.813404e-05,3.900000e-05,-2.000000e-06,-1.143563e-04
RANS_SA_WD_0.01-20_ConsGalerkinProj_Drift_Seed2_Second,SA,197,-2.500773e-04,3.241181e-05,3.400000e-05,-2.000000e-06,-1.401758e-04
RANS_SA_WD_0.01-20_ConsGalerkinProj_Drift_Seed2_Second,SA,198,-2.884660e-04,2.906377e-05,3.000000e-05,-2.000000e-06,-1.495491e-04
RANS_SA_WD_0.01-20_ConsGalerkinProj_Drift_Seed2_Second,SA,199,-2.946926e-04,2.894952e-05,3.000000e-05,-2.000000e-06,-1.363638e-04
RANS_SA_WD_0.01-20_ConsGalerkinProj_Drift_Seed2_Second,SA,200,-2.461993e-04,1.781624e-05,1.900000e-05,-2.000000e-06,-6.852906e-05
RANS_SA_WD_0.01-20_ConsGalerkinProj_Drift_Seed2_Second,SA,201,-2.090002e-04,2.218762e-05,2.300000e-05,-2.000000e-06,-8.377293e-06
RANS_SA_WD_0.01-20_ConsGalerkinProj_Drift_Seed2_Second,SA,202,-1.685733e-04,3.460791e-05,3.600000e-05,-2.000000e-06,1.178238e-05
RANS_SA_WD_0.01-20_ConsGalerkinProj_Drift_Seed2_Second,SA,203,-9.938720e-05,4.733854e-05,4.800000e-05,-2.000000e-06,1.970649e-05
RANS_SA_WD_0.01-20_ConsGalerkinProj_Drift_Seed2_Second,SA,204,-5.159140e-05,5.204512e-05,5.300000e-05,-1.000000e-06,1.715020e-05
RANS_SA_WD_0.01-20_ConsGalerkinProj_Drift_Seed2_Second,SA,205,-2.532180e-05,5.111649e-05,5.200000e-05,-1.000000e-06,2.248404e-05
RANS_SA_WD_0.01-20_ConsGalerkinProj_Drift_Seed2_Second,SA,206,5.549600e-06,5.328781e-05,5.400000e-05,-1.000000e-06,4.172092e-05
RANS_SA_WD_0.01-20_ConsGalerkinProj_Drift_Seed2_Second,SA,207,4.878340e-05,5.943184e-05,6.000000e-05,-1.000000e-06,6.833214e-05
RANS_SA_WD_0.01-20_ConsGalerkinProj_Drift_Seed2_Second,SA,208,9.121620e-05,6.715186e-05,6.800000e-05,-1.000000e-06,8.781732e-05
RANS_SA_WD_0.01-20_ConsGalerkinProj_Drift_Seed2_Second,SA,209,1.280779e-04,7.217577e-05,7.200000e-05,-1.000000e-06,9.623055e-05
RANS_SA_WD_0.01-20_ConsGalerkinProj_Drift_Seed2_Second,SA,210,3.397190e-05,5.211345e-05,5.200000e-05,-1.000000e-06,2.076509e-05
RANS_SA_WD_0.01-20_ConsGalerkinProj_Drift_Seed2_Second,SA,211,-1.097350e-05,5.165409e-05,5.200000e-05,-1.000000e-06,7.214961e-06
RANS_SA_WD_0.01-20_ConsGalerkinProj_Drift_Seed2_Second,SA,212,-5.374440e-05,4.414084e-05,4.400000e-05,-1.000000e-06,-1.289452e-05
RANS_SA_WD_0.01-20_ConsGalerkinProj_Drift_Seed2_Second,SA,213,-7.369030e-05,4.484610e-05,4.500000e-05,-1.000000e-06,-2.538803e-05
RANS_SA_WD_0.01-20_ConsGalerkinProj_Drift_Seed2_Second,SA,214,-1.126141e-04,4.193399e-05,4.200000e-05,-1.000000e-06,-5.770141e-05
RANS_SA_WD_0.01-20_ConsGalerkinProj_Drift_Seed2_Second,SA,215,-1.792808e-04,3.371801e-05,3.400000e-05,-1.000000e-06,-1.070690e-04
RANS_SA_WD_0.01-20_ConsGalerkinProj_Drift_Seed2_Second,SA,216,-2.613378e-04,2.229323e-05,2.200000e-05,-1.000000e-06,-1.587199e-04
RANS_SA_WD_0.01-20_ConsGalerkinProj_Drift_Seed2_Second,SA,217,-3.277066e-04,1.362805e-05,1.400000e-05,-1.000000e-06,-1.909959e-04
RANS_SA_WD_0.01-20_ConsGalerkinProj_Drift_Seed2_Second,SA,218,-3.992658e-04,3.504800e-06,3.000000e-06,-1.000000e-06,-2.124934e-04
RANS_SA_WD_0.01-20_ConsGalerkinProj_Drift_Seed2_Second,SA,219,-4.813118e-04,-7.951930e-06,-8.000000e-06,-1.000000e-06,-2.366090e-04
RANS_SA_WD_0.01-20_ConsGalerkinProj_Drift_Seed2_Second,SA,220,-4.469941e-04,5.823680e-06,6.000000e-06,0.000000e+00,-1.585552e-04
RANS_SA_WD_0.01-20_ConsGalerkinProj_Drift_Seed2_Second,SA,221,-4.164199e-04,1.105145e-05,1.100000e-05,0.000000e+00,-1.265928e-04
RANS_SA_WD_0.01-20_ConsGalerkinProj_Drift_Seed2_Second,SA,222,-3.258401e-04,2.592886e-05,2.500000e-05,0.000000e+00,-9.215467e-05
RANS_SA_WD_0.01-20_ConsGalerkinProj_Drift_Seed2_Second,SA,223,-2.116422e-04,4.583878e-05,4.500000e-05,0.000000e+00,-4.152155e-05
RANS_SA_WD_0.01-20_ConsGalerkinProj_Drift_Seed2_Second,SA,224,-1.118992e-04,5.979657e-05,5.900000e-05,0.000000e+00,6.435384e-06
RANS_SA_WD_0.01-20_ConsGalerkinProj_Drift_Seed2_Second,SA,225,-3.771890e-05,7.200953e-05,7.100000e-05,1.000000e-06,4.836789e-05
RANS_SA_WD_0.01-20_ConsGalerkinProj_Drift_Seed2_Second,SA,226,3.782600e-06,8.315847e-05,8.200000e-05,1.000000e-06,7.045231e-05
RANS_SA_WD_0.01-20_ConsGalerkinProj_Drift_Seed2_Second,SA,227,1.549260e-05,8.822642e-05,8.700000e-05,1.000000e-06,7.135861e-05
RANS_SA_WD_0.01-20_ConsGalerkinProj_Drift_Seed2_Second,SA,228,1.448500e-06,8.793624e-05,8.600000e-05,1.000000e-06,6.239393e-05
RANS_SA_WD_0.01-20_ConsGalerkinProj_Drift_Seed2_Second,SA,229,-3.295840e-05,8.446133e-05,8.200000e-05,1.000000e-06,4.195612e-05
RANS_SA_WD_0.01-20_ConsGalerkinProj_Drift_Seed2_Second,SA,230,-1.194231e-04,7.225422e-05,7.000000e-05,2.000000e-06,-1.377232e-06
RANS_SA_WD_0.01-20_ConsGalerkinProj_Drift_Seed2_Second,SA,231,-1.737659e-04,6.634407e-05,6.400000e-05,2.000000e-06,-2.326124e-05
RANS_SA_WD_0.01-20_ConsGalerkinProj_Drift_Seed2_Second,SA,232,-2.084169e-04,5.781503e-05,5.500000e-05,2.000000e-06,-3.788672e-05
RANS_SA_WD_0.01-20_ConsGalerkinProj_Drift_Seed2_Second,SA,233,-1.867375e-04,5.562581e-05,5.300000e-05,2.000000e-06,-3.513556e-05
RANS_SA_WD_0.01-20_ConsGalerkinProj_Drift_Seed2_Second,SA,234,-1.386755e-04,5.789041e-05,5.600000e-05,2.000000e-06,-2.871176e-05
RANS_SA_WD_0.01-20_ConsGalerkinProj_Drift_Seed2_Second,SA,235,-8.009080e-05,6.378798e-05,6.200000e-05,2.000000e-06,-2.251613e-05
RANS_SA_WD_0.01-20_ConsGalerkinProj_Drift_Seed2_Second,SA,236,-1.860360e-05,7.011639e-05,6.800000e-05,2.000000e-06,-9.571384e-06
RANS_SA_WD_0.01-20_ConsGalerkinProj_Drift_Seed2_Second,SA,237,4.736840e-05,7.491059e-05,7.300000e-05,2.000000e-06,1.230147e-05
RANS_SA_WD_0.01-20_ConsGalerkinProj_Drift_Seed2_Second,SA,238,1.188814e-04,7.948274e-05,7.700000e-05,2.000000e-06,4.192992e-05
RANS_SA_WD_0.01-20_ConsGalerkinProj_Drift_Seed2_Second,SA,239,1.827875e-04,8.313477e-05,8.100000e-05,2.000000e-06,7.008528e-05
RANS_SA_WD_0.01-20_ConsGalerkinProj_Drift_Seed2_Second,SA,240,2.736204e-04,6.860579e-05,6.600000e-05,2.000000e-06,1.021776e-04
RANS_SA_WD_0.01-20_ConsGalerkinProj_Drift_Seed2_Second,SA,241,3.269487e-04,7.090534e-05,6.900000e-05,2.000000e-06,1.400012e-04
RANS_SA_WD_0.01-20_ConsGalerkinProj_Drift_Seed2_Second,SA,242,3.058017e-04,7.449464e-05,7.200000e-05,2.000000e-06,1.476161e-04
RANS_SA_WD_0.01-20_ConsGalerkinProj_Drift_Seed2_Second,SA,243,3.315247e-04,8.576363e-05,8.300000e-05,2.000000e-06,1.515786e-04
RANS_SA_WD_0.01-20_ConsGalerkinProj_Drift_Seed2_Second,SA,244,3.821992e-04,9.682371e-05,9.400000e-05,2.000000e-06,1.645887e-04
RANS_SA_WD_0.01-20_ConsGalerkinProj_Drift_Seed2_Second,SA,245,4.254084e-04,1.059201e-04,1.030000e-04,2.000000e-06,1.821126e-04
RANS_SA_WD_0.01-20_ConsGalerkinProj_Drift_Seed2_Second,SA,246,4.685040e-04,1.131984e-04,1.100000e-04,2.000000e-06,1.981547e-04
RANS_SA_WD_0.01-20_ConsGalerkinProj_Drift_Seed2_Second,SA,247,5.037441e-04,1.190787e-04,1.160000e-04,2.000000e-06,2.072038e-04
RANS_SA_WD_0.01-20_ConsGalerkinProj_Drift_Seed2_Second,SA,248,5.008485e-04,1.199920e-04,1.170000e-04,2.000000e-06,2.039291e-04
RANS_SA_WD_0.01-20_ConsGalerkinProj_Drift_Seed2_Second,SA,249,4.777500e-04,1.139796e-04,1.110000e-04,3.000000e-06,1.936733e-04
RANS_SA_WD_0.01-20_ConsGalerkinProj_Drift_Seed2_Second,SA,250,2.669613e-04,7.839650e-05,7.500000e-05,3.000000e-06,8.237294e-05
RANS_SA_WD_0.01-20_ConsGalerkinProj_Drift_Seed2_Second,SA,251,6.473390e-05,6.452598e-05,6.100000e-05,3.000000e-06,4.552973e-05
RANS_SA_WD_0.01-20_ConsGalerkinProj_Drift_Seed2_Second,SA,252,-8.611810e-05,5.465035e-05,5.100000e-05,3.000000e-06,3.601470e-07
RANS_SA_WD_0.01-20_ConsGalerkinProj_Drift_Seed2_Second,SA,253,-1.943245e-04,4.540019e-05,4.100000e-05,3.000000e-06,-4.726971e-05
RANS_SA_WD_0.01-20_ConsGalerkinProj_Drift_Seed2_Second,SA,254,-2.579455e-04,4.106263e-05,3.700000e-05,4.000000e-06,-8.127440e-05
RANS_SA_WD_0.01-20_ConsGalerkinProj_Drift_Seed2_Second,SA,255,-3.033051e-04,4.095794e-05,3.700000e-05,4.000000e-06,-1.043797e-04
RANS_SA_WD_0.01-20_ConsGalerkinProj_Drift_Seed2_Second,SA,256,-3.382508e-04,4.083766e-05,3.600000e-05,4.000000e-06,-1.181794e-04
RANS_SA_WD_0.01-20_ConsGalerkinProj_Drift_Seed2_Second,SA,257,-3.959509e-04,3.349720e-05,2.900000e-05,4.000000e-06,-1.374585e-04
RANS_SA_WD_0.01-20_ConsGalerkinProj_Drift_Seed2_Second,SA,258,-4.842842e-04,2.343362e-05,1.900000e-05,4.000000e-06,-1.616351e-04
RANS_SA_WD_0.01-20_ConsGalerkinProj_Drift_Seed2_Second,SA,259,-5.584499e-04,1.734123e-05,1.300000e-05,4.000000e-06,-1.808463e-04
RANS_SA_WD_0.01-20_ConsGalerkinProj_Drift_Seed2_Second,SA,260,-4.966896e-04,3.342484e-05,2.900000e-05,4.000000e-06,-1.041996e-04
RANS_SA_WD_0.01-20_ConsGalerkinProj_Drift_Seed2_Second,SA,261,-3.649285e-04,6.363238e-05,6.000000e-05,3.000000e-06,-2.971609e-05
RANS_SA_WD_0.01-20_ConsGalerkinProj_Drift_Seed2_Second,SA,262,-2.799639e-04,6.712743e-05,6.300000e-05,3.000000e-06,-1.847379e-05
RANS_SA_WD_0.01-20_ConsGalerkinProj_Drift_Seed2_Second,SA,263,-1.629988e-04,6.824085e-05,6.500000e-05,3.000000e-06,5.040939e-06
RANS_SA_WD_0.01-20_ConsGalerkinProj_Drift_Seed2_Second,SA,264,-4.424770e-05,7.322594e-05,7.000000e-05,3.000000e-06,4.473393e-05
RANS_SA_WD_0.01-20_ConsGalerkinProj_Drift_Seed2_Second,SA,265,3.566300e-05,8.043770e-05,7.700000e-05,3.000000e-06,8.108981e-05
RANS_SA_WD_0.01-20_ConsGalerkinProj_Drift_Seed2_Second,SA,266,6.704680e-05,8.478043e-05,8.100000e-05,3.000000e-06,9.264275e-05
RANS_SA_WD_0.01-20_ConsGalerkinProj_Drift_Seed2_Second,SA,267,4.013890e-05,8.166566e-05,7.800000e-05,3.000000e-06,6.975551e-05
RANS_SA_WD_0.01-20_ConsGalerkinProj_Drift_Seed2_Second,SA,268,-2.506630e-05,7.237059e-05,6.900000e-05,3.000000e-06,2.720709e-05
RANS_SA_WD_0.01-20_ConsGalerkinProj_Drift_Seed2_Second,SA,269,-1.014104e-04,6.073199e-05,5.800000e-05,3.000000e-06,-1.928124e-05
RANS_SA_WD_0.01-20_ConsGalerkinProj_Drift_Seed2_Second,SA,270,-1.706887e-04,4.229841e-05,3.900000e-05,2.000000e-06,-8.579576e-05
RANS_SA_WD_0.01-20_ConsGalerkinProj_Drift_Seed2_Second,SA,271,-1.834742e-04,4.051891e-05,3.700000e-05,2.000000e-06,-8.016304e-05
RANS_SA_WD_0.01-20_ConsGalerkinProj_Drift_Seed2_Second,SA,272,-1.788347e-04,3.918194e-05,3.600000e-05,2.000000e-06,-7.493101e-05
RANS_SA_WD_0.01-20_ConsGalerkinProj_Drift_Seed2_Second,SA,273,-1.605295e-04,4.360185e-05,4.100000e-05,2.000000e-06,-6.654121e-05
RANS_SA_WD_0.01-20_ConsGalerkinProj_Drift_Seed2_Second,SA,274,-1.237669e-04,4.999680e-05,4.700000e-05,2.000000e-06,-5.000982e-05
RANS_SA_WD_0.01-20_ConsGalerkinProj_Drift_Seed2_Second,SA,275,-7.245230e-05,5.709205e-05,5.400000e-05,2.000000e-06,-2.609046e-05
RANS_SA_WD_0.01-20_ConsGalerkinProj_Drift_Seed2_Second,SA,276,-1.567430e-05,6.287365e-05,6.000000e-05,2.000000e-06,-6.769690e-06
RANS_SA_WD_0.01-20_ConsGalerkinProj_Drift_Seed2_Second,SA,277,4.228800e-05,6.831212e-05,6.500000e-05,2.000000e-06,6.833186e-06
RANS_SA_WD_0.01-20_ConsGalerkinProj_Drift_Seed2_Second,SA,278,9.142040e-05,7.100353e-05,6.800000e-05,2.000000e-06,1.557830e-05
RANS_SA_WD_0.01-20_ConsGalerkinProj_Drift_Seed2_Second,SA,279,1.381896e-04,7.184682e-05,6.900000e-05,2.000000e-06,2.900779e-05
RANS_SA_WD_0.01-20_ConsGalerkinProj_Drift_Seed2_Second,SA,280,1.404859e-04,6.484888e-05,6.200000e-05,2.000000e-06,-4.404541e-06
RANS_SA_WD_0.01-20_ConsGalerkinProj_Drift_Seed2_Second,SA,281,1.245847e-04,6.761177e-05,6.500000e-05,1.000000e-06,3.034957e-06
RANS_SA_WD_0.01-20_ConsGalerkinProj_Drift_Seed2_Second,SA,282,6.827490e-05,5.697086e-05,5.500000e-05,1.000000e-06,-4.660660e-06
RANS_SA_WD_0.01-20_ConsGalerkinProj_Drift_Seed2_Second,SA,283,4.247740e-05,5.607396e-05,5.400000e-05,1.000000e-06,-2.566070e-06
RANS_SA_WD_0.01-20_ConsGalerkinProj_Drift_Seed2_Second,SA,284,2.477250e-05,6.023698e-05,5.900000e-05,1.000000e-06,-3.117751e-06
RANS_SA_WD_0.01-20_ConsGalerkinProj_Drift_Seed2_Second,SA,285,-1.627330e-05,6.032595e-05,5.900000e-05,0.000000e+00,-2.165521e-05
RANS_SA_WD_0.01-20_ConsGalerkinProj_Drift_Seed2_Second,SA,286,-8.136570e-05,5.539343e-05,5.400000e-05,0.000000e+00,-5.097215e-05
RANS_SA_WD_0.01-20_ConsGalerkinProj_Drift_Seed2_Second,SA,287,-1.432084e-04,5.093111e-05,5.000000e-05,0.000000e+00,-7.438867e-05
RANS_SA_WD_0.01-20_ConsGalerkinProj_Drift_Seed2_Second,SA,288,-1.764541e-04,5.165973e-05,5.100000e-05,0.000000e+00,-8.038634e-05
RANS_SA_WD_0.01-20_ConsGalerkinProj_Drift_Seed2_Second,SA,289,-1.832354e-04,5.692183e-05,5.600000e-05,0.000000e+00,-7.324236e-05
RANS_SA_WD_0.01-20_ConsGalerkinProj_Drift_Seed2_Second,SA,290,-1.034995e-04,5.986026e-05,5.900000e-05,0.000000e+00,2.421198e-05
RANS_SA_WD_0.01-20_ConsGalerkinProj_Drift_Seed2_Second,SA,291,-4.401000e-07,6.880587e-05,6.800000e-05,0.000000e+00,8.462505e-05
RANS_SA_WD_0.01-20_ConsGalerkinProj_Drift_Seed2_Second,SA,292,6.944270e-05,8.178607e-05,8.100000e-05,0.000000e+00,1.102388e-04
RANS_SA_WD_0.01-20_ConsGalerkinProj_Drift_Seed2_Second,SA,293,1.010331e-04,8.406957e-05,8.300000e-05,0.000000e+00,9.719448e-05
RANS_SA_WD_0.01-20_ConsGalerkinProj_Drift_Seed2_Second,SA,294,1.001608e-04,7.424628e-05,7.300000e-05,0.000000e+00,8.307396e-05
RANS_SA_WD_0.01-20_ConsGalerkinProj_Drift_Seed2_Second,SA,295,9.018810e-05,6.942720e-05,6.800000e-05,0.000000e+00,9.141337e-05
RANS_SA_WD_0.01-20_ConsGalerkinProj_Drift_Seed2_Second,SA,296,7.251760e-05,7.008533e-05,6.900000e-05,0.000000e+00,1.046063e-04
RANS_SA_WD_0.01-20_ConsGalerkinProj_Drift_Seed2_Second,SA,297,7.397680e-05,7.355031e-05,7.200000e-05,1.000000e-06,1.142508e-04
RANS_SA_WD_0.01-20_ConsGalerkinProj_Drift_Seed2_Second,SA,298,7.946380e-05,7.525962e-05,7.400000e-05,1.000000e-06,1.122481e-04
RANS_SA_WD_0.01-20_ConsGalerkinProj_Drift_Seed2_Second,SA,299,6.918130e-05,7.354229e-05,7.200000e-05,1.000000e-06,9.050100e-05
RANS_SA_WD_0.01-20_ConsGalerkinProj_Drift_Seed2_Second,SA,300,1.036480e-05,5.709492e-05,5.500000e-05,1.000000e-06,4.225244e-05
RANS_SA_WD_0.01-20_ConsGalerkinProj_Drift_Seed2_Second,SA,301,-1.105534e-04,4.631599e-05,4.400000e-05,1.000000e-06,1.759068e-06
RANS_SA_WD_0.01-20_ConsGalerkinProj_Drift_Seed2_Second,SA,302,-2.193215e-04,3.331191e-05,3.100000e-05,1.000000e-06,-4.288521e-05
RANS_SA_WD_0.01-20_ConsGalerkinProj_Drift_Seed2_Second,SA,303,-3.013414e-04,2.353022e-05,2.100000e-05,2.000000e-06,-8.166500e-05
RANS_SA_WD_0.01-20_ConsGalerkinProj_Drift_Seed2_Second,SA,304,-3.323547e-04,2.346630e-05,2.100000e-05,2.000000e-06,-9.306951e-05
RANS_SA_WD_0.01-20_ConsGalerkinProj_Drift_Seed2_Second,SA,305,-3.054189e-04,2.940957e-05,2.700000e-05,2.000000e-06,-8.068760e-05
RANS_SA_WD_0.01-20_ConsGalerkinProj_Drift_Seed2_Second,SA,306,-2.354526e-04,3.639174e-05,3.400000e-05,2.000000e-06,-5.062100e-05
RANS_SA_WD_0.01-20_ConsGalerkinProj_Drift_Seed2_Second,SA,307,-1.373582e-04,4.580019e-05,4.300000e-05,2.000000e-06,-1.030722e-05
RANS_SA_WD_0.01-20_ConsGalerkinProj_Drift_Seed2_Second,SA,308,-3.524540e-05,5.688677e-05,5.400000e-05,2.000000e-06,3.356483e-05
RANS_SA_WD_0.01-20_ConsGalerkinProj_Drift_Seed2_Second,SA,309,5.863950e-05,6.954589e-05,6.700000e-05,2.000000e-06,7.492528e-05
RANS_SA_WD_0.01-20_ConsGalerkinProj_Drift_Seed2_Second,SA,310,5.807220e-05,7.088146e-05,6.900000e-05,2.000000e-06,6.461297e-05
RANS_SA_WD_0.01-20_ConsGalerkinProj_Drift_Seed2_Second,SA,311,2.394360e-05,6.999372e-05,6.800000e-05,1.000000e-06,7.125422e-05
RANS_SA_WD_0.01-20_ConsGalerkinProj_Drift_Seed2_Second,SA,312,-1.431040e-05,6.146845e-05,6.000000e-05,1.000000e-06,6.695448e-05
RANS_SA_WD_0.01-20_ConsGalerkinProj_Drift_Seed2_Second,SA,313,1.189920e-05,6.159417e-05,6.000000e-05,1.000000e-06,8.068352e-05
RANS_SA_WD_0.01-20_ConsGalerkinProj_Drift_Seed2_Second,SA,314,5.822190e-05,6.406691e-05,6.300000e-05,1.000000e-06,9.660410e-05
RANS_SA_WD_0.01-20_ConsGalerkinProj_Drift_Seed2_Second,SA,315,8.945440e-05,6.528460e-05,6.400000e-05,0.000000e+00,1.038198e-04
RANS_SA_WD_0.01-20_ConsGalerkinProj_Drift_Seed2_Second,SA,316,9.185580e-05,6.662199e-05,6.600000e-05,0.000000e+00,1.017848e-04
RANS_SA_WD_0.01-20_ConsGalerkinProj_Drift_Seed2_Second,SA,317,7.097520e-05,6.676786e-05,6.600000e-05,0.000000e+00,8.690771e-05
RANS_SA_WD_0.01-20_ConsGalerkinProj_Drift_Seed2_Second,SA,318,4.233820e-05,6.242141e-05,6.200000e-05,-1.000000e-06,6.312837e-05
RANS_SA_WD_0.01-20_ConsGalerkinProj_Drift_Seed2_Second,SA,319,1.253340e-05,5.402676e-05,5.400000e-05,-1.000000e-06,3.927902e-05
RANS_SA_WD_0.01-20_ConsGalerkinProj_Drift_Seed2_Second,SA,320,1.104430e-05,4.881386e-05,4.900000e-05,-1.000000e-06,2.722934e-05
RANS_SA_WD_0.01-20_ConsGalerkinProj_Drift_Seed2_Second,SA,321,8.086780e-05,5.373438e-05,5.500000e-05,-2.000000e-06,5.526942e-05
RANS_SA_WD_0.01-20_ConsGalerkinProj_Drift_Seed2_Second,SA,322,6.118630e-05,4.984433e-05,5.100000e-05,-2.000000e-06,3.697698e-05
RANS_SA_WD_0.01-20_ConsGalerkinProj_Drift_Seed2_Second,SA,323,3.140330e-05,5.074507e-05,5.200000e-05,-2.000000e-06,1.625195e-05
RANS_SA_WD_0.01-20_ConsGalerkinProj_Drift_Seed2_Second,SA,324,-1.730140e-05,4.974464e-05,5.100000e-05,-2.000000e-06,-4.557383e-06
RANS_SA_WD_0.01-20_ConsGalerkinProj_Drift_Seed2_Second,SA,325,-6.556890e-05,4.550351e-05,4.700000e-05,-3.000000e-06,-1.999940e-05
RANS_SA_WD_0.01-20_ConsGalerkinProj_Drift_Seed2_Second,SA,326,-8.744180e-05,4.073277e-05,4.300000e-05,-3.000000e-06,-2.901680e-05
RANS_SA_WD_0.01-20_ConsGalerkinProj_Drift_Seed2_Second,SA,327,-6.733500e-05,3.866048e-05,4.100000e-05,-3.000000e-06,-2.620001e-05
RANS_SA_WD_0.01-20_ConsGalerkinProj_Drift_Seed2_Second,SA,328,-4.912500e-06,4.051962e-05,4.300000e-05,-3.000000e-06,-1.232962e-05
RANS_SA_WD_0.01-20_ConsGalerkinProj_Drift_Seed2_Second,SA,329,1.042026e-04,4.735535e-05,5.000000e-05,-3.000000e-06,1.088649e-05
RANS_SA_WD_0.01-20_ConsGalerkinProj_Drift_Seed2_Second,SA,330,-3.874020e-05,1.651905e-05,1.900000e-05,-3.000000e-06,4.567773e-05
RANS_SA_WD_0.01-20_ConsGalerkinProj_Drift_Seed2_Second,SA,331,-4.108536e-04,2.100011e-05,2.400000e-05,-3.000000e-06,-1.613429e-04
RANS_SA_WD_0.01-20_ConsGalerkinProj_Drift_Seed2_Second,SA,332,-5.925778e-04,2.326522e-05,2.600000e-05,-3.000000e-06,-2.441015e-04
RANS_SA_WD_0.01-20_ConsGalerkinProj_Drift_Seed2_Second,SA,333,-5.714565e-04,1.997378e-05,2.300000e-05,-3.000000e-06,-1.987134e-04
RANS_SA_WD_0.01-20_ConsGalerkinProj_Drift_Seed2_Second,SA,334,-4.902535e-04,2.274854e-05,2.500000e-05,-3.000000e-06,-1.489523e-04
RANS_SA_WD_0.01-20_ConsGalerkinProj_Drift_Seed2_Second,SA,335,-4.313804e-04,3.227408e-05,3.500000e-05,-3.000000e-06,-1.388340e-04
RANS_SA_WD_0.01-20_ConsGalerkinProj_Drift_Seed2_Second,SA,336,-4.120692e-04,4.071486e-05,4.300000e-05,-3.000000e-06,-1.478499e-04
RANS_SA_WD_0.01-20_ConsGalerkinProj_Drift_Seed2_Second,SA,337,-4.051161e-04,4.606492e-05,4.900000e-05,-4.000000e-06,-1.562825e-04
RANS_SA_WD_0.01-20_ConsGalerkinProj_Drift_Seed2_Second,SA,338,-3.939251e-04,4.843862e-05,5.100000e-05,-4.000000e-06,-1.504871e-04
RANS_SA_WD_0.01-20_ConsGalerkinProj_Drift_Seed2_Second,SA,339,-3.538344e-04,5.015709e-05,5.300000e-05,-4.000000e-06,-1.224812e-04
RANS_SA_WD_0.01-20_ConsGalerkinProj_Drift_Seed2_Second,SA,340,-2.207709e-04,5.277494e-05,5.600000e-05,-4.000000e-06,-2.442853e-05
RANS_SA_WD_0.01-20_ConsGalerkinProj_Drift_Seed2_Second,SA,341,-1.229715e-04,5.463271e-05,5.800000e-05,-4.000000e-06,6.678158e-05
RANS_SA_WD_0.01-20_ConsGalerkinProj_Drift_Seed2_Second,SA,342,-5.624900e-05,6.033691e-05,6.300000e-05,-4.000000e-06,8.792465e-05
RANS_SA_WD_0.01-20_ConsGalerkinProj_Drift_Seed2_Second,SA,343,8.837700e-06,6.989274e-05,7.300000e-05,-3.000000e-06,8.519651e-05
RANS_SA_WD_0.01-20_ConsGalerkinProj_Drift_Seed2_Second,SA,344,3.525080e-05,7.150848e-05,7.400000e-05,-3.000000e-06,6.762407e-05
RANS_SA_WD_0.01-20_ConsGalerkinProj_Drift_Seed2_Second,SA,345,1.757010e-05,6.559569e-05,6.800000e-05,-3.000000e-06,4.630722e-05
RANS_SA_WD_0.01-20_ConsGalerkinProj_Drift_Seed2_Second,SA,346,-2.817980e-05,5.796386e-05,6.000000e-05,-3.000000e-06,2.293253e-05
RANS_SA_WD_0.01-20_ConsGalerkinProj_Drift_Seed2_Second,SA,347,-7.006120e-05,5.325997e-05,5.500000e-05,-2.000000e-06,4.433142e-06
RANS_SA_WD_0.01-20_ConsGalerkinProj_Drift_Seed2_Second,SA,348,-1.054542e-04,5.156769e-05,5.300000e-05,-2.000000e-06,-1.513134e-05
RANS_SA_WD_0.01-20_ConsGalerkinProj_Drift_Seed2_Second,SA,349,-1.266402e-04,5.101444e-05,5.200000e-05,-2.000000e-06,-3.188000e-05
RANS_SA_WD_0.01-20_ConsGalerkinProj_Drift_Seed2_Second,SA,350,-8.541150e-05,4.191119e-05,4.300000e-05,-2.000000e-06,-3.621920e-05
RANS_SA_WD_0.01-20_ConsGalerkinProj_Drift_Seed2_Second,SA,351,-5.579750e-05,5.041067e-05,5.200000e-05,-2.000000e-06,-3.256215e-06
RANS_SA_WD_0.01-20_ConsGalerkinProj_Drift_Seed2_Second,SA,352,-8.075690e-05,4.586259e-05,4.700000e-05,-2.000000e-06,3.630000e-07
RANS_SA_WD_0.01-20_ConsGalerkinProj_Drift_Seed2_Second,SA,353,-5.487950e-05,4.465732e-05,4.600000e-05,-2.000000e-06,6.839186e-07
RANS_SA_WD_0.01-20_ConsGalerkinProj_Drift_Seed2_Second,SA,354,-1.403770e-05,4.683077e-05,4.800000e-05,-1.000000e-06,9.206100e-06
RANS_SA_WD_0.01-20_ConsGalerkinProj_Drift_Seed2_Second,SA,355,1.040370e-05,4.917800e-05,5.000000e-05,-1.000000e-06,1.419966e-05
RANS_SA_WD_0.01-20_ConsGalerkinProj_Drift_Seed2_Second,SA,356,9.187200e-06,5.033570e-05,5.100000e-05,-1.000000e-06,1.042961e-05
RANS_SA_WD_0.01-20_ConsGalerkinProj_Drift_Seed2_Second,SA,357,4.383000e-06,5.243985e-05,5.300000e-05,-1.000000e-06,1.048680e-05
RANS_SA_WD_0.01-20_ConsGalerkinProj_Drift_Seed2_Second,SA,358,8.397300e-06,5.607926e-05,5.700000e-05,-2.000000e-06,2.254723e-05
RANS_SA_WD_0.01-20_ConsGalerkinProj_Drift_Seed2_Second,SA,359,2.655990e-05,6.212701e-05,6.300000e-05,-2.000000e-06,4.536905e-05
RANS_SA_WD_0.01-20_ConsGalerkinProj_Drift_Seed2_Second,SA,360,1.613670e-05,6.869743e-05,7.000000e-05,-2.000000e-06,3.582133e-05
RANS_SA_WD_0.01-20_ConsGalerkinProj_Drift_Seed2_Second,SA,361,8.744000e-07,7.032080e-05,7.100000e-05,-2.000000e-06,4.062178e-05
RANS_SA_WD_0.01-20_ConsGalerkinProj_Drift_Seed2_Second,SA,362,-2.800260e-05,6.521281e-05,6.600000e-05,-2.000000e-06,3.185387e-05
RANS_SA_WD_0.01-20_ConsGalerkinProj_Drift_Seed2_Second,SA,363,-5.925330e-05,6.237061e-05,6.300000e-05,-2.000000e-06,1.956849e-05
RANS_SA_WD_0.01-20_ConsGalerkinProj_Drift_Seed2_Second,SA,364,-6.875490e-05,6.889849e-05,7.000000e-05,-2.000000e-06,2.333608e-05
RANS_SA_WD_0.01-20_ConsGalerkinProj_Drift_Seed2_Second,SA,365,-4.124960e-05,7.899674e-05,8.000000e-05,-2.000000e-06,3.978032e-05
RANS_SA_WD_0.01-20_ConsGalerkinProj_Drift_Seed2_Second,SA,366,4.355600e-06,8.634870e-05,8.700000e-05,-2.000000e-06,5.931116e-05
RANS_SA_WD_0.01-20_ConsGalerkinProj_Drift_Seed2_Second,SA,367,4.100370e-05,9.152002e-05,9.200000e-05,-1.000000e-06,7.737890e-05
RANS_SA_WD_0.01-20_ConsGalerkinProj_Drift_Seed2_Second,SA,368,4.555760e-05,9.270624e-05,9.300000e-05,-1.000000e-06,7.908028e-05
RANS_SA_WD_0.01-20_ConsGalerkinProj_Drift_Seed2_Second,SA,369,1.244990e-05,8.835153e-05,8.900000e-05,-1.000000e-06,5.627741e-05
RANS_SA_WD_0.01-20_ConsGalerkinProj_Drift_Seed2_Second,SA,370,-1.015853e-04,7.936208e-05,8.000000e-05,-1.000000e-06,-1.334329e-05
RANS_SA_WD_0.01-20_ConsGalerkinProj_Drift_Seed2_Second,SA,371,-2.267613e-04,6.548480e-05,6.600000e-05,-1.000000e-06,-7.996263e-05
RANS_SA_WD_0.01-20_ConsGalerkinProj_Drift_Seed2_Second,SA,372,-2.830589e-04,5.207929e-05,5.200000e-05,-1.000000e-06,-9.726654e-05
RANS_SA_WD_0.01-20_ConsGalerkinProj_Drift_Seed2_Second,SA,373,-2.895207e-04,4.724878e-05,4.700000e-05,0.000000e+00,-7.183810e-05
RANS_SA_WD_0.01-20_ConsGalerkinProj_Drift_Seed2_Second,SA,374,-2.183284e-04,5.525411e-05,5.500000e-05,0.000000e+00,-2.423913e-05
RANS_SA_WD_0.01-20_ConsGalerkinProj_Drift_Seed2_Second,SA,375,-8.774420e-05,7.230929e-05,7.100000e-05,0.000000e+00,2.515778e-05
RANS_SA_WD_0.01-20_ConsGalerkinProj_Drift_Seed2_Second,SA,376,4.374580e-05,9.258342e-05,9.100000e-05,1.000000e-06,6.232055e-05
RANS_SA_WD_0.01-20_ConsGalerkinProj_Drift_Seed2_Second,SA,377,1.251298e-04,1.064084e-04,1.050000e-04,1.000000e-06,7.385840e-05
RANS_SA_WD_0.01-20_ConsGalerkinProj_Drift_Seed2_Second,SA,378,1.392139e-04,1.069716e-04,1.050000e-04,1.000000e-06,6.213295e-05
RANS_SA_WD_0.01-20_ConsGalerkinProj_Drift_Seed2_Second,SA,379,1.010219e-04,9.838348e-05,9.700000e-05,1.000000e-06,3.837958e-05
RANS_SA_WD_0.01-20_ConsGalerkinProj_Drift_Seed2_Second,SA,380,2.176000e-05,6.563430e-05,6.400000e-05,1.000000e-06,-9.095371e-06
RANS_SA_WD_0.01-20_ConsGalerkinProj_Drift_Seed2_Second,SA,381,-5.432610e-05,5.408773e-05,5.200000e-05,2.000000e-06,-6.031685e-06
RANS_SA_WD_0.01-20_ConsGalerkinProj_Drift_Seed2_Second,SA,382,-1.259787e-04,4.393833e-05,4.100000e-05,2.000000e-06,-2.935303e-05
RANS_SA_WD_0.01-20_ConsGalerkinProj_Drift_Seed2_Second,SA,383,-1.316917e-04,4.292570e-05,4.000000e-05,2.000000e-06,-4.070611e-05
RANS_SA_WD_0.01-20_ConsGalerkinProj_Drift_Seed2_Second,SA,384,-9.562440e-05,4.797819e-05,4.500000e-05,2.000000e-06,-2.764395e-05
RANS_SA_WD_0.01-20_ConsGalerkinProj_Drift_Seed2_Second,SA,385,-4.816750e-05,5.323014e-05,5.000000e-05,2.000000e-06,-8.287073e-06
RANS_SA_WD_0.01-20_ConsGalerkinProj_Drift_Seed2_Second,SA,386,-7.583700e-06,5.816227e-05,5.500000e-05,2.000000e-06,5.788725e-06
RANS_SA_WD_0.01-20_ConsGalerkinProj_Drift_Seed2_Second,SA,387,3.429040e-05,6.836346e-05,6.500000e-05,3.000000e-06,2.290241e-05
RANS_SA_WD_0.01-20_ConsGalerkinProj_Drift_Seed2_Second,SA,388,7.584490e-05,8.046872e-05,7.700000e-05,3.000000e-06,3.876958e-05
RANS_SA_WD_0.01-20_ConsGalerkinProj_Drift_Seed2_Second,SA,389,7.296830e-05,8.290919e-05,8.000000e-05,3.000000e-06,4.556669e-05
RANS_SA_WD_0.01-20_ConsGalerkinProj_Drift_Seed2_Second,SA,390,8.271670e-05,8.035779e-05,7.700000e-05,3.000000e-06,7.986236e-05
RANS_SA_WD_0.01-20_ConsGalerkinProj_Drift_Seed2_Second,SA,391,8.857120e-05,8.612628e-05,8.300000e-05,2.000000e-06,9.739625e-05
RANS_SA_WD_0.01-20_ConsGalerkinProj_Drift_Seed2_Second,SA,392,4.323460e-05,8.567445e-05,8.300000e-05,2.000000e-06,8.608565e-05
RANS_SA_WD_0.01-20_ConsGalerkinProj_Drift_Seed2_Second,SA,393,-1.614140e-05,8.227515e-05,7.900000e-05,2.000000e-06,5.972014e-05
RANS_SA_WD_0.01-20_ConsGalerkinProj_Drift_Seed2_Second,SA,394,-1.108308e-04,7.119542e-05,6.800000e-05,2.000000e-06,3.088579e-06
RANS_SA_WD_0.01-20_ConsGalerkinProj_Drift_Seed2_Second,SA,395,-2.434740e-04,5.300363e-05,5.000000e-05,2.000000e-06,-7.099609e-05
RANS_SA_WD_0.01-20_ConsGalerkinProj_Drift_Seed2_Second,SA,396,-3.620773e-04,3.964190e-05,3.600000e-05,3.000000e-06,-1.327841e-04
RANS_SA_WD_0.01-20_ConsGalerkinProj_Drift_Seed2_Second,SA,397,-4.282368e-04,3.459345e-05,3.100000e-05,3.000000e-06,-1.576673e-04
RANS_SA_WD_0.01-20_ConsGalerkinProj_Drift_Seed2_Second,SA,398,-4.069347e-04,3.792454e-05,3.500000e-05,3.000000e-06,-1.330459e-04
RANS_SA_WD_0.01-20_ConsGalerkinProj_Drift_Seed2_Second,SA,399,-3.060528e-04,4.683559e-05,4.400000e-05,3.000000e-06,-7.088900e-05
RANS_SA_WD_0.01-20_NN_Drift_Second,SA,2,0.000000e+00,0.000000e+00,0.000000e+00,0.000000e+00,0.000000e+00
RANS_SA_WD_0.01-20_NN_Drift_Second,SA,3,0.000000e+00,0.000000e+00,0.000000e+00,0.000000e+00,0.000000e+00
RANS_SA_WD_0.01-20_NN_Drift_Second,SA,4,0.000000e+00,0.000000e+00,0.000000e+00,0.000000e+00,0.000000e+00
RANS_SA_WD_0.01-20_NN_Drift_Second,SA,5,0.000000e+00,0.000000e+00,0.000000e+00,0.000000e+00,0.000000e+00
RANS_SA_WD_0.01-20_NN_Drift_Second,SA,6,0.000000e+00,0.000000e+00,0.000000e+00,0.000000e+00,0.000000e+00
RANS_SA_WD_0.01-20_NN_Drift_Second,SA,7,0.000000e+00,0.000000e+00,0.000000e+00,0.000000e+00,0.000000e+00
RANS_SA_WD_0.01-20_NN_Drift_Second,SA,8,0.000000e+00,0.000000e+00,0.000000e+00,0.000000e+00,0.000000e+00
RANS_SA_WD_0.01-20_NN_Drift_Second,SA,9,0.000000e+00,0.000000e+00,0.000000e+00,0.000000e+00,0.000000e+00
RANS_SA_WD_0.01-20_NN_Drift_Second,SA,10,1.687360e-05,3.242154e-05,3.200000e-05,0.000000e+00,2.081759e-05
RANS_SA_WD_0.01-20_NN_Drift_Second,SA,11,3.127820e-05,4.913671e-05,4.900000e-05,0.000000e+00,2.441209e-05
RANS_SA_WD_0.01-20_NN_Drift_Second,SA,12,1.705810e-05,4.322750e-05,4.300000e-05,0.000000e+00,-6.652151e-07
RANS_SA_WD_0.01-20_NN_Drift_Second,SA,13,1.560820e-05,3.487735e-05,3.400000e-05,0.000000e+00,-1.680854e-05
RANS_SA_WD_0.01-20_NN_Drift_Second,SA,14,2.733010e-05,3.152837e-05,3.100000e-05,0.000000e+00,-1.138084e-05
RANS_SA_WD_0.01-20_NN_Drift_Second,SA,15,3.445010e-05,3.250510e-05,3.200000e-05,0.000000e+00,-1.345509e-06
RANS_SA_WD_0.01-20_NN_Drift_Second,SA,16,3.527570e-05,3.537855e-05,3.500000e-05,0.000000e+00,3.692974e-06
RANS_SA_WD_0.01-20_NN_Drift_Second,SA,17,3.052980e-05,3.793264e-05,3.700000e-05,0.000000e+00,1.558682e-06
RANS_SA_WD_0.01-20_NN_Drift_Second,SA,18,3.422800e-05,3.999661e-05,4.000000e-05,0.000000e+00,1.717631e-06
RANS_SA_WD_0.01-20_NN_Drift_Second,SA,19,5.222210e-05,4.214468e-05,4.200000e-05,0.000000e+00,1.067383e-05
RANS_SA_WD_0.01-20_NN_Drift_Second,SA,20,2.149245e-04,5.214453e-05,5.200000e-05,0.000000e+00,9.788367e-05
RANS_SA_WD_0.01-20_NN_Drift_Second,SA,21,3.779600e-04,6.609979e-05,6.600000e-05,0.000000e+00,1.778014e-04
RANS_SA_WD_0.01-20_NN_Drift_Second,SA,22,4.585608e-04,8.069207e-05,8.000000e-05,0.000000e+00,2.036223e-04
RANS_SA_WD_0.01-20_NN_Drift_Second,SA,23,5.104978e-04,9.828167e-05,9.800000e-05,0.000000e+00,2.064094e-04
RANS_SA_WD_0.01-20_NN_Drift_Second,SA,24,4.884305e-04,1.019372e-04,1.010000e-04,0.000000e+00,1.723656e-04
RANS_SA_WD_0.01-20_NN_Drift_Second,SA,25,4.277617e-04,9.528288e-05,9.400000e-05,0.000000e+00,1.298744e-04
RANS_SA_WD_0.01-20_NN_Drift_Second,SA,26,3.327470e-04,8.087727e-05,8.000000e-05,0.000000e+00,8.706803e-05
RANS_SA_WD_0.01-20_NN_Drift_Second,SA,27,2.786917e-04,7.429132e-05,7.300000e-05,0.000000e+00,7.734046e-05
RANS_SA_WD_0.01-20_NN_Drift_Second,SA,28,2.852001e-04,7.601246e-05,7.500000e-05,0.000000e+00,9.252178e-05
RANS_SA_WD_0.01-20_NN_Drift_Second,SA,29,3.278177e-04,8.025043e-05,7.900000e-05,0.000000e+00,1.164796e-04
RANS_SA_WD_0.01-20_NN_Drift_Second,SA,30,2.541380e-04,7.115474e-05,7.000000e-05,0.000000e+00,1.103389e-04
RANS_SA_WD_0.01-20_NN_Drift_Second,SA,31,2.289552e-04,7.884362e-05,7.800000e-05,0.000000e+00,1.008553e-04
RANS_SA_WD_0.01-20_NN_Drift_Second,SA,32,2.188822e-04,7.944259e-05,7.900000e-05,0.000000e+00,1.036220e-04
RANS_SA_WD_0.01-20_NN_Drift_Second,SA,33,2.625455e-04,8.289225e-05,8.200000e-05,0.000000e+00,1.232071e-04
RANS_SA_WD_0.01-20_NN_Drift_Second,SA,34,3.206308e-04,8.743861e-05,8.700000e-05,0.000000e+00,1.515286e-04
RANS_SA_WD_0.01-20_NN_Drift_Second,SA,35,3.769419e-04,9.716504e-05,9.700000e-05,0.000000e+00,1.849799e-04
RANS_SA_WD_0.01-20_NN_Drift_Second,SA,36,4.217413e-04,1.071033e-04,1.070000e-04,0.000000e+00,2.060652e-04
RANS_SA_WD_0.01-20_NN_Drift_Second,SA,37,4.358164e-04,1.106246e-04,1.100000e-04,0.000000e+00,1.999425e-04
RANS_SA_WD_0.01-20_NN_Drift_Second,SA,38,3.987658e-04,1.044843e-04,1.040000e-04,0.000000e+00,1.626371e-04
RANS_SA_WD_0.01-20_NN_Drift_Second,SA,39,3.142696e-04,8.974231e-05,8.900000e-05,0.000000e+00,1.098433e-04
RANS_SA_WD_0.01-20_NN_Drift_Second,SA,40,2.432342e-04,7.553745e-05,7.500000e-05,0.000000e+00,6.184890e-05
RANS_SA_WD_0.01-20_NN_Drift_Second,SA,41,1.772269e-04,7.522293e-05,7.400000e-05,0.000000e+00,5.961134e-05
RANS_SA_WD_0.01-20_NN_Drift_Second,SA,42,1.329800e-04,6.246451e-05,6.100000e-05,0.000000e+00,4.768231e-05
RANS_SA_WD_0.01-20_NN_Drift_Second,SA,43,1.377768e-04,5.813550e-05,5.700000e-05,1.000000e-06,5.322844e-05
RANS_SA_WD_0.01-20_NN_Drift_Second,SA,44,1.952607e-04,6.643225e-05,6.500000e-05,1.000000e-06,8.097137e-05
RANS_SA_WD_0.01-20_NN_Drift_Second,SA,45,2.709980e-04,7.639968e-05,7.500000e-05,1.000000e-06,1.090509e-04
RANS_SA_WD_0.01-20_NN_Drift_Second,SA,46,3.254933e-04,8.236976e-05,8.100000e-05,1.000000e-06,1.247480e-04
RANS_SA_WD_0.01-20_NN_Drift_Second,SA,47,3.318033e-04,8.044801e-05,7.800000e-05,1.000000e-06,1.179245e-04
RANS_SA_WD_0.01-20_NN_Drift_Second,SA,48,2.891383e-04,7.263842e-05,7.000000e-05,2.000000e-06,8.942658e-05
RANS_SA_WD_0.01-20_NN_Drift_Second,SA,49,2.054974e-04,6.176780e-05,5.900000e-05,2.000000e-06,4.490892e-05
RANS_SA_WD_0.01-20_NN_Drift_Second,SA,50,8.225010e-05,5.530865e-05,5.300000e-05,2.000000e-06,-4.177439e-05
RANS_SA_WD_0.01-20_NN_Drift_Second,SA,51,-8.024000e-06,3.887290e-05,3.600000e-05,2.000000e-06,-8.300064e-05
RANS_SA_WD_0.01-20_NN_Drift_Second,SA,52,-1.168760e-05,4.300272e-05,4.000000e-05,3.000000e-06,-7.369502e-05
RANS_SA_WD_0.01-20_NN_Drift_Second,SA,53,1.299930e-05,5.571459e-05,5.200000e-05,3.000000e-06,-4.692178e-05
RANS_SA_WD_0.01-20_NN_Drift_Second,SA,54,3.164690e-05,6.402702e-05,6.000000e-05,3.000000e-06,-2.891244e-05
RANS_SA_WD_0.01-20_NN_Drift_Second,SA,55,4.033910e-05,6.872958e-05,6.500000e-05,4.000000e-06,-2.054265e-05
RANS_SA_WD_0.01-20_NN_Drift_Second,SA,56,1.417470e-05,6.872903e-05,6.400000e-05,4.000000e-06,-2.855223e-05
RANS_SA_WD_0.01-20_NN_Drift_Second,SA,57,-2.858970e-05,6.639416e-05,6.200000e-05,4.000000e-06,-4.267224e-05
RANS_SA_WD_0.01-20_NN_Drift_Second,SA,58,-6.386480e-05,6.393626e-05,5.900000e-05,4.000000e-06,-4.793005e-05
RANS_SA_WD_0.01-20_NN_Drift_Second,SA,59,-7.533520e-05,6.143296e-05,5.700000e-05,4.000000e-06,-4.093444e-05
RANS_SA_WD_0.01-20_NN_Drift_Second,SA,60,-1.798590e-05,6.354709e-05,5.900000e-05,4.000000e-06,3.998733e-05
RANS_SA_WD_0.01-20_NN_Drift_Second,SA,61,4.047530e-05,7.268946e-05,6.800000e-05,4.000000e-06,1.013151e-04
RANS_SA_WD_0.01-20_NN_Drift_Second,SA,62,5.759890e-05,6.429573e-05,6.000000e-05,4.000000e-06,7.381307e-05
RANS_SA_WD_0.01-20_NN_Drift_Second,SA,63,8.780270e-05,5.890268e-05,5.400000e-05,4.000000e-06,5.356243e-05
RANS_SA_WD_0.01-20_NN_Drift_Second,SA,64,1.513361e-04,6.298729e-05,5.900000e-05,4.000000e-06,6.948134e-05
RANS_SA_WD_0.01-20_NN_Drift_Second,SA,65,2.547907e-04,6.892170e-05,6.500000e-05,4.000000e-06,1.134875e-04
RANS_SA_WD_0.01-20_NN_Drift_Second,SA,66,3.926767e-04,7.156042e-05,6.700000e-05,3.000000e-06,1.714899e-04
RANS_SA_WD_0.01-20_NN_Drift_Second,SA,67,5.315851e-04,7.716321e-05,7.300000e-05,3.000000e-06,2.313736e-04
RANS_SA_WD_0.01-20_NN_Drift_Second,SA,68,6.291529e-04,8.622626e-05,8.200000e-05,3.000000e-06,2.637515e-04
RANS_SA_WD_0.01-20_NN_Drift_Second,SA,69,6.618240e-04,9.188403e-05,8.800000e-05,3.000000e-06,2.563493e-04
RANS_SA_WD_0.01-20_NN_Drift_Second,SA,70,5.109126e-04,7.173757e-05,6.900000e-05,2.000000e-06,1.329770e-04
RANS_SA_WD_0.01-20_NN_Drift_Second,SA,71,2.945145e-04,5.351888e-05,5.100000e-05,2.000000e-06,4.109458e-05
RANS_SA_WD_0.01-20_NN_Drift_Second,SA,72,1.187560e-04,3.479277e-05,3.200000e-05,2.000000e-06,-2.265204e-05
RANS_SA_WD_0.01-20_NN_Drift_Second,SA,73,-1.184330e-05,2.342090e-05,2.100000e-05,2.000000e-06,-6.742414e-05
RANS_SA_WD_0.01-20_NN_Drift_Second,SA,74,-1.110660e-04,1.942083e-05,1.700000e-05,1.000000e-06,-1.035533e-04
RANS_SA_WD_0.01-20_NN_Drift_Second,SA,75,-1.767232e-04,2.205424e-05,2.000000e-05,1.000000e-06,-1.258151e-04
RANS_SA_WD_0.01-20_NN_Drift_Second,SA,76,-2.202684e-04,2.451905e-05,2.300000e-05,1.000000e-06,-1.382057e-04
RANS_SA_WD_0.01-20_NN_Drift_Second,SA,77,-2.480099e-04,2.480522e-05,2.300000e-05,1.000000e-06,-1.458611e-04
RANS_SA_WD_0.01-20_NN_Drift_Second,SA,78,-2.677811e-04,2.418492e-05,2.300000e-05,1.000000e-06,-1.510740e-04
RANS_SA_WD_0.01-20_NN_Drift_Second,SA,79,-2.668194e-04,2.660903e-05,2.500000e-05,1.000000e-06,-1.419656e-04
RANS_SA_WD_0.01-20_NN_Drift_Second,SA,80,-1.751230e-05,4.502463e-05,4.400000e-05,1.000000e-06,5.820218e-05
RANS_SA_WD_0.01-20_NN_Drift_Second,SA,81,1.722755e-04,6.208694e-05,6.100000e-05,1.000000e-06,1.633629e-04
RANS_SA_WD_0.01-20_NN_Drift_Second,SA,82,2.943936e-04,7.748971e-05,7.600000e-05,0.000000e+00,1.850199e-04
RANS_SA_WD_0.01-20_NN_Drift_Second,SA,83,3.481665e-04,8.541145e-05,8.500000e-05,0.000000e+00,1.701814e-04
RANS_SA_WD_0.01-20_NN_Drift_Second,SA,84,3.617523e-04,8.779615e-05,8.700000e-05,0.000000e+00,1.512194e-04
RANS_SA_WD_0.01-20_NN_Drift_Second,SA,85,3.386665e-04,8.479849e-05,8.400000e-05,0.000000e+00,1.325961e-04
RANS_SA_WD_0.01-20_NN_Drift_Second,SA,86,3.092035e-04,7.922397e-05,7.900000e-05,0.000000e+00,1.231660e-04
RANS_SA_WD_0.01-20_NN_Drift_Second,SA,87,2.901085e-04,7.413646e-05,7.300000e-05,0.000000e+00,1.297045e-04
RANS_SA_WD_0.01-20_NN_Drift_Second,SA,88,3.115738e-04,7.653139e-05,7.600000e-05,0.000000e+00,1.562886e-04
RANS_SA_WD_0.01-20_NN_Drift_Second,SA,89,3.590728e-04,8.407128e-05,8.300000e-05,0.000000e+00,1.864462e-04
RANS_SA_WD_0.01-20_NN_Drift_Second,SA,90,1.815373e-04,6.341400e-05,6.200000e-05,1.000000e-06,3.634966e-05
RANS_SA_WD_0.01-20_NN_Drift_Second,SA,91,4.736980e-05,4.961155e-05,4.800000e-05,1.000000e-06,-4.105685e-05
RANS_SA_WD_0.01-20_NN_Drift_Second,SA,92,-9.409660e-05,3.538731e-05,3.300000e-05,2.000000e-06,-7.776050e-05
RANS_SA_WD_0.01-20_NN_Drift_Second,SA,93,-1.913332e-04,2.720697e-05,2.400000e-05,2.000000e-06,-1.003955e-04
RANS_SA_WD_0.01-20_NN_Drift_Second,SA,94,-2.158823e-04,2.443371e-05,2.100000e-05,3.000000e-06,-1.084733e-04
RANS_SA_WD_0.01-20_NN_Drift_Second,SA,95,-1.677622e-04,2.705256e-05,2.400000e-05,3.000000e-06,-9.427851e-05
RANS_SA_WD_0.01-20_NN_Drift_Second,SA,96,-7.514080e-05,3.420710e-05,3.100000e-05,3.000000e-06,-5.913384e-05
RANS_SA_WD_0.01-20_NN_Drift_Second,SA,97,2.615010e-05,4.258673e-05,3.900000e-05,3.000000e-06,-2.091859e-05
RANS_SA_WD_0.01-20_NN_Drift_Second,SA,98,1.030633e-04,4.963996e-05,4.600000e-05,3.000000e-06,4.930076e-06
RANS_SA_WD_0.01-20_NN_Drift_Second,SA,99,1.474123e-04,5.463051e-05,5.100000e-05,3.000000e-06,1.375916e-05
RANS_SA_WD_0.01-20_NN_Drift_Second,SA,100,2.302574e-04,7.947676e-05,7.500000e-05,4.000000e-06,4.883184e-05
RANS_SA_WD_0.01-20_NN_Drift_Second,SA,101,2.442710e-04,7.787748e-05,7.400000e-05,4.000000e-06,6.080841e-05
RANS_SA_WD_0.01-20_NN_Drift_Second,SA,102,2.164995e-04,7.478501e-05,7.000000e-05,4.000000e-06,4.547255e-05
RANS_SA_WD_0.01-20_NN_Drift_Second,SA,103,1.462748e-04,6.618933e-05,6.200000e-05,4.000000e-06,2.311718e-05
RANS_SA_WD_0.01-20_NN_Drift_Second,SA,104,9.390600e-05,6.242905e-05,5.800000e-05,4.000000e-06,1.172831e-05
RANS_SA_WD_0.01-20_NN_Drift_Second,SA,105,3.806570e-05,5.976712e-05,5.500000e-05,4.000000e-06,-4.127045e-07
RANS_SA_WD_0.01-20_NN_Drift_Second,SA,106,1.303760e-05,6.249212e-05,5.800000e-05,4.000000e-06,-3.184715e-06
RANS_SA_WD_0.01-20_NN_Drift_Second,SA,107,1.929200e-06,6.604331e-05,6.200000e-05,4.000000e-06,-1.703438e-06
RANS_SA_WD_0.01-20_NN_Drift_Second,SA,108,1.212470e-05,6.795918e-05,6.400000e-05,4.000000e-06,3.313207e-07
RANS_SA_WD_0.01-20_NN_Drift_Second,SA,109,3.166920e-05,7.394455e-05,7.000000e-05,4.000000e-06,1.631587e-05
RANS_SA_WD_0.01-20_NN_Drift_Second,SA,110,-1.310693e-04,2.824413e-05,2.400000e-05,3.000000e-06,-3.976684e-05
RANS_SA_WD_0.01-20_NN_Drift_Second,SA,111,-1.626665e-04,4.272154e-05,3.900000e-05,3.000000e-06,-1.935958e-05
RANS_SA_WD_0.01-20_NN_Drift_Second,SA,112,-1.609538e-04,5.170564e-05,4.800000e-05,3.000000e-06,-2.919361e-05
RANS_SA_WD_0.01-20_NN_Drift_Second,SA,113,-1.531951e-04,5.016903e-05,4.700000e-05,3.000000e-06,-5.165674e-05
RANS_SA_WD_0.01-20_NN_Drift_Second,SA,114,-1.345773e-04,4.750681e-05,4.400000e-05,3.000000e-06,-6.171709e-05
RANS_SA_WD_0.01-20_NN_Drift_Second,SA,115,-1.173214e-04,4.722484e-05,4.400000e-05,3.000000e-06,-5.330895e-05
RANS_SA_WD_0.01-20_NN_Drift_Second,SA,116,-1.046254e-04,3.929665e-05,3.600000e-05,3.000000e-06,-4.645680e-05
RANS_SA_WD_0.01-20_NN_Drift_Second,SA,117,-5.299360e-05,3.203074e-05,2.900000e-05,3.000000e-06,-2.765037e-05
RANS_SA_WD_0.01-20_NN_Drift_Second,SA,118,3.627540e-05,3.453012e-05,3.100000e-05,2.000000e-06,7.436686e-06
RANS_SA_WD_0.01-20_NN_Drift_Second,SA,119,1.572551e-04,4.518872e-05,4.200000e-05,2.000000e-06,4.880367e-05
RANS_SA_WD_0.01-20_NN_Drift_Second,SA,120,3.555122e-04,7.404269e-05,7.100000e-05,2.000000e-06,1.441711e-04
RANS_SA_WD_0.01-20_NN_Drift_Second,SA,121,2.196400e-04,7.756637e-05,7.500000e-05,2.000000e-06,6.952208e-05
RANS_SA_WD_0.01-20_NN_Drift_Second,SA,122,1.087995e-04,7.285956e-05,7.000000e-05,2.000000e-06,1.119895e-05
RANS_SA_WD_0.01-20_NN_Drift_Second,SA,123,1.036485e-04,7.420068e-05,7.200000e-05,2.000000e-06,7.983106e-06
RANS_SA_WD_0.01-20_NN_Drift_Second,SA,124,1.763568e-04,7.203581e-05,7.000000e-05,2.000000e-06,5.552741e-05
RANS_SA_WD_0.01-20_NN_Drift_Second,SA,125,2.177545e-04,7.110840e-05,6.900000e-05,2.000000e-06,7.507424e-05
RANS_SA_WD_0.01-20_NN_Drift_Second,SA,126,2.605150e-04,7.377284e-05,7.200000e-05,1.000000e-06,7.474536e-05
RANS_SA_WD_0.01-20_NN_Drift_Second,SA,127,3.472880e-04,8.011306e-05,7.800000e-05,2.000000e-06,1.073004e-04
RANS_SA_WD_0.01-20_NN_Drift_Second,SA,128,4.458855e-04,8.532978e-05,8.300000e-05,2.000000e-06,1.520136e-04
RANS_SA_WD_0.01-20_NN_Drift_Second,SA,129,5.446008e-04,8.942111e-05,8.700000e-05,2.000000e-06,2.005868e-04
RANS_SA_WD_0.01-20_NN_Drift_Second,SA,130,7.079955e-04,9.141607e-05,8.800000e-05,3.000000e-06,2.990867e-04
RANS_SA_WD_0.01-20_NN_Drift_Second,SA,131,7.782108e-04,9.658052e-05,9.300000e-05,3.000000e-06,3.258085e-04
RANS_SA_WD_0.01-20_NN_Drift_Second,SA,132,6.903642e-04,8.756059e-05,8.300000e-05,4.000000e-06,2.543091e-04
RANS_SA_WD_0.01-20_NN_Drift_Second,SA,133,5.035157e-04,7.327844e-05,6.800000e-05,5.000000e-06,1.338402e-04
RANS_SA_WD_0.01-20_NN_Drift_Second,SA,134,3.048222e-04,5.811875e-05,5.200000e-05,5.000000e-06,2.160196e-05
RANS_SA_WD_0.01-20_NN_Drift_Second,SA,135,1.222537e-04,4.179906e-05,3.500000e-05,6.000000e-06,-6.019905e-05
RANS_SA_WD_0.01-20_NN_Drift_Second,SA,136,-1.062190e-05,2.882064e-05,2.200000e-05,6.000000e-06,-9.429562e-05
RANS_SA_WD_0.01-20_NN_Drift_Second,SA,137,-4.407960e-05,2.760557e-05,2.100000e-05,6.000000e-06,-7.288449e-05
RANS_SA_WD_0.01-20_NN_Drift_Second,SA,138,3.074130e-05,3.882694e-05,3.300000e-05,5.000000e-06,-1.247635e-05
RANS_SA_WD_0.01-20_NN_Drift_Second,SA,139,1.686333e-04,5.801929e-05,5.200000e-05,5.000000e-06,5.862992e-05
RANS_SA_WD_0.01-20_NN_Drift_Second,SA,140,1.652954e-04,7.054037e-05,6.500000e-05,5.000000e-06,8.478436e-05
RANS_SA_WD_0.01-20_NN_Drift_Second,SA,141,2.151728e-04,8.454855e-05,8.000000e-05,4.000000e-06,9.841401e-05
RANS_SA_WD_0.01-20_NN_Drift_Second,SA,142,2.539000e-04,8.844819e-05,8.400000e-05,4.000000e-06,9.555296e-05
RANS_SA_WD_0.01-20_NN_Drift_Second,SA,143,2.480503e-04,8.053612e-05,7.700000e-05,3.000000e-06,7.886537e-05
RANS_SA_WD_0.01-20_NN_Drift_Second,SA,144,2.054486e-04,7.161371e-05,6.800000e-05,3.000000e-06,6.536920e-05
RANS_SA_WD_0.01-20_NN_Drift_Second,SA,145,1.328446e-04,6.235282e-05,5.900000e-05,3.000000e-06,4.184686e-05
RANS_SA_WD_0.01-20_NN_Drift_Second,SA,146,8.680790e-05,5.660411e-05,5.300000e-05,3.000000e-06,2.493667e-05
RANS_SA_WD_0.01-20_NN_Drift_Second,SA,147,8.119110e-05,5.536688e-05,5.200000e-05,2.000000e-06,2.615898e-05
RANS_SA_WD_0.01-20_NN_Drift_Second,SA,148,1.103196e-04,5.954172e-05,5.700000e-05,2.000000e-06,4.436153e-05
RANS_SA_WD_0.01-20_NN_Drift_Second,SA,149,1.703904e-04,6.815486e-05,6.500000e-05,2.000000e-06,7.698551e-05
RANS_SA_WD_0.01-20_NN_Drift_Second,SA,150,1.815512e-04,6.489321e-05,6.200000e-05,2.000000e-06,1.113766e-04
RANS_SA_WD_0.01-20_NN_Drift_Second,SA,151,1.763222e-04,6.372389e-05,6.100000e-05,2.000000e-06,1.147475e-04
RANS_SA_WD_0.01-20_NN_Drift_Second,SA,152,1.534547e-04,5.489473e-05,5.200000e-05,2.000000e-06,9.262667e-05
RANS_SA_WD_0.01-20_NN_Drift_Second,SA,153,1.226265e-04,4.900797e-05,4.700000e-05,2.000000e-06,6.001838e-05
RANS_SA_WD_0.01-20_NN_Drift_Second,SA,154,8.827040e-05,5.069918e-05,4.800000e-05,2.000000e-06,3.485495e-05
RANS_SA_WD_0.01-20_NN_Drift_Second,SA,155,4.948440e-05,5.208113e-05,5.000000e-05,2.000000e-06,2.203546e-05
RANS_SA_WD_0.01-20_NN_Drift_Second,SA,156,3.071110e-05,5.203609e-05,5.000000e-05,2.000000e-06,2.665797e-05
RANS_SA_WD_0.01-20_NN_Drift_Second,SA,157,4.249490e-05,5.430148e-05,5.200000e-05,2.000000e-06,4.764878e-05
RANS_SA_WD_0.01-20_NN_Drift_Second,SA,158,7.039740e-05,5.789718e-05,5.500000e-05,2.000000e-06,6.939155e-05
RANS_SA_WD_0.01-20_NN_Drift_Second,SA,159,8.611890e-05,5.995661e-05,5.700000e-05,2.000000e-06,7.553614e-05
RANS_SA_WD_0.01-20_NN_Drift_Second,SA,160,3.432050e-05,4.807332e-05,4.500000e-05,2.000000e-06,1.778085e-05
RANS_SA_WD_0.01-20_NN_Drift_Second,SA,161,2.457390e-05,4.882221e-05,4.600000e-05,2.000000e-06,2.102048e-05
RANS_SA_WD_0.01-20_NN_Drift_Second,SA,162,3.715700e-05,5.494223e-05,5.200000e-05,3.000000e-06,3.551550e-05
RANS_SA_WD_0.01-20_NN_Drift_Second,SA,163,5.790810e-05,5.579691e-05,5.300000e-05,3.000000e-06,4.259353e-05
RANS_SA_WD_0.01-20_NN_Drift_Second,SA,164,9.910710e-05,5.794530e-05,5.500000e-05,3.000000e-06,5.084109e-05
RANS_SA_WD_0.01-20_NN_Drift_Second,SA,165,1.235777e-04,5.968945e-05,5.600000e-05,3.000000e-06,4.712735e-05
RANS_SA_WD_0.01-20_NN_Drift_Second,SA,166,1.080321e-04,5.686506e-05,5.400000e-05,3.000000e-06,2.338623e-05
RANS_SA_WD_0.01-20_NN_Drift_Second,SA,167,5.956190e-05,4.825609e-05,4.500000e-05,2.000000e-06,-1.294781e-05
RANS_SA_WD_0.01-20_NN_Drift_Second,SA,168,2.674800e-06,3.791698e-05,3.500000e-05,2.000000e-06,-4.589816e-05
RANS_SA_WD_0.01-20_NN_Drift_Second,SA,169,-3.159960e-05,3.222685e-05,2.900000e-05,2.000000e-06,-6.237535e-05
RANS_SA_WD_0.01-20_NN_Drift_Second,SA,170,-6.146390e-05,1.667469e-05,1.400000e-05,2.000000e-06,-6.470670e-05
RANS_SA_WD_0.01-20_NN_Drift_Second,SA,171,-5.466570e-05,2.293297e-05,2.000000e-05,2.000000e-06,-2.550305e-05
RANS_SA_WD_0.01-20_NN_Drift_Second,SA,172,-4.306460e-05,2.737698e-05,2.400000e-05,2.000000e-06,-8.575949e-06
RANS_SA_WD_0.01-20_NN_Drift_Second,SA,173,-1.549980e-05,2.955868e-05,2.700000e-05,2.000000e-06,-1.025185e-05
RANS_SA_WD_0.01-20_NN_Drift_Second,SA,174,2.765160e-05,3.480119e-05,3.200000e-05,2.000000e-06,-2.233733e-06
RANS_SA_WD_0.01-20_NN_Drift_Second,SA,175,6.481370e-05,3.958363e-05,3.700000e-05,2.000000e-06,6.965734e-06
RANS_SA_WD_0.01-20_NN_Drift_Second,SA,176,8.217340e-05,4.358587e-05,4.100000e-05,2.000000e-06,1.510528e-05
RANS_SA_WD_0.01-20_NN_Drift_Second,SA,177,8.605030e-05,4.648566e-05,4.300000e-05,2.000000e-06,2.043154e-05
RANS_SA_WD_0.01-20_NN_Drift_Second,SA,178,8.431870e-05,4.763608e-05,4.500000e-05,2.000000e-06,2.286138e-05
RANS_SA_WD_0.01-20_NN_Drift_Second,SA,179,8.606320e-05,4.725135e-05,4.400000e-05,2.000000e-06,2.529930e-05
RANS_SA_WD_0.01-20_NN_Drift_Second,SA,180,1.354828e-04,5.388631e-05,5.100000e-05,3.000000e-06,4.374732e-05
RANS_SA_WD_0.01-20_NN_Drift_Second,SA,181,1.537946e-04,5.816620e-05,5.500000e-05,3.000000e-06,5.295365e-05
RANS_SA_WD_0.01-20_NN_Drift_Second,SA,182,1.916201e-04,6.178624e-05,5.800000e-05,3.000000e-06,5.472700e-05
RANS_SA_WD_0.01-20_NN_Drift_Second,SA,183,2.490173e-04,6.926039e-05,6.600000e-05,3.000000e-06,6.284084e-05
RANS_SA_WD_0.01-20_NN_Drift_Second,SA,184,2.901577e-04,7.593603e-05,7.300000e-05,3.000000e-06,7.669225e-05
RANS_SA_WD_0.01-20_NN_Drift_Second,SA,185,2.984206e-04,7.841675e-05,7.500000e-05,3.000000e-06,7.932937e-05
RANS_SA_WD_0.01-20_NN_Drift_Second,SA,186,2.873399e-04,7.666553e-05,7.300000e-05,3.000000e-06,6.550503e-05
RANS_SA_WD_0.01-20_NN_Drift_Second,SA,187,2.777980e-04,7.386576e-05,7.100000e-05,2.000000e-06,5.480401e-05
RANS_SA_WD_0.01-20_NN_Drift_Second,SA,188,2.832287e-04,7.136604e-05,6.800000e-05,2.000000e-06,5.199976e-05
RANS_SA_WD_0.01-20_NN_Drift_Second,SA,189,2.984956e-04,7.190120e-05,6.900000e-05,2.000000e-06,6.120412e-05
RANS_SA_WD_0.01-20_NN_Drift_Second,SA,190,2.242947e-04,4.936059e-05,4.700000e-05,2.000000e-06,4.071502e-05
RANS_SA_WD_0.01-20_NN_Drift_Second,SA,191,1.534556e-04,4.104773e-05,3.900000e-05,2.000000e-06,3.160282e-05
RANS_SA_WD_0.01-20_NN_Drift_Second,SA,192,6.046090e-05,3.319794e-05,3.100000e-05,1.000000e-06,-8.295365e-07
RANS_SA_WD_0.01-20_NN_Drift_Second,SA,193,1.444830e-05,3.794124e-05,3.600000e-05,1.000000e-06,-2.492461e-05
RANS_SA_WD_0.01-20_NN_Drift_Second,SA,194,7.828400e-06,4.528262e-05,4.300000e-05,1.000000e-06,-3.092513e-05
RANS_SA_WD_0.01-20_NN_Drift_Second,SA,195,9.894000e-06,5.017730e-05,4.800000e-05,1.000000e-06,-3.137908e-05
RANS_SA_WD_0.01-20_NN_Drift_Second,SA,196,2.572820e-05,5.726789e-05,5.500000e-05,1.000000e-06,-2.889024e-05
RANS_SA_WD_0.01-20_NN_Drift_Second,SA,197,3.729720e-05,6.190761e-05,6.000000e-05,1.000000e-06,-2.214035e-05
RANS_SA_WD_0.01-20_NN_Drift_Second,SA,198,3.837670e-05,6.482516e-05,6.300000e-05,1.000000e-06,-8.873615e-06
RANS_SA_WD_0.01-20_NN_Drift_Second,SA,199,2.865440e-05,6.664789e-05,6.500000e-05,1.000000e-06,-1.678286e-06
RANS_SA_WD_0.01-20_NN_Drift_Second,SA,200,1.132503e-04,1.019215e-04,1.000000e-04,1.000000e-06,7.363139e-05
RANS_SA_WD_0.01-20_NN_Drift_Second,SA,201,1.729188e-04,1.118339e-04,1.100000e-04,1.000000e-06,1.239732e-04
RANS_SA_WD_0.01-20_NN_Drift_Second,SA,202,2.101651e-04,1.130362e-04,1.110000e-04,1.000000e-06,1.525501e-04
RANS_SA_WD_0.01-20_NN_Drift_Second,SA,203,2.210864e-04,1.079409e-04,1.060000e-04,1.000000e-06,1.486740e-04
RANS_SA_WD_0.01-20_NN_Drift_Second,SA,204,2.096961e-04,1.011084e-04,9.900000e-05,1.000000e-06,1.344143e-04
RANS_SA_WD_0.01-20_NN_Drift_Second,SA,205,1.677276e-04,9.227872e-05,9.100000e-05,1.000000e-06,1.186464e-04
RANS_SA_WD_0.01-20_NN_Drift_Second,SA,206,1.150492e-04,8.529397e-05,8.400000e-05,1.000000e-06,9.867354e-05
RANS_SA_WD_0.01-20_NN_Drift_Second,SA,207,7.401240e-05,7.540080e-05,7.400000e-05,1.000000e-06,6.510496e-05
RANS_SA_WD_0.01-20_NN_Drift_Second,SA,208,4.044720e-05,6.861063e-05,6.700000e-05,1.000000e-06,4.669401e-05
RANS_SA_WD_0.01-20_NN_Drift_Second,SA,209,3.195070e-05,6.801689e-05,6.600000e-05,1.000000e-06,4.087111e-05
RANS_SA_WD_0.01-20_NN_Drift_Second,SA,210,-1.444040e-05,4.444885e-05,4.300000e-05,1.000000e-06,-2.859671e-05
RANS_SA_WD_0.01-20_NN_Drift_Second,SA,211,-3.579170e-05,4.534298e-05,4.400000e-05,1.000000e-06,-4.742847e-05
RANS_SA_WD_0.01-20_NN_Drift_Second,SA,212,-6.488930e-05,3.896663e-05,3.800000e-05,1.000000e-06,-5.212162e-05
RANS_SA_WD_0.01-20_NN_Drift_Second,SA,213,-5.042230e-05,4.202251e-05,4.100000e-05,1.000000e-06,-3.272080e-05
RANS_SA_WD_0.01-20_NN_Drift_Second,SA,214,1.371640e-05,5.718385e-05,5.600000e-05,1.000000e-06,4.524442e-06
RANS_SA_WD_0.01-20_NN_Drift_Second,SA,215,8.814090e-05,7.205065e-05,7.000000e-05,1.000000e-06,3.324744e-05
RANS_SA_WD_0.01-20_NN_Drift_Second,SA,216,1.516786e-04,8.176179e-05,8.000000e-05,1.000000e-06,5.118087e-05
RANS_SA_WD_0.01-20_NN_Drift_Second,SA,217,1.877487e-04,8.834681e-05,8.700000e-05,1.000000e-06,6.170964e-05
RANS_SA_WD_0.01-20_NN_Drift_Second,SA,218,1.726490e-04,8.684177e-05,8.500000e-05,1.000000e-06,5.669785e-05
RANS_SA_WD_0.01-20_NN_Drift_Second,SA,219,1.116740e-04,8.046024e-05,7.800000e-05,1.000000e-06,3.246365e-05
RANS_SA_WD_0.01-20_NN_Drift_Second,SA,220,-6.179300e-06,7.346303e-05,7.100000e-05,2.000000e-06,4.077665e-05
RANS_SA_WD_0.01-20_NN_Drift_Second,SA,221,-6.505660e-05,6.299404e-05,6.000000e-05,2.000000e-06,2.133017e-05
RANS_SA_WD_0.01-20_NN_Drift_Second,SA,222,-9.310750e-05,5.633882e-05,5.400000e-05,2.000000e-06,3.146717e-06
RANS_SA_WD_0.01-20_NN_Drift_Second,SA,223,-7.673440e-05,5.804185e-05,5.500000e-05,2.000000e-06,-1.089859e-06
RANS_SA_WD_0.01-20_NN_Drift_Second,SA,224,-6.569220e-05,6.239456e-05,5.900000e-05,3.000000e-06,-1.364902e-05
RANS_SA_WD_0.01-20_NN_Drift_Second,SA,225,-6.364910e-05,6.205036e-05,5.900000e-05,3.000000e-06,-3.746471e-05
RANS_SA_WD_0.01-20_NN_Drift_Second,SA,226,-7.708260e-05,5.572621e-05,5.200000e-05,3.000000e-06,-6.161698e-05
RANS_SA_WD_0.01-20_NN_Drift_Second,SA,227,-8.347580e-05,5.279643e-05,5.000000e-05,3.000000e-06,-6.724439e-05
RANS_SA_WD_0.01-20_NN_Drift_Second,SA,228,-6.519970e-05,5.562353e-05,5.200000e-05,3.000000e-06,-5.209503e-05
RANS_SA_WD_0.01-20_NN_Drift_Second,SA,229,-2.178370e-05,5.899110e-05,5.600000e-05,3.000000e-06,-2.642259e-05
RANS_SA_WD_0.01-20_NN_Drift_Second,SA,230,-3.921000e-06,5.674251e-05,5.300000e-05,3.000000e-06,-5.611071e-06
RANS_SA_WD_0.01-20_NN_Drift_Second,SA,231,8.031400e-06,5.745697e-05,5.400000e-05,3.000000e-06,1.242488e-05
RANS_SA_WD_0.01-20_NN_Drift_Second,SA,232,6.360620e-05,6.238735e-05,5.900000e-05,2.000000e-06,3.489320e-05
RANS_SA_WD_0.01-20_NN_Drift_Second,SA,233,1.217987e-04,6.352257e-05,6.100000e-05,2.000000e-06,5.121964e-05
RANS_SA_WD_0.01-20_NN_Drift_Second,SA,234,1.638258e-04,6.739867e-05,6.500000e-05,2.000000e-06,7.131597e-05
RANS_SA_WD_0.01-20_NN_Drift_Second,SA,235,1.872391e-04,7.094784e-05,6.800000e-05,2.000000e-06,8.404314e-05
RANS_SA_WD_0.01-20_NN_Drift_Second,SA,236,1.955886e-04,7.463559e-05,7.200000e-05,2.000000e-06,8.975822e-05
RANS_SA_WD_0.01-20_NN_Drift_Second,SA,237,1.681649e-04,7.378030e-05,7.200000e-05,1.000000e-06,7.800773e-05
RANS_SA_WD_0.01-20_NN_Drift_Second,SA,238,1.266629e-04,7.069624e-05,6.900000e-05,1.000000e-06,5.717857e-05
RANS_SA_WD_0.01-20_NN_Drift_Second,SA,239,8.672070e-05,6.756726e-05,6.600000e-05,1.000000e-06,4.100536e-05
RANS_SA_WD_0.01-20_NN_Drift_Second,SA,240,4.735930e-05,5.959629e-05,5.800000e-05,1.000000e-06,-5.339881e-06
RANS_SA_WD_0.01-20_NN_Drift_Second,SA,241,1.911970e-05,6.420384e-05,6.200000e-05,1.000000e-06,-5.975571e-07
RANS_SA_WD_0.01-20_NN_Drift_Second,SA,242,-2.621310e-05,5.825106e-05,5.600000e-05,1.000000e-06,-3.377108e-05
RANS_SA_WD_0.01-20_NN_Drift_Second,SA,243,-7.277510e-05,4.841922e-05,4.700000e-05,1.000000e-06,-6.203364e-05
RANS_SA_WD_0.01-20_NN_Drift_Second,SA,244,-8.834370e-05,4.790904e-05,4.600000e-05,1.000000e-06,-6.596912e-05
RANS_SA_WD_0.01-20_NN_Drift_Second,SA,245,-1.050556e-04,5.142238e-05,4.900000e-05,1.000000e-06,-6.605100e-05
RANS_SA_WD_0.01-20_NN_Drift_Second,SA,246,-1.309748e-04,5.481933e-05,5.300000e-05,1.000000e-06,-7.428189e-05
RANS_SA_WD_0.01-20_NN_Drift_Second,SA,247,-1.458048e-04,5.645713e-05,5.400000e-05,1.000000e-06,-8.503900e-05
RANS_SA_WD_0.01-20_NN_Drift_Second,SA,248,-1.520444e-04,5.740235e-05,5.500000e-05,1.000000e-06,-8.653776e-05
RANS_SA_WD_0.01-20_NN_Drift_Second,SA,249,-1.591315e-04,5.689357e-05,5.500000e-05,1.000000e-06,-8.125470e-05
RANS_SA_WD_0.01-20_NN_Drift_Second,SA,250,-1.513564e-04,4.768976e-05,4.600000e-05,1.000000e-06,-1.754677e-05
RANS_SA_WD_0.01-20_NN_Drift_Second,SA,251,-7.936490e-05,5.050556e-05,4.900000e-05,1.000000e-06,1.009876e-05
RANS_SA_WD_0.01-20_NN_Drift_Second,SA,252,-4.422190e-05,4.941706e-05,4.800000e-05,1.000000e-06,9.441584e-06
RANS_SA_WD_0.01-20_NN_Drift_Second,SA,253,-4.626750e-05,4.851620e-05,4.700000e-05,1.000000e-06,1.765362e-06
RANS_SA_WD_0.01-20_NN_Drift_Second,SA,254,-7.949360e-05,4.786219e-05,4.600000e-05,1.000000e-06,-9.005678e-06
RANS_SA_WD_0.01-20_NN_Drift_Second,SA,255,-1.143456e-04,4.766942e-05,4.600000e-05,1.000000e-06,-1.846376e-05
RANS_SA_WD_0.01-20_NN_Drift_Second,SA,256,-1.252461e-04,4.913730e-05,4.700000e-05,1.000000e-06,-2.592320e-05
RANS_SA_WD_0.01-20_NN_Drift_Second,SA,257,-1.220760e-04,4.949797e-05,4.800000e-05,1.000000e-06,-3.054980e-05
RANS_SA_WD_0.01-20_NN_Drift_Second,SA,258,-1.366802e-04,4.913211e-05,4.700000e-05,1.000000e-06,-3.436567e-05
RANS_SA_WD_0.01-20_NN_Drift_Second,SA,259,-1.769953e-04,4.821270e-05,4.600000e-05,1.000000e-06,-4.645824e-05
RANS_SA_WD_0.01-20_NN_Drift_Second,SA,260,-2.019370e-04,4.929072e-05,4.700000e-05,1.000000e-06,-5.282973e-05
RANS_SA_WD_0.01-20_NN_Drift_Second,SA,261,-2.414486e-04,5.104910e-05,4.900000e-05,2.000000e-06,-6.455418e-05
RANS_SA_WD_0.01-20_NN_Drift_Second,SA,262,-3.145571e-04,4.488781e-05,4.300000e-05,2.000000e-06,-9.687421e-05
RANS_SA_WD_0.01-20_NN_Drift_Second,SA,263,-3.354106e-04,4.384030e-05,4.200000e-05,2.000000e-06,-1.115728e-04
RANS_SA_WD_0.01-20_NN_Drift_Second,SA,264,-3.241631e-04,4.340944e-05,4.100000e-05,1.000000e-06,-1.021929e-04
RANS_SA_WD_0.01-20_NN_Drift_Second,SA,265,-2.683995e-04,4.780990e-05,4.600000e-05,1.000000e-06,-6.219312e-05
RANS_SA_WD_0.01-20_NN_Drift_Second,SA,266,-1.789428e-04,5.533862e-05,5.400000e-05,1.000000e-06,-1.715594e-05
RANS_SA_WD_0.01-20_NN_Drift_Second,SA,267,-6.772570e-05,6.625330e-05,6.500000e-05,1.000000e-06,2.585453e-05
RANS_SA_WD_0.01-20_NN_Drift_Second,SA,268,4.897000e-05,7.870257e-05,7.800000e-05,0.000000e+00,6.122281e-05
RANS_SA_WD_0.01-20_NN_Drift_Second,SA,269,1.421358e-04,8.869629e-05,8.800000e-05,0.000000e+00,8.452630e-05
RANS_SA_WD_0.01-20_NN_Drift_Second,SA,270,1.684626e-04,8.353498e-05,8.300000e-05,0.000000e+00,1.189788e-04
RANS_SA_WD_0.01-20_NN_Drift_Second,SA,271,1.762900e-04,7.732481e-05,7.700000e-05,0.000000e+00,1.424470e-04
RANS_SA_WD_0.01-20_NN_Drift_Second,SA,272,1.496021e-04,7.315635e-05,7.300000e-05,-1.000000e-06,1.427337e-04
RANS_SA_WD_0.01-20_NN_Drift_Second,SA,273,1.543765e-04,7.603525e-05,7.600000e-05,-1.000000e-06,1.375130e-04
RANS_SA_WD_0.01-20_NN_Drift_Second,SA,274,1.684006e-04,7.938290e-05,7.900000e-05,-1.000000e-06,1.199588e-04
RANS_SA_WD_0.01-20_NN_Drift_Second,SA,275,1.605314e-04,7.705355e-05,7.700000e-05,-1.000000e-06,9.100492e-05
RANS_SA_WD_0.01-20_NN_Drift_Second,SA,276,1.331662e-04,7.168979e-05,7.200000e-05,-1.000000e-06,6.643761e-05
RANS_SA_WD_0.01-20_NN_Drift_Second,SA,277,1.060544e-04,6.794886e-05,6.800000e-05,-1.000000e-06,5.972024e-05
RANS_SA_WD_0.01-20_NN_Drift_Second,SA,278,1.010738e-04,6.809413e-05,6.800000e-05,0.000000e+00,6.986247e-05
RANS_SA_WD_0.01-20_NN_Drift_Second,SA,279,1.220601e-04,7.204112e-05,7.200000e-05,0.000000e+00,8.919836e-05
RANS_SA_WD_0.01-20_NN_Drift_Second,SA,280,1.199760e-04,6.234914e-05,6.200000e-05,0.000000e+00,7.670602e-05
RANS_SA_WD_0.01-20_NN_Drift_Second,SA,281,1.103510e-04,6.929960e-05,6.900000e-05,0.000000e+00,8.063489e-05
RANS_SA_WD_0.01-20_NN_Drift_Second,SA,282,3.479220e-05,5.717591e-05,5.700000e-05,0.000000e+00,4.309982e-05
RANS_SA_WD_0.01-20_NN_Drift_Second,SA,283,-6.317880e-05,4.360149e-05,4.300000e-05,0.000000e+00,-1.600026e-05
RANS_SA_WD_0.01-20_NN_Drift_Second,SA,284,-1.653777e-04,3.263623e-05,3.200000e-05,-1.000000e-06,-7.266460e-05
RANS_SA_WD_0.01-20_NN_Drift_Second,SA,285,-2.439989e-04,2.712576e-05,2.700000e-05,-1.000000e-06,-1.006539e-04
RANS_SA_WD_0.01-20_NN_Drift_Second,SA,286,-2.909117e-04,2.362198e-05,2.400000e-05,-1.000000e-06,-1.028923e-04
RANS_SA_WD_0.01-20_NN_Drift_Second,SA,287,-2.775967e-04,2.531421e-05,2.500000e-05,-1.000000e-06,-7.806509e-05
RANS_SA_WD_0.01-20_NN_Drift_Second,SA,288,-2.352664e-04,3.114872e-05,3.100000e-05,-1.000000e-06,-4.499800e-05
RANS_SA_WD_0.01-20_NN_Drift_Second,SA,289,-1.924931e-04,3.860685e-05,3.900000e-05,-1.000000e-06,-1.892320e-05
RANS_SA_WD_0.01-20_NN_Drift_Second,SA,290,-1.409903e-04,4.236200e-05,4.200000e-05,-1.000000e-06,9.537071e-06
RANS_SA_WD_0.01-20_NN_Drift_Second,SA,291,-9.160950e-05,4.733464e-05,4.700000e-05,-1.000000e-06,2.786030e-05
RANS_SA_WD_0.01-20_NN_Drift_Second,SA,292,-1.084618e-04,4.499063e-05,4.500000e-05,-1.000000e-06,6.889292e-06
RANS_SA_WD_0.01-20_NN_Drift_Second,SA,293,-1.404274e-04,4.460285e-05,4.500000e-05,-1.000000e-06,-1.245555e-05
RANS_SA_WD_0.01-20_NN_Drift_Second,SA,294,-1.689676e-04,4.382387e-05,4.400000e-05,0.000000e+00,-2.007786e-05
RANS_SA_WD_0.01-20_NN_Drift_Second,SA,295,-1.785077e-04,4.437978e-05,4.400000e-05,0.000000e+00,-2.518387e-05
RANS_SA_WD_0.01-20_NN_Drift_Second,SA,296,-1.771819e-04,4.531975e-05,4.500000e-05,0.000000e+00,-3.401430e-05
RANS_SA_WD_0.01-20_NN_Drift_Second,SA,297,-1.774384e-04,4.508257e-05,4.500000e-05,0.000000e+00,-4.769372e-05
RANS_SA_WD_0.01-20_NN_Drift_Second,SA,298,-1.844853e-04,4.346184e-05,4.300000e-05,0.000000e+00,-6.082991e-05
RANS_SA_WD_0.01-20_NN_Drift_Second,SA,299,-1.897597e-04,4.162610e-05,4.100000e-05,0.000000e+00,-6.778867e-05
RANS_SA_WD_0.01-20_NN_Drift_Second,SA,300,-1.926554e-04,4.146122e-05,4.100000e-05,0.000000e+00,-4.806572e-05
RANS_SA_WD_0.01-20_NN_Drift_Second,SA,301,-1.536665e-04,4.541478e-05,4.400000e-05,0.000000e+00,-4.152886e-06
RANS_SA_WD_0.01-20_NN_Drift_Second,SA,302,-6.312090e-05,5.371325e-05,5.300000e-05,0.000000e+00,3.193431e-05
RANS_SA_WD_0.01-20_NN_Drift_Second,SA,303,3.659230e-05,6.176014e-05,6.100000e-05,1.000000e-06,5.330487e-05
RANS_SA_WD_0.01-20_NN_Drift_Second,SA,304,1.020940e-04,6.499710e-05,6.400000e-05,1.000000e-06,6.833845e-05
RANS_SA_WD_0.01-20_NN_Drift_Second,SA,305,1.416212e-04,6.736236e-05,6.600000e-05,1.000000e-06,7.616091e-05
RANS_SA_WD_0.01-20_NN_Drift_Second,SA,306,1.716298e-04,7.347749e-05,7.200000e-05,1.000000e-06,8.594831e-05
RANS_SA_WD_0.01-20_NN_Drift_Second,SA,307,2.023056e-04,8.297751e-05,8.100000e-05,1.000000e-06,1.022936e-04
RANS_SA_WD_0.01-20_NN_Drift_Second,SA,308,2.326661e-04,9.001088e-05,8.800000e-05,1.000000e-06,1.091945e-04
RANS_SA_WD_0.01-20_NN_Drift_Second,SA,309,2.213479e-04,8.825344e-05,8.600000e-05,1.000000e-06,9.228068e-05
RANS_SA_WD_0.01-20_NN_Drift_Second,SA,310,1.030008e-04,8.423011e-05,8.200000e-05,1.000000e-06,5.022314e-05
RANS_SA_WD_0.01-20_NN_Drift_Second,SA,311,2.664790e-05,7.186630e-05,7.000000e-05,2.000000e-06,5.213357e-05
RANS_SA_WD_0.01-20_NN_Drift_Second,SA,312,-6.416500e-06,6.742127e-05,6.500000e-05,2.000000e-06,5.900838e-05
RANS_SA_WD_0.01-20_NN_Drift_Second,SA,313,4.117940e-05,7.805828e-05,7.600000e-05,2.000000e-06,8.038319e-05
RANS_SA_WD_0.01-20_NN_Drift_Second,SA,314,1.382850e-04,9.474506e-05,9.200000e-05,2.000000e-06,1.214982e-04
RANS_SA_WD_0.01-20_NN_Drift_Second,SA,315,2.508008e-04,1.086181e-04,1.060000e-04,2.000000e-06,1.674374e-04
RANS_SA_WD_0.01-20_NN_Drift_Second,SA,316,3.670013e-04,1.189413e-04,1.160000e-04,2.000000e-06,2.064977e-04
RANS_SA_WD_0.01-20_NN_Drift_Second,SA,317,4.640170e-04,1.240376e-04,1.220000e-04,2.000000e-06,2.305826e-04
RANS_SA_WD_0.01-20_NN_Drift_Second,SA,318,5.289938e-04,1.241445e-04,1.220000e-04,2.000000e-06,2.383740e-04
RANS_SA_WD_0.01-20_NN_Drift_Second,SA,319,5.500231e-04,1.191008e-04,1.170000e-04,2.000000e-06,2.299113e-04
RANS_SA_WD_0.01-20_NN_Drift_Second,SA,320,3.417204e-04,7.892883e-05,7.700000e-05,1.000000e-06,1.142142e-04
RANS_SA_WD_0.01-20_NN_Drift_Second,SA,321,1.802918e-04,5.670165e-05,5.500000e-05,1.000000e-06,3.189657e-05
RANS_SA_WD_0.01-20_NN_Drift_Second,SA,322,-1.647020e-05,2.968359e-05,2.800000e-05,1.000000e-06,-5.041785e-05
RANS_SA_WD_0.01-20_NN_Drift_Second,SA,323,-1.864149e-04,9.443520e-06,8.000000e-06,1.000000e-06,-1.124666e-04
RANS_SA_WD_0.01-20_NN_Drift_Second,SA,324,-3.122557e-04,-3.972540e-06,-6.000000e-06,1.000000e-06,-1.552361e-04
RANS_SA_WD_0.01-20_NN_Drift_Second,SA,325,-3.826928e-04,-1.013705e-05,-1.200000e-05,1.000000e-06,-1.795559e-04
RANS_SA_WD_0.01-20_NN_Drift_Second,SA,326,-4.096424e-04,-1.090743e-05,-1.300000e-05,1.000000e-06,-1.911936e-04
RANS_SA_WD_0.01-20_NN_Drift_Second,SA,327,-4.263088e-04,-1.019495e-05,-1.200000e-05,1.000000e-06,-1.978694e-04
RANS_SA_WD_0.01-20_NN_Drift_Second,SA,328,-4.357780e-04,-8.001160e-06,-1.000000e-05,1.000000e-06,-1.965658e-04
RANS_SA_WD_0.01-20_NN_Drift_Second,SA,329,-4.395455e-04,-4.855350e-06,-7.000000e-06,1.000000e-06,-1.898645e-04
RANS_SA_WD_0.01-20_NN_Drift_Second,SA,330,-4.763981e-04,-1.411879e-05,-1.600000e-05,1.000000e-06,-2.059580e-04
RANS_SA_WD_0.01-20_NN_Drift_Second,SA,331,-4.901418e-04,-6.279730e-06,-8.000000e-06,1.000000e-06,-2.033019e-04
RANS_SA_WD_0.01-20_NN_Drift_Second,SA,332,-4.832388e-04,3.694200e-06,2.000000e-06,1.000000e-06,-2.078916e-04
RANS_SA_WD_0.01-20_NN_Drift_Second,SA,333,-4.485760e-04,1.712318e-05,1.500000e-05,1.000000e-06,-1.980285e-04
RANS_SA_WD_0.01-20_NN_Drift_Second,SA,334,-4.087402e-04,3.108180e-05,2.900000e-05,1.000000e-06,-1.767107e-04
RANS_SA_WD_0.01-20_NN_Drift_Second,SA,335,-3.734451e-04,3.988427e-05,3.800000e-05,1.000000e-06,-1.553969e-04
RANS_SA_WD_0.01-20_NN_Drift_Second,SA,336,-3.168691e-04,4.666990e-05,4.500000e-05,1.000000e-06,-1.231883e-04
RANS_SA_WD_0.01-20_NN_Drift_Second,SA,337,-2.349139e-04,5.482102e-05,5.300000e-05,1.000000e-06,-7.950310e-05
RANS_SA_WD_0.01-20_NN_Drift_Second,SA,338,-1.403905e-04,6.628948e-05,6.500000e-05,1.000000e-06,-3.160169e-05
RANS_SA_WD_0.01-20_NN_Drift_Second,SA,339,-6.436870e-05,7.711534e-05,7.600000e-05,1.000000e-06,5.697793e-06
RANS_SA_WD_0.01-20_NN_Drift_Second,SA,340,4.728270e-05,9.402262e-05,9.300000e-05,1.000000e-06,9.741579e-05
RANS_SA_WD_0.01-20_NN_Drift_Second,SA,341,1.282268e-04,1.136875e-04,1.130000e-04,1.000000e-06,1.454583e-04
RANS_SA_WD_0.01-20_NN_Drift_Second,SA,342,1.361244e-04,1.154294e-04,1.140000e-04,0.000000e+00,1.384754e-04
RANS_SA_WD_0.01-20_NN_Drift_Second,SA,343,1.134365e-04,1.054250e-04,1.040000e-04,0.000000e+00,1.045660e-04
RANS_SA_WD_0.01-20_NN_Drift_Second,SA,344,7.627950e-05,9.191184e-05,9.100000e-05,0.000000e+00,6.335393e-05
RANS_SA_WD_0.01-20_NN_Drift_Second,SA,345,3.769360e-05,8.225297e-05,8.100000e-05,0.000000e+00,2.731545e-05
RANS_SA_WD_0.01-20_NN_Drift_Second,SA,346,-5.310600e-06,7.471699e-05,7.400000e-05,0.000000e+00,-2.339816e-06
RANS_SA_WD_0.01-20_NN_Drift_Second,SA,347,-2.795390e-05,7.347145e-05,7.200000e-05,0.000000e+00,-6.260151e-06
RANS_SA_WD_0.01-20_NN_Drift_Second,SA,348,-4.512760e-05,7.166785e-05,7.000000e-05,1.000000e-06,-7.239372e-06
RANS_SA_WD_0.01-20_NN_Drift_Second,SA,349,-4.667670e-05,7.087623e-05,7.000000e-05,1.000000e-06,-1.728704e-06
RANS_SA_WD_0.01-20_NN_Drift_Second,SA,350,8.773770e-05,7.200684e-05,7.100000e-05,1.000000e-06,8.183961e-05
RANS_SA_WD_0.01-20_NN_Drift_Second,SA,351,2.352687e-04,8.581369e-05,8.400000e-05,1.000000e-06,1.709821e-04
RANS_SA_WD_0.01-20_NN_Drift_Second,SA,352,3.333479e-04,9.451217e-05,9.300000e-05,1.000000e-06,1.856341e-04
RANS_SA_WD_0.01-20_NN_Drift_Second,SA,353,3.978317e-04,1.018853e-04,1.000000e-04,1.000000e-06,1.779806e-04
RANS_SA_WD_0.01-20_NN_Drift_Second,SA,354,4.550246e-04,1.092208e-04,1.070000e-04,1.000000e-06,1.796262e-04
RANS_SA_WD_0.01-20_NN_Drift_Second,SA,355,4.702858e-04,1.100649e-04,1.080000e-04,2.000000e-06,1.849891e-04
RANS_SA_WD_0.01-20_NN_Drift_Second,SA,356,4.511836e-04,1.055803e-04,1.030000e-04,2.000000e-06,1.883064e-04
RANS_SA_WD_0.01-20_NN_Drift_Second,SA,357,4.235049e-04,1.031325e-04,1.010000e-04,2.000000e-06,1.871882e-04
RANS_SA_WD_0.01-20_NN_Drift_Second,SA,358,4.201130e-04,1.069058e-04,1.040000e-04,2.000000e-06,1.826289e-04
RANS_SA_WD_0.01-20_NN_Drift_Second,SA,359,4.421397e-04,1.098564e-04,1.070000e-04,2.000000e-06,1.742855e-04
RANS_SA_WD_0.01-20_NN_Drift_Second,SA,360,2.974875e-04,8.064067e-05,7.800000e-05,2.000000e-06,8.749254e-05
RANS_SA_WD_0.01-20_NN_Drift_Second,SA,361,1.385689e-04,5.442692e-05,5.200000e-05,2.000000e-06,2.299318e-05
RANS_SA_WD_0.01-20_NN_Drift_Second,SA,362,-4.375610e-05,2.710916e-05,2.500000e-05,2.000000e-06,-3.683794e-05
RANS_SA_WD_0.01-20_NN_Drift_Second,SA,363,-1.478299e-04,1.745083e-05,1.500000e-05,2.000000e-06,-7.090713e-05
RANS_SA_WD_0.01-20_NN_Drift_Second,SA,364,-1.791972e-04,1.898187e-05,1.600000e-05,2.000000e-06,-8.556113e-05
RANS_SA_WD_0.01-20_NN_Drift_Second,SA,365,-1.849683e-04,2.400867e-05,2.100000e-05,2.000000e-06,-8.938853e-05
RANS_SA_WD_0.01-20_NN_Drift_Second,SA,366,-1.858727e-04,2.828420e-05,2.500000e-05,2.000000e-06,-8.971501e-05
RANS_SA_WD_0.01-20_NN_Drift_Second,SA,367,-1.806994e-04,3.169223e-05,2.900000e-05,2.000000e-06,-9.030845e-05
RANS_SA_WD_0.01-20_NN_Drift_Second,SA,368,-1.809996e-04,3.438927e-05,3.100000e-05,2.000000e-06,-8.236376e-05
RANS_SA_WD_0.01-20_NN_Drift_Second,SA,369,-1.628233e-04,3.904312e-05,3.600000e-05,2.000000e-06,-6.145001e-05
RANS_SA_WD_0.01-20_NN_Drift_Second,SA,370,-9.959420e-05,5.551060e-05,5.200000e-05,3.000000e-06,-1.907654e-05
RANS_SA_WD_0.01-20_NN_Drift_Second,SA,371,-7.787500e-06,6.967431e-05,6.600000e-05,3.000000e-06,4.785468e-05
RANS_SA_WD_0.01-20_NN_Drift_Second,SA,372,4.261050e-05,7.122124e-05,6.800000e-05,3.000000e-06,5.396561e-05
RANS_SA_WD_0.01-20_NN_Drift_Second,SA,373,3.924240e-05,6.518638e-05,6.200000e-05,3.000000e-06,2.693781e-05
RANS_SA_WD_0.01-20_NN_Drift_Second,SA,374,-1.230120e-05,5.583907e-05,5.200000e-05,3.000000e-06,-7.069274e-06
RANS_SA_WD_0.01-20_NN_Drift_Second,SA,375,-6.727020e-05,4.997121e-05,4.600000e-05,3.000000e-06,-2.688578e-05
RANS_SA_WD_0.01-20_NN_Drift_Second,SA,376,-8.885840e-05,4.949591e-05,4.500000e-05,3.000000e-06,-2.745206e-05
RANS_SA_WD_0.01-20_NN_Drift_Second,SA,377,-6.004230e-05,5.456330e-05,5.000000e-05,4.000000e-06,-8.152853e-06
RANS_SA_WD_0.01-20_NN_Drift_Second,SA,378,1.130600e-05,6.413142e-05,6.000000e-05,4.000000e-06,2.879146e-05
RANS_SA_WD_0.01-20_NN_Drift_Second,SA,379,1.017625e-04,7.712336e-05,7.300000e-05,4.000000e-06,6.933080e-05
RANS_SA_WD_0.01-20_NN_Drift_Second,SA,380,6.061370e-05,7.034277e-05,6.600000e-05,4.000000e-06,5.446003e-05
RANS_SA_WD_0.01-20_NN_Drift_Second,SA,381,1.325240e-05,6.457945e-05,6.000000e-05,4.000000e-06,2.928414e-05
RANS_SA_WD_0.01-20_NN_Drift_Second,SA,382,-3.939270e-05,5.222080e-05,4.700000e-05,4.000000e-06,4.527074e-06
RANS_SA_WD_0.01-20_NN_Drift_Second,SA,383,-4.709010e-05,4.802620e-05,4.300000e-05,4.000000e-06,-6.375648e-06
RANS_SA_WD_0.01-20_NN_Drift_Second,SA,384,-3.555200e-05,5.209503e-05,4.700000e-05,4.000000e-06,-1.255379e-05
RANS_SA_WD_0.01-20_NN_Drift_Second,SA,385,-1.573160e-05,6.104386e-05,5.600000e-05,4.000000e-06,-2.221409e-05
RANS_SA_WD_0.01-20_NN_Drift_Second,SA,386,5.913300e-06,6.860680e-05,6.400000e-05,4.000000e-06,-3.076163e-05
RANS_SA_WD_0.01-20_NN_Drift_Second,SA,387,-3.564700e-06,6.640016e-05,6.200000e-05,4.000000e-06,-4.771018e-05
RANS_SA_WD_0.01-20_NN_Drift_Second,SA,388,-3.276250e-05,5.828205e-05,5.400000e-05,4.000000e-06,-6.841033e-05
RANS_SA_WD_0.01-20_NN_Drift_Second,SA,389,-7.426620e-05,4.865126e-05,4.400000e-05,4.000000e-06,-8.397286e-05
RANS_SA_WD_0.01-20_NN_Drift_Second,SA,390,-1.634136e-04,1.703783e-05,1.300000e-05,4.000000e-06,-8.976252e-05
RANS_SA_WD_0.01-20_NN_Drift_Second,SA,391,-1.756378e-04,1.544141e-05,1.100000e-05,4.000000e-06,-6.121425e-05
RANS_SA_WD_0.01-20_NN_Drift_Second,SA,392,-2.013266e-04,1.180853e-05,8.000000e-06,3.000000e-06,-6.476232e-05
RANS_SA_WD_0.01-20_NN_Drift_Second,SA,393,-1.747273e-04,1.298151e-05,9.000000e-06,3.000000e-06,-6.274214e-05
RANS_SA_WD_0.01-20_NN_Drift_Second,SA,394,-1.338874e-04,1.656279e-05,1.300000e-05,3.000000e-06,-5.411542e-05
RANS_SA_WD_0.01-20_NN_Drift_Second,SA,395,-1.276159e-04,1.708071e-05,1.400000e-05,3.000000e-06,-5.342848e-05
RANS_SA_WD_0.01-20_NN_Drift_Second,SA,396,-1.413624e-04,1.883082e-05,1.600000e-05,3.000000e-06,-5.954018e-05
RANS_SA_WD_0.01-20_NN_Drift_Second,SA,397,-1.709448e-04,1.998936e-05,1.700000e-05,2.000000e-06,-7.215751e-05
RANS_SA_WD_0.01-20_NN_Drift_Second,SA,398,-2.023058e-04,2.077517e-05,1.800000e-05,2.000000e-06,-8.410574e-05
RANS_SA_WD_0.01-20_NN_Drift_Second,SA,399,-2.206718e-04,2.187140e-05,1.900000e-05,2.000000e-06,-8.767460e-05
RANS_SA_WD_0.01-20_NN_Drift_Seed2_Second,SA,2,0.000000e+00,0.000000e+00,0.000000e+00,0.000000e+00,0.000000e+00
RANS_SA_WD_0.01-20_NN_Drift_Seed2_Second,SA,3,0.000000e+00,0.000000e+00,0.000000e+00,0.000000e+00,0.000000e+00
RANS_SA_WD_0.01-20_NN_Drift_Seed2_Second,SA,4,0.000000e+00,0.000000e+00,0.000000e+00,0.000000e+00,0.000000e+00
RANS_SA_WD_0.01-20_NN_Drift_Seed2_Second,SA,5,0.000000e+00,0.000000e+00,0.000000e+00,0.000000e+00,0.000000e+00
RANS_SA_WD_0.01-20_NN_Drift_Seed2_Second,SA,6,0.000000e+00,0.000000e+00,0.000000e+00,0.000000e+00,0.000000e+00
RANS_SA_WD_0.01-20_NN_Drift_Seed2_Second,SA,7,0.000000e+00,0.000000e+00,0.000000e+00,0.000000e+00,0.000000e+00
RANS_SA_WD_0.01-20_NN_Drift_Seed2_Second,SA,8,0.000000e+00,0.000000e+00,0.000000e+00,0.000000e+00,0.000000e+00
RANS_SA_WD_0.01-20_NN_Drift_Seed2_Second,SA,9,0.000000e+00,0.000000e+00,0.000000e+00,0.000000e+00,0.000000e+00
RANS_SA_WD_0.01-20_NN_Drift_Seed2_Second,SA,10,3.338940e-05,3.471537e-05,3.400000e-05,0.000000e+00,5.842692e-05
RANS_SA_WD_0.01-20_NN_Drift_Seed2_Second,SA,11,9.902470e-05,5.384746e-05,5.300000e-05,0.000000e+00,7.748862e-05
RANS_SA_WD_0.01-20_NN_Drift_Seed2_Second,SA,12,1.236385e-04,5.646119e-05,5.600000e-05,0.000000e+00,6.266676e-05
RANS_SA_WD_0.01-20_NN_Drift_Seed2_Second,SA,13,1.300077e-04,5.220574e-05,5.200000e-05,0.000000e+00,4.899178e-05
RANS_SA_WD_0.01-20_NN_Drift_Seed2_Second,SA,14,1.348535e-04,4.758461e-05,4.700000e-05,0.000000e+00,5.176271e-05
RANS_SA_WD_0.01-20_NN_Drift_Seed2_Second,SA,15,1.370133e-04,4.620913e-05,4.600000e-05,0.000000e+00,5.715563e-05
RANS_SA_WD_0.01-20_NN_Drift_Seed2_Second,SA,16,1.369599e-04,4.841662e-05,4.800000e-05,0.000000e+00,5.854126e-05
RANS_SA_WD_0.01-20_NN_Drift_Seed2_Second,SA,17,1.404537e-04,5.152048e-05,5.100000e-05,0.000000e+00,4.856369e-05
RANS_SA_WD_0.01-20_NN_Drift_Seed2_Second,SA,18,1.388497e-04,5.505311e-05,5.500000e-05,-1.000000e-06,4.094782e-05
RANS_SA_WD_0.01-20_NN_Drift_Seed2_Second,SA,19,1.209380e-04,5.585232e-05,5.600000e-05,-1.000000e-06,2.731758e-05
RANS_SA_WD_0.01-20_NN_Drift_Seed2_Second,SA,20,1.752630e-05,4.526465e-05,4.500000e-05,-1.000000e-06,-5.865452e-05
RANS_SA_WD_0.01-20_NN_Drift_Seed2_Second,SA,21,-3.503920e-05,4.586111e-05,4.600000e-05,-1.000000e-06,-5.724868e-05
RANS_SA_WD_0.01-20_NN_Drift_Seed2_Second,SA,22,-8.126660e-05,4.037202e-05,4.000000e-05,-1.000000e-06,-5.264332e-05
RANS_SA_WD_0.01-20_NN_Drift_Seed2_Second,SA,23,-1.133784e-04,3.747935e-05,3.800000e-05,-1.000000e-06,-5.564161e-05
RANS_SA_WD_0.01-20_NN_Drift_Seed2_Second,SA,24,-1.490142e-04,3.520811e-05,3.500000e-05,-1.000000e-06,-6.779144e-05
RANS_SA_WD_0.01-20_NN_Drift_Seed2_Second,SA,25,-1.734403e-04,3.613479e-05,3.600000e-05,-1.000000e-06,-7.627878e-05
RANS_SA_WD_0.01-20_NN_Drift_Seed2_Second,SA,26,-1.638529e-04,4.024136e-05,4.000000e-05,-1.000000e-06,-6.696834e-05
RANS_SA_WD_0.01-20_NN_Drift_Seed2_Second,SA,27,-1.135558e-04,4.742200e-05,4.800000e-05,-1.000000e-06,-3.429566e-05
RANS_SA_WD_0.01-20_NN_Drift_Seed2_Second,SA,28,-3.267710e-05,5.575790e-05,5.600000e-05,-1.000000e-06,9.240634e-06
RANS_SA_WD_0.01-20_NN_Drift_Seed2_Second,SA,29,5.223200e-05,6.328741e-05,6.400000e-05,-1.000000e-06,4.983957e-05
RANS_SA_WD_0.01-20_NN_Drift_Seed2_Second,SA,30,7.959740e-05,5.747170e-05,5.800000e-05,-2.000000e-06,5.412018e-05
RANS_SA_WD_0.01-20_NN_Drift_Seed2_Second,SA,31,1.224457e-04,7.185103e-05,7.300000e-05,-2.000000e-06,4.554606e-05
RANS_SA_WD_0.01-20_NN_Drift_Seed2_Second,SA,32,1.186943e-04,7.671137e-05,7.800000e-05,-2.000000e-06,3.038605e-05
RANS_SA_WD_0.01-20_NN_Drift_Seed2_Second,SA,33,9.638550e-05,7.779631e-05,7.900000e-05,-2.000000e-06,1.575732e-05
RANS_SA_WD_0.01-20_NN_Drift_Seed2_Second,SA,34,5.925030e-05,7.414284e-05,7.600000e-05,-2.000000e-06,-1.498461e-07
RANS_SA_WD_0.01-20_NN_Drift_Seed2_Second,SA,35,2.287600e-06,6.435624e-05,6.600000e-05,-2.000000e-06,-2.134493e-05
RANS_SA_WD_0.01-20_NN_Drift_Seed2_Second,SA,36,-5.660640e-05,5.254787e-05,5.400000e-05,-2.000000e-06,-4.443323e-05
RANS_SA_WD_0.01-20_NN_Drift_Seed2_Second,SA,37,-1.124239e-04,4.235347e-05,4.400000e-05,-2.000000e-06,-7.035190e-05
RANS_SA_WD_0.01-20_NN_Drift_Seed2_Second,SA,38,-1.806612e-04,3.330373e-05,3.400000e-05,-2.000000e-06,-1.039084e-04
RANS_SA_WD_0.01-20_NN_Drift_Seed2_Second,SA,39,-2.418238e-04,2.744947e-05,2.800000e-05,-1.000000e-06,-1.326465e-04
RANS_SA_WD_0.01-20_NN_Drift_Seed2_Second,SA,40,-2.310874e-04,3.144309e-05,3.200000e-05,-1.000000e-06,-8.210620e-05
RANS_SA_WD_0.01-20_NN_Drift_Seed2_Second,SA,41,-1.539611e-04,4.144633e-05,4.100000e-05,0.000000e+00,-1.241989e-05
RANS_SA_WD_0.01-20_NN_Drift_Seed2_Second,SA,42,-1.135216e-04,4.331091e-05,4.300000e-05,0.000000e+00,1.582107e-05
RANS_SA_WD_0.01-20_NN_Drift_Seed2_Second,SA,43,-6.931080e-05,4.783778e-05,4.700000e-05,0.000000e+00,3.023624e-05
RANS_SA_WD_0.01-20_NN_Drift_Seed2_Second,SA,44,-5.121000e-06,6.130094e-05,6.000000e-05,1.000000e-06,5.905194e-05
RANS_SA_WD_0.01-20_NN_Drift_Seed2_Second,SA,45,6.779420e-05,7.651425e-05,7.500000e-05,1.000000e-06,9.103006e-05
RANS_SA_WD_0.01-20_NN_Drift_Seed2_Second,SA,46,1.198056e-04,8.551227e-05,8.400000e-05,1.000000e-06,1.139939e-04
RANS_SA_WD_0.01-20_NN_Drift_Seed2_Second,SA,47,1.398250e-04,8.658873e-05,8.500000e-05,1.000000e-06,1.203848e-04
RANS_SA_WD_0.01-20_NN_Drift_Seed2_Second,SA,48,1.377160e-04,8.302952e-05,8.100000e-05,1.000000e-06,1.127225e-04
RANS_SA_WD_0.01-20_NN_Drift_Seed2_Second,SA,49,1.201692e-04,7.698968e-05,7.500000e-05,1.000000e-06,9.866304e-05
RANS_SA_WD_0.01-20_NN_Drift_Seed2_Second,SA,50,1.379660e-05,6.532161e-05,6.400000e-05,1.000000e-06,3.155994e-05
RANS_SA_WD_0.01-20_NN_Drift_Seed2_Second,SA,51,-9.221100e-05,5.075077e-05,4.900000e-05,1.000000e-06,-1.951000e-05
RANS_SA_WD_0.01-20_NN_Drift_Seed2_Second,SA,52,-1.695597e-04,3.699266e-05,3.500000e-05,1.000000e-06,-6.210583e-05
RANS_SA_WD_0.01-20_NN_Drift_Seed2_Second,SA,53,-1.944342e-04,3.154403e-05,3.000000e-05,1.000000e-06,-7.951486e-05
RANS_SA_WD_0.01-20_NN_Drift_Seed2_Second,SA,54,-1.846835e-04,3.148332e-05,3.000000e-05,1.000000e-06,-7.816724e-05
RANS_SA_WD_0.01-20_NN_Drift_Seed2_Second,SA,55,-1.464379e-04,3.525171e-05,3.400000e-05,1.000000e-06,-7.039267e-05
RANS_SA_WD_0.01-20_NN_Drift_Seed2_Second,SA,56,-1.041970e-04,3.924388e-05,3.800000e-05,1.000000e-06,-5.946792e-05
RANS_SA_WD_0.01-20_NN_Drift_Seed2_Second,SA,57,-9.110170e-05,3.989655e-05,3.900000e-05,1.000000e-06,-5.549330e-05
RANS_SA_WD_0.01-20_NN_Drift_Seed2_Second,SA,58,-1.006101e-04,3.974175e-05,3.800000e-05,1.000000e-06,-5.718014e-05
RANS_SA_WD_0.01-20_NN_Drift_Seed2_Second,SA,59,-1.292957e-04,3.872556e-05,3.700000e-05,1.000000e-06,-6.347864e-05
RANS_SA_WD_0.01-20_NN_Drift_Seed2_Second,SA,60,-1.606472e-04,4.738271e-05,4.600000e-05,1.000000e-06,-5.047751e-05
RANS_SA_WD_0.01-20_NN_Drift_Seed2_Second,SA,61,-1.934030e-04,5.934510e-05,5.800000e-05,1.000000e-06,-4.356823e-05
RANS_SA_WD_0.01-20_NN_Drift_Seed2_Second,SA,62,-1.947883e-04,6.107679e-05,5.900000e-05,1.000000e-06,-4.024957e-05
RANS_SA_WD_0.01-20_NN_Drift_Seed2_Second,SA,63,-1.652675e-04,6.164534e-05,6.000000e-05,1.000000e-06,-3.121249e-05
RANS_SA_WD_0.01-20_NN_Drift_Seed2_Second,SA,64,-1.186943e-04,7.164541e-05,7.000000e-05,1.000000e-06,-1.800382e-05
RANS_SA_WD_0.01-20_NN_Drift_Seed2_Second,SA,65,-1.054192e-04,8.038123e-05,7.800000e-05,1.000000e-06,-2.275118e-05
RANS_SA_WD_0.01-20_NN_Drift_Seed2_Second,SA,66,-1.423906e-04,8.146593e-05,7.900000e-05,2.000000e-06,-4.448804e-05
RANS_SA_WD_0.01-20_NN_Drift_Seed2_Second,SA,67,-2.016318e-04,7.552377e-05,7.300000e-05,2.000000e-06,-7.197952e-05
RANS_SA_WD_0.01-20_NN_Drift_Seed2_Second,SA,68,-2.509639e-04,6.891280e-05,6.700000e-05,2.000000e-06,-9.029917e-05
RANS_SA_WD_0.01-20_NN_Drift_Seed2_Second,SA,69,-2.655225e-04,6.457009e-05,6.200000e-05,2.000000e-06,-9.124937e-05
RANS_SA_WD_0.01-20_NN_Drift_Seed2_Second,SA,70,-1.521225e-04,5.793058e-05,5.600000e-05,2.000000e-06,-1.059193e-05
RANS_SA_WD_0.01-20_NN_Drift_Seed2_Second,SA,71,-7.975100e-06,6.288941e-05,6.100000e-05,2.000000e-06,5.742952e-05
RANS_SA_WD_0.01-20_NN_Drift_Seed2_Second,SA,72,3.720150e-05,6.069272e-05,5.800000e-05,2.000000e-06,7.511631e-05
RANS_SA_WD_0.01-20_NN_Drift_Seed2_Second,SA,73,6.516010e-05,6.396127e-05,6.100000e-05,2.000000e-06,7.643078e-05
RANS_SA_WD_0.01-20_NN_Drift_Seed2_Second,SA,74,8.687400e-05,6.737583e-05,6.500000e-05,2.000000e-06,7.548270e-05
RANS_SA_WD_0.01-20_NN_Drift_Seed2_Second,SA,75,1.255551e-04,7.211266e-05,6.900000e-05,2.000000e-06,8.618837e-05
RANS_SA_WD_0.01-20_NN_Drift_Seed2_Second,SA,76,1.910655e-04,7.738874e-05,7.500000e-05,2.000000e-06,1.125539e-04
RANS_SA_WD_0.01-20_NN_Drift_Seed2_Second,SA,77,2.613707e-04,8.255205e-05,8.000000e-05,2.000000e-06,1.435131e-04
RANS_SA_WD_0.01-20_NN_Drift_Seed2_Second,SA,78,3.153366e-04,8.516227e-05,8.300000e-05,2.000000e-06,1.619171e-04
RANS_SA_WD_0.01-20_NN_Drift_Seed2_Second,SA,79,3.151553e-04,8.549367e-05,8.300000e-05,2.000000e-06,1.549387e-04
RANS_SA_WD_0.01-20_NN_Drift_Seed2_Second,SA,80,2.096845e-04,7.331978e-05,7.100000e-05,1.000000e-06,1.077551e-04
RANS_SA_WD_0.01-20_NN_Drift_Seed2_Second,SA,81,9.735430e-05,5.916028e-05,5.700000e-05,1.000000e-06,3.461015e-05
RANS_SA_WD_0.01-20_NN_Drift_Seed2_Second,SA,82,-5.455170e-05,3.919757e-05,3.700000e-05,1.000000e-06,-5.913812e-05
RANS_SA_WD_0.01-20_NN_Drift_Seed2_Second,SA,83,-1.971854e-04,1.911824e-05,1.700000e-05,1.000000e-06,-1.263792e-04
RANS_SA_WD_0.01-20_NN_Drift_Seed2_Second,SA,84,-2.857983e-04,4.824880e-06,3.000000e-06,1.000000e-06,-1.503403e-04
RANS_SA_WD_0.01-20_NN_Drift_Seed2_Second,SA,85,-3.321735e-04,-5.092900e-07,-2.000000e-06,1.000000e-06,-1.529437e-04
RANS_SA_WD_0.01-20_NN_Drift_Seed2_Second,SA,86,-3.543176e-04,2.669800e-07,-2.000000e-06,1.000000e-06,-1.589753e-04
RANS_SA_WD_0.01-20_NN_Drift_Seed2_Second,SA,87,-3.626110e-04,4.339360e-06,2.000000e-06,1.000000e-06,-1.667808e-04
RANS_SA_WD_0.01-20_NN_Drift_Seed2_Second,SA,88,-3.621640e-04,8.829860e-06,7.000000e-06,1.000000e-06,-1.689188e-04
RANS_SA_WD_0.01-20_NN_Drift_Seed2_Second,SA,89,-3.612789e-04,1.037520e-05,8.000000e-06,1.000000e-06,-1.654489e-04
RANS_SA_WD_0.01-20_NN_Drift_Seed2_Second,SA,90,-3.112070e-04,8.323170e-06,6.000000e-06,2.000000e-06,-1.307119e-04
RANS_SA_WD_0.01-20_NN_Drift_Seed2_Second,SA,91,-2.299913e-04,3.555457e-05,3.300000e-05,2.000000e-06,-4.074222e-05
RANS_SA_WD_0.01-20_NN_Drift_Seed2_Second,SA,92,-1.420861e-04,5.650226e-05,5.400000e-05,2.000000e-06,1.042907e-05
RANS_SA_WD_0.01-20_NN_Drift_Seed2_Second,SA,93,-6.089880e-05,6.465409e-05,6.300000e-05,1.000000e-06,2.736699e-05
RANS_SA_WD_0.01-20_NN_Drift_Seed2_Second,SA,94,-8.535100e-06,7.009829e-05,6.800000e-05,1.000000e-06,3.692607e-05
RANS_SA_WD_0.01-20_NN_Drift_Seed2_Second,SA,95,-1.295890e-05,6.851298e-05,6.700000e-05,1.000000e-06,3.292799e-05
RANS_SA_WD_0.01-20_NN_Drift_Seed2_Second,SA,96,-3.785600e-05,6.441541e-05,6.200000e-05,1.000000e-06,2.332553e-05
RANS_SA_WD_0.01-20_NN_Drift_Seed2_Second,SA,97,-6.411300e-05,5.892933e-05,5.700000e-05,1.000000e-06,1.420893e-05
RANS_SA_WD_0.01-20_NN_Drift_Seed2_Second,SA,98,-6.402650e-05,5.742154e-05,5.600000e-05,1.000000e-06,1.703763e-05
RANS_SA_WD_0.01-20_NN_Drift_Seed2_Second,SA,99,-4.227020e-05,5.958415e-05,5.800000e-05,1.000000e-06,2.730778e-05
RANS_SA_WD_0.01-20_NN_Drift_Seed2_Second,SA,100,-6.737830e-05,4.849590e-05,4.700000e-05,1.000000e-06,5.601931e-06
RANS_SA_WD_0.01-20_NN_Drift_Seed2_Second,SA,101,-1.010911e-04,4.255631e-05,4.100000e-05,1.000000e-06,2.390470e-07
RANS_SA_WD_0.01-20_NN_Drift_Seed2_Second,SA,102,-1.588076e-04,2.578358e-05,2.400000e-05,1.000000e-06,-3.275107e-05
RANS_SA_WD_0.01-20_NN_Drift_Seed2_Second,SA,103,-1.998496e-04,1.869695e-05,1.700000e-05,1.000000e-06,-5.134910e-05
RANS_SA_WD_0.01-20_NN_Drift_Seed2_Second,SA,104,-2.383435e-04,1.950255e-05,1.800000e-05,1.000000e-06,-6.020562e-05
RANS_SA_WD_0.01-20_NN_Drift_Seed2_Second,SA,105,-2.519571e-04,2.409078e-05,2.300000e-05,1.000000e-06,-6.217518e-05
RANS_SA_WD_0.01-20_NN_Drift_Seed2_Second,SA,106,-2.341960e-04,2.921075e-05,2.800000e-05,1.000000e-06,-5.832917e-05
RANS_SA_WD_0.01-20_NN_Drift_Seed2_Second,SA,107,-2.076794e-04,3.081927e-05,2.900000e-05,1.000000e-06,-4.789910e-05
RANS_SA_WD_0.01-20_NN_Drift_Seed2_Second,SA,108,-1.792254e-04,3.469085e-05,3.300000e-05,1.000000e-06,-2.351815e-05
RANS_SA_WD_0.01-20_NN_Drift_Seed2_Second,SA,109,-1.621486e-04,3.958738e-05,3.800000e-05,1.000000e-06,-7.546664e-06
RANS_SA_WD_0.01-20_NN_Drift_Seed2_Second,SA,110,-5.948340e-05,5.391139e-05,5.200000e-05,1.000000e-06,7.514309e-05
RANS_SA_WD_0.01-20_NN_Drift_Seed2_Second,SA,111,1.409072e-04,8.022813e-05,7.800000e-05,1.000000e-06,1.573165e-04
RANS_SA_WD_0.01-20_NN_Drift_Seed2_Second,SA,112,2.444739e-04,9.104844e-05,8.900000e-05,1.000000e-06,1.675546e-04
RANS_SA_WD_0.01-20_NN_Drift_Seed2_Second,SA,113,3.292725e-04,9.412902e-05,9.200000e-05,2.000000e-06,1.769523e-04
RANS_SA_WD_0.01-20_NN_Drift_Seed2_Second,SA,114,4.111084e-04,8.569834e-05,8.300000e-05,2.000000e-06,1.991266e-04
RANS_SA_WD_0.01-20_NN_Drift_Seed2_Second,SA,115,4.765616e-04,7.141514e-05,6.900000e-05,2.000000e-06,2.285550e-04
RANS_SA_WD_0.01-20_NN_Drift_Seed2_Second,SA,116,5.323222e-04,6.274437e-05,6.000000e-05,2.000000e-06,2.520959e-04
RANS_SA_WD_0.01-20_NN_Drift_Seed2_Second,SA,117,5.858952e-04,6.641985e-05,6.400000e-05,2.000000e-06,2.679563e-04
RANS_SA_WD_0.01-20_NN_Drift_Seed2_Second,SA,118,6.241411e-04,7.889194e-05,7.600000e-05,2.000000e-06,2.734100e-04
RANS_SA_WD_0.01-20_NN_Drift_Seed2_Second,SA,119,6.535828e-04,9.045292e-05,8.800000e-05,2.000000e-06,2.687897e-04
RANS_SA_WD_0.01-20_NN_Drift_Seed2_Second,SA,120,3.980491e-04,8.550988e-05,8.200000e-05,2.000000e-06,1.019856e-04
RANS_SA_WD_0.01-20_NN_Drift_Seed2_Second,SA,121,1.354154e-04,8.914497e-05,8.600000e-05,3.000000e-06,-3.168775e-05
RANS_SA_WD_0.01-20_NN_Drift_Seed2_Second,SA,122,8.665670e-05,8.859857e-05,8.500000e-05,3.000000e-06,-1.882159e-05
RANS_SA_WD_0.01-20_NN_Drift_Seed2_Second,SA,123,9.390600e-05,8.073948e-05,7.600000e-05,4.000000e-06,3.186041e-05
RANS_SA_WD_0.01-20_NN_Drift_Seed2_Second,SA,124,1.563512e-04,7.486140e-05,6.900000e-05,5.000000e-06,8.058245e-05
RANS_SA_WD_0.01-20_NN_Drift_Seed2_Second,SA,125,2.759374e-04,8.021005e-05,7.300000e-05,6.000000e-06,1.357885e-04
RANS_SA_WD_0.01-20_NN_Drift_Seed2_Second,SA,126,4.168022e-04,9.034481e-05,8.200000e-05,8.000000e-06,1.980977e-04
RANS_SA_WD_0.01-20_NN_Drift_Seed2_Second,SA,127,4.731250e-04,9.334197e-05,8.400000e-05,9.000000e-06,2.105832e-04
RANS_SA_WD_0.01-20_NN_Drift_Seed2_Second,SA,128,4.484449e-04,8.895952e-05,7.800000e-05,1.100000e-05,1.867094e-04
RANS_SA_WD_0.01-20_NN_Drift_Seed2_Second,SA,129,3.574706e-04,8.195905e-05,6.900000e-05,1.200000e-05,1.366511e-04
RANS_SA_WD_0.01-20_NN_Drift_Seed2_Second,SA,130,2.020664e-04,7.015384e-05,5.600000e-05,1.300000e-05,7.222203e-05
RANS_SA_WD_0.01-20_NN_Drift_Seed2_Second,SA,131,-2.712700e-06,4.671364e-05,3.200000e-05,1.400000e-05,-5.179682e-06
RANS_SA_WD_0.01-20_NN_Drift_Seed2_Second,SA,132,-2.281628e-04,3.168424e-05,1.700000e-05,1.400000e-05,-1.018325e-04
RANS_SA_WD_0.01-20_NN_Drift_Seed2_Second,SA,133,-4.083553e-04,1.636493e-05,2.000000e-06,1.400000e-05,-1.898223e-04
RANS_SA_WD_0.01-20_NN_Drift_Seed2_Second,SA,134,-4.750009e-04,9.630220e-06,-4.000000e-06,1.300000e-05,-2.149935e-04
RANS_SA_WD_0.01-20_NN_Drift_Seed2_Second,SA,135,-4.581935e-04,1.443196e-05,1.000000e-06,1.200000e-05,-1.877909e-04
RANS_SA_WD_0.01-20_NN_Drift_Seed2_Second,SA,136,-3.692172e-04,2.868176e-05,1.700000e-05,1.100000e-05,-1.277114e-04
RANS_SA_WD_0.01-20_NN_Drift_Seed2_Second,SA,137,-2.449365e-04,4.451681e-05,3.300000e-05,1.100000e-05,-6.051012e-05
RANS_SA_WD_0.01-20_NN_Drift_Seed2_Second,SA,138,-1.198815e-04,5.788003e-05,4.800000e-05,1.000000e-05,-8.591976e-06
RANS_SA_WD_0.01-20_NN_Drift_Seed2_Second,SA,139,-1.013260e-05,7.175383e-05,6.200000e-05,9.000000e-06,2.340122e-05
RANS_SA_WD_0.01-20_NN_Drift_Seed2_Second,SA,140,2.974210e-05,7.208816e-05,6.400000e-05,8.000000e-06,1.542865e-05
RANS_SA_WD_0.01-20_NN_Drift_Seed2_Second,SA,141,1.780180e-05,7.912635e-05,7.200000e-05,7.000000e-06,2.436948e-05
RANS_SA_WD_0.01-20_NN_Drift_Seed2_Second,SA,142,-2.177610e-05,7.889184e-05,7.200000e-05,6.000000e-06,1.193097e-05
RANS_SA_WD_0.01-20_NN_Drift_Seed2_Second,SA,143,-5.374560e-05,7.211581e-05,6.600000e-05,5.000000e-06,4.219252e-06
RANS_SA_WD_0.01-20_NN_Drift_Seed2_Second,SA,144,-6.969040e-05,6.528703e-05,6.000000e-05,5.000000e-06,1.474317e-05
RANS_SA_WD_0.01-20_NN_Drift_Seed2_Second,SA,145,-6.580210e-05,5.999271e-05,5.500000e-05,4.000000e-06,3.030190e-05
RANS_SA_WD_0.01-20_NN_Drift_Seed2_Second,SA,146,-3.876430e-05,6.360375e-05,5.900000e-05,4.000000e-06,4.746737e-05
RANS_SA_WD_0.01-20_NN_Drift_Seed2_Second,SA,147,-2.255350e-05,6.763789e-05,6.400000e-05,3.000000e-06,4.634280e-05
RANS_SA_WD_0.01-20_NN_Drift_Seed2_Second,SA,148,-2.117870e-05,6.796713e-05,6.400000e-05,3.000000e-06,3.269438e-05
RANS_SA_WD_0.01-20_NN_Drift_Seed2_Second,SA,149,-3.718840e-05,6.632856e-05,6.300000e-05,3.000000e-06,1.676085e-05
RANS_SA_WD_0.01-20_NN_Drift_Seed2_Second,SA,150,-1.459475e-04,6.094141e-05,5.800000e-05,2.000000e-06,-1.468364e-05
RANS_SA_WD_0.01-20_NN_Drift_Seed2_Second,SA,151,-1.733845e-04,4.893944e-05,4.600000e-05,2.000000e-06,-2.606122e-05
RANS_SA_WD_0.01-20_NN_Drift_Seed2_Second,SA,152,-2.210021e-04,3.097428e-05,2.900000e-05,1.000000e-06,-5.333356e-05
RANS_SA_WD_0.01-20_NN_Drift_Seed2_Second,SA,153,-2.641496e-04,1.887565e-05,1.700000e-05,1.000000e-06,-8.676229e-05
RANS_SA_WD_0.01-20_NN_Drift_Seed2_Second,SA,154,-2.980581e-04,1.424775e-05,1.300000e-05,1.000000e-06,-1.125504e-04
RANS_SA_WD_0.01-20_NN_Drift_Seed2_Second,SA,155,-3.139209e-04,1.680611e-05,1.500000e-05,1.000000e-06,-1.201805e-04
RANS_SA_WD_0.01-20_NN_Drift_Seed2_Second,SA,156,-3.061235e-04,2.390593e-05,2.200000e-05,1.000000e-06,-1.026756e-04
RANS_SA_WD_0.01-20_NN_Drift_Seed2_Second,SA,157,-2.678387e-04,3.328764e-05,3.200000e-05,1.000000e-06,-8.255099e-05
RANS_SA_WD_0.01-20_NN_Drift_Seed2_Second,SA,158,-2.095376e-04,4.240950e-05,4.100000e-05,1.000000e-06,-6.699998e-05
RANS_SA_WD_0.01-20_NN_Drift_Seed2_Second,SA,159,-1.645888e-04,4.730264e-05,4.600000e-05,1.000000e-06,-5.843745e-05
RANS_SA_WD_0.01-20_NN_Drift_Seed2_Second,SA,160,8.884010e-05,7.041609e-05,6.900000e-05,1.000000e-06,9.042281e-05
RANS_SA_WD_0.01-20_NN_Drift_Seed2_Second,SA,161,1.801383e-04,7.777921e-05,7.700000e-05,1.000000e-06,1.477813e-04
RANS_SA_WD_0.01-20_NN_Drift_Seed2_Second,SA,162,2.141960e-04,7.646782e-05,7.500000e-05,0.000000e+00,1.406353e-04
RANS_SA_WD_0.01-20_NN_Drift_Seed2_Second,SA,163,2.291572e-04,7.429525e-05,7.300000e-05,0.000000e+00,1.268475e-04
RANS_SA_WD_0.01-20_NN_Drift_Seed2_Second,SA,164,2.240357e-04,7.202791e-05,7.100000e-05,0.000000e+00,1.110093e-04
RANS_SA_WD_0.01-20_NN_Drift_Seed2_Second,SA,165,1.924604e-04,7.137970e-05,7.100000e-05,0.000000e+00,9.701028e-05
RANS_SA_WD_0.01-20_NN_Drift_Seed2_Second,SA,166,1.674905e-04,7.060437e-05,7.000000e-05,-1.000000e-06,8.765104e-05
RANS_SA_WD_0.01-20_NN_Drift_Seed2_Second,SA,167,1.479718e-04,6.952279e-05,7.000000e-05,-1.000000e-06,8.852514e-05
RANS_SA_WD_0.01-20_NN_Drift_Seed2_Second,SA,168,1.403982e-04,6.713271e-05,6.700000e-05,-1.000000e-06,8.154546e-05
RANS_SA_WD_0.01-20_NN_Drift_Seed2_Second,SA,169,1.422115e-04,6.352621e-05,6.400000e-05,-1.000000e-06,7.793556e-05
RANS_SA_WD_0.01-20_NN_Drift_Seed2_Second,SA,170,3.162760e-05,4.712286e-05,4.700000e-05,-1.000000e-06,-2.988879e-06
RANS_SA_WD_0.01-20_NN_Drift_Seed2_Second,SA,171,7.618280e-05,6.589837e-05,6.600000e-05,-1.000000e-06,2.359980e-05
RANS_SA_WD_0.01-20_NN_Drift_Seed2_Second,SA,172,1.065744e-04,7.116946e-05,7.100000e-05,-1.000000e-06,5.183533e-05
RANS_SA_WD_0.01-20_NN_Drift_Seed2_Second,SA,173,1.289382e-04,7.430892e-05,7.400000e-05,-1.000000e-06,8.240963e-05
RANS_SA_WD_0.01-20_NN_Drift_Seed2_Second,SA,174,1.552686e-04,8.026267e-05,8.000000e-05,0.000000e+00,1.150510e-04
RANS_SA_WD_0.01-20_NN_Drift_Seed2_Second,SA,175,1.745819e-04,8.347078e-05,8.300000e-05,0.000000e+00,1.282127e-04
RANS_SA_WD_0.01-20_NN_Drift_Seed2_Second,SA,176,1.461849e-04,7.892412e-05,7.800000e-05,0.000000e+00,1.086083e-04
RANS_SA_WD_0.01-20_NN_Drift_Seed2_Second,SA,177,7.544200e-05,6.790563e-05,6.700000e-05,0.000000e+00,5.718745e-05
RANS_SA_WD_0.01-20_NN_Drift_Seed2_Second,SA,178,-2.410730e-05,5.260327e-05,5.200000e-05,0.000000e+00,-5.958267e-06
RANS_SA_WD_0.01-20_NN_Drift_Seed2_Second,SA,179,-1.166616e-04,4.018291e-05,3.900000e-05,1.000000e-06,-4.998136e-05
RANS_SA_WD_0.01-20_NN_Drift_Seed2_Second,SA,180,-5.950550e-05,4.165801e-05,4.000000e-05,1.000000e-06,1.992373e-05
RANS_SA_WD_0.01-20_NN_Drift_Seed2_Second,SA,181,-6.371910e-05,4.629932e-05,4.400000e-05,1.000000e-06,5.387859e-05
RANS_SA_WD_0.01-20_NN_Drift_Seed2_Second,SA,182,-1.357040e-05,5.962972e-05,5.700000e-05,2.000000e-06,8.272223e-05
RANS_SA_WD_0.01-20_NN_Drift_Seed2_Second,SA,183,1.296518e-04,7.422017e-05,7.200000e-05,2.000000e-06,1.310875e-04
RANS_SA_WD_0.01-20_NN_Drift_Seed2_Second,SA,184,2.928512e-04,8.844226e-05,8.600000e-05,2.000000e-06,1.747208e-04
RANS_SA_WD_0.01-20_NN_Drift_Seed2_Second,SA,185,4.221637e-04,9.989679e-05,9.800000e-05,1.000000e-06,2.031773e-04
RANS_SA_WD_0.01-20_NN_Drift_Seed2_Second,SA,186,4.937070e-04,1.080637e-04,1.060000e-04,1.000000e-06,2.194705e-04
RANS_SA_WD_0.01-20_NN_Drift_Seed2_Second,SA,187,5.233942e-04,1.136117e-04,1.120000e-04,1.000000e-06,2.278276e-04
RANS_SA_WD_0.01-20_NN_Drift_Seed2_Second,SA,188,5.423301e-04,1.166563e-04,1.150000e-04,1.000000e-06,2.333200e-04
RANS_SA_WD_0.01-20_NN_Drift_Seed2_Second,SA,189,5.588543e-04,1.166644e-04,1.160000e-04,0.000000e+00,2.403827e-04
RANS_SA_WD_0.01-20_NN_Drift_Seed2_Second,SA,190,3.431253e-04,7.916807e-05,7.900000e-05,0.000000e+00,1.035686e-04
RANS_SA_WD_0.01-20_NN_Drift_Seed2_Second,SA,191,2.264991e-04,6.305585e-05,6.300000e-05,-1.000000e-06,6.352577e-05
RANS_SA_WD_0.01-20_NN_Drift_Seed2_Second,SA,192,1.235046e-04,5.278006e-05,5.300000e-05,-1.000000e-06,3.013335e-05
RANS_SA_WD_0.01-20_NN_Drift_Seed2_Second,SA,193,3.761200e-05,5.055854e-05,5.100000e-05,-1.000000e-06,-1.209289e-05
RANS_SA_WD_0.01-20_NN_Drift_Seed2_Second,SA,194,-4.832400e-05,4.526365e-05,4.600000e-05,-1.000000e-06,-5.185826e-05
RANS_SA_WD_0.01-20_NN_Drift_Seed2_Second,SA,195,-1.190658e-04,3.903944e-05,4.000000e-05,-2.000000e-06,-7.864156e-05
RANS_SA_WD_0.01-20_NN_Drift_Seed2_Second,SA,196,-1.788933e-04,3.696024e-05,3.800000e-05,-2.000000e-06,-9.955173e-05
RANS_SA_WD_0.01-20_NN_Drift_Seed2_Second,SA,197,-2.165961e-04,3.496749e-05,3.600000e-05,-2.000000e-06,-1.138449e-04
RANS_SA_WD_0.01-20_NN_Drift_Seed2_Second,SA,198,-2.171213e-04,3.442498e-05,3.500000e-05,-2.000000e-06,-1.103781e-04
RANS_SA_WD_0.01-20_NN_Drift_Seed2_Second,SA,199,-1.913869e-04,3.732305e-05,3.800000e-05,-2.000000e-06,-8.847549e-05
RANS_SA_WD_0.01-20_NN_Drift_Seed2_Second,SA,200,-1.154130e-04,3.415123e-05,3.500000e-05,-2.000000e-06,-1.845680e-05
RANS_SA_WD_0.01-20_NN_Drift_Seed2_Second,SA,201,-1.019026e-04,3.737445e-05,3.800000e-05,-2.000000e-06,2.048573e-05
RANS_SA_WD_0.01-20_NN_Drift_Seed2_Second,SA,202,-7.535110e-05,4.877960e-05,5.000000e-05,-2.000000e-06,2.648305e-05
RANS_SA_WD_0.01-20_NN_Drift_Seed2_Second,SA,203,-4.066050e-05,6.023187e-05,6.100000e-05,-1.000000e-06,2.426024e-05
RANS_SA_WD_0.01-20_NN_Drift_Seed2_Second,SA,204,-2.454890e-05,6.047248e-05,6.100000e-05,-1.000000e-06,6.555028e-06
RANS_SA_WD_0.01-20_NN_Drift_Seed2_Second,SA,205,-3.186510e-05,5.366299e-05,5.400000e-05,-1.000000e-06,-9.883779e-06
RANS_SA_WD_0.01-20_NN_Drift_Seed2_Second,SA,206,-2.625860e-05,5.167672e-05,5.200000e-05,-1.000000e-06,-2.171796e-06
RANS_SA_WD_0.01-20_NN_Drift_Seed2_Second,SA,207,-4.358700e-06,5.559453e-05,5.600000e-05,-1.000000e-06,2.128067e-05
RANS_SA_WD_0.01-20_NN_Drift_Seed2_Second,SA,208,4.309000e-05,6.384014e-05,6.400000e-05,-1.000000e-06,4.963270e-05
RANS_SA_WD_0.01-20_NN_Drift_Seed2_Second,SA,209,1.003055e-04,7.456484e-05,7.500000e-05,-1.000000e-06,7.474855e-05
RANS_SA_WD_0.01-20_NN_Drift_Seed2_Second,SA,210,2.443500e-06,6.233909e-05,6.300000e-05,-1.000000e-06,2.285995e-05
RANS_SA_WD_0.01-20_NN_Drift_Seed2_Second,SA,211,-8.505100e-06,6.443893e-05,6.500000e-05,-1.000000e-06,2.900883e-05
RANS_SA_WD_0.01-20_NN_Drift_Seed2_Second,SA,212,-2.512700e-05,5.452487e-05,5.500000e-05,-1.000000e-06,8.753278e-06
RANS_SA_WD_0.01-20_NN_Drift_Seed2_Second,SA,213,-4.978410e-05,4.678535e-05,4.700000e-05,-1.000000e-06,-1.936478e-05
RANS_SA_WD_0.01-20_NN_Drift_Seed2_Second,SA,214,-8.979280e-05,4.006631e-05,4.100000e-05,-1.000000e-06,-5.214568e-05
RANS_SA_WD_0.01-20_NN_Drift_Seed2_Second,SA,215,-1.657154e-04,2.849546e-05,2.900000e-05,-1.000000e-06,-9.981115e-05
RANS_SA_WD_0.01-20_NN_Drift_Seed2_Second,SA,216,-2.556324e-04,1.318607e-05,1.400000e-05,-1.000000e-06,-1.504263e-04
RANS_SA_WD_0.01-20_NN_Drift_Seed2_Second,SA,217,-3.466947e-04,-2.045750e-06,-2.000000e-06,-1.000000e-06,-1.901791e-04
RANS_SA_WD_0.01-20_NN_Drift_Seed2_Second,SA,218,-4.377323e-04,-1.341378e-05,-1.300000e-05,-1.000000e-06,-2.203131e-04
RANS_SA_WD_0.01-20_NN_Drift_Seed2_Second,SA,219,-5.143677e-04,-1.983269e-05,-2.000000e-05,-1.000000e-06,-2.431094e-04
RANS_SA_WD_0.01-20_NN_Drift_Seed2_Second,SA,220,-4.648170e-04,5.631080e-06,6.000000e-06,-1.000000e-06,-1.618254e-04
RANS_SA_WD_0.01-20_NN_Drift_Seed2_Second,SA,221,-3.780288e-04,2.085260e-05,2.100000e-05,0.000000e+00,-1.135184e-04
RANS_SA_WD_0.01-20_NN_Drift_Seed2_Second,SA,222,-2.278268e-04,4.216350e-05,4.200000e-05,0.000000e+00,-6.803491e-05
RANS_SA_WD_0.01-20_NN_Drift_Seed2_Second,SA,223,-9.116820e-05,6.085646e-05,6.000000e-05,0.000000e+00,-1.817077e-05
RANS_SA_WD_0.01-20_NN_Drift_Seed2_Second,SA,224,8.795400e-06,7.464668e-05,7.400000e-05,0.000000e+00,3.249556e-05
RANS_SA_WD_0.01-20_NN_Drift_Seed2_Second,SA,225,6.746630e-05,8.688263e-05,8.600000e-05,0.000000e+00,7.271685e-05
RANS_SA_WD_0.01-20_NN_Drift_Seed2_Second,SA,226,8.357560e-05,9.399005e-05,9.300000e-05,1.000000e-06,9.328166e-05
RANS_SA_WD_0.01-20_NN_Drift_Seed2_Second,SA,227,6.068800e-05,9.327757e-05,9.200000e-05,1.000000e-06,8.704020e-05
RANS_SA_WD_0.01-20_NN_Drift_Seed2_Second,SA,228,9.435100e-06,8.753075e-05,8.600000e-05,1.000000e-06,6.480582e-05
RANS_SA_WD_0.01-20_NN_Drift_Seed2_Second,SA,229,-3.788880e-05,8.100646e-05,7.900000e-05,1.000000e-06,4.080291e-05
RANS_SA_WD_0.01-20_NN_Drift_Seed2_Second,SA,230,-9.018940e-05,7.356724e-05,7.200000e-05,1.000000e-06,1.730310e-05
RANS_SA_WD_0.01-20_NN_Drift_Seed2_Second,SA,231,-1.407188e-04,6.586856e-05,6.400000e-05,1.000000e-06,-1.118537e-05
RANS_SA_WD_0.01-20_NN_Drift_Seed2_Second,SA,232,-1.515914e-04,5.938060e-05,5.800000e-05,1.000000e-06,-2.461856e-05
RANS_SA_WD_0.01-20_NN_Drift_Seed2_Second,SA,233,-1.196273e-04,5.795877e-05,5.600000e-05,1.000000e-06,-1.977030e-05
RANS_SA_WD_0.01-20_NN_Drift_Seed2_Second,SA,234,-8.259440e-05,5.814577e-05,5.600000e-05,1.000000e-06,-1.650619e-05
RANS_SA_WD_0.01-20_NN_Drift_Seed2_Second,SA,235,-5.124050e-05,5.893481e-05,5.700000e-05,1.000000e-06,-1.526391e-05
RANS_SA_WD_0.01-20_NN_Drift_Seed2_Second,SA,236,-1.995770e-05,6.010799e-05,5.800000e-05,1.000000e-06,-9.430165e-06
RANS_SA_WD_0.01-20_NN_Drift_Seed2_Second,SA,237,1.581200e-05,6.266042e-05,6.100000e-05,1.000000e-06,6.974887e-06
RANS_SA_WD_0.01-20_NN_Drift_Seed2_Second,SA,238,7.317510e-05,6.670008e-05,6.500000e-05,1.000000e-06,3.134211e-05
RANS_SA_WD_0.01-20_NN_Drift_Seed2_Second,SA,239,1.357728e-04,6.871760e-05,6.700000e-05,1.000000e-06,5.752898e-05
RANS_SA_WD_0.01-20_NN_Drift_Seed2_Second,SA,240,2.275292e-04,5.547628e-05,5.400000e-05,1.000000e-06,1.016204e-04
RANS_SA_WD_0.01-20_NN_Drift_Seed2_Second,SA,241,2.888109e-04,5.863212e-05,5.700000e-05,1.000000e-06,1.389193e-04
RANS_SA_WD_0.01-20_NN_Drift_Seed2_Second,SA,242,2.963664e-04,6.453344e-05,6.200000e-05,2.000000e-06,1.474439e-04
RANS_SA_WD_0.01-20_NN_Drift_Seed2_Second,SA,243,3.057597e-04,6.966388e-05,6.700000e-05,2.000000e-06,1.459699e-04
RANS_SA_WD_0.01-20_NN_Drift_Seed2_Second,SA,244,3.399737e-04,7.472940e-05,7.200000e-05,2.000000e-06,1.547490e-04
RANS_SA_WD_0.01-20_NN_Drift_Seed2_Second,SA,245,3.959404e-04,7.904901e-05,7.600000e-05,2.000000e-06,1.851441e-04
RANS_SA_WD_0.01-20_NN_Drift_Seed2_Second,SA,246,4.710237e-04,8.454537e-05,8.200000e-05,2.000000e-06,2.293807e-04
RANS_SA_WD_0.01-20_NN_Drift_Seed2_Second,SA,247,5.315963e-04,9.016989e-05,8.700000e-05,2.000000e-06,2.629176e-04
RANS_SA_WD_0.01-20_NN_Drift_Seed2_Second,SA,248,5.658493e-04,9.386682e-05,9.100000e-05,3.000000e-06,2.714495e-04
RANS_SA_WD_0.01-20_NN_Drift_Seed2_Second,SA,249,5.670096e-04,9.534248e-05,9.200000e-05,3.000000e-06,2.567164e-04
RANS_SA_WD_0.01-20_NN_Drift_Seed2_Second,SA,250,3.055423e-04,7.004805e-05,6.600000e-05,3.000000e-06,6.220215e-05
RANS_SA_WD_0.01-20_NN_Drift_Seed2_Second,SA,251,7.477020e-05,6.980667e-05,6.600000e-05,3.000000e-06,-2.085156e-05
RANS_SA_WD_0.01-20_NN_Drift_Seed2_Second,SA,252,-9.761880e-05,5.917906e-05,5.500000e-05,4.000000e-06,-5.269794e-05
RANS_SA_WD_0.01-20_NN_Drift_Seed2_Second,SA,253,-1.740597e-04,4.314840e-05,3.900000e-05,4.000000e-06,-5.424447e-05
RANS_SA_WD_0.01-20_NN_Drift_Seed2_Second,SA,254,-1.977992e-04,3.123461e-05,2.600000e-05,4.000000e-06,-6.121305e-05
RANS_SA_WD_0.01-20_NN_Drift_Seed2_Second,SA,255,-1.844539e-04,3.188207e-05,2.700000e-05,5.000000e-06,-5.498538e-05
RANS_SA_WD_0.01-20_NN_Drift_Seed2_Second,SA,256,-1.626662e-04,4.035217e-05,3.400000e-05,5.000000e-06,-4.984100e-05
RANS_SA_WD_0.01-20_NN_Drift_Seed2_Second,SA,257,-2.073358e-04,4.194794e-05,3.600000e-05,6.000000e-06,-7.104860e-05
RANS_SA_WD_0.01-20_NN_Drift_Seed2_Second,SA,258,-3.464340e-04,3.020643e-05,2.400000e-05,6.000000e-06,-1.396080e-04
RANS_SA_WD_0.01-20_NN_Drift_Seed2_Second,SA,259,-5.444521e-04,1.585223e-05,9.000000e-06,6.000000e-06,-2.239464e-04
RANS_SA_WD_0.01-20_NN_Drift_Seed2_Second,SA,260,-6.343322e-04,2.178044e-05,1.500000e-05,6.000000e-06,-2.022436e-04
RANS_SA_WD_0.01-20_NN_Drift_Seed2_Second,SA,261,-6.484537e-04,3.335994e-05,2.700000e-05,6.000000e-06,-1.921051e-04
RANS_SA_WD_0.01-20_NN_Drift_Seed2_Second,SA,262,-6.156773e-04,3.178018e-05,2.600000e-05,5.000000e-06,-1.794654e-04
RANS_SA_WD_0.01-20_NN_Drift_Seed2_Second,SA,263,-4.546201e-04,3.776082e-05,3.200000e-05,5.000000e-06,-1.102393e-04
RANS_SA_WD_0.01-20_NN_Drift_Seed2_Second,SA,264,-2.185867e-04,5.534094e-05,5.000000e-05,4.000000e-06,-8.106156e-06
RANS_SA_WD_0.01-20_NN_Drift_Seed2_Second,SA,265,-1.297140e-05,7.528034e-05,7.000000e-05,4.000000e-06,8.027649e-05
RANS_SA_WD_0.01-20_NN_Drift_Seed2_Second,SA,266,1.045326e-04,8.841661e-05,8.400000e-05,4.000000e-06,1.186733e-04
RANS_SA_WD_0.01-20_NN_Drift_Seed2_Second,SA,267,1.205817e-04,9.050464e-05,8.600000e-05,4.000000e-06,1.045259e-04
RANS_SA_WD_0.01-20_NN_Drift_Seed2_Second,SA,268,6.591750e-05,8.354922e-05,7.900000e-05,4.000000e-06,5.983233e-05
RANS_SA_WD_0.01-20_NN_Drift_Seed2_Second,SA,269,-1.726550e-05,7.185537e-05,6.800000e-05,3.000000e-06,1.094012e-05
RANS_SA_WD_0.01-20_NN_Drift_Seed2_Second,SA,270,-1.011366e-04,5.163693e-05,4.800000e-05,3.000000e-06,-4.419538e-05
RANS_SA_WD_0.01-20_NN_Drift_Seed2_Second,SA,271,-1.249717e-04,4.535233e-05,4.200000e-05,3.000000e-06,-5.056747e-05
RANS_SA_WD_0.01-20_NN_Drift_Seed2_Second,SA,272,-1.146165e-04,4.357956e-05,4.000000e-05,3.000000e-06,-4.353020e-05
RANS_SA_WD_0.01-20_NN_Drift_Seed2_Second,SA,273,-8.874780e-05,4.635232e-05,4.300000e-05,3.000000e-06,-3.546741e-05
RANS_SA_WD_0.01-20_NN_Drift_Seed2_Second,SA,274,-7.300730e-05,5.119159e-05,4.800000e-05,2.000000e-06,-2.768235e-05
RANS_SA_WD_0.01-20_NN_Drift_Seed2_Second,SA,275,-5.652600e-05,5.718208e-05,5.400000e-05,2.000000e-06,-2.105971e-05
RANS_SA_WD_0.01-20_NN_Drift_Seed2_Second,SA,276,-3.277420e-05,6.059717e-05,5.800000e-05,2.000000e-06,-2.048212e-05
RANS_SA_WD_0.01-20_NN_Drift_Seed2_Second,SA,277,-7.364600e-06,5.995746e-05,5.700000e-05,2.000000e-06,-2.554309e-05
RANS_SA_WD_0.01-20_NN_Drift_Seed2_Second,SA,278,2.288300e-05,5.787667e-05,5.500000e-05,2.000000e-06,-2.267199e-05
RANS_SA_WD_0.01-20_NN_Drift_Seed2_Second,SA,279,6.566020e-05,5.815469e-05,5.600000e-05,2.000000e-06,-1.750273e-06
RANS_SA_WD_0.01-20_NN_Drift_Seed2_Second,SA,280,6.900300e-05,5.212950e-05,5.000000e-05,1.000000e-06,-3.146152e-05
RANS_SA_WD_0.01-20_NN_Drift_Seed2_Second,SA,281,5.676490e-05,6.164388e-05,6.000000e-05,1.000000e-06,-2.348561e-05
RANS_SA_WD_0.01-20_NN_Drift_Seed2_Second,SA,282,4.502010e-05,6.228801e-05,6.100000e-05,1.000000e-06,-1.633300e-05
RANS_SA_WD_0.01-20_NN_Drift_Seed2_Second,SA,283,5.644690e-05,6.422288e-05,6.300000e-05,1.000000e-06,-4.966917e-06
RANS_SA_WD_0.01-20_NN_Drift_Seed2_Second,SA,284,4.985770e-05,6.915418e-05,6.800000e-05,0.000000e+00,-3.345803e-06
RANS_SA_WD_0.01-20_NN_Drift_Seed2_Second,SA,285,9.161000e-06,6.961234e-05,6.900000e-05,0.000000e+00,-2.472326e-05
RANS_SA_WD_0.01-20_NN_Drift_Seed2_Second,SA,286,-6.906840e-05,6.125768e-05,6.000000e-05,0.000000e+00,-5.948575e-05
RANS_SA_WD_0.01-20_NN_Drift_Seed2_Second,SA,287,-1.566733e-04,5.204408e-05,5.100000e-05,0.000000e+00,-8.712412e-05
RANS_SA_WD_0.01-20_NN_Drift_Seed2_Second,SA,288,-2.195270e-04,4.798842e-05,4.700000e-05,0.000000e+00,-9.792831e-05
RANS_SA_WD_0.01-20_NN_Drift_Seed2_Second,SA,289,-2.430728e-04,5.073484e-05,5.000000e-05,0.000000e+00,-9.334372e-05
RANS_SA_WD_0.01-20_NN_Drift_Seed2_Second,SA,290,-1.597966e-04,5.420483e-05,5.400000e-05,0.000000e+00,8.066811e-06
RANS_SA_WD_0.01-20_NN_Drift_Seed2_Second,SA,291,-1.976340e-05,6.479293e-05,6.400000e-05,0.000000e+00,8.038036e-05
RANS_SA_WD_0.01-20_NN_Drift_Seed2_Second,SA,292,6.158780e-05,7.765218e-05,7.700000e-05,0.000000e+00,1.082652e-04
RANS_SA_WD_0.01-20_NN_Drift_Seed2_Second,SA,293,1.019375e-04,8.147415e-05,8.100000e-05,0.000000e+00,9.824199e-05
RANS_SA_WD_0.01-20_NN_Drift_Seed2_Second,SA,294,1.128654e-04,7.509974e-05,7.400000e-05,0.000000e+00,8.865300e-05
RANS_SA_WD_0.01-20_NN_Drift_Seed2_Second,SA,295,1.215109e-04,7.573753e-05,7.500000e-05,0.000000e+00,1.069718e-04
RANS_SA_WD_0.01-20_NN_Drift_Seed2_Second,SA,296,1.321928e-04,8.161128e-05,8.100000e-05,0.000000e+00,1.292203e-04
RANS_SA_WD_0.01-20_NN_Drift_Seed2_Second,SA,297,1.497293e-04,8.809003e-05,8.700000e-05,1.000000e-06,1.464402e-04
RANS_SA_WD_0.01-20_NN_Drift_Seed2_Second,SA,298,1.540934e-04,9.056493e-05,8.900000e-05,1.000000e-06,1.457391e-04
RANS_SA_WD_0.01-20_NN_Drift_Seed2_Second,SA,299,1.385046e-04,8.601984e-05,8.500000e-05,1.000000e-06,1.252403e-04
RANS_SA_WD_0.01-20_NN_Drift_Seed2_Second,SA,300,5.256050e-05,6.633919e-05,6.500000e-05,1.000000e-06,6.813785e-05
RANS_SA_WD_0.01-20_NN_Drift_Seed2_Second,SA,301,-6.400740e-05,5.404226e-05,5.200000e-05,1.000000e-06,2.370435e-05
RANS_SA_WD_0.01-20_NN_Drift_Seed2_Second,SA,302,-1.678098e-04,3.880305e-05,3.700000e-05,2.000000e-06,-2.687039e-05
RANS_SA_WD_0.01-20_NN_Drift_Seed2_Second,SA,303,-2.683519e-04,2.555423e-05,2.300000e-05,2.000000e-06,-7.122279e-05
RANS_SA_WD_0.01-20_NN_Drift_Seed2_Second,SA,304,-3.142687e-04,2.437904e-05,2.200000e-05,2.000000e-06,-8.981616e-05
RANS_SA_WD_0.01-20_NN_Drift_Seed2_Second,SA,305,-2.844856e-04,3.175192e-05,2.900000e-05,2.000000e-06,-8.257786e-05
RANS_SA_WD_0.01-20_NN_Drift_Seed2_Second,SA,306,-2.254428e-04,3.596996e-05,3.300000e-05,2.000000e-06,-6.524849e-05
RANS_SA_WD_0.01-20_NN_Drift_Seed2_Second,SA,307,-1.493974e-04,4.023709e-05,3.700000e-05,2.000000e-06,-3.272023e-05
RANS_SA_WD_0.01-20_NN_Drift_Seed2_Second,SA,308,-7.620450e-05,4.694588e-05,4.400000e-05,2.000000e-06,7.329238e-06
RANS_SA_WD_0.01-20_NN_Drift_Seed2_Second,SA,309,2.583900e-06,5.736353e-05,5.500000e-05,2.000000e-06,5.297512e-05
RANS_SA_WD_0.01-20_NN_Drift_Seed2_Second,SA,310,4.732600e-06,6.203414e-05,5.900000e-05,2.000000e-06,6.102725e-05
RANS_SA_WD_0.01-20_NN_Drift_Seed2_Second,SA,311,2.760840e-05,7.065203e-05,6.800000e-05,2.000000e-06,7.900588e-05
RANS_SA_WD_0.01-20_NN_Drift_Seed2_Second,SA,312,2.284250e-05,6.498655e-05,6.300000e-05,2.000000e-06,7.473346e-05
RANS_SA_WD_0.01-20_NN_Drift_Seed2_Second,SA,313,8.135240e-05,6.874874e-05,6.700000e-05,1.000000e-06,9.679201e-05
RANS_SA_WD_0.01-20_NN_Drift_Seed2_Second,SA,314,1.445288e-04,7.518185e-05,7.300000e-05,1.000000e-06,1.212281e-04
RANS_SA_WD_0.01-20_NN_Drift_Seed2_Second,SA,315,1.652189e-04,7.736837e-05,7.600000e-05,1.000000e-06,1.275622e-04
RANS_SA_WD_0.01-20_NN_Drift_Seed2_Second,SA,316,1.711761e-04,8.145135e-05,8.000000e-05,1.000000e-06,1.224140e-04
RANS_SA_WD_0.01-20_NN_Drift_Seed2_Second,SA,317,1.396242e-04,7.847730e-05,7.800000e-05,0.000000e+00,9.695175e-05
RANS_SA_WD_0.01-20_NN_Drift_Seed2_Second,SA,318,9.942730e-05,7.189542e-05,7.100000e-05,0.000000e+00,6.316522e-05
RANS_SA_WD_0.01-20_NN_Drift_Seed2_Second,SA,319,4.825190e-05,6.306436e-05,6.300000e-05,0.000000e+00,2.792686e-05
RANS_SA_WD_0.01-20_NN_Drift_Seed2_Second,SA,320,-3.264250e-05,4.401456e-05,4.400000e-05,-1.000000e-06,-1.153728e-05
RANS_SA_WD_0.01-20_NN_Drift_Seed2_Second,SA,321,2.162100e-06,4.287084e-05,4.300000e-05,-1.000000e-06,2.365926e-05
RANS_SA_WD_0.01-20_NN_Drift_Seed2_Second,SA,322,-5.975890e-05,3.303228e-05,3.400000e-05,-1.000000e-06,-7.654744e-07
RANS_SA_WD_0.01-20_NN_Drift_Seed2_Second,SA,323,-1.138103e-04,2.881482e-05,3.000000e-05,-2.000000e-06,-3.792068e-05
RANS_SA_WD_0.01-20_NN_Drift_Seed2_Second,SA,324,-1.389290e-04,2.906754e-05,3.000000e-05,-2.000000e-06,-5.613644e-05
RANS_SA_WD_0.01-20_NN_Drift_Seed2_Second,SA,325,-1.478512e-04,3.076370e-05,3.200000e-05,-2.000000e-06,-5.380639e-05
RANS_SA_WD_0.01-20_NN_Drift_Seed2_Second,SA,326,-1.300443e-04,3.514001e-05,3.700000e-05,-2.000000e-06,-3.689655e-05
RANS_SA_WD_0.01-20_NN_Drift_Seed2_Second,SA,327,-9.844720e-05,4.013453e-05,4.200000e-05,-3.000000e-06,-2.071769e-05
RANS_SA_WD_0.01-20_NN_Drift_Seed2_Second,SA,328,-4.800830e-05,4.769761e-05,5.000000e-05,-3.000000e-06,-5.319821e-06
RANS_SA_WD_0.01-20_NN_Drift_Seed2_Second,SA,329,2.421270e-05,5.567355e-05,5.800000e-05,-3.000000e-06,1.577963e-05
RANS_SA_WD_0.01-20_NN_Drift_Seed2_Second,SA,330,-1.376585e-04,2.343722e-05,2.600000e-05,-3.000000e-06,-1.526523e-05
RANS_SA_WD_0.01-20_NN_Drift_Seed2_Second,SA,331,-3.429746e-04,2.698907e-05,2.900000e-05,-3.000000e-06,-1.226079e-04
RANS_SA_WD_0.01-20_NN_Drift_Seed2_Second,SA,332,-4.214198e-04,4.076257e-05,4.300000e-05,-3.000000e-06,-1.564575e-04
RANS_SA_WD_0.01-20_NN_Drift_Seed2_Second,SA,333,-4.025232e-04,4.446983e-05,4.700000e-05,-3.000000e-06,-1.329704e-04
RANS_SA_WD_0.01-20_NN_Drift_Seed2_Second,SA,334,-3.722795e-04,4.289892e-05,4.500000e-05,-3.000000e-06,-1.208392e-04
RANS_SA_WD_0.01-20_NN_Drift_Seed2_Second,SA,335,-3.823071e-04,4.031310e-05,4.300000e-05,-3.000000e-06,-1.398928e-04
RANS_SA_WD_0.01-20_NN_Drift_Seed2_Second,SA,336,-4.257794e-04,3.779549e-05,4.000000e-05,-3.000000e-06,-1.675746e-04
RANS_SA_WD_0.01-20_NN_Drift_Seed2_Second,SA,337,-4.613722e-04,3.520260e-05,3.800000e-05,-3.000000e-06,-1.787973e-04
RANS_SA_WD_0.01-20_NN_Drift_Seed2_Second,SA,338,-4.614607e-04,3.529139e-05,3.800000e-05,-3.000000e-06,-1.670203e-04
RANS_SA_WD_0.01-20_NN_Drift_Seed2_Second,SA,339,-4.242259e-04,3.864591e-05,4.100000e-05,-3.000000e-06,-1.374510e-04
RANS_SA_WD_0.01-20_NN_Drift_Seed2_Second,SA,340,-3.076936e-04,4.246495e-05,4.500000e-05,-3.000000e-06,-4.708321e-05
RANS_SA_WD_0.01-20_NN_Drift_Seed2_Second,SA,341,-1.847516e-04,4.954758e-05,5.200000e-05,-4.000000e-06,4.505721e-05
RANS_SA_WD_0.01-20_NN_Drift_Seed2_Second,SA,342,-1.048772e-04,5.289978e-05,5.600000e-05,-4.000000e-06,7.123146e-05
RANS_SA_WD_0.01-20_NN_Drift_Seed2_Second,SA,343,-3.681190e-05,5.997839e-05,6.300000e-05,-4.000000e-06,7.210408e-05
RANS_SA_WD_0.01-20_NN_Drift_Seed2_Second,SA,344,7.058000e-07,6.100769e-05,6.400000e-05,-4.000000e-06,6.856610e-05
RANS_SA_WD_0.01-20_NN_Drift_Seed2_Second,SA,345,1.779110e-05,5.806951e-05,6.100000e-05,-4.000000e-06,7.047063e-05
RANS_SA_WD_0.01-20_NN_Drift_Seed2_Second,SA,346,1.568950e-05,5.432468e-05,5.700000e-05,-4.000000e-06,7.205417e-05
RANS_SA_WD_0.01-20_NN_Drift_Seed2_Second,SA,347,4.191000e-07,5.178879e-05,5.500000e-05,-4.000000e-06,6.611522e-05
RANS_SA_WD_0.01-20_NN_Drift_Seed2_Second,SA,348,-2.808010e-05,4.902158e-05,5.200000e-05,-4.000000e-06,4.791082e-05
RANS_SA_WD_0.01-20_NN_Drift_Seed2_Second,SA,349,-6.421560e-05,4.521555e-05,4.800000e-05,-3.000000e-06,2.097078e-05
RANS_SA_WD_0.01-20_NN_Drift_Seed2_Second,SA,350,-4.262900e-05,4.408763e-05,4.700000e-05,-3.000000e-06,-1.154451e-05
RANS_SA_WD_0.01-20_NN_Drift_Seed2_Second,SA,351,-2.327540e-05,4.965094e-05,5.200000e-05,-3.000000e-06,-1.190561e-06
RANS_SA_WD_0.01-20_NN_Drift_Seed2_Second,SA,352,-4.610280e-05,4.432801e-05,4.600000e-05,-3.000000e-06,-2.547663e-06
RANS_SA_WD_0.01-20_NN_Drift_Seed2_Second,SA,353,-2.992270e-05,4.282851e-05,4.500000e-05,-2.000000e-06,5.598199e-06
RANS_SA_WD_0.01-20_NN_Drift_Seed2_Second,SA,354,9.084300e-06,4.602333e-05,4.800000e-05,-2.000000e-06,2.436244e-05
RANS_SA_WD_0.01-20_NN_Drift_Seed2_Second,SA,355,3.329370e-05,4.825277e-05,5.000000e-05,-2.000000e-06,3.487026e-05
RANS_SA_WD_0.01-20_NN_Drift_Seed2_Second,SA,356,4.643890e-05,5.046489e-05,5.200000e-05,-2.000000e-06,3.637845e-05
RANS_SA_WD_0.01-20_NN_Drift_Seed2_Second,SA,357,5.779550e-05,5.342238e-05,5.500000e-05,-2.000000e-06,3.680807e-05
RANS_SA_WD_0.01-20_NN_Drift_Seed2_Second,SA,358,7.970800e-05,5.900200e-05,6.000000e-05,-2.000000e-06,4.679443e-05
RANS_SA_WD_0.01-20_NN_Drift_Seed2_Second,SA,359,1.099994e-04,6.866269e-05,7.000000e-05,-2.000000e-06,7.149353e-05
RANS_SA_WD_0.01-20_NN_Drift_Seed2_Second,SA,360,1.314520e-04,8.438667e-05,8.600000e-05,-2.000000e-06,8.201524e-05
RANS_SA_WD_0.01-20_NN_Drift_Seed2_Second,SA,361,9.381820e-05,8.136738e-05,8.300000e-05,-2.000000e-06,7.099643e-05
RANS_SA_WD_0.01-20_NN_Drift_Seed2_Second,SA,362,3.136560e-05,6.620501e-05,6.700000e-05,-2.000000e-06,4.491077e-05
RANS_SA_WD_0.01-20_NN_Drift_Seed2_Second,SA,363,-2.053170e-05,5.946455e-05,6.100000e-05,-2.000000e-06,2.699772e-05
RANS_SA_WD_0.01-20_NN_Drift_Seed2_Second,SA,364,-3.512780e-05,6.617986e-05,6.700000e-05,-2.000000e-06,2.493231e-05
RANS_SA_WD_0.01-20_NN_Drift_Seed2_Second,SA,365,-3.525080e-05,7.120111e-05,7.200000e-05,-2.000000e-06,2.256248e-05
RANS_SA_WD_0.01-20_NN_Drift_Seed2_Second,SA,366,-4.557400e-06,7.695515e-05,7.800000e-05,-2.000000e-06,3.440824e-05
RANS_SA_WD_0.01-20_NN_Drift_Seed2_Second,SA,367,1.578950e-05,8.042596e-05,8.100000e-05,-2.000000e-06,5.127665e-05
RANS_SA_WD_0.01-20_NN_Drift_Seed2_Second,SA,368,2.281770e-05,8.293718e-05,8.400000e-05,-2.000000e-06,5.944975e-05
RANS_SA_WD_0.01-20_NN_Drift_Seed2_Second,SA,369,-3.042300e-06,8.036738e-05,8.100000e-05,-1.000000e-06,4.730548e-05
RANS_SA_WD_0.01-20_NN_Drift_Seed2_Second,SA,370,-1.171388e-04,7.395469e-05,7.500000e-05,-1.000000e-06,-6.406190e-06
RANS_SA_WD_0.01-20_NN_Drift_Seed2_Second,SA,371,-2.218647e-04,6.387427e-05,6.400000e-05,-1.000000e-06,-7.159325e-05
RANS_SA_WD_0.01-20_NN_Drift_Seed2_Second,SA,372,-2.803993e-04,5.015686e-05,5.000000e-05,-1.000000e-06,-1.006841e-04
RANS_SA_WD_0.01-20_NN_Drift_Seed2_Second,SA,373,-3.015675e-04,4.435962e-05,4.400000e-05,-1.000000e-06,-8.894520e-05
RANS_SA_WD_0.01-20_NN_Drift_Seed2_Second,SA,374,-2.518839e-04,5.153751e-05,5.100000e-05,0.000000e+00,-5.243464e-05
RANS_SA_WD_0.01-20_NN_Drift_Seed2_Second,SA,375,-1.386952e-04,6.554870e-05,6.500000e-05,0.000000e+00,-7.105393e-06
RANS_SA_WD_0.01-20_NN_Drift_Seed2_Second,SA,376,-5.271300e-06,8.406784e-05,8.300000e-05,0.000000e+00,3.772355e-05
RANS_SA_WD_0.01-20_NN_Drift_Seed2_Second,SA,377,9.377840e-05,9.841923e-05,9.700000e-05,0.000000e+00,6.367940e-05
RANS_SA_WD_0.01-20_NN_Drift_Seed2_Second,SA,378,1.397871e-04,1.048695e-04,1.040000e-04,0.000000e+00,6.451948e-05
RANS_SA_WD_0.01-20_NN_Drift_Seed2_Second,SA,379,1.279826e-04,1.012480e-04,1.000000e-04,1.000000e-06,4.786435e-05
RANS_SA_WD_0.01-20_NN_Drift_Seed2_Second,SA,380,3.683030e-05,6.816253e-05,6.700000e-05,1.000000e-06,1.809115e-06
RANS_SA_WD_0.01-20_NN_Drift_Seed2_Second,SA,381,-4.340590e-05,5.649097e-05,5.500000e-05,1.000000e-06,-3.821861e-06
RANS_SA_WD_0.01-20_NN_Drift_Seed2_Second,SA,382,-8.481660e-05,5.249334e-05,5.000000e-05,1.000000e-06,-1.790674e-05
RANS_SA_WD_0.01-20_NN_Drift_Seed2_Second,SA,383,-7.745190e-05,5.442694e-05,5.200000e-05,2.000000e-06,-2.223798e-05
RANS_SA_WD_0.01-20_NN_Drift_Seed2_Second,SA,384,-5.072790e-05,5.610822e-05,5.400000e-05,2.000000e-06,-1.438573e-05
RANS_SA_WD_0.01-20_NN_Drift_Seed2_Second,SA,385,-4.930900e-06,6.257117e-05,6.000000e-05,2.000000e-06,3.859997e-06
RANS_SA_WD_0.01-20_NN_Drift_Seed2_Second,SA,386,3.432840e-05,7.004813e-05,6.700000e-05,2.000000e-06,1.848779e-05
RANS_SA_WD_0.01-20_NN_Drift_Seed2_Second,SA,387,4.680970e-05,7.462220e-05,7.200000e-05,2.000000e-06,2.564017e-05
RANS_SA_WD_0.01-20_NN_Drift_Seed2_Second,SA,388,3.787810e-05,7.501353e-05,7.200000e-05,2.000000e-06,2.289724e-05
RANS_SA_WD_0.01-20_NN_Drift_Seed2_Second,SA,389,1.655160e-05,7.183656e-05,6.900000e-05,2.000000e-06,1.466139e-05
RANS_SA_WD_0.01-20_NN_Drift_Seed2_Second,SA,390,1.747860e-05,6.720010e-05,6.400000e-05,2.000000e-06,4.415206e-05
RANS_SA_WD_0.01-20_NN_Drift_Seed2_Second,SA,391,6.596880e-05,8.094753e-05,7.800000e-05,2.000000e-06,9.242199e-05
RANS_SA_WD_0.01-20_NN_Drift_Seed2_Second,SA,392,6.845860e-05,8.649207e-05,8.400000e-05,2.000000e-06,1.039563e-04
RANS_SA_WD_0.01-20_NN_Drift_Seed2_Second,SA,393,6.335350e-05,8.862006e-05,8.600000e-05,2.000000e-06,1.002399e-04
RANS_SA_WD_0.01-20_NN_Drift_Seed2_Second,SA,394,4.367180e-05,8.898735e-05,8.600000e-05,2.000000e-06,8.324604e-05
RANS_SA_WD_0.01-20_NN_Drift_Seed2_Second,SA,395,-2.999200e-06,8.554661e-05,8.300000e-05,2.000000e-06,5.484953e-05
RANS_SA_WD_0.01-20_NN_Drift_Seed2_Second,SA,396,-8.350150e-05,7.799002e-05,7.500000e-05,2.000000e-06,1.076592e-05
RANS_SA_WD_0.01-20_NN_Drift_Seed2_Second,SA,397,-1.740173e-04,6.671054e-05,6.400000e-05,2.000000e-06,-3.813304e-05
RANS_SA_WD_0.01-20_NN_Drift_Seed2_Second,SA,398,-2.567674e-04,5.448043e-05,5.200000e-05,2.000000e-06,-7.334004e-05
RANS_SA_WD_0.01-20_NN_Drift_Seed2_Second,SA,399,-2.932476e-04,4.667014e-05,4.400000e-05,2.000000e-06,-8.105886e-05
RANS_SST_WD_0.01-20_ConsGalerkinProj_Drift_Second,SST,2,0.000000e+00,0.000000e+00,0.000000e+00,0.000000e+00,0.000000e+00
RANS_SST_WD_0.01-20_ConsGalerkinProj_Drift_Second,SST,3,0.000000e+00,0.000000e+00,0.000000e+00,0.000000e+00,0.000000e+00
RANS_SST_WD_0.01-20_ConsGalerkinProj_Drift_Second,SST,4,0.000000e+00,0.000000e+00,0.000000e+00,0.000000e+00,0.000000e+00
RANS_SST_WD_0.01-20_ConsGalerkinProj_Drift_Second,SST,5,0.000000e+00,0.000000e+00,0.000000e+00,0.000000e+00,0.000000e+00
RANS_SST_WD_0.01-20_ConsGalerkinProj_Drift_Second,SST,6,0.000000e+00,0.000000e+00,0.000000e+00,0.000000e+00,0.000000e+00
RANS_SST_WD_0.01-20_ConsGalerkinProj_Drift_Second,SST,7,0.000000e+00,0.000000e+00,0.000000e+00,0.000000e+00,0.000000e+00
RANS_SST_WD_0.01-20_ConsGalerkinProj_Drift_Second,SST,8,0.000000e+00,0.000000e+00,0.000000e+00,0.000000e+00,0.000000e+00
RANS_SST_WD_0.01-20_ConsGalerkinProj_Drift_Second,SST,9,0.000000e+00,0.000000e+00,0.000000e+00,0.000000e+00,0.000000e+00
RANS_SST_WD_0.01-20_ConsGalerkinProj_Drift_Second,SST,10,-2.380320e-05,2.826114e-05,2.800000e-05,0.000000e+00,-1.486887e-06
RANS_SST_WD_0.01-20_ConsGalerkinProj_Drift_Second,SST,11,-4.422200e-05,4.277020e-05,4.300000e-05,0.000000e+00,-1.549510e-05
RANS_SST_WD_0.01-20_ConsGalerkinProj_Drift_Second,SST,12,-6.298320e-05,3.910136e-05,3.900000e-05,0.000000e+00,-4.223844e-05
RANS_SST_WD_0.01-20_ConsGalerkinProj_Drift_Second,SST,13,-6.399820e-05,3.156267e-05,3.200000e-05,0.000000e+00,-5.550180e-05
RANS_SST_WD_0.01-20_ConsGalerkinProj_Drift_Second,SST,14,-5.775210e-05,2.739783e-05,2.700000e-05,0.000000e+00,-4.898289e-05
RANS_SST_WD_0.01-20_ConsGalerkinProj_Drift_Second,SST,15,-5.346260e-05,2.785342e-05,2.800000e-05,0.000000e+00,-3.749107e-05
RANS_SST_WD_0.01-20_ConsGalerkinProj_Drift_Second,SST,16,-4.493840e-05,3.225926e-05,3.300000e-05,0.000000e+00,-2.804227e-05
RANS_SST_WD_0.01-20_ConsGalerkinProj_Drift_Second,SST,17,-3.080040e-05,3.773981e-05,3.800000e-05,0.000000e+00,-2.154089e-05
RANS_SST_WD_0.01-20_ConsGalerkinProj_Drift_Second,SST,18,-7.752800e-06,4.236386e-05,4.300000e-05,0.000000e+00,-1.268391e-05
RANS_SST_WD_0.01-20_ConsGalerkinProj_Drift_Second,SST,19,1.912900e-05,4.552946e-05,4.600000e-05,0.000000e+00,1.654094e-07
RANS_SST_WD_0.01-20_ConsGalerkinProj_Drift_Second,SST,20,2.044486e-04,5.485676e-05,5.600000e-05,-1.000000e-06,9.171088e-05
RANS_SST_WD_0.01-20_ConsGalerkinProj_Drift_Second,SST,21,3.484300e-04,6.836937e-05,6.900000e-05,-1.000000e-06,1.687487e-04
RANS_SST_WD_0.01-20_ConsGalerkinProj_Drift_Second,SST,22,3.949591e-04,7.636518e-05,7.700000e-05,-1.000000e-06,1.836162e-04
RANS_SST_WD_0.01-20_ConsGalerkinProj_Drift_Second,SST,23,3.714290e-04,8.194816e-05,8.300000e-05,-1.000000e-06,1.609766e-04
RANS_SST_WD_0.01-20_ConsGalerkinProj_Drift_Second,SST,24,3.034662e-04,8.065081e-05,8.200000e-05,-1.000000e-06,1.154592e-04
RANS_SST_WD_0.01-20_ConsGalerkinProj_Drift_Second,SST,25,2.144640e-04,6.957465e-05,7.100000e-05,-1.000000e-06,6.692285e-05
RANS_SST_WD_0.01-20_ConsGalerkinProj_Drift_Second,SST,26,1.373119e-04,5.547568e-05,5.600000e-05,-1.000000e-06,3.948516e-05
RANS_SST_WD_0.01-20_ConsGalerkinProj_Drift_Second,SST,27,1.047317e-04,4.610214e-05,4.700000e-05,-1.000000e-06,4.092552e-05
RANS_SST_WD_0.01-20_ConsGalerkinProj_Drift_Second,SST,28,1.316917e-04,4.814726e-05,4.900000e-05,-1.000000e-06,6.508767e-05
RANS_SST_WD_0.01-20_ConsGalerkinProj_Drift_Second,SST,29,2.128048e-04,6.140271e-05,6.200000e-05,-1.000000e-06,1.002881e-04
RANS_SST_WD_0.01-20_ConsGalerkinProj_Drift_Second,SST,30,1.875713e-04,6.317132e-05,6.400000e-05,-1.000000e-06,1.066598e-04
RANS_SST_WD_0.01-20_ConsGalerkinProj_Drift_Second,SST,31,1.804836e-04,7.414373e-05,7.500000e-05,-1.000000e-06,9.272898e-05
RANS_SST_WD_0.01-20_ConsGalerkinProj_Drift_Second,SST,32,1.466845e-04,7.090644e-05,7.200000e-05,-1.000000e-06,7.440796e-05
RANS_SST_WD_0.01-20_ConsGalerkinProj_Drift_Second,SST,33,1.602399e-04,7.042315e-05,7.200000e-05,-1.000000e-06,8.444654e-05
RANS_SST_WD_0.01-20_ConsGalerkinProj_Drift_Second,SST,34,1.979413e-04,7.445287e-05,7.600000e-05,-1.000000e-06,1.156871e-04
RANS_SST_WD_0.01-20_ConsGalerkinProj_Drift_Second,SST,35,2.289284e-04,8.187034e-05,8.400000e-05,-1.000000e-06,1.445659e-04
RANS_SST_WD_0.01-20_ConsGalerkinProj_Drift_Second,SST,36,2.351722e-04,8.775902e-05,8.900000e-05,-1.000000e-06,1.456434e-04
RANS_SST_WD_0.01-20_ConsGalerkinProj_Drift_Second,SST,37,2.083364e-04,8.664487e-05,8.800000e-05,-1.000000e-06,1.150677e-04
RANS_SST_WD_0.01-20_ConsGalerkinProj_Drift_Second,SST,38,1.473586e-04,7.754972e-05,7.900000e-05,-1.000000e-06,6.276185e-05
RANS_SST_WD_0.01-20_ConsGalerkinProj_Drift_Second,SST,39,6.308810e-05,6.341948e-05,6.500000e-05,-1.000000e-06,9.152499e-06
RANS_SST_WD_0.01-20_ConsGalerkinProj_Drift_Second,SST,40,-3.609650e-05,4.626100e-05,4.800000e-05,-1.000000e-06,-3.954430e-05
RANS_SST_WD_0.01-20_ConsGalerkinProj_Drift_Second,SST,41,-6.282920e-05,5.341528e-05,5.500000e-05,-1.000000e-06,-1.204039e-05
RANS_SST_WD_0.01-20_ConsGalerkinProj_Drift_Second,SST,42,-6.661450e-05,5.098933e-05,5.200000e-05,-1.000000e-06,-1.172023e-05
RANS_SST_WD_0.01-20_ConsGalerkinProj_Drift_Second,SST,43,-2.179940e-05,5.216654e-05,5.300000e-05,-1.000000e-06,-5.791860e-08
RANS_SST_WD_0.01-20_ConsGalerkinProj_Drift_Second,SST,44,6.136220e-05,6.273654e-05,6.400000e-05,-1.000000e-06,3.833126e-05
RANS_SST_WD_0.01-20_ConsGalerkinProj_Drift_Second,SST,45,1.487652e-04,7.734039e-05,7.900000e-05,-1.000000e-06,7.912751e-05
RANS_SST_WD_0.01-20_ConsGalerkinProj_Drift_Second,SST,46,2.085308e-04,8.741476e-05,8.900000e-05,-1.000000e-06,9.865774e-05
RANS_SST_WD_0.01-20_ConsGalerkinProj_Drift_Second,SST,47,2.118099e-04,8.607310e-05,8.700000e-05,-1.000000e-06,8.642938e-05
RANS_SST_WD_0.01-20_ConsGalerkinProj_Drift_Second,SST,48,1.572124e-04,7.651710e-05,7.700000e-05,-1.000000e-06,5.286713e-05
RANS_SST_WD_0.01-20_ConsGalerkinProj_Drift_Second,SST,49,7.642000e-05,6.579184e-05,6.700000e-05,0.000000e+00,1.544926e-05
RANS_SST_WD_0.01-20_ConsGalerkinProj_Drift_Second,SST,50,-3.232210e-05,5.609814e-05,5.700000e-05,0.000000e+00,-4.980821e-05
RANS_SST_WD_0.01-20_ConsGalerkinProj_Drift_Second,SST,51,-6.711730e-05,4.658931e-05,4.700000e-05,0.000000e+00,-6.942165e-05
RANS_SST_WD_0.01-20_ConsGalerkinProj_Drift_Second,SST,52,-4.425250e-05,5.219135e-05,5.200000e-05,0.000000e+00,-3.888522e-05
RANS_SST_WD_0.01-20_ConsGalerkinProj_Drift_Second,SST,53,-1.569560e-05,6.124192e-05,6.100000e-05,0.000000e+00,-1.282834e-05
RANS_SST_WD_0.01-20_ConsGalerkinProj_Drift_Second,SST,54,-1.578460e-05,6.836584e-05,6.800000e-05,1.000000e-06,-1.271234e-05
RANS_SST_WD_0.01-20_ConsGalerkinProj_Drift_Second,SST,55,-6.517930e-05,6.965501e-05,6.900000e-05,1.000000e-06,-4.110303e-05
RANS_SST_WD_0.01-20_ConsGalerkinProj_Drift_Second,SST,56,-1.581686e-04,6.267749e-05,6.200000e-05,1.000000e-06,-8.474390e-05
RANS_SST_WD_0.01-20_ConsGalerkinProj_Drift_Second,SST,57,-2.540522e-04,5.377274e-05,5.300000e-05,2.000000e-06,-1.139931e-04
RANS_SST_WD_0.01-20_ConsGalerkinProj_Drift_Second,SST,58,-3.155196e-04,4.887538e-05,4.700000e-05,2.000000e-06,-1.134546e-04
RANS_SST_WD_0.01-20_ConsGalerkinProj_Drift_Second,SST,59,-3.146145e-04,5.028981e-05,4.800000e-05,2.000000e-06,-9.022326e-05
RANS_SST_WD_0.01-20_ConsGalerkinProj_Drift_Second,SST,60,-2.058197e-04,5.689125e-05,5.500000e-05,3.000000e-06,1.911603e-05
RANS_SST_WD_0.01-20_ConsGalerkinProj_Drift_Second,SST,61,-1.106169e-04,6.646893e-05,6.400000e-05,3.000000e-06,8.273784e-05
RANS_SST_WD_0.01-20_ConsGalerkinProj_Drift_Second,SST,62,-4.224400e-05,7.060327e-05,6.800000e-05,3.000000e-06,8.527763e-05
RANS_SST_WD_0.01-20_ConsGalerkinProj_Drift_Second,SST,63,2.064420e-05,7.024337e-05,6.700000e-05,3.000000e-06,6.510399e-05
RANS_SST_WD_0.01-20_ConsGalerkinProj_Drift_Second,SST,64,1.132501e-04,7.567650e-05,7.300000e-05,3.000000e-06,8.276238e-05
RANS_SST_WD_0.01-20_ConsGalerkinProj_Drift_Second,SST,65,2.346478e-04,8.177938e-05,7.900000e-05,3.000000e-06,1.305476e-04
RANS_SST_WD_0.01-20_ConsGalerkinProj_Drift_Second,SST,66,3.764636e-04,8.993569e-05,8.700000e-05,3.000000e-06,1.968400e-04
RANS_SST_WD_0.01-20_ConsGalerkinProj_Drift_Second,SST,67,5.077043e-04,9.922571e-05,9.700000e-05,3.000000e-06,2.512067e-04
RANS_SST_WD_0.01-20_ConsGalerkinProj_Drift_Second,SST,68,5.995968e-04,1.075680e-04,1.050000e-04,3.000000e-06,2.747322e-04
RANS_SST_WD_0.01-20_ConsGalerkinProj_Drift_Second,SST,69,6.265038e-04,1.100330e-04,1.080000e-04,2.000000e-06,2.634759e-04
RANS_SST_WD_0.01-20_ConsGalerkinProj_Drift_Second,SST,70,4.148880e-04,7.022790e-05,6.900000e-05,2.000000e-06,9.723977e-05
RANS_SST_WD_0.01-20_ConsGalerkinProj_Drift_Second,SST,71,1.607134e-04,4.849699e-05,4.700000e-05,2.000000e-06,-8.873420e-06
RANS_SST_WD_0.01-20_ConsGalerkinProj_Drift_Second,SST,72,-7.644090e-05,2.101554e-05,2.000000e-05,2.000000e-06,-9.022721e-05
RANS_SST_WD_0.01-20_ConsGalerkinProj_Drift_Second,SST,73,-2.514450e-04,5.350540e-06,4.000000e-06,1.000000e-06,-1.427830e-04
RANS_SST_WD_0.01-20_ConsGalerkinProj_Drift_Second,SST,74,-3.563363e-04,3.325274e-06,2.000000e-06,1.000000e-06,-1.688930e-04
RANS_SST_WD_0.01-20_ConsGalerkinProj_Drift_Second,SST,75,-4.119560e-04,5.554022e-06,5.000000e-06,1.000000e-06,-1.820712e-04
RANS_SST_WD_0.01-20_ConsGalerkinProj_Drift_Second,SST,76,-4.120118e-04,1.296398e-05,1.200000e-05,1.000000e-06,-1.759437e-04
RANS_SST_WD_0.01-20_ConsGalerkinProj_Drift_Second,SST,77,-3.743231e-04,2.372739e-05,2.300000e-05,1.000000e-06,-1.505100e-04
RANS_SST_WD_0.01-20_ConsGalerkinProj_Drift_Second,SST,78,-3.259750e-04,3.372864e-05,3.300000e-05,1.000000e-06,-1.188010e-04
RANS_SST_WD_0.01-20_ConsGalerkinProj_Drift_Second,SST,79,-2.710884e-04,4.265913e-05,4.200000e-05,1.000000e-06,-9.145184e-05
RANS_SST_WD_0.01-20_ConsGalerkinProj_Drift_Second,SST,80,6.132160e-05,6.950614e-05,6.900000e-05,1.000000e-06,1.369070e-04
RANS_SST_WD_0.01-20_ConsGalerkinProj_Drift_Second,SST,81,3.395617e-04,1.011725e-04,1.000000e-04,1.000000e-06,2.673566e-04
RANS_SST_WD_0.01-20_ConsGalerkinProj_Drift_Second,SST,82,4.729543e-04,1.137314e-04,1.130000e-04,1.000000e-06,2.936595e-04
RANS_SST_WD_0.01-20_ConsGalerkinProj_Drift_Second,SST,83,5.186338e-04,1.208348e-04,1.210000e-04,1.000000e-06,2.804695e-04
RANS_SST_WD_0.01-20_ConsGalerkinProj_Drift_Second,SST,84,5.165536e-04,1.221109e-04,1.220000e-04,0.000000e+00,2.551106e-04
RANS_SST_WD_0.01-20_ConsGalerkinProj_Drift_Second,SST,85,4.774450e-04,1.162290e-04,1.160000e-04,0.000000e+00,2.296260e-04
RANS_SST_WD_0.01-20_ConsGalerkinProj_Drift_Second,SST,86,4.198414e-04,1.063108e-04,1.070000e-04,0.000000e+00,2.061801e-04
RANS_SST_WD_0.01-20_ConsGalerkinProj_Drift_Second,SST,87,3.443307e-04,9.418765e-05,9.500000e-05,0.000000e+00,1.741820e-04
RANS_SST_WD_0.01-20_ConsGalerkinProj_Drift_Second,SST,88,2.524465e-04,8.118534e-05,8.200000e-05,0.000000e+00,1.307991e-04
RANS_SST_WD_0.01-20_ConsGalerkinProj_Drift_Second,SST,89,1.546959e-04,6.751570e-05,6.800000e-05,0.000000e+00,8.117130e-05
RANS_SST_WD_0.01-20_ConsGalerkinProj_Drift_Second,SST,90,-2.170219e-04,2.852065e-05,2.900000e-05,0.000000e+00,-1.661023e-04
RANS_SST_WD_0.01-20_ConsGalerkinProj_Drift_Second,SST,91,-4.550036e-04,1.143754e-06,1.000000e-06,0.000000e+00,-2.668162e-04
RANS_SST_WD_0.01-20_ConsGalerkinProj_Drift_Second,SST,92,-5.320987e-04,-3.516334e-06,-4.000000e-06,1.000000e-06,-2.417015e-04
RANS_SST_WD_0.01-20_ConsGalerkinProj_Drift_Second,SST,93,-4.592851e-04,1.117388e-05,1.100000e-05,1.000000e-06,-1.650872e-04
RANS_SST_WD_0.01-20_ConsGalerkinProj_Drift_Second,SST,94,-2.868999e-04,3.394397e-05,3.300000e-05,1.000000e-06,-7.774066e-05
RANS_SST_WD_0.01-20_ConsGalerkinProj_Drift_Second,SST,95,-1.003856e-04,5.427476e-05,5.300000e-05,2.000000e-06,-1.029792e-05
RANS_SST_WD_0.01-20_ConsGalerkinProj_Drift_Second,SST,96,2.706900e-05,6.632475e-05,6.500000e-05,2.000000e-06,2.094125e-05
RANS_SST_WD_0.01-20_ConsGalerkinProj_Drift_Second,SST,97,7.128170e-05,6.887238e-05,6.700000e-05,2.000000e-06,1.503317e-05
RANS_SST_WD_0.01-20_ConsGalerkinProj_Drift_Second,SST,98,4.053920e-05,6.397160e-05,6.300000e-05,2.000000e-06,-1.747960e-05
RANS_SST_WD_0.01-20_ConsGalerkinProj_Drift_Second,SST,99,-3.139750e-05,5.671435e-05,5.500000e-05,2.000000e-06,-5.316111e-05
RANS_SST_WD_0.01-20_ConsGalerkinProj_Drift_Second,SST,100,-3.027240e-05,6.055832e-05,5.900000e-05,2.000000e-06,-4.880907e-05
RANS_SST_WD_0.01-20_ConsGalerkinProj_Drift_Second,SST,101,-6.030920e-05,5.448566e-05,5.300000e-05,2.000000e-06,-3.823148e-05
RANS_SST_WD_0.01-20_ConsGalerkinProj_Drift_Second,SST,102,-1.205980e-04,4.452789e-05,4.300000e-05,2.000000e-06,-5.131609e-05
RANS_SST_WD_0.01-20_ConsGalerkinProj_Drift_Second,SST,103,-1.543776e-04,4.503396e-05,4.400000e-05,2.000000e-06,-6.368905e-05
RANS_SST_WD_0.01-20_ConsGalerkinProj_Drift_Second,SST,104,-1.694393e-04,5.224773e-05,5.100000e-05,2.000000e-06,-6.635744e-05
RANS_SST_WD_0.01-20_ConsGalerkinProj_Drift_Second,SST,105,-1.701705e-04,5.914182e-05,5.800000e-05,2.000000e-06,-6.333915e-05
RANS_SST_WD_0.01-20_ConsGalerkinProj_Drift_Second,SST,106,-1.468919e-04,6.523425e-05,6.400000e-05,2.000000e-06,-4.801273e-05
RANS_SST_WD_0.01-20_ConsGalerkinProj_Drift_Second,SST,107,-1.029064e-04,7.347263e-05,7.200000e-05,1.000000e-06,-1.712412e-05
RANS_SST_WD_0.01-20_ConsGalerkinProj_Drift_Second,SST,108,-5.802620e-05,8.324913e-05,8.200000e-05,1.000000e-06,1.521610e-05
RANS_SST_WD_0.01-20_ConsGalerkinProj_Drift_Second,SST,109,-3.076560e-05,8.929156e-05,8.800000e-05,1.000000e-06,2.825049e-05
RANS_SST_WD_0.01-20_ConsGalerkinProj_Drift_Second,SST,110,-1.199442e-04,5.286988e-05,5.200000e-05,1.000000e-06,-3.084973e-06
RANS_SST_WD_0.01-20_ConsGalerkinProj_Drift_Second,SST,111,-2.075785e-04,5.447510e-05,5.400000e-05,1.000000e-06,-1.034382e-05
RANS_SST_WD_0.01-20_ConsGalerkinProj_Drift_Second,SST,112,-2.922184e-04,5.324994e-05,5.300000e-05,1.000000e-06,-5.203906e-05
RANS_SST_WD_0.01-20_ConsGalerkinProj_Drift_Second,SST,113,-3.555867e-04,4.459810e-05,4.400000e-05,1.000000e-06,-1.017521e-04
RANS_SST_WD_0.01-20_ConsGalerkinProj_Drift_Second,SST,114,-4.011309e-04,3.484566e-05,3.500000e-05,0.000000e+00,-1.360672e-04
RANS_SST_WD_0.01-20_ConsGalerkinProj_Drift_Second,SST,115,-4.141804e-04,3.003821e-05,3.000000e-05,0.000000e+00,-1.423571e-04
RANS_SST_WD_0.01-20_ConsGalerkinProj_Drift_Second,SST,116,-4.135743e-04,2.741691e-05,2.700000e-05,0.000000e+00,-1.374634e-04
RANS_SST_WD_0.01-20_ConsGalerkinProj_Drift_Second,SST,117,-4.077075e-04,2.665358e-05,2.700000e-05,0.000000e+00,-1.313835e-04
RANS_SST_WD_0.01-20_ConsGalerkinProj_Drift_Second,SST,118,-3.800339e-04,2.951177e-05,3.000000e-05,0.000000e+00,-1.213796e-04
RANS_SST_WD_0.01-20_ConsGalerkinProj_Drift_Second,SST,119,-3.342477e-04,3.366115e-05,3.400000e-05,0.000000e+00,-1.029665e-04
RANS_SST_WD_0.01-20_ConsGalerkinProj_Drift_Second,SST,120,-1.378070e-04,5.865100e-05,5.900000e-05,0.000000e+00,7.635309e-06
RANS_SST_WD_0.01-20_ConsGalerkinProj_Drift_Second,SST,121,-2.293130e-05,6.183239e-05,6.200000e-05,0.000000e+00,5.699890e-05
RANS_SST_WD_0.01-20_ConsGalerkinProj_Drift_Second,SST,122,6.882610e-05,6.482989e-05,6.500000e-05,0.000000e+00,8.088084e-05
RANS_SST_WD_0.01-20_ConsGalerkinProj_Drift_Second,SST,123,1.470840e-04,7.281168e-05,7.300000e-05,0.000000e+00,9.536317e-05
RANS_SST_WD_0.01-20_ConsGalerkinProj_Drift_Second,SST,124,1.829205e-04,7.680792e-05,7.700000e-05,0.000000e+00,9.824771e-05
RANS_SST_WD_0.01-20_ConsGalerkinProj_Drift_Second,SST,125,2.024957e-04,7.916471e-05,7.900000e-05,0.000000e+00,1.007956e-04
RANS_SST_WD_0.01-20_ConsGalerkinProj_Drift_Second,SST,126,2.145815e-04,8.188306e-05,8.200000e-05,0.000000e+00,1.021653e-04
RANS_SST_WD_0.01-20_ConsGalerkinProj_Drift_Second,SST,127,2.241037e-04,8.167922e-05,8.200000e-05,0.000000e+00,9.845301e-05
RANS_SST_WD_0.01-20_ConsGalerkinProj_Drift_Second,SST,128,2.100239e-04,7.747650e-05,7.800000e-05,0.000000e+00,8.391265e-05
RANS_SST_WD_0.01-20_ConsGalerkinProj_Drift_Second,SST,129,1.652506e-04,7.004268e-05,7.000000e-05,0.000000e+00,5.553410e-05
RANS_SST_WD_0.01-20_ConsGalerkinProj_Drift_Second,SST,130,1.309708e-04,4.732456e-05,4.700000e-05,0.000000e+00,3.614090e-05
RANS_SST_WD_0.01-20_ConsGalerkinProj_Drift_Second,SST,131,1.152414e-04,5.179433e-05,5.200000e-05,1.000000e-06,4.193399e-05
RANS_SST_WD_0.01-20_ConsGalerkinProj_Drift_Second,SST,132,4.644240e-05,5.106683e-05,5.100000e-05,1.000000e-06,1.301696e-05
RANS_SST_WD_0.01-20_ConsGalerkinProj_Drift_Second,SST,133,1.036370e-05,5.292919e-05,5.300000e-05,1.000000e-06,-1.417869e-05
RANS_SST_WD_0.01-20_ConsGalerkinProj_Drift_Second,SST,134,3.715930e-05,6.040778e-05,6.000000e-05,1.000000e-06,-5.219755e-06
RANS_SST_WD_0.01-20_ConsGalerkinProj_Drift_Second,SST,135,7.966280e-05,6.705065e-05,6.700000e-05,1.000000e-06,2.804194e-05
RANS_SST_WD_0.01-20_ConsGalerkinProj_Drift_Second,SST,136,9.589950e-05,6.911393e-05,6.900000e-05,1.000000e-06,4.975945e-05
RANS_SST_WD_0.01-20_ConsGalerkinProj_Drift_Second,SST,137,8.127640e-05,6.754583e-05,6.700000e-05,1.000000e-06,4.238579e-05
RANS_SST_WD_0.01-20_ConsGalerkinProj_Drift_Second,SST,138,4.734840e-05,6.452311e-05,6.400000e-05,1.000000e-06,1.774474e-05
RANS_SST_WD_0.01-20_ConsGalerkinProj_Drift_Second,SST,139,9.911900e-06,6.068460e-05,6.000000e-05,1.000000e-06,-9.111011e-06
RANS_SST_WD_0.01-20_ConsGalerkinProj_Drift_Second,SST,140,-1.421198e-04,5.374421e-05,5.300000e-05,1.000000e-06,-5.266201e-05
RANS_SST_WD_0.01-20_ConsGalerkinProj_Drift_Second,SST,141,-2.314917e-04,5.314022e-05,5.200000e-05,1.000000e-06,-5.546741e-05
RANS_SST_WD_0.01-20_ConsGalerkinProj_Drift_Second,SST,142,-2.439345e-04,5.368412e-05,5.300000e-05,1.000000e-06,-5.778850e-05
RANS_SST_WD_0.01-20_ConsGalerkinProj_Drift_Second,SST,143,-2.025517e-04,5.569064e-05,5.500000e-05,1.000000e-06,-4.592018e-05
RANS_SST_WD_0.01-20_ConsGalerkinProj_Drift_Second,SST,144,-1.366757e-04,5.988889e-05,5.900000e-05,1.000000e-06,-1.149054e-05
RANS_SST_WD_0.01-20_ConsGalerkinProj_Drift_Second,SST,145,-8.295020e-05,6.505451e-05,6.500000e-05,1.000000e-06,2.297764e-05
RANS_SST_WD_0.01-20_ConsGalerkinProj_Drift_Second,SST,146,-2.332940e-05,7.343810e-05,7.300000e-05,1.000000e-06,5.296692e-05
RANS_SST_WD_0.01-20_ConsGalerkinProj_Drift_Second,SST,147,3.810060e-05,8.342681e-05,8.300000e-05,1.000000e-06,7.413720e-05
RANS_SST_WD_0.01-20_ConsGalerkinProj_Drift_Second,SST,148,9.594330e-05,9.204602e-05,9.200000e-05,0.000000e+00,8.976639e-05
RANS_SST_WD_0.01-20_ConsGalerkinProj_Drift_Second,SST,149,1.458867e-04,9.778233e-05,9.800000e-05,0.000000e+00,1.037245e-04
RANS_SST_WD_0.01-20_ConsGalerkinProj_Drift_Second,SST,150,1.524003e-04,8.735975e-05,8.800000e-05,0.000000e+00,1.413569e-04
RANS_SST_WD_0.01-20_ConsGalerkinProj_Drift_Second,SST,151,7.858690e-05,7.564137e-05,7.600000e-05,0.000000e+00,1.259869e-04
RANS_SST_WD_0.01-20_ConsGalerkinProj_Drift_Second,SST,152,-3.848300e-05,5.679973e-05,5.700000e-05,0.000000e+00,5.506671e-05
RANS_SST_WD_0.01-20_ConsGalerkinProj_Drift_Second,SST,153,-1.453217e-04,4.411585e-05,4.500000e-05,0.000000e+00,-1.735115e-05
RANS_SST_WD_0.01-20_ConsGalerkinProj_Drift_Second,SST,154,-2.467298e-04,3.774164e-05,3.800000e-05,0.000000e+00,-6.723739e-05
RANS_SST_WD_0.01-20_ConsGalerkinProj_Drift_Second,SST,155,-3.102664e-04,3.847197e-05,3.900000e-05,0.000000e+00,-8.419887e-05
RANS_SST_WD_0.01-20_ConsGalerkinProj_Drift_Second,SST,156,-3.219001e-04,4.250816e-05,4.300000e-05,0.000000e+00,-7.497014e-05
RANS_SST_WD_0.01-20_ConsGalerkinProj_Drift_Second,SST,157,-2.813445e-04,4.927521e-05,5.000000e-05,0.000000e+00,-4.013883e-05
RANS_SST_WD_0.01-20_ConsGalerkinProj_Drift_Second,SST,158,-2.153795e-04,5.602842e-05,5.600000e-05,0.000000e+00,-2.042239e-06
RANS_SST_WD_0.01-20_ConsGalerkinProj_Drift_Second,SST,159,-1.625802e-04,6.046884e-05,6.100000e-05,0.000000e+00,2.062128e-05
RANS_SST_WD_0.01-20_ConsGalerkinProj_Drift_Second,SST,160,-1.409565e-04,6.016435e-05,6.000000e-05,0.000000e+00,1.763338e-05
RANS_SST_WD_0.01-20_ConsGalerkinProj_Drift_Second,SST,161,-1.390873e-04,6.247280e-05,6.300000e-05,0.000000e+00,2.784363e-05
RANS_SST_WD_0.01-20_ConsGalerkinProj_Drift_Second,SST,162,-2.243110e-04,5.102659e-05,5.100000e-05,0.000000e+00,-1.408803e-05
RANS_SST_WD_0.01-20_ConsGalerkinProj_Drift_Second,SST,163,-3.011754e-04,3.848711e-05,3.900000e-05,0.000000e+00,-6.770619e-05
RANS_SST_WD_0.01-20_ConsGalerkinProj_Drift_Second,SST,164,-3.433724e-04,3.121450e-05,3.100000e-05,0.000000e+00,-9.611382e-05
RANS_SST_WD_0.01-20_ConsGalerkinProj_Drift_Second,SST,165,-3.594549e-04,2.853451e-05,2.900000e-05,0.000000e+00,-9.758371e-05
RANS_SST_WD_0.01-20_ConsGalerkinProj_Drift_Second,SST,166,-3.505769e-04,2.572030e-05,2.600000e-05,0.000000e+00,-9.291487e-05
RANS_SST_WD_0.01-20_ConsGalerkinProj_Drift_Second,SST,167,-3.149967e-04,2.473981e-05,2.500000e-05,0.000000e+00,-8.008381e-05
RANS_SST_WD_0.01-20_ConsGalerkinProj_Drift_Second,SST,168,-2.537197e-04,2.914316e-05,2.900000e-05,0.000000e+00,-5.333693e-05
RANS_SST_WD_0.01-20_ConsGalerkinProj_Drift_Second,SST,169,-1.635848e-04,3.977064e-05,4.000000e-05,0.000000e+00,-1.668063e-05
RANS_SST_WD_0.01-20_ConsGalerkinProj_Drift_Second,SST,170,-1.103298e-04,3.124608e-05,3.100000e-05,0.000000e+00,-1.237774e-05
RANS_SST_WD_0.01-20_ConsGalerkinProj_Drift_Second,SST,171,-4.372960e-05,4.294452e-05,4.300000e-05,0.000000e+00,2.618764e-05
RANS_SST_WD_0.01-20_ConsGalerkinProj_Drift_Second,SST,172,-1.546620e-05,4.897415e-05,4.900000e-05,0.000000e+00,4.200018e-05
RANS_SST_WD_0.01-20_ConsGalerkinProj_Drift_Second,SST,173,-3.015000e-07,5.394500e-05,5.500000e-05,0.000000e+00,4.555146e-05
RANS_SST_WD_0.01-20_ConsGalerkinProj_Drift_Second,SST,174,1.541580e-05,5.565081e-05,5.600000e-05,0.000000e+00,3.945827e-05
RANS_SST_WD_0.01-20_ConsGalerkinProj_Drift_Second,SST,175,2.448110e-05,5.870013e-05,6.000000e-05,-1.000000e-06,3.546579e-05
RANS_SST_WD_0.01-20_ConsGalerkinProj_Drift_Second,SST,176,8.051600e-06,6.123833e-05,6.200000e-05,-1.000000e-06,2.303692e-05
RANS_SST_WD_0.01-20_ConsGalerkinProj_Drift_Second,SST,177,-2.271280e-05,6.265481e-05,6.400000e-05,-1.000000e-06,1.184482e-05
RANS_SST_WD_0.01-20_ConsGalerkinProj_Drift_Second,SST,178,-4.590980e-05,6.220193e-05,6.400000e-05,-1.000000e-06,5.372201e-06
RANS_SST_WD_0.01-20_ConsGalerkinProj_Drift_Second,SST,179,-5.418180e-05,6.008623e-05,6.200000e-05,-1.000000e-06,8.800711e-06
RANS_SST_WD_0.01-20_ConsGalerkinProj_Drift_Second,SST,180,3.969500e-06,6.308258e-05,6.500000e-05,-1.000000e-06,3.945528e-05
RANS_SST_WD_0.01-20_ConsGalerkinProj_Drift_Second,SST,181,4.472300e-06,6.625894e-05,6.800000e-05,-1.000000e-06,5.239093e-05
RANS_SST_WD_0.01-20_ConsGalerkinProj_Drift_Second,SST,182,6.620300e-06,6.906138e-05,7.000000e-05,-1.000000e-06,3.349902e-05
RANS_SST_WD_0.01-20_ConsGalerkinProj_Drift_Second,SST,183,2.567780e-05,7.581576e-05,7.700000e-05,-1.000000e-06,1.290555e-05
RANS_SST_WD_0.01-20_ConsGalerkinProj_Drift_Second,SST,184,1.653470e-05,7.532366e-05,7.600000e-05,0.000000e+00,-3.832143e-06
RANS_SST_WD_0.01-20_ConsGalerkinProj_Drift_Second,SST,185,3.978000e-07,7.129668e-05,7.200000e-05,0.000000e+00,-1.207446e-05
RANS_SST_WD_0.01-20_ConsGalerkinProj_Drift_Second,SST,186,-1.660390e-05,6.436322e-05,6.400000e-05,0.000000e+00,-2.035956e-05
RANS_SST_WD_0.01-20_ConsGalerkinProj_Drift_Second,SST,187,-1.255550e-05,6.275579e-05,6.300000e-05,1.000000e-06,-1.586311e-05
RANS_SST_WD_0.01-20_ConsGalerkinProj_Drift_Second,SST,188,1.080700e-05,6.684625e-05,6.600000e-05,1.000000e-06,1.607507e-06
RANS_SST_WD_0.01-20_ConsGalerkinProj_Drift_Second,SST,189,3.961010e-05,7.170706e-05,7.100000e-05,1.000000e-06,1.462844e-05
RANS_SST_WD_0.01-20_ConsGalerkinProj_Drift_Second,SST,190,-2.551860e-05,5.819749e-05,5.800000e-05,1.000000e-06,1.998317e-05
RANS_SST_WD_0.01-20_ConsGalerkinProj_Drift_Second,SST,191,-1.201426e-04,4.637559e-05,4.600000e-05,1.000000e-06,-1.424216e-05
RANS_SST_WD_0.01-20_ConsGalerkinProj_Drift_Second,SST,192,-2.109596e-04,3.645003e-05,3.600000e-05,1.000000e-06,-6.093612e-05
RANS_SST_WD_0.01-20_ConsGalerkinProj_Drift_Second,SST,193,-2.519636e-04,3.158609e-05,3.100000e-05,1.000000e-06,-8.690210e-05
RANS_SST_WD_0.01-20_ConsGalerkinProj_Drift_Second,SST,194,-2.518669e-04,3.519922e-05,3.400000e-05,1.000000e-06,-8.897876e-05
RANS_SST_WD_0.01-20_ConsGalerkinProj_Drift_Second,SST,195,-2.426188e-04,4.169099e-05,4.100000e-05,1.000000e-06,-7.614783e-05
RANS_SST_WD_0.01-20_ConsGalerkinProj_Drift_Second,SST,196,-2.289958e-04,4.891232e-05,4.800000e-05,1.000000e-06,-6.133238e-05
RANS_SST_WD_0.01-20_ConsGalerkinProj_Drift_Second,SST,197,-1.995782e-04,5.871254e-05,5.800000e-05,1.000000e-06,-4.960957e-05
RANS_SST_WD_0.01-20_ConsGalerkinProj_Drift_Second,SST,198,-1.649169e-04,6.656065e-05,6.600000e-05,1.000000e-06,-4.152662e-05
RANS_SST_WD_0.01-20_ConsGalerkinProj_Drift_Second,SST,199,-1.328574e-04,6.960631e-05,6.900000e-05,1.000000e-06,-3.062405e-05
RANS_SST_WD_0.01-20_ConsGalerkinProj_Drift_Second,SST,200,-2.509820e-05,9.951104e-05,9.900000e-05,1.000000e-06,4.242927e-05
RANS_SST_WD_0.01-20_ConsGalerkinProj_Drift_Second,SST,201,1.664400e-05,1.150990e-04,1.150000e-04,1.000000e-06,1.041434e-04
RANS_SST_WD_0.01-20_ConsGalerkinProj_Drift_Second,SST,202,5.951880e-05,1.253522e-04,1.250000e-04,1.000000e-06,1.286020e-04
RANS_SST_WD_0.01-20_ConsGalerkinProj_Drift_Second,SST,203,3.189110e-05,1.190136e-04,1.190000e-04,1.000000e-06,1.048191e-04
RANS_SST_WD_0.01-20_ConsGalerkinProj_Drift_Second,SST,204,-4.397950e-05,1.038860e-04,1.040000e-04,0.000000e+00,6.062393e-05
RANS_SST_WD_0.01-20_ConsGalerkinProj_Drift_Second,SST,205,-1.413919e-04,8.656339e-05,8.700000e-05,0.000000e+00,1.819271e-05
RANS_SST_WD_0.01-20_ConsGalerkinProj_Drift_Second,SST,206,-2.276345e-04,7.340821e-05,7.400000e-05,0.000000e+00,-1.005760e-05
RANS_SST_WD_0.01-20_ConsGalerkinProj_Drift_Second,SST,207,-2.462364e-04,7.021599e-05,7.100000e-05,0.000000e+00,-1.355821e-05
RANS_SST_WD_0.01-20_ConsGalerkinProj_Drift_Second,SST,208,-2.182863e-04,7.702087e-05,7.800000e-05,0.000000e+00,3.700930e-06
RANS_SST_WD_0.01-20_ConsGalerkinProj_Drift_Second,SST,209,-1.633822e-04,8.442717e-05,8.500000e-05,-1.000000e-06,-1.263520e-08
RANS_SST_WD_0.01-20_ConsGalerkinProj_Drift_Second,SST,210,-1.821356e-04,5.138178e-05,5.300000e-05,-1.000000e-06,-7.443401e-05
RANS_SST_WD_0.01-20_ConsGalerkinProj_Drift_Second,SST,211,-2.452708e-04,4.219263e-05,4.400000e-05,-1.000000e-06,-9.314223e-05
RANS_SST_WD_0.01-20_ConsGalerkinProj_Drift_Second,SST,212,-2.878170e-04,3.619355e-05,3.800000e-05,-1.000000e-06,-1.012160e-04
RANS_SST_WD_0.01-20_ConsGalerkinProj_Drift_Second,SST,213,-2.627884e-04,4.341814e-05,4.500000e-05,-1.000000e-06,-7.405952e-05
RANS_SST_WD_0.01-20_ConsGalerkinProj_Drift_Second,SST,214,-1.609287e-04,6.483734e-05,6.700000e-05,-1.000000e-06,-1.034676e-05
RANS_SST_WD_0.01-20_ConsGalerkinProj_Drift_Second,SST,215,-4.188370e-05,8.663568e-05,8.800000e-05,-1.000000e-06,4.154814e-05
RANS_SST_WD_0.01-20_ConsGalerkinProj_Drift_Second,SST,216,4.867260e-05,1.024412e-04,1.040000e-04,-1.000000e-06,7.255060e-05
RANS_SST_WD_0.01-20_ConsGalerkinProj_Drift_Second,SST,217,7.656650e-05,1.063806e-04,1.080000e-04,-1.000000e-06,7.817205e-05
RANS_SST_WD_0.01-20_ConsGalerkinProj_Drift_Second,SST,218,4.001520e-05,1.034429e-04,1.050000e-04,-1.000000e-06,5.729734e-05
RANS_SST_WD_0.01-20_ConsGalerkinProj_Drift_Second,SST,219,-5.415310e-05,9.640155e-05,9.700000e-05,0.000000e+00,1.246374e-05
RANS_SST_WD_0.01-20_ConsGalerkinProj_Drift_Second,SST,220,-1.628259e-04,8.554865e-05,8.600000e-05,0.000000e+00,2.732134e-05
RANS_SST_WD_0.01-20_ConsGalerkinProj_Drift_Second,SST,221,-2.542581e-04,7.623053e-05,7.600000e-05,0.000000e+00,-6.450095e-07
RANS_SST_WD_0.01-20_ConsGalerkinProj_Drift_Second,SST,222,-3.706279e-04,5.672746e-05,5.600000e-05,1.000000e-06,-8.225977e-05
RANS_SST_WD_0.01-20_ConsGalerkinProj_Drift_Second,SST,223,-4.702288e-04,3.983439e-05,3.900000e-05,1.000000e-06,-1.491244e-04
RANS_SST_WD_0.01-20_ConsGalerkinProj_Drift_Second,SST,224,-5.499870e-04,2.625976e-05,2.500000e-05,2.000000e-06,-2.017657e-04
RANS_SST_WD_0.01-20_ConsGalerkinProj_Drift_Second,SST,225,-5.783182e-04,2.118701e-05,1.900000e-05,2.000000e-06,-2.211515e-04
RANS_SST_WD_0.01-20_ConsGalerkinProj_Drift_Second,SST,226,-5.293355e-04,2.757763e-05,2.500000e-05,3.000000e-06,-1.974549e-04
RANS_SST_WD_0.01-20_ConsGalerkinProj_Drift_Second,SST,227,-3.961103e-04,4.254992e-05,4.000000e-05,3.000000e-06,-1.333796e-04
RANS_SST_WD_0.01-20_ConsGalerkinProj_Drift_Second,SST,228,-1.798162e-04,6.564212e-05,6.300000e-05,3.000000e-06,-3.257277e-05
RANS_SST_WD_0.01-20_ConsGalerkinProj_Drift_Second,SST,229,6.518560e-05,9.181735e-05,8.900000e-05,3.000000e-06,8.317280e-05
RANS_SST_WD_0.01-20_ConsGalerkinProj_Drift_Second,SST,230,2.352903e-04,1.013117e-04,9.900000e-05,3.000000e-06,1.665207e-04
RANS_SST_WD_0.01-20_ConsGalerkinProj_Drift_Second,SST,231,3.555840e-04,1.159903e-04,1.140000e-04,3.000000e-06,2.449599e-04
RANS_SST_WD_0.01-20_ConsGalerkinProj_Drift_Second,SST,232,4.194085e-04,1.258419e-04,1.240000e-04,3.000000e-06,2.557170e-04
RANS_SST_WD_0.01-20_ConsGalerkinProj_Drift_Second,SST,233,4.533148e-04,1.296926e-04,1.280000e-04,2.000000e-06,2.471155e-04
RANS_SST_WD_0.01-20_ConsGalerkinProj_Drift_Second,SST,234,4.126891e-04,1.224523e-04,1.210000e-04,2.000000e-06,2.129808e-04
RANS_SST_WD_0.01-20_ConsGalerkinProj_Drift_Second,SST,235,2.929392e-04,1.059815e-04,1.050000e-04,1.000000e-06,1.513179e-04
RANS_SST_WD_0.01-20_ConsGalerkinProj_Drift_Second,SST,236,1.275342e-04,8.426775e-05,8.400000e-05,1.000000e-06,7.440905e-05
RANS_SST_WD_0.01-20_ConsGalerkinProj_Drift_Second,SST,237,-3.996860e-05,6.348606e-05,6.400000e-05,0.000000e+00,5.548176e-06
RANS_SST_WD_0.01-20_ConsGalerkinProj_Drift_Second,SST,238,-1.619385e-04,4.997490e-05,5.000000e-05,0.000000e+00,-3.451124e-05
RANS_SST_WD_0.01-20_ConsGalerkinProj_Drift_Second,SST,239,-2.248537e-04,4.465782e-05,4.500000e-05,0.000000e+00,-4.345328e-05
RANS_SST_WD_0.01-20_ConsGalerkinProj_Drift_Second,SST,240,-2.241934e-04,4.560896e-05,4.700000e-05,-1.000000e-06,-6.029664e-05
RANS_SST_WD_0.01-20_ConsGalerkinProj_Drift_Second,SST,241,-2.333648e-04,5.861305e-05,6.000000e-05,-1.000000e-06,-5.463195e-05
RANS_SST_WD_0.01-20_ConsGalerkinProj_Drift_Second,SST,242,-2.632895e-04,5.387659e-05,5.500000e-05,-1.000000e-06,-7.951933e-05
RANS_SST_WD_0.01-20_ConsGalerkinProj_Drift_Second,SST,243,-2.852347e-04,4.635528e-05,4.700000e-05,0.000000e+00,-1.072780e-04
RANS_SST_WD_0.01-20_ConsGalerkinProj_Drift_Second,SST,244,-2.936165e-04,4.349067e-05,4.400000e-05,0.000000e+00,-1.220880e-04
RANS_SST_WD_0.01-20_ConsGalerkinProj_Drift_Second,SST,245,-3.074606e-04,4.486881e-05,4.500000e-05,0.000000e+00,-1.252866e-04
RANS_SST_WD_0.01-20_ConsGalerkinProj_Drift_Second,SST,246,-3.265473e-04,5.278051e-05,5.300000e-05,0.000000e+00,-1.208773e-04
RANS_SST_WD_0.01-20_ConsGalerkinProj_Drift_Second,SST,247,-3.495033e-04,5.968195e-05,6.000000e-05,1.000000e-06,-1.195657e-04
RANS_SST_WD_0.01-20_ConsGalerkinProj_Drift_Second,SST,248,-3.533636e-04,6.234095e-05,6.200000e-05,1.000000e-06,-1.230668e-04
RANS_SST_WD_0.01-20_ConsGalerkinProj_Drift_Second,SST,249,-3.281280e-04,6.341829e-05,6.300000e-05,1.000000e-06,-1.171930e-04
RANS_SST_WD_0.01-20_ConsGalerkinProj_Drift_Second,SST,250,-3.475753e-04,3.962014e-05,3.900000e-05,1.000000e-06,-1.099528e-04
RANS_SST_WD_0.01-20_ConsGalerkinProj_Drift_Second,SST,251,-2.944658e-04,4.378533e-05,4.400000e-05,1.000000e-06,-6.515733e-05
RANS_SST_WD_0.01-20_ConsGalerkinProj_Drift_Second,SST,252,-2.995068e-04,3.994510e-05,4.000000e-05,1.000000e-06,-6.336874e-05
RANS_SST_WD_0.01-20_ConsGalerkinProj_Drift_Second,SST,253,-3.336024e-04,3.397547e-05,3.400000e-05,0.000000e+00,-7.996017e-05
RANS_SST_WD_0.01-20_ConsGalerkinProj_Drift_Second,SST,254,-3.732837e-04,2.840643e-05,2.900000e-05,0.000000e+00,-9.933765e-05
RANS_SST_WD_0.01-20_ConsGalerkinProj_Drift_Second,SST,255,-3.827860e-04,2.865909e-05,2.900000e-05,0.000000e+00,-1.005020e-04
RANS_SST_WD_0.01-20_ConsGalerkinProj_Drift_Second,SST,256,-3.619473e-04,3.559196e-05,3.600000e-05,0.000000e+00,-8.426807e-05
RANS_SST_WD_0.01-20_ConsGalerkinProj_Drift_Second,SST,257,-3.146061e-04,4.828834e-05,4.900000e-05,0.000000e+00,-5.791348e-05
RANS_SST_WD_0.01-20_ConsGalerkinProj_Drift_Second,SST,258,-2.778813e-04,5.682309e-05,5.700000e-05,0.000000e+00,-4.148138e-05
RANS_SST_WD_0.01-20_ConsGalerkinProj_Drift_Second,SST,259,-2.683280e-04,6.061252e-05,6.100000e-05,0.000000e+00,-4.213736e-05
RANS_SST_WD_0.01-20_ConsGalerkinProj_Drift_Second,SST,260,-2.333006e-04,7.639367e-05,7.700000e-05,0.000000e+00,-8.315413e-06
RANS_SST_WD_0.01-20_ConsGalerkinProj_Drift_Second,SST,261,-2.569475e-04,7.965010e-05,8.000000e-05,0.000000e+00,-1.752258e-05
RANS_SST_WD_0.01-20_ConsGalerkinProj_Drift_Second,SST,262,-2.981287e-04,7.563147e-05,7.500000e-05,1.000000e-06,-5.734483e-05
RANS_SST_WD_0.01-20_ConsGalerkinProj_Drift_Second,SST,263,-3.425238e-04,7.042125e-05,7.000000e-05,1.000000e-06,-7.993837e-05
RANS_SST_WD_0.01-20_ConsGalerkinProj_Drift_Second,SST,264,-3.359603e-04,6.894768e-05,6.800000e-05,1.000000e-06,-6.208621e-05
RANS_SST_WD_0.01-20_ConsGalerkinProj_Drift_Second,SST,265,-2.571251e-04,7.686447e-05,7.600000e-05,1.000000e-06,-1.271701e-05
RANS_SST_WD_0.01-20_ConsGalerkinProj_Drift_Second,SST,266,-1.435146e-04,8.624032e-05,8.600000e-05,1.000000e-06,3.936877e-05
RANS_SST_WD_0.01-20_ConsGalerkinProj_Drift_Second,SST,267,-1.107460e-05,1.009770e-04,1.010000e-04,0.000000e+00,8.487775e-05
RANS_SST_WD_0.01-20_ConsGalerkinProj_Drift_Second,SST,268,1.110380e-04,1.156418e-04,1.160000e-04,0.000000e+00,1.300409e-04
RANS_SST_WD_0.01-20_ConsGalerkinProj_Drift_Second,SST,269,1.833436e-04,1.232981e-04,1.240000e-04,0.000000e+00,1.512099e-04
RANS_SST_WD_0.01-20_ConsGalerkinProj_Drift_Second,SST,270,1.772135e-04,1.129187e-04,1.140000e-04,-1.000000e-06,1.494308e-04
RANS_SST_WD_0.01-20_ConsGalerkinProj_Drift_Second,SST,271,1.531187e-04,1.038325e-04,1.050000e-04,-1.000000e-06,1.588634e-04
RANS_SST_WD_0.01-20_ConsGalerkinProj_Drift_Second,SST,272,1.128247e-04,9.499392e-05,9.700000e-05,-1.000000e-06,1.395447e-04
RANS_SST_WD_0.01-20_ConsGalerkinProj_Drift_Second,SST,273,8.588450e-05,9.197072e-05,9.400000e-05,-2.000000e-06,1.125757e-04
RANS_SST_WD_0.01-20_ConsGalerkinProj_Drift_Second,SST,274,5.231410e-05,8.803297e-05,9.000000e-05,-2.000000e-06,7.226771e-05
RANS_SST_WD_0.01-20_ConsGalerkinProj_Drift_Second,SST,275,-1.707500e-05,7.703426e-05,7.900000e-05,-2.000000e-06,1.997192e-05
RANS_SST_WD_0.01-20_ConsGalerkinProj_Drift_Second,SST,276,-9.530240e-05,6.529903e-05,6.800000e-05,-2.000000e-06,-2.237240e-05
RANS_SST_WD_0.01-20_ConsGalerkinProj_Drift_Second,SST,277,-1.686160e-04,5.474834e-05,5.700000e-05,-2.000000e-06,-4.527617e-05
RANS_SST_WD_0.01-20_ConsGalerkinProj_Drift_Second,SST,278,-2.058762e-04,5.175813e-05,5.400000e-05,-1.000000e-06,-4.540240e-05
RANS_SST_WD_0.01-20_ConsGalerkinProj_Drift_Second,SST,279,-1.987958e-04,5.729235e-05,5.900000e-05,-1.000000e-06,-2.884733e-05
RANS_SST_WD_0.01-20_ConsGalerkinProj_Drift_Second,SST,280,-2.482729e-04,4.700733e-05,4.800000e-05,-1.000000e-06,-5.343646e-05
RANS_SST_WD_0.01-20_ConsGalerkinProj_Drift_Second,SST,281,-2.585661e-04,5.045777e-05,5.200000e-05,-1.000000e-06,-5.800710e-05
RANS_SST_WD_0.01-20_ConsGalerkinProj_Drift_Second,SST,282,-2.847984e-04,4.733061e-05,4.800000e-05,-1.000000e-06,-7.337163e-05
RANS_SST_WD_0.01-20_ConsGalerkinProj_Drift_Second,SST,283,-3.166362e-04,4.204133e-05,4.300000e-05,-1.000000e-06,-9.478301e-05
RANS_SST_WD_0.01-20_ConsGalerkinProj_Drift_Second,SST,284,-3.294504e-04,3.801089e-05,3.900000e-05,-1.000000e-06,-9.928217e-05
RANS_SST_WD_0.01-20_ConsGalerkinProj_Drift_Second,SST,285,-3.283167e-04,3.862419e-05,4.000000e-05,-1.000000e-06,-8.831724e-05
RANS_SST_WD_0.01-20_ConsGalerkinProj_Drift_Second,SST,286,-3.076776e-04,4.667120e-05,4.800000e-05,-1.000000e-06,-6.249161e-05
RANS_SST_WD_0.01-20_ConsGalerkinProj_Drift_Second,SST,287,-2.711558e-04,5.660387e-05,5.800000e-05,-1.000000e-06,-4.245111e-05
RANS_SST_WD_0.01-20_ConsGalerkinProj_Drift_Second,SST,288,-2.485523e-04,6.290031e-05,6.500000e-05,-1.000000e-06,-3.689451e-05
RANS_SST_WD_0.01-20_ConsGalerkinProj_Drift_Second,SST,289,-2.341276e-04,6.706963e-05,6.900000e-05,-1.000000e-06,-3.712183e-05
RANS_SST_WD_0.01-20_ConsGalerkinProj_Drift_Second,SST,290,-2.551792e-04,5.280465e-05,5.500000e-05,-1.000000e-06,-3.677199e-05
RANS_SST_WD_0.01-20_ConsGalerkinProj_Drift_Second,SST,291,-2.976248e-04,4.151424e-05,4.300000e-05,-1.000000e-06,-4.632616e-05
RANS_SST_WD_0.01-20_ConsGalerkinProj_Drift_Second,SST,292,-3.980656e-04,2.814809e-05,3.000000e-05,-1.000000e-06,-9.271624e-05
RANS_SST_WD_0.01-20_ConsGalerkinProj_Drift_Second,SST,293,-4.569093e-04,2.659518e-05,2.800000e-05,-1.000000e-06,-1.138556e-04
RANS_SST_WD_0.01-20_ConsGalerkinProj_Drift_Second,SST,294,-4.591417e-04,3.319277e-05,3.400000e-05,-1.000000e-06,-9.729293e-05
RANS_SST_WD_0.01-20_ConsGalerkinProj_Drift_Second,SST,295,-4.093826e-04,4.218847e-05,4.300000e-05,-1.000000e-06,-6.424610e-05
RANS_SST_WD_0.01-20_ConsGalerkinProj_Drift_Second,SST,296,-3.226804e-04,5.360099e-05,5.400000e-05,0.000000e+00,-2.706615e-05
RANS_SST_WD_0.01-20_ConsGalerkinProj_Drift_Second,SST,297,-2.456514e-04,6.125823e-05,6.200000e-05,0.000000e+00,-6.921207e-06
RANS_SST_WD_0.01-20_ConsGalerkinProj_Drift_Second,SST,298,-2.141279e-04,6.212332e-05,6.300000e-05,0.000000e+00,-9.672240e-06
RANS_SST_WD_0.01-20_ConsGalerkinProj_Drift_Second,SST,299,-2.170321e-04,5.845210e-05,5.900000e-05,0.000000e+00,-2.314569e-05
RANS_SST_WD_0.01-20_ConsGalerkinProj_Drift_Second,SST,300,-1.810557e-04,5.601980e-05,5.600000e-05,0.000000e+00,2.088897e-06
RANS_SST_WD_0.01-20_ConsGalerkinProj_Drift_Second,SST,301,-1.724438e-04,5.770721e-05,5.800000e-05,0.000000e+00,2.498297e-05
RANS_SST_WD_0.01-20_ConsGalerkinProj_Drift_Second,SST,302,-1.476494e-04,5.683172e-05,5.700000e-05,0.000000e+00,2.589534e-05
RANS_SST_WD_0.01-20_ConsGalerkinProj_Drift_Second,SST,303,-1.166165e-04,5.652609e-05,5.700000e-05,0.000000e+00,1.856938e-05
RANS_SST_WD_0.01-20_ConsGalerkinProj_Drift_Second,SST,304,-1.009855e-04,5.660964e-05,5.700000e-05,0.000000e+00,1.200838e-05
RANS_SST_WD_0.01-20_ConsGalerkinProj_Drift_Second,SST,305,-9.202990e-05,5.878924e-05,5.900000e-05,1.000000e-06,1.523456e-05
RANS_SST_WD_0.01-20_ConsGalerkinProj_Drift_Second,SST,306,-8.287150e-05,6.170078e-05,6.200000e-05,1.000000e-06,2.527115e-05
RANS_SST_WD_0.01-20_ConsGalerkinProj_Drift_Second,SST,307,-6.007510e-05,6.601152e-05,6.600000e-05,1.000000e-06,3.925413e-05
RANS_SST_WD_0.01-20_ConsGalerkinProj_Drift_Second,SST,308,-2.649240e-05,7.024317e-05,7.000000e-05,1.000000e-06,5.340001e-05
RANS_SST_WD_0.01-20_ConsGalerkinProj_Drift_Second,SST,309,1.537960e-05,7.637026e-05,7.600000e-05,1.000000e-06,6.996993e-05
RANS_SST_WD_0.01-20_ConsGalerkinProj_Drift_Second,SST,310,-9.426500e-06,7.766083e-05,7.700000e-05,1.000000e-06,4.683142e-05
RANS_SST_WD_0.01-20_ConsGalerkinProj_Drift_Second,SST,311,-1.944690e-05,8.009812e-05,7.900000e-05,1.000000e-06,6.866340e-05
RANS_SST_WD_0.01-20_ConsGalerkinProj_Drift_Second,SST,312,9.267500e-06,8.507885e-05,8.400000e-05,1.000000e-06,9.978659e-05
RANS_SST_WD_0.01-20_ConsGalerkinProj_Drift_Second,SST,313,7.523650e-05,9.596274e-05,9.500000e-05,1.000000e-06,1.300386e-04
RANS_SST_WD_0.01-20_ConsGalerkinProj_Drift_Second,SST,314,1.493816e-04,1.064764e-04,1.060000e-04,1.000000e-06,1.563331e-04
RANS_SST_WD_0.01-20_ConsGalerkinProj_Drift_Second,SST,315,2.062254e-04,1.112911e-04,1.110000e-04,1.000000e-06,1.683582e-04
RANS_SST_WD_0.01-20_ConsGalerkinProj_Drift_Second,SST,316,2.423427e-04,1.115459e-04,1.110000e-04,1.000000e-06,1.691941e-04
RANS_SST_WD_0.01-20_ConsGalerkinProj_Drift_Second,SST,317,2.612073e-04,1.092917e-04,1.090000e-04,1.000000e-06,1.596641e-04
RANS_SST_WD_0.01-20_ConsGalerkinProj_Drift_Second,SST,318,2.646456e-04,1.046983e-04,1.040000e-04,1.000000e-06,1.462682e-04
RANS_SST_WD_0.01-20_ConsGalerkinProj_Drift_Second,SST,319,2.670639e-04,1.014198e-04,1.010000e-04,1.000000e-06,1.414561e-04
RANS_SST_WD_0.01-20_ConsGalerkinProj_Drift_Second,SST,320,5.656490e-05,6.981170e-05,7.000000e-05,1.000000e-06,4.230921e-05
RANS_SST_WD_0.01-20_ConsGalerkinProj_Drift_Second,SST,321,-1.912730e-05,6.169503e-05,6.200000e-05,0.000000e+00,9.523707e-06
RANS_SST_WD_0.01-20_ConsGalerkinProj_Drift_Second,SST,322,-1.316774e-04,4.433626e-05,4.500000e-05,0.000000e+00,-4.140032e-05
RANS_SST_WD_0.01-20_ConsGalerkinProj_Drift_Second,SST,323,-2.601405e-04,2.606658e-05,2.700000e-05,0.000000e+00,-9.954940e-05
RANS_SST_WD_0.01-20_ConsGalerkinProj_Drift_Second,SST,324,-3.841273e-04,1.010122e-05,1.100000e-05,0.000000e+00,-1.537563e-04
RANS_SST_WD_0.01-20_ConsGalerkinProj_Drift_Second,SST,325,-4.925895e-04,-6.367380e-07,0.000000e+00,0.000000e+00,-2.019068e-04
RANS_SST_WD_0.01-20_ConsGalerkinProj_Drift_Second,SST,326,-5.833382e-04,-6.690728e-06,-6.000000e-06,-1.000000e-06,-2.419469e-04
RANS_SST_WD_0.01-20_ConsGalerkinProj_Drift_Second,SST,327,-6.856793e-04,-1.647051e-05,-1.500000e-05,-1.000000e-06,-2.870076e-04
RANS_SST_WD_0.01-20_ConsGalerkinProj_Drift_Second,SST,328,-7.755818e-04,-2.526650e-05,-2.400000e-05,-1.000000e-06,-3.207444e-04
RANS_SST_WD_0.01-20_ConsGalerkinProj_Drift_Second,SST,329,-8.246558e-04,-3.011608e-05,-2.900000e-05,-1.000000e-06,-3.285384e-04
RANS_SST_WD_0.01-20_ConsGalerkinProj_Drift_Second,SST,330,-7.544442e-04,-2.392798e-05,-2.300000e-05,-1.000000e-06,-2.804748e-04
RANS_SST_WD_0.01-20_ConsGalerkinProj_Drift_Second,SST,331,-6.650498e-04,1.953749e-06,3.000000e-06,-1.000000e-06,-2.030806e-04
RANS_SST_WD_0.01-20_ConsGalerkinProj_Drift_Second,SST,332,-5.217708e-04,2.848251e-05,3.000000e-05,-1.000000e-06,-1.360895e-04
RANS_SST_WD_0.01-20_ConsGalerkinProj_Drift_Second,SST,333,-3.524595e-04,5.543793e-05,5.700000e-05,-1.000000e-06,-7.162942e-05
RANS_SST_WD_0.01-20_ConsGalerkinProj_Drift_Second,SST,334,-2.344819e-04,7.460980e-05,7.600000e-05,-1.000000e-06,-3.214295e-05
RANS_SST_WD_0.01-20_ConsGalerkinProj_Drift_Second,SST,335,-2.051323e-04,8.053492e-05,8.200000e-05,-1.000000e-06,-2.727739e-05
RANS_SST_WD_0.01-20_ConsGalerkinProj_Drift_Second,SST,336,-2.356408e-04,7.672638e-05,7.800000e-05,-1.000000e-06,-4.057990e-05
RANS_SST_WD_0.01-20_ConsGalerkinProj_Drift_Second,SST,337,-2.690956e-04,7.103482e-05,7.200000e-05,-1.000000e-06,-5.074086e-05
RANS_SST_WD_0.01-20_ConsGalerkinProj_Drift_Second,SST,338,-2.756072e-04,7.006741e-05,7.100000e-05,-1.000000e-06,-4.421526e-05
RANS_SST_WD_0.01-20_ConsGalerkinProj_Drift_Second,SST,339,-2.622195e-04,7.382385e-05,7.500000e-05,-1.000000e-06,-2.736017e-05
RANS_SST_WD_0.01-20_ConsGalerkinProj_Drift_Second,SST,340,-1.707448e-04,8.686281e-05,8.800000e-05,-1.000000e-06,4.599499e-05
RANS_SST_WD_0.01-20_ConsGalerkinProj_Drift_Second,SST,341,-1.326150e-04,9.512638e-05,9.600000e-05,-1.000000e-06,5.536883e-05
RANS_SST_WD_0.01-20_ConsGalerkinProj_Drift_Second,SST,342,-1.067523e-04,9.882493e-05,1.000000e-04,-1.000000e-06,5.248795e-05
RANS_SST_WD_0.01-20_ConsGalerkinProj_Drift_Second,SST,343,-1.298084e-04,9.208835e-05,9.400000e-05,-1.000000e-06,2.632458e-05
RANS_SST_WD_0.01-20_ConsGalerkinProj_Drift_Second,SST,344,-1.592636e-04,8.661243e-05,8.800000e-05,-1.000000e-06,-1.932568e-07
RANS_SST_WD_0.01-20_ConsGalerkinProj_Drift_Second,SST,345,-1.843687e-04,8.266847e-05,8.400000e-05,-1.000000e-06,-2.294799e-05
RANS_SST_WD_0.01-20_ConsGalerkinProj_Drift_Second,SST,346,-2.078327e-04,7.855812e-05,8.000000e-05,-1.000000e-06,-4.342091e-05
RANS_SST_WD_0.01-20_ConsGalerkinProj_Drift_Second,SST,347,-2.559144e-04,6.938722e-05,7.100000e-05,-1.000000e-06,-6.964275e-05
RANS_SST_WD_0.01-20_ConsGalerkinProj_Drift_Second,SST,348,-3.065279e-04,6.029167e-05,6.200000e-05,-1.000000e-06,-9.235036e-05
RANS_SST_WD_0.01-20_ConsGalerkinProj_Drift_Second,SST,349,-3.619945e-04,4.860695e-05,5.000000e-05,-1.000000e-06,-1.143275e-04
RANS_SST_WD_0.01-20_ConsGalerkinProj_Drift_Second,SST,350,-2.989161e-04,4.553143e-05,4.700000e-05,-1.000000e-06,-3.194040e-05
RANS_SST_WD_0.01-20_ConsGalerkinProj_Drift_Second,SST,351,-1.551994e-04,6.167526e-05,6.300000e-05,-1.000000e-06,6.291969e-05
RANS_SST_WD_0.01-20_ConsGalerkinProj_Drift_Second,SST,352,-2.147640e-05,8.149009e-05,8.200000e-05,0.000000e+00,1.020220e-04
RANS_SST_WD_0.01-20_ConsGalerkinProj_Drift_Second,SST,353,1.328061e-04,1.040571e-04,1.050000e-04,0.000000e+00,1.326971e-04
RANS_SST_WD_0.01-20_ConsGalerkinProj_Drift_Second,SST,354,2.622912e-04,1.185233e-04,1.190000e-04,0.000000e+00,1.753091e-04
RANS_SST_WD_0.01-20_ConsGalerkinProj_Drift_Second,SST,355,3.544942e-04,1.294115e-04,1.290000e-04,0.000000e+00,2.182543e-04
RANS_SST_WD_0.01-20_ConsGalerkinProj_Drift_Second,SST,356,3.974479e-04,1.353124e-04,1.350000e-04,1.000000e-06,2.325361e-04
RANS_SST_WD_0.01-20_ConsGalerkinProj_Drift_Second,SST,357,3.786182e-04,1.368809e-04,1.360000e-04,1.000000e-06,2.192985e-04
RANS_SST_WD_0.01-20_ConsGalerkinProj_Drift_Second,SST,358,3.203125e-04,1.334288e-04,1.330000e-04,1.000000e-06,1.796747e-04
RANS_SST_WD_0.01-20_ConsGalerkinProj_Drift_Second,SST,359,2.321354e-04,1.213458e-04,1.200000e-04,1.000000e-06,1.162711e-04
RANS_SST_WD_0.01-20_ConsGalerkinProj_Drift_Second,SST,360,-4.778770e-05,7.737226e-05,7.600000e-05,2.000000e-06,-4.075469e-05
RANS_SST_WD_0.01-20_ConsGalerkinProj_Drift_Second,SST,361,-2.551575e-04,4.403157e-05,4.300000e-05,2.000000e-06,-1.196866e-04
RANS_SST_WD_0.01-20_ConsGalerkinProj_Drift_Second,SST,362,-4.274795e-04,1.623627e-05,1.500000e-05,2.000000e-06,-1.652109e-04
RANS_SST_WD_0.01-20_ConsGalerkinProj_Drift_Second,SST,363,-4.695331e-04,1.420036e-05,1.300000e-05,2.000000e-06,-1.558688e-04
RANS_SST_WD_0.01-20_ConsGalerkinProj_Drift_Second,SST,364,-3.895133e-04,3.213234e-05,3.100000e-05,2.000000e-06,-1.061722e-04
RANS_SST_WD_0.01-20_ConsGalerkinProj_Drift_Second,SST,365,-2.752904e-04,5.059134e-05,4.900000e-05,2.000000e-06,-5.653641e-05
RANS_SST_WD_0.01-20_ConsGalerkinProj_Drift_Second,SST,366,-1.994197e-04,5.878826e-05,5.700000e-05,2.000000e-06,-3.434357e-05
RANS_SST_WD_0.01-20_ConsGalerkinProj_Drift_Second,SST,367,-1.936617e-04,5.930074e-05,5.800000e-05,2.000000e-06,-4.133427e-05
RANS_SST_WD_0.01-20_ConsGalerkinProj_Drift_Second,SST,368,-2.402023e-04,5.580664e-05,5.400000e-05,2.000000e-06,-6.728875e-05
RANS_SST_WD_0.01-20_ConsGalerkinProj_Drift_Second,SST,369,-3.019593e-04,5.249053e-05,5.100000e-05,2.000000e-06,-8.895260e-05
RANS_SST_WD_0.01-20_ConsGalerkinProj_Drift_Second,SST,370,-3.405613e-04,4.749334e-05,4.500000e-05,3.000000e-06,-1.005581e-04
RANS_SST_WD_0.01-20_ConsGalerkinProj_Drift_Second,SST,371,-3.095114e-04,5.780500e-05,5.600000e-05,3.000000e-06,-5.379179e-05
RANS_SST_WD_0.01-20_ConsGalerkinProj_Drift_Second,SST,372,-2.857068e-04,6.298326e-05,6.100000e-05,3.000000e-06,-5.054096e-05
RANS_SST_WD_0.01-20_ConsGalerkinProj_Drift_Second,SST,373,-2.373163e-04,6.583159e-05,6.300000e-05,3.000000e-06,-5.083205e-05
RANS_SST_WD_0.01-20_ConsGalerkinProj_Drift_Second,SST,374,-1.809471e-04,6.986461e-05,6.700000e-05,3.000000e-06,-3.403714e-05
RANS_SST_WD_0.01-20_ConsGalerkinProj_Drift_Second,SST,375,-1.356767e-04,7.196723e-05,6.900000e-05,3.000000e-06,-5.982291e-06
RANS_SST_WD_0.01-20_ConsGalerkinProj_Drift_Second,SST,376,-7.329080e-05,7.815281e-05,7.600000e-05,3.000000e-06,3.827318e-05
RANS_SST_WD_0.01-20_ConsGalerkinProj_Drift_Second,SST,377,3.020810e-05,9.284672e-05,9.000000e-05,3.000000e-06,9.552452e-05
RANS_SST_WD_0.01-20_ConsGalerkinProj_Drift_Second,SST,378,1.551473e-04,1.101187e-04,1.070000e-04,3.000000e-06,1.556481e-04
RANS_SST_WD_0.01-20_ConsGalerkinProj_Drift_Second,SST,379,2.767513e-04,1.259072e-04,1.230000e-04,3.000000e-06,2.067374e-04
RANS_SST_WD_0.01-20_ConsGalerkinProj_Drift_Second,SST,380,2.094472e-04,1.151366e-04,1.130000e-04,3.000000e-06,1.567545e-04
RANS_SST_WD_0.01-20_ConsGalerkinProj_Drift_Second,SST,381,7.013770e-05,9.561078e-05,9.300000e-05,3.000000e-06,7.572365e-05
RANS_SST_WD_0.01-20_ConsGalerkinProj_Drift_Second,SST,382,-1.027646e-04,7.150642e-05,6.900000e-05,3.000000e-06,-6.844936e-06
RANS_SST_WD_0.01-20_ConsGalerkinProj_Drift_Second,SST,383,-2.612750e-04,4.903222e-05,4.700000e-05,3.000000e-06,-7.768691e-05
RANS_SST_WD_0.01-20_ConsGalerkinProj_Drift_Second,SST,384,-3.653869e-04,3.527571e-05,3.300000e-05,3.000000e-06,-1.183710e-04
RANS_SST_WD_0.01-20_ConsGalerkinProj_Drift_Second,SST,385,-4.018783e-04,3.223494e-05,3.000000e-05,3.000000e-06,-1.298786e-04
RANS_SST_WD_0.01-20_ConsGalerkinProj_Drift_Second,SST,386,-3.775049e-04,3.796169e-05,3.600000e-05,3.000000e-06,-1.192712e-04
RANS_SST_WD_0.01-20_ConsGalerkinProj_Drift_Second,SST,387,-3.284181e-04,4.441361e-05,4.200000e-05,3.000000e-06,-1.045349e-04
RANS_SST_WD_0.01-20_ConsGalerkinProj_Drift_Second,SST,388,-2.993229e-04,4.529673e-05,4.300000e-05,2.000000e-06,-1.017721e-04
RANS_SST_WD_0.01-20_ConsGalerkinProj_Drift_Second,SST,389,-3.052349e-04,4.076057e-05,3.900000e-05,2.000000e-06,-1.152539e-04
RANS_SST_WD_0.01-20_ConsGalerkinProj_Drift_Second,SST,390,-3.172245e-04,2.312479e-05,2.200000e-05,2.000000e-06,-1.227762e-04
RANS_SST_WD_0.01-20_ConsGalerkinProj_Drift_Second,SST,391,-3.754411e-04,1.217783e-05,1.100000e-05,2.000000e-06,-1.150126e-04
RANS_SST_WD_0.01-20_ConsGalerkinProj_Drift_Second,SST,392,-4.365069e-04,-1.098976e-06,-2.000000e-06,2.000000e-06,-1.359368e-04
RANS_SST_WD_0.01-20_ConsGalerkinProj_Drift_Second,SST,393,-4.544128e-04,-4.854528e-06,-6.000000e-06,1.000000e-06,-1.524343e-04
RANS_SST_WD_0.01-20_ConsGalerkinProj_Drift_Second,SST,394,-4.372039e-04,-2.062755e-06,-3.000000e-06,1.000000e-06,-1.484058e-04
RANS_SST_WD_0.01-20_ConsGalerkinProj_Drift_Second,SST,395,-3.947936e-04,6.115433e-06,6.000000e-06,1.000000e-06,-1.251557e-04
RANS_SST_WD_0.01-20_ConsGalerkinProj_Drift_Second,SST,396,-3.646994e-04,1.290762e-05,1.300000e-05,1.000000e-06,-1.054520e-04
RANS_SST_WD_0.01-20_ConsGalerkinProj_Drift_Second,SST,397,-3.608441e-04,1.812594e-05,1.800000e-05,1.000000e-06,-1.023873e-04
RANS_SST_WD_0.01-20_ConsGalerkinProj_Drift_Second,SST,398,-3.950494e-04,1.830549e-05,1.800000e-05,0.000000e+00,-1.211778e-04
RANS_SST_WD_0.01-20_ConsGalerkinProj_Drift_Second,SST,399,-4.531774e-04,1.445987e-05,1.500000e-05,0.000000e+00,-1.467606e-04
RANS_SST_WD_0.01-20_ConsGalerkinProj_Drift_Seed2_Second,SST,2,0.000000e+00,0.000000e+00,0.000000e+00,0.000000e+00,0.000000e+00
RANS_SST_WD_0.01-20_ConsGalerkinProj_Drift_Seed2_Second,SST,3,0.000000e+00,0.000000e+00,0.000000e+00,0.000000e+00,0.000000e+00
RANS_SST_WD_0.01-20_ConsGalerkinProj_Drift_Seed2_Second,SST,4,0.000000e+00,0.000000e+00,0.000000e+00,0.000000e+00,0.000000e+00
RANS_SST_WD_0.01-20_ConsGalerkinProj_Drift_Seed2_Second,SST,5,0.000000e+00,0.000000e+00,0.000000e+00,0.000000e+00,0.000000e+00
RANS_SST_WD_0.01-20_ConsGalerkinProj_Drift_Seed2_Second,SST,6,0.000000e+00,0.000000e+00,0.000000e+00,0.000000e+00,0.000000e+00
RANS_SST_WD_0.01-20_ConsGalerkinProj_Drift_Seed2_Second,SST,7,0.000000e+00,0.000000e+00,0.000000e+00,0.000000e+00,0.000000e+00
RANS_SST_WD_0.01-20_ConsGalerkinProj_Drift_Seed2_Second,SST,8,0.000000e+00,0.000000e+00,0.000000e+00,0.000000e+00,0.000000e+00
RANS_SST_WD_0.01-20_ConsGalerkinProj_Drift_Seed2_Second,SST,9,0.000000e+00,0.000000e+00,0.000000e+00,0.000000e+00,0.000000e+00
RANS_SST_WD_0.01-20_ConsGalerkinProj_Drift_Seed2_Second,SST,10,2.284470e-05,3.291392e-05,3.300000e-05,0.000000e+00,4.943113e-05
RANS_SST_WD_0.01-20_ConsGalerkinProj_Drift_Seed2_Second,SST,11,1.013418e-04,5.467882e-05,5.500000e-05,0.000000e+00,8.139410e-05
RANS_SST_WD_0.01-20_ConsGalerkinProj_Drift_Seed2_Second,SST,12,1.130606e-04,5.536717e-05,5.600000e-05,0.000000e+00,6.316483e-05
RANS_SST_WD_0.01-20_ConsGalerkinProj_Drift_Seed2_Second,SST,13,1.116211e-04,5.289048e-05,5.300000e-05,0.000000e+00,4.428261e-05
RANS_SST_WD_0.01-20_ConsGalerkinProj_Drift_Seed2_Second,SST,14,1.201550e-04,5.203135e-05,5.200000e-05,0.000000e+00,4.260091e-05
RANS_SST_WD_0.01-20_ConsGalerkinProj_Drift_Seed2_Second,SST,15,1.280432e-04,5.447804e-05,5.500000e-05,0.000000e+00,4.905436e-05
RANS_SST_WD_0.01-20_ConsGalerkinProj_Drift_Seed2_Second,SST,16,1.181955e-04,5.658917e-05,5.700000e-05,0.000000e+00,4.094807e-05
RANS_SST_WD_0.01-20_ConsGalerkinProj_Drift_Seed2_Second,SST,17,8.807890e-05,5.533547e-05,5.600000e-05,0.000000e+00,1.494981e-05
RANS_SST_WD_0.01-20_ConsGalerkinProj_Drift_Seed2_Second,SST,18,6.088910e-05,5.502403e-05,5.600000e-05,0.000000e+00,-9.347950e-08
RANS_SST_WD_0.01-20_ConsGalerkinProj_Drift_Seed2_Second,SST,19,4.526490e-05,5.568590e-05,5.700000e-05,-1.000000e-06,-6.073203e-06
RANS_SST_WD_0.01-20_ConsGalerkinProj_Drift_Seed2_Second,SST,20,-4.199610e-05,4.084459e-05,4.200000e-05,-1.000000e-06,-6.779324e-05
RANS_SST_WD_0.01-20_ConsGalerkinProj_Drift_Seed2_Second,SST,21,-1.429833e-04,3.341588e-05,3.500000e-05,-1.000000e-06,-8.547663e-05
RANS_SST_WD_0.01-20_ConsGalerkinProj_Drift_Seed2_Second,SST,22,-2.254333e-04,2.229785e-05,2.400000e-05,-1.000000e-06,-1.060340e-04
RANS_SST_WD_0.01-20_ConsGalerkinProj_Drift_Seed2_Second,SST,23,-2.754310e-04,1.793514e-05,1.900000e-05,-1.000000e-06,-1.320167e-04
RANS_SST_WD_0.01-20_ConsGalerkinProj_Drift_Seed2_Second,SST,24,-3.201653e-04,1.855462e-05,2.000000e-05,-1.000000e-06,-1.462453e-04
RANS_SST_WD_0.01-20_ConsGalerkinProj_Drift_Seed2_Second,SST,25,-3.554292e-04,1.959602e-05,2.100000e-05,-1.000000e-06,-1.467814e-04
RANS_SST_WD_0.01-20_ConsGalerkinProj_Drift_Seed2_Second,SST,26,-3.570484e-04,2.016511e-05,2.200000e-05,-1.000000e-06,-1.410482e-04
RANS_SST_WD_0.01-20_ConsGalerkinProj_Drift_Seed2_Second,SST,27,-2.927740e-04,2.628705e-05,2.800000e-05,-1.000000e-06,-1.082313e-04
RANS_SST_WD_0.01-20_ConsGalerkinProj_Drift_Seed2_Second,SST,28,-1.816705e-04,3.832977e-05,4.000000e-05,-1.000000e-06,-5.036513e-05
RANS_SST_WD_0.01-20_ConsGalerkinProj_Drift_Seed2_Second,SST,29,-7.517780e-05,5.192269e-05,5.300000e-05,-1.000000e-06,4.241896e-06
RANS_SST_WD_0.01-20_ConsGalerkinProj_Drift_Seed2_Second,SST,30,-5.350110e-05,4.775604e-05,4.900000e-05,-1.000000e-06,1.216106e-06
RANS_SST_WD_0.01-20_ConsGalerkinProj_Drift_Seed2_Second,SST,31,-5.823130e-05,5.697011e-05,5.900000e-05,-1.000000e-06,-2.220869e-05
RANS_SST_WD_0.01-20_ConsGalerkinProj_Drift_Seed2_Second,SST,32,-1.257891e-04,5.725029e-05,5.900000e-05,-1.000000e-06,-6.540925e-05
RANS_SST_WD_0.01-20_ConsGalerkinProj_Drift_Seed2_Second,SST,33,-1.920825e-04,5.064528e-05,5.200000e-05,-1.000000e-06,-1.078534e-04
RANS_SST_WD_0.01-20_ConsGalerkinProj_Drift_Seed2_Second,SST,34,-2.356543e-04,4.115829e-05,4.300000e-05,-1.000000e-06,-1.264136e-04
RANS_SST_WD_0.01-20_ConsGalerkinProj_Drift_Seed2_Second,SST,35,-2.397692e-04,3.768133e-05,3.900000e-05,-1.000000e-06,-1.118649e-04
RANS_SST_WD_0.01-20_ConsGalerkinProj_Drift_Seed2_Second,SST,36,-2.038415e-04,4.097879e-05,4.300000e-05,-1.000000e-06,-7.981082e-05
RANS_SST_WD_0.01-20_ConsGalerkinProj_Drift_Seed2_Second,SST,37,-1.503855e-04,4.724895e-05,4.900000e-05,-1.000000e-06,-5.059800e-05
RANS_SST_WD_0.01-20_ConsGalerkinProj_Drift_Seed2_Second,SST,38,-9.567580e-05,5.465034e-05,5.600000e-05,-1.000000e-06,-2.832372e-05
RANS_SST_WD_0.01-20_ConsGalerkinProj_Drift_Seed2_Second,SST,39,-5.415800e-05,6.108622e-05,6.300000e-05,-1.000000e-06,-1.505349e-05
RANS_SST_WD_0.01-20_ConsGalerkinProj_Drift_Seed2_Second,SST,40,2.710110e-05,6.884369e-05,7.000000e-05,-1.000000e-06,5.176754e-05
RANS_SST_WD_0.01-20_ConsGalerkinProj_Drift_Seed2_Second,SST,41,1.145706e-04,7.962467e-05,8.100000e-05,-1.000000e-06,1.171374e-04
RANS_SST_WD_0.01-20_ConsGalerkinProj_Drift_Seed2_Second,SST,42,1.081661e-04,7.645348e-05,7.800000e-05,-1.000000e-06,9.762521e-05
RANS_SST_WD_0.01-20_ConsGalerkinProj_Drift_Seed2_Second,SST,43,5.706520e-05,7.163085e-05,7.300000e-05,-1.000000e-06,5.897931e-05
RANS_SST_WD_0.01-20_ConsGalerkinProj_Drift_Seed2_Second,SST,44,2.145700e-06,7.520306e-05,7.600000e-05,-1.000000e-06,3.691151e-05
RANS_SST_WD_0.01-20_ConsGalerkinProj_Drift_Seed2_Second,SST,45,-4.187850e-05,7.935558e-05,8.000000e-05,-1.000000e-06,2.579382e-05
RANS_SST_WD_0.01-20_ConsGalerkinProj_Drift_Seed2_Second,SST,46,-6.174130e-05,7.913510e-05,8.000000e-05,-1.000000e-06,2.298683e-05
RANS_SST_WD_0.01-20_ConsGalerkinProj_Drift_Seed2_Second,SST,47,-6.400270e-05,7.995982e-05,8.100000e-05,-1.000000e-06,3.705028e-05
RANS_SST_WD_0.01-20_ConsGalerkinProj_Drift_Seed2_Second,SST,48,-4.297290e-05,8.327841e-05,8.400000e-05,-1.000000e-06,5.406038e-05
RANS_SST_WD_0.01-20_ConsGalerkinProj_Drift_Seed2_Second,SST,49,-2.720110e-05,8.409114e-05,8.500000e-05,-1.000000e-06,5.678698e-05
RANS_SST_WD_0.01-20_ConsGalerkinProj_Drift_Seed2_Second,SST,50,-7.918600e-05,7.563088e-05,7.700000e-05,-1.000000e-06,1.727551e-05
RANS_SST_WD_0.01-20_ConsGalerkinProj_Drift_Seed2_Second,SST,51,-2.028264e-04,5.375653e-05,5.500000e-05,-1.000000e-06,-3.981934e-05
RANS_SST_WD_0.01-20_ConsGalerkinProj_Drift_Seed2_Second,SST,52,-3.092617e-04,3.215485e-05,3.300000e-05,-1.000000e-06,-9.082996e-05
RANS_SST_WD_0.01-20_ConsGalerkinProj_Drift_Seed2_Second,SST,53,-3.545173e-04,2.405981e-05,2.500000e-05,-1.000000e-06,-1.181192e-04
RANS_SST_WD_0.01-20_ConsGalerkinProj_Drift_Seed2_Second,SST,54,-3.552410e-04,2.389633e-05,2.500000e-05,-1.000000e-06,-1.217345e-04
RANS_SST_WD_0.01-20_ConsGalerkinProj_Drift_Seed2_Second,SST,55,-3.202481e-04,2.607648e-05,2.800000e-05,-1.000000e-06,-1.021903e-04
RANS_SST_WD_0.01-20_ConsGalerkinProj_Drift_Seed2_Second,SST,56,-2.574715e-04,3.124587e-05,3.300000e-05,-1.000000e-06,-7.804133e-05
RANS_SST_WD_0.01-20_ConsGalerkinProj_Drift_Seed2_Second,SST,57,-2.022010e-04,3.671810e-05,3.800000e-05,-1.000000e-06,-6.012808e-05
RANS_SST_WD_0.01-20_ConsGalerkinProj_Drift_Seed2_Second,SST,58,-1.789564e-04,4.057795e-05,4.200000e-05,-1.000000e-06,-5.732395e-05
RANS_SST_WD_0.01-20_ConsGalerkinProj_Drift_Seed2_Second,SST,59,-1.895150e-04,4.278134e-05,4.400000e-05,-1.000000e-06,-6.501403e-05
RANS_SST_WD_0.01-20_ConsGalerkinProj_Drift_Seed2_Second,SST,60,-2.024796e-04,5.006486e-05,5.100000e-05,0.000000e+00,-6.516418e-05
RANS_SST_WD_0.01-20_ConsGalerkinProj_Drift_Seed2_Second,SST,61,-2.297479e-04,6.324864e-05,6.400000e-05,0.000000e+00,-4.153490e-05
RANS_SST_WD_0.01-20_ConsGalerkinProj_Drift_Seed2_Second,SST,62,-2.348139e-04,6.950448e-05,7.000000e-05,0.000000e+00,-1.804227e-05
RANS_SST_WD_0.01-20_ConsGalerkinProj_Drift_Seed2_Second,SST,63,-2.294702e-04,6.913280e-05,6.900000e-05,0.000000e+00,-1.557488e-05
RANS_SST_WD_0.01-20_ConsGalerkinProj_Drift_Seed2_Second,SST,64,-2.297636e-04,7.048231e-05,7.000000e-05,0.000000e+00,-2.915149e-05
RANS_SST_WD_0.01-20_ConsGalerkinProj_Drift_Seed2_Second,SST,65,-2.407822e-04,7.578948e-05,7.600000e-05,1.000000e-06,-5.232225e-05
RANS_SST_WD_0.01-20_ConsGalerkinProj_Drift_Seed2_Second,SST,66,-2.757473e-04,7.677972e-05,7.700000e-05,1.000000e-06,-8.346979e-05
RANS_SST_WD_0.01-20_ConsGalerkinProj_Drift_Seed2_Second,SST,67,-3.158612e-04,7.350780e-05,7.300000e-05,1.000000e-06,-1.093419e-04
RANS_SST_WD_0.01-20_ConsGalerkinProj_Drift_Seed2_Second,SST,68,-3.454066e-04,7.044171e-05,7.000000e-05,1.000000e-06,-1.163757e-04
RANS_SST_WD_0.01-20_ConsGalerkinProj_Drift_Seed2_Second,SST,69,-3.522774e-04,6.955475e-05,6.900000e-05,1.000000e-06,-1.060634e-04
RANS_SST_WD_0.01-20_ConsGalerkinProj_Drift_Seed2_Second,SST,70,-2.244900e-04,6.277382e-05,6.300000e-05,1.000000e-06,-1.582682e-05
RANS_SST_WD_0.01-20_ConsGalerkinProj_Drift_Seed2_Second,SST,71,-1.141487e-04,6.150000e-05,6.100000e-05,0.000000e+00,5.371907e-05
RANS_SST_WD_0.01-20_ConsGalerkinProj_Drift_Seed2_Second,SST,72,-5.852460e-05,6.041118e-05,6.100000e-05,0.000000e+00,6.713655e-05
RANS_SST_WD_0.01-20_ConsGalerkinProj_Drift_Seed2_Second,SST,73,-2.419340e-05,6.593305e-05,6.600000e-05,0.000000e+00,6.836817e-05
RANS_SST_WD_0.01-20_ConsGalerkinProj_Drift_Seed2_Second,SST,74,1.875470e-05,7.287435e-05,7.300000e-05,0.000000e+00,8.045821e-05
RANS_SST_WD_0.01-20_ConsGalerkinProj_Drift_Seed2_Second,SST,75,8.514550e-05,8.523530e-05,8.500000e-05,0.000000e+00,1.019385e-04
RANS_SST_WD_0.01-20_ConsGalerkinProj_Drift_Seed2_Second,SST,76,1.655754e-04,9.556046e-05,9.600000e-05,0.000000e+00,1.400666e-04
RANS_SST_WD_0.01-20_ConsGalerkinProj_Drift_Seed2_Second,SST,77,2.375378e-04,1.006994e-04,1.010000e-04,0.000000e+00,1.744845e-04
RANS_SST_WD_0.01-20_ConsGalerkinProj_Drift_Seed2_Second,SST,78,2.721762e-04,1.037559e-04,1.040000e-04,0.000000e+00,1.814776e-04
RANS_SST_WD_0.01-20_ConsGalerkinProj_Drift_Seed2_Second,SST,79,2.457512e-04,1.023077e-04,1.030000e-04,0.000000e+00,1.551265e-04
RANS_SST_WD_0.01-20_ConsGalerkinProj_Drift_Seed2_Second,SST,80,6.070250e-05,7.036975e-05,7.100000e-05,0.000000e+00,3.961113e-05
RANS_SST_WD_0.01-20_ConsGalerkinProj_Drift_Seed2_Second,SST,81,-1.336229e-04,4.495742e-05,4.600000e-05,0.000000e+00,-6.383981e-05
RANS_SST_WD_0.01-20_ConsGalerkinProj_Drift_Seed2_Second,SST,82,-3.763366e-04,1.126908e-05,1.200000e-05,0.000000e+00,-1.761648e-04
RANS_SST_WD_0.01-20_ConsGalerkinProj_Drift_Seed2_Second,SST,83,-5.347693e-04,-8.363040e-06,-8.000000e-06,0.000000e+00,-2.380947e-04
RANS_SST_WD_0.01-20_ConsGalerkinProj_Drift_Seed2_Second,SST,84,-6.062832e-04,-1.922319e-05,-1.900000e-05,0.000000e+00,-2.567144e-04
RANS_SST_WD_0.01-20_ConsGalerkinProj_Drift_Seed2_Second,SST,85,-6.102892e-04,-2.129579e-05,-2.100000e-05,0.000000e+00,-2.519170e-04
RANS_SST_WD_0.01-20_ConsGalerkinProj_Drift_Seed2_Second,SST,86,-5.690428e-04,-1.226398e-05,-1.200000e-05,0.000000e+00,-2.261578e-04
RANS_SST_WD_0.01-20_ConsGalerkinProj_Drift_Seed2_Second,SST,87,-5.067380e-04,2.115961e-06,2.000000e-06,1.000000e-06,-1.942608e-04
RANS_SST_WD_0.01-20_ConsGalerkinProj_Drift_Seed2_Second,SST,88,-4.371465e-04,1.719164e-05,1.700000e-05,1.000000e-06,-1.609126e-04
RANS_SST_WD_0.01-20_ConsGalerkinProj_Drift_Seed2_Second,SST,89,-3.863671e-04,2.717397e-05,2.700000e-05,1.000000e-06,-1.386484e-04
RANS_SST_WD_0.01-20_ConsGalerkinProj_Drift_Seed2_Second,SST,90,-3.380946e-04,2.741392e-05,2.700000e-05,1.000000e-06,-1.227909e-04
RANS_SST_WD_0.01-20_ConsGalerkinProj_Drift_Seed2_Second,SST,91,-2.941890e-04,4.680975e-05,4.600000e-05,1.000000e-06,-4.946246e-05
RANS_SST_WD_0.01-20_ConsGalerkinProj_Drift_Seed2_Second,SST,92,-2.638071e-04,5.612995e-05,5.600000e-05,1.000000e-06,-6.801163e-06
RANS_SST_WD_0.01-20_ConsGalerkinProj_Drift_Seed2_Second,SST,93,-2.111241e-04,6.346833e-05,6.300000e-05,1.000000e-06,1.164379e-05
RANS_SST_WD_0.01-20_ConsGalerkinProj_Drift_Seed2_Second,SST,94,-1.567343e-04,7.037432e-05,7.000000e-05,0.000000e+00,2.411419e-05
RANS_SST_WD_0.01-20_ConsGalerkinProj_Drift_Seed2_Second,SST,95,-1.148938e-04,7.380090e-05,7.400000e-05,0.000000e+00,4.117599e-05
RANS_SST_WD_0.01-20_ConsGalerkinProj_Drift_Seed2_Second,SST,96,-8.739820e-05,7.453557e-05,7.500000e-05,0.000000e+00,6.311433e-05
RANS_SST_WD_0.01-20_ConsGalerkinProj_Drift_Seed2_Second,SST,97,-5.738960e-05,7.599242e-05,7.700000e-05,-1.000000e-06,8.556572e-05
RANS_SST_WD_0.01-20_ConsGalerkinProj_Drift_Seed2_Second,SST,98,-1.668530e-05,8.098086e-05,8.200000e-05,-1.000000e-06,9.314826e-05
RANS_SST_WD_0.01-20_ConsGalerkinProj_Drift_Seed2_Second,SST,99,-9.536100e-06,8.329762e-05,8.500000e-05,-1.000000e-06,7.569820e-05
RANS_SST_WD_0.01-20_ConsGalerkinProj_Drift_Seed2_Second,SST,100,-4.285650e-05,7.102912e-05,7.300000e-05,-1.000000e-06,4.800387e-05
RANS_SST_WD_0.01-20_ConsGalerkinProj_Drift_Seed2_Second,SST,101,-1.996434e-04,4.550290e-05,4.700000e-05,-1.000000e-06,-1.422505e-05
RANS_SST_WD_0.01-20_ConsGalerkinProj_Drift_Seed2_Second,SST,102,-3.747770e-04,1.798704e-05,2.000000e-05,-1.000000e-06,-1.041309e-04
RANS_SST_WD_0.01-20_ConsGalerkinProj_Drift_Seed2_Second,SST,103,-4.919060e-04,4.024811e-06,6.000000e-06,-1.000000e-06,-1.586899e-04
RANS_SST_WD_0.01-20_ConsGalerkinProj_Drift_Seed2_Second,SST,104,-5.336218e-04,5.734160e-06,7.000000e-06,-1.000000e-06,-1.611243e-04
RANS_SST_WD_0.01-20_ConsGalerkinProj_Drift_Seed2_Second,SST,105,-5.242199e-04,1.431231e-05,1.600000e-05,-1.000000e-06,-1.354501e-04
RANS_SST_WD_0.01-20_ConsGalerkinProj_Drift_Seed2_Second,SST,106,-4.825095e-04,2.395500e-05,2.500000e-05,-1.000000e-06,-1.130333e-04
RANS_SST_WD_0.01-20_ConsGalerkinProj_Drift_Seed2_Second,SST,107,-4.523871e-04,2.663376e-05,2.800000e-05,-1.000000e-06,-1.059289e-04
RANS_SST_WD_0.01-20_ConsGalerkinProj_Drift_Seed2_Second,SST,108,-4.379185e-04,2.637371e-05,2.700000e-05,0.000000e+00,-1.001928e-04
RANS_SST_WD_0.01-20_ConsGalerkinProj_Drift_Seed2_Second,SST,109,-4.372576e-04,2.327950e-05,2.400000e-05,0.000000e+00,-9.953169e-05
RANS_SST_WD_0.01-20_ConsGalerkinProj_Drift_Seed2_Second,SST,110,-3.728677e-04,2.382366e-05,2.400000e-05,0.000000e+00,-4.836108e-05
RANS_SST_WD_0.01-20_ConsGalerkinProj_Drift_Seed2_Second,SST,111,-2.077653e-04,4.829889e-05,4.800000e-05,1.000000e-06,3.242740e-05
RANS_SST_WD_0.01-20_ConsGalerkinProj_Drift_Seed2_Second,SST,112,-8.372100e-05,6.562834e-05,6.500000e-05,1.000000e-06,7.230369e-05
RANS_SST_WD_0.01-20_ConsGalerkinProj_Drift_Seed2_Second,SST,113,3.088320e-05,7.442344e-05,7.400000e-05,1.000000e-06,1.085523e-04
RANS_SST_WD_0.01-20_ConsGalerkinProj_Drift_Seed2_Second,SST,114,1.982152e-04,7.332745e-05,7.200000e-05,1.000000e-06,1.736086e-04
RANS_SST_WD_0.01-20_ConsGalerkinProj_Drift_Seed2_Second,SST,115,3.740950e-04,6.499640e-05,6.400000e-05,1.000000e-06,2.465192e-04
RANS_SST_WD_0.01-20_ConsGalerkinProj_Drift_Seed2_Second,SST,116,5.119534e-04,6.278709e-05,6.200000e-05,1.000000e-06,3.000755e-04
RANS_SST_WD_0.01-20_ConsGalerkinProj_Drift_Seed2_Second,SST,117,5.571943e-04,7.688705e-05,7.600000e-05,1.000000e-06,2.913064e-04
RANS_SST_WD_0.01-20_ConsGalerkinProj_Drift_Seed2_Second,SST,118,5.273163e-04,1.031726e-04,1.020000e-04,1.000000e-06,2.483180e-04
RANS_SST_WD_0.01-20_ConsGalerkinProj_Drift_Seed2_Second,SST,119,4.027851e-04,1.261348e-04,1.260000e-04,1.000000e-06,1.719533e-04
RANS_SST_WD_0.01-20_ConsGalerkinProj_Drift_Seed2_Second,SST,120,2.002816e-04,1.185187e-04,1.180000e-04,1.000000e-06,5.167384e-05
RANS_SST_WD_0.01-20_ConsGalerkinProj_Drift_Seed2_Second,SST,121,8.129050e-05,1.023228e-04,1.020000e-04,1.000000e-06,4.031834e-05
RANS_SST_WD_0.01-20_ConsGalerkinProj_Drift_Seed2_Second,SST,122,-1.236810e-05,7.459117e-05,7.400000e-05,1.000000e-06,2.633336e-05
RANS_SST_WD_0.01-20_ConsGalerkinProj_Drift_Seed2_Second,SST,123,-6.971260e-05,5.296297e-05,5.200000e-05,2.000000e-06,1.544198e-05
RANS_SST_WD_0.01-20_ConsGalerkinProj_Drift_Seed2_Second,SST,124,-1.225733e-04,4.122024e-05,3.900000e-05,2.000000e-06,-8.661568e-07
RANS_SST_WD_0.01-20_ConsGalerkinProj_Drift_Seed2_Second,SST,125,-2.270457e-04,3.133462e-05,2.800000e-05,3.000000e-06,-5.370413e-05
RANS_SST_WD_0.01-20_ConsGalerkinProj_Drift_Seed2_Second,SST,126,-3.472584e-04,2.086643e-05,1.700000e-05,5.000000e-06,-1.134993e-04
RANS_SST_WD_0.01-20_ConsGalerkinProj_Drift_Seed2_Second,SST,127,-4.901582e-04,1.078768e-05,5.000000e-06,6.000000e-06,-1.887555e-04
RANS_SST_WD_0.01-20_ConsGalerkinProj_Drift_Seed2_Second,SST,128,-6.052592e-04,6.646209e-06,0.000000e+00,7.000000e-06,-2.426969e-04
RANS_SST_WD_0.01-20_ConsGalerkinProj_Drift_Seed2_Second,SST,129,-6.813611e-04,9.422527e-06,2.000000e-06,8.000000e-06,-2.746056e-04
RANS_SST_WD_0.01-20_ConsGalerkinProj_Drift_Seed2_Second,SST,130,-6.943498e-04,6.061244e-06,-2.000000e-06,8.000000e-06,-2.560040e-04
RANS_SST_WD_0.01-20_ConsGalerkinProj_Drift_Seed2_Second,SST,131,-6.738689e-04,1.055307e-05,3.000000e-06,8.000000e-06,-2.357254e-04
RANS_SST_WD_0.01-20_ConsGalerkinProj_Drift_Seed2_Second,SST,132,-6.591267e-04,2.561722e-05,1.800000e-05,8.000000e-06,-2.081563e-04
RANS_SST_WD_0.01-20_ConsGalerkinProj_Drift_Seed2_Second,SST,133,-5.742985e-04,4.416860e-05,3.800000e-05,7.000000e-06,-1.668939e-04
RANS_SST_WD_0.01-20_ConsGalerkinProj_Drift_Seed2_Second,SST,134,-4.628308e-04,5.717191e-05,5.200000e-05,6.000000e-06,-1.250059e-04
RANS_SST_WD_0.01-20_ConsGalerkinProj_Drift_Seed2_Second,SST,135,-3.239988e-04,7.189055e-05,6.700000e-05,5.000000e-06,-6.649744e-05
RANS_SST_WD_0.01-20_ConsGalerkinProj_Drift_Seed2_Second,SST,136,-1.919460e-04,8.857123e-05,8.500000e-05,4.000000e-06,-1.542521e-06
RANS_SST_WD_0.01-20_ConsGalerkinProj_Drift_Seed2_Second,SST,137,-8.578570e-05,1.021522e-04,9.900000e-05,3.000000e-06,4.676556e-05
RANS_SST_WD_0.01-20_ConsGalerkinProj_Drift_Seed2_Second,SST,138,-3.047390e-05,1.094106e-04,1.070000e-04,3.000000e-06,6.611167e-05
RANS_SST_WD_0.01-20_ConsGalerkinProj_Drift_Seed2_Second,SST,139,-3.529540e-05,1.080705e-04,1.060000e-04,3.000000e-06,5.187216e-05
RANS_SST_WD_0.01-20_ConsGalerkinProj_Drift_Seed2_Second,SST,140,-1.282657e-04,8.769325e-05,8.600000e-05,2.000000e-06,7.720216e-06
RANS_SST_WD_0.01-20_ConsGalerkinProj_Drift_Seed2_Second,SST,141,-2.151892e-04,8.561173e-05,8.400000e-05,2.000000e-06,-4.132929e-06
RANS_SST_WD_0.01-20_ConsGalerkinProj_Drift_Seed2_Second,SST,142,-2.592054e-04,8.450749e-05,8.300000e-05,2.000000e-06,-5.909064e-06
RANS_SST_WD_0.01-20_ConsGalerkinProj_Drift_Seed2_Second,SST,143,-2.216314e-04,8.718591e-05,8.500000e-05,2.000000e-06,1.814002e-05
RANS_SST_WD_0.01-20_ConsGalerkinProj_Drift_Seed2_Second,SST,144,-1.313497e-04,9.535495e-05,9.300000e-05,2.000000e-06,6.408028e-05
RANS_SST_WD_0.01-20_ConsGalerkinProj_Drift_Seed2_Second,SST,145,-3.793840e-05,1.033295e-04,1.010000e-04,2.000000e-06,1.073680e-04
RANS_SST_WD_0.01-20_ConsGalerkinProj_Drift_Seed2_Second,SST,146,4.107750e-05,1.124822e-04,1.100000e-04,2.000000e-06,1.339587e-04
RANS_SST_WD_0.01-20_ConsGalerkinProj_Drift_Seed2_Second,SST,147,6.468940e-05,1.144887e-04,1.130000e-04,2.000000e-06,1.337745e-04
RANS_SST_WD_0.01-20_ConsGalerkinProj_Drift_Seed2_Second,SST,148,4.179390e-05,1.115426e-04,1.100000e-04,2.000000e-06,1.146635e-04
RANS_SST_WD_0.01-20_ConsGalerkinProj_Drift_Seed2_Second,SST,149,-3.800800e-06,1.070472e-04,1.050000e-04,2.000000e-06,8.697147e-05
RANS_SST_WD_0.01-20_ConsGalerkinProj_Drift_Seed2_Second,SST,150,-1.157847e-04,9.222889e-05,9.100000e-05,2.000000e-06,4.696187e-05
RANS_SST_WD_0.01-20_ConsGalerkinProj_Drift_Seed2_Second,SST,151,-1.908219e-04,6.921767e-05,6.800000e-05,2.000000e-06,1.773212e-05
RANS_SST_WD_0.01-20_ConsGalerkinProj_Drift_Seed2_Second,SST,152,-2.701400e-04,4.960023e-05,4.900000e-05,1.000000e-06,-1.507127e-05
RANS_SST_WD_0.01-20_ConsGalerkinProj_Drift_Seed2_Second,SST,153,-3.027734e-04,4.600251e-05,4.500000e-05,1.000000e-06,-3.656767e-05
RANS_SST_WD_0.01-20_ConsGalerkinProj_Drift_Seed2_Second,SST,154,-3.021726e-04,5.451800e-05,5.400000e-05,1.000000e-06,-4.454228e-05
RANS_SST_WD_0.01-20_ConsGalerkinProj_Drift_Seed2_Second,SST,155,-2.940486e-04,6.063424e-05,6.000000e-05,1.000000e-06,-5.083958e-05
RANS_SST_WD_0.01-20_ConsGalerkinProj_Drift_Seed2_Second,SST,156,-3.023189e-04,5.890484e-05,5.900000e-05,1.000000e-06,-5.767700e-05
RANS_SST_WD_0.01-20_ConsGalerkinProj_Drift_Seed2_Second,SST,157,-3.289205e-04,5.351855e-05,5.300000e-05,1.000000e-06,-6.674861e-05
RANS_SST_WD_0.01-20_ConsGalerkinProj_Drift_Seed2_Second,SST,158,-3.826905e-04,4.627384e-05,4.600000e-05,1.000000e-06,-9.100941e-05
RANS_SST_WD_0.01-20_ConsGalerkinProj_Drift_Seed2_Second,SST,159,-4.437094e-04,3.906638e-05,3.900000e-05,1.000000e-06,-1.305418e-04
RANS_SST_WD_0.01-20_ConsGalerkinProj_Drift_Seed2_Second,SST,160,-3.246387e-04,4.131081e-05,4.100000e-05,1.000000e-06,-7.023448e-05
RANS_SST_WD_0.01-20_ConsGalerkinProj_Drift_Seed2_Second,SST,161,-3.070942e-04,3.935996e-05,3.900000e-05,1.000000e-06,-4.485688e-05
RANS_SST_WD_0.01-20_ConsGalerkinProj_Drift_Seed2_Second,SST,162,-2.830090e-04,3.685145e-05,3.600000e-05,1.000000e-06,-3.303765e-05
RANS_SST_WD_0.01-20_ConsGalerkinProj_Drift_Seed2_Second,SST,163,-2.189068e-04,4.565281e-05,4.500000e-05,1.000000e-06,-8.478570e-06
RANS_SST_WD_0.01-20_ConsGalerkinProj_Drift_Seed2_Second,SST,164,-1.579875e-04,5.313037e-05,5.300000e-05,1.000000e-06,6.677187e-06
RANS_SST_WD_0.01-20_ConsGalerkinProj_Drift_Seed2_Second,SST,165,-1.080231e-04,5.722666e-05,5.700000e-05,1.000000e-06,1.242537e-05
RANS_SST_WD_0.01-20_ConsGalerkinProj_Drift_Seed2_Second,SST,166,-6.815840e-05,5.977428e-05,5.900000e-05,1.000000e-06,1.721683e-05
RANS_SST_WD_0.01-20_ConsGalerkinProj_Drift_Seed2_Second,SST,167,-3.622480e-05,6.152396e-05,6.100000e-05,1.000000e-06,2.844609e-05
RANS_SST_WD_0.01-20_ConsGalerkinProj_Drift_Seed2_Second,SST,168,1.196530e-05,6.509270e-05,6.500000e-05,1.000000e-06,5.629727e-05
RANS_SST_WD_0.01-20_ConsGalerkinProj_Drift_Seed2_Second,SST,169,8.994870e-05,7.324882e-05,7.300000e-05,1.000000e-06,1.020805e-04
RANS_SST_WD_0.01-20_ConsGalerkinProj_Drift_Seed2_Second,SST,170,4.496290e-05,6.707785e-05,6.700000e-05,1.000000e-06,6.784765e-05
RANS_SST_WD_0.01-20_ConsGalerkinProj_Drift_Seed2_Second,SST,171,1.386533e-04,9.080194e-05,9.100000e-05,1.000000e-06,1.133608e-04
RANS_SST_WD_0.01-20_ConsGalerkinProj_Drift_Seed2_Second,SST,172,1.671335e-04,9.865778e-05,9.900000e-05,1.000000e-06,1.358147e-04
RANS_SST_WD_0.01-20_ConsGalerkinProj_Drift_Seed2_Second,SST,173,1.287364e-04,9.648305e-05,9.600000e-05,1.000000e-06,1.284718e-04
RANS_SST_WD_0.01-20_ConsGalerkinProj_Drift_Seed2_Second,SST,174,6.795380e-05,9.175906e-05,9.200000e-05,1.000000e-06,1.049569e-04
RANS_SST_WD_0.01-20_ConsGalerkinProj_Drift_Seed2_Second,SST,175,9.089000e-07,8.460307e-05,8.400000e-05,1.000000e-06,7.447744e-05
RANS_SST_WD_0.01-20_ConsGalerkinProj_Drift_Seed2_Second,SST,176,-4.707990e-05,7.739991e-05,7.700000e-05,1.000000e-06,5.009640e-05
RANS_SST_WD_0.01-20_ConsGalerkinProj_Drift_Seed2_Second,SST,177,-6.432570e-05,7.164608e-05,7.100000e-05,1.000000e-06,4.310399e-05
RANS_SST_WD_0.01-20_ConsGalerkinProj_Drift_Seed2_Second,SST,178,-5.141380e-05,7.020439e-05,7.000000e-05,1.000000e-06,5.359688e-05
RANS_SST_WD_0.01-20_ConsGalerkinProj_Drift_Seed2_Second,SST,179,-1.049090e-05,7.539994e-05,7.500000e-05,1.000000e-06,7.671434e-05
RANS_SST_WD_0.01-20_ConsGalerkinProj_Drift_Seed2_Second,SST,180,2.001480e-04,1.055077e-04,1.050000e-04,1.000000e-06,1.907399e-04
RANS_SST_WD_0.01-20_ConsGalerkinProj_Drift_Seed2_Second,SST,181,2.268531e-04,1.145628e-04,1.140000e-04,1.000000e-06,2.163232e-04
RANS_SST_WD_0.01-20_ConsGalerkinProj_Drift_Seed2_Second,SST,182,2.747113e-04,1.249968e-04,1.250000e-04,1.000000e-06,2.254578e-04
RANS_SST_WD_0.01-20_ConsGalerkinProj_Drift_Seed2_Second,SST,183,3.513580e-04,1.288163e-04,1.290000e-04,0.000000e+00,2.382323e-04
RANS_SST_WD_0.01-20_ConsGalerkinProj_Drift_Seed2_Second,SST,184,4.191273e-04,1.271199e-04,1.270000e-04,0.000000e+00,2.496463e-04
RANS_SST_WD_0.01-20_ConsGalerkinProj_Drift_Seed2_Second,SST,185,4.460113e-04,1.235517e-04,1.240000e-04,0.000000e+00,2.444746e-04
RANS_SST_WD_0.01-20_ConsGalerkinProj_Drift_Seed2_Second,SST,186,4.323526e-04,1.226281e-04,1.230000e-04,0.000000e+00,2.265029e-04
RANS_SST_WD_0.01-20_ConsGalerkinProj_Drift_Seed2_Second,SST,187,3.991827e-04,1.220805e-04,1.230000e-04,-1.000000e-06,2.029135e-04
RANS_SST_WD_0.01-20_ConsGalerkinProj_Drift_Seed2_Second,SST,188,3.370246e-04,1.158801e-04,1.170000e-04,-1.000000e-06,1.737654e-04
RANS_SST_WD_0.01-20_ConsGalerkinProj_Drift_Seed2_Second,SST,189,2.714392e-04,1.064896e-04,1.080000e-04,-1.000000e-06,1.486707e-04
RANS_SST_WD_0.01-20_ConsGalerkinProj_Drift_Seed2_Second,SST,190,-4.123610e-05,5.874908e-05,6.100000e-05,-2.000000e-06,-1.365282e-05
RANS_SST_WD_0.01-20_ConsGalerkinProj_Drift_Seed2_Second,SST,191,-1.326779e-04,4.249711e-05,4.500000e-05,-2.000000e-06,-6.107803e-05
RANS_SST_WD_0.01-20_ConsGalerkinProj_Drift_Seed2_Second,SST,192,-1.638249e-04,2.972940e-05,3.300000e-05,-2.000000e-06,-5.611716e-05
RANS_SST_WD_0.01-20_ConsGalerkinProj_Drift_Seed2_Second,SST,193,-1.377064e-04,3.435364e-05,3.800000e-05,-3.000000e-06,-1.852863e-05
RANS_SST_WD_0.01-20_ConsGalerkinProj_Drift_Seed2_Second,SST,194,-9.212660e-05,4.784092e-05,5.100000e-05,-3.000000e-06,2.076864e-05
RANS_SST_WD_0.01-20_ConsGalerkinProj_Drift_Seed2_Second,SST,195,-6.170130e-05,5.949190e-05,6.300000e-05,-3.000000e-06,3.374005e-05
RANS_SST_WD_0.01-20_ConsGalerkinProj_Drift_Seed2_Second,SST,196,-5.984550e-05,6.364499e-05,6.700000e-05,-3.000000e-06,1.612085e-05
RANS_SST_WD_0.01-20_ConsGalerkinProj_Drift_Seed2_Second,SST,197,-7.127300e-05,6.535302e-05,6.900000e-05,-3.000000e-06,-8.221745e-06
RANS_SST_WD_0.01-20_ConsGalerkinProj_Drift_Seed2_Second,SST,198,-1.052361e-04,6.330222e-05,6.700000e-05,-3.000000e-06,-2.937658e-05
RANS_SST_WD_0.01-20_ConsGalerkinProj_Drift_Seed2_Second,SST,199,-1.735984e-04,5.475551e-05,5.800000e-05,-3.000000e-06,-5.930354e-05
RANS_SST_WD_0.01-20_ConsGalerkinProj_Drift_Seed2_Second,SST,200,-2.296246e-04,3.691680e-05,4.100000e-05,-3.000000e-06,-5.433457e-05
RANS_SST_WD_0.01-20_ConsGalerkinProj_Drift_Seed2_Second,SST,201,-3.166647e-04,2.892604e-05,3.300000e-05,-3.000000e-06,-5.829273e-05
RANS_SST_WD_0.01-20_ConsGalerkinProj_Drift_Seed2_Second,SST,202,-4.417850e-04,2.393772e-05,2.700000e-05,-3.000000e-06,-1.156210e-04
RANS_SST_WD_0.01-20_ConsGalerkinProj_Drift_Seed2_Second,SST,203,-5.317532e-04,1.832587e-05,2.200000e-05,-3.000000e-06,-1.755278e-04
RANS_SST_WD_0.01-20_ConsGalerkinProj_Drift_Seed2_Second,SST,204,-5.375544e-04,1.671440e-05,2.000000e-05,-3.000000e-06,-1.842087e-04
RANS_SST_WD_0.01-20_ConsGalerkinProj_Drift_Seed2_Second,SST,205,-4.753265e-04,2.009365e-05,2.300000e-05,-3.000000e-06,-1.487096e-04
RANS_SST_WD_0.01-20_ConsGalerkinProj_Drift_Seed2_Second,SST,206,-3.700312e-04,3.003149e-05,3.300000e-05,-3.000000e-06,-9.084213e-05
RANS_SST_WD_0.01-20_ConsGalerkinProj_Drift_Seed2_Second,SST,207,-2.378406e-04,4.596430e-05,4.900000e-05,-3.000000e-06,-2.019332e-05
RANS_SST_WD_0.01-20_ConsGalerkinProj_Drift_Seed2_Second,SST,208,-8.965170e-05,6.605527e-05,6.900000e-05,-3.000000e-06,4.547242e-05
RANS_SST_WD_0.01-20_ConsGalerkinProj_Drift_Seed2_Second,SST,209,3.701170e-05,8.676940e-05,9.000000e-05,-3.000000e-06,9.703454e-05
RANS_SST_WD_0.01-20_ConsGalerkinProj_Drift_Seed2_Second,SST,210,-9.491800e-06,7.658468e-05,8.000000e-05,-3.000000e-06,4.852995e-05
RANS_SST_WD_0.01-20_ConsGalerkinProj_Drift_Seed2_Second,SST,211,-6.011420e-05,7.841451e-05,8.200000e-05,-3.000000e-06,3.770263e-05
RANS_SST_WD_0.01-20_ConsGalerkinProj_Drift_Seed2_Second,SST,212,-1.315248e-04,6.738463e-05,7.100000e-05,-3.000000e-06,-1.692702e-06
RANS_SST_WD_0.01-20_ConsGalerkinProj_Drift_Seed2_Second,SST,213,-2.137321e-04,5.671497e-05,6.000000e-05,-3.000000e-06,-4.667298e-05
RANS_SST_WD_0.01-20_ConsGalerkinProj_Drift_Seed2_Second,SST,214,-3.079067e-04,4.426464e-05,4.800000e-05,-3.000000e-06,-9.976650e-05
RANS_SST_WD_0.01-20_ConsGalerkinProj_Drift_Seed2_Second,SST,215,-4.297105e-04,2.651397e-05,3.000000e-05,-3.000000e-06,-1.626396e-04
RANS_SST_WD_0.01-20_ConsGalerkinProj_Drift_Seed2_Second,SST,216,-5.403951e-04,9.762526e-06,1.300000e-05,-3.000000e-06,-2.153496e-04
RANS_SST_WD_0.01-20_ConsGalerkinProj_Drift_Seed2_Second,SST,217,-6.096859e-04,-2.754040e-07,3.000000e-06,-3.000000e-06,-2.441200e-04
RANS_SST_WD_0.01-20_ConsGalerkinProj_Drift_Seed2_Second,SST,218,-6.376854e-04,-2.868914e-06,0.000000e+00,-3.000000e-06,-2.478279e-04
RANS_SST_WD_0.01-20_ConsGalerkinProj_Drift_Seed2_Second,SST,219,-6.327485e-04,6.205520e-07,4.000000e-06,-3.000000e-06,-2.375264e-04
RANS_SST_WD_0.01-20_ConsGalerkinProj_Drift_Seed2_Second,SST,220,-5.069796e-04,2.432680e-05,2.800000e-05,-3.000000e-06,-1.303000e-04
RANS_SST_WD_0.01-20_ConsGalerkinProj_Drift_Seed2_Second,SST,221,-3.972673e-04,4.014833e-05,4.300000e-05,-3.000000e-06,-7.288754e-05
RANS_SST_WD_0.01-20_ConsGalerkinProj_Drift_Seed2_Second,SST,222,-2.789229e-04,5.433810e-05,5.700000e-05,-3.000000e-06,-3.975250e-05
RANS_SST_WD_0.01-20_ConsGalerkinProj_Drift_Seed2_Second,SST,223,-1.526272e-04,7.676193e-05,8.000000e-05,-2.000000e-06,3.035996e-05
RANS_SST_WD_0.01-20_ConsGalerkinProj_Drift_Seed2_Second,SST,224,-6.753060e-05,9.126843e-05,9.400000e-05,-2.000000e-06,8.891124e-05
RANS_SST_WD_0.01-20_ConsGalerkinProj_Drift_Seed2_Second,SST,225,-2.667460e-05,9.961757e-05,1.020000e-04,-2.000000e-06,1.176203e-04
RANS_SST_WD_0.01-20_ConsGalerkinProj_Drift_Seed2_Second,SST,226,-4.179950e-05,9.993333e-05,1.020000e-04,-2.000000e-06,1.040553e-04
RANS_SST_WD_0.01-20_ConsGalerkinProj_Drift_Seed2_Second,SST,227,-9.397050e-05,9.853408e-05,1.010000e-04,-2.000000e-06,6.925031e-05
RANS_SST_WD_0.01-20_ConsGalerkinProj_Drift_Seed2_Second,SST,228,-1.742750e-04,9.228442e-05,9.400000e-05,-2.000000e-06,2.435159e-05
RANS_SST_WD_0.01-20_ConsGalerkinProj_Drift_Seed2_Second,SST,229,-2.345781e-04,8.894082e-05,9.100000e-05,-1.000000e-06,-3.964264e-06
RANS_SST_WD_0.01-20_ConsGalerkinProj_Drift_Seed2_Second,SST,230,-3.781182e-04,6.270857e-05,6.400000e-05,-1.000000e-06,-5.387107e-05
RANS_SST_WD_0.01-20_ConsGalerkinProj_Drift_Seed2_Second,SST,231,-4.439183e-04,4.720983e-05,4.800000e-05,-1.000000e-06,-8.694303e-05
RANS_SST_WD_0.01-20_ConsGalerkinProj_Drift_Seed2_Second,SST,232,-4.488715e-04,4.190224e-05,4.300000e-05,-1.000000e-06,-8.941637e-05
RANS_SST_WD_0.01-20_ConsGalerkinProj_Drift_Seed2_Second,SST,233,-3.745544e-04,5.152577e-05,5.200000e-05,0.000000e+00,-6.381556e-05
RANS_SST_WD_0.01-20_ConsGalerkinProj_Drift_Seed2_Second,SST,234,-2.751834e-04,6.361669e-05,6.400000e-05,0.000000e+00,-3.692561e-05
RANS_SST_WD_0.01-20_ConsGalerkinProj_Drift_Seed2_Second,SST,235,-1.852694e-04,7.323343e-05,7.400000e-05,0.000000e+00,-1.889967e-05
RANS_SST_WD_0.01-20_ConsGalerkinProj_Drift_Seed2_Second,SST,236,-8.655730e-05,8.431756e-05,8.500000e-05,0.000000e+00,8.906828e-06
RANS_SST_WD_0.01-20_ConsGalerkinProj_Drift_Seed2_Second,SST,237,8.904400e-06,9.450379e-05,9.500000e-05,0.000000e+00,4.339648e-05
RANS_SST_WD_0.01-20_ConsGalerkinProj_Drift_Seed2_Second,SST,238,9.211550e-05,1.017683e-04,1.030000e-04,0.000000e+00,7.344107e-05
RANS_SST_WD_0.01-20_ConsGalerkinProj_Drift_Seed2_Second,SST,239,1.483616e-04,1.049205e-04,1.060000e-04,0.000000e+00,8.901140e-05
RANS_SST_WD_0.01-20_ConsGalerkinProj_Drift_Seed2_Second,SST,240,1.667384e-04,7.902769e-05,8.000000e-05,0.000000e+00,7.915516e-05
RANS_SST_WD_0.01-20_ConsGalerkinProj_Drift_Seed2_Second,SST,241,1.380698e-04,6.736650e-05,6.800000e-05,0.000000e+00,7.434106e-05
RANS_SST_WD_0.01-20_ConsGalerkinProj_Drift_Seed2_Second,SST,242,3.810500e-05,6.299854e-05,6.400000e-05,0.000000e+00,5.136304e-05
RANS_SST_WD_0.01-20_ConsGalerkinProj_Drift_Seed2_Second,SST,243,1.558040e-05,7.038079e-05,7.100000e-05,0.000000e+00,4.937157e-05
RANS_SST_WD_0.01-20_ConsGalerkinProj_Drift_Seed2_Second,SST,244,4.759240e-05,7.902039e-05,8.000000e-05,0.000000e+00,5.978845e-05
RANS_SST_WD_0.01-20_ConsGalerkinProj_Drift_Seed2_Second,SST,245,1.081739e-04,8.852022e-05,8.900000e-05,0.000000e+00,8.750543e-05
RANS_SST_WD_0.01-20_ConsGalerkinProj_Drift_Seed2_Second,SST,246,1.588551e-04,9.564843e-05,9.600000e-05,0.000000e+00,1.092505e-04
RANS_SST_WD_0.01-20_ConsGalerkinProj_Drift_Seed2_Second,SST,247,2.137190e-04,1.043630e-04,1.050000e-04,0.000000e+00,1.322617e-04
RANS_SST_WD_0.01-20_ConsGalerkinProj_Drift_Seed2_Second,SST,248,2.761227e-04,1.129132e-04,1.130000e-04,0.000000e+00,1.659784e-04
RANS_SST_WD_0.01-20_ConsGalerkinProj_Drift_Seed2_Second,SST,249,3.326151e-04,1.211859e-04,1.210000e-04,0.000000e+00,2.000359e-04
RANS_SST_WD_0.01-20_ConsGalerkinProj_Drift_Seed2_Second,SST,250,1.861629e-04,1.007944e-04,1.010000e-04,1.000000e-06,1.141775e-04
RANS_SST_WD_0.01-20_ConsGalerkinProj_Drift_Seed2_Second,SST,251,3.122150e-05,9.069282e-05,9.000000e-05,1.000000e-06,8.426507e-05
RANS_SST_WD_0.01-20_ConsGalerkinProj_Drift_Seed2_Second,SST,252,-1.505102e-04,7.307122e-05,7.300000e-05,1.000000e-06,1.814165e-05
RANS_SST_WD_0.01-20_ConsGalerkinProj_Drift_Seed2_Second,SST,253,-3.333849e-04,5.296417e-05,5.200000e-05,1.000000e-06,-6.724357e-05
RANS_SST_WD_0.01-20_ConsGalerkinProj_Drift_Seed2_Second,SST,254,-4.646335e-04,4.044660e-05,3.900000e-05,2.000000e-06,-1.268969e-04
RANS_SST_WD_0.01-20_ConsGalerkinProj_Drift_Seed2_Second,SST,255,-5.415598e-04,3.427931e-05,3.300000e-05,2.000000e-06,-1.578378e-04
RANS_SST_WD_0.01-20_ConsGalerkinProj_Drift_Seed2_Second,SST,256,-5.698026e-04,3.350704e-05,3.200000e-05,2.000000e-06,-1.640238e-04
RANS_SST_WD_0.01-20_ConsGalerkinProj_Drift_Seed2_Second,SST,257,-5.805148e-04,3.426888e-05,3.200000e-05,2.000000e-06,-1.589416e-04
RANS_SST_WD_0.01-20_ConsGalerkinProj_Drift_Seed2_Second,SST,258,-5.888666e-04,3.497498e-05,3.300000e-05,3.000000e-06,-1.518310e-04
RANS_SST_WD_0.01-20_ConsGalerkinProj_Drift_Seed2_Second,SST,259,-5.785514e-04,4.027115e-05,3.800000e-05,3.000000e-06,-1.470098e-04
RANS_SST_WD_0.01-20_ConsGalerkinProj_Drift_Seed2_Second,SST,260,-4.681766e-04,5.622312e-05,5.400000e-05,3.000000e-06,-5.032432e-05
RANS_SST_WD_0.01-20_ConsGalerkinProj_Drift_Seed2_Second,SST,261,-3.698221e-04,7.535981e-05,7.300000e-05,3.000000e-06,-2.748425e-06
RANS_SST_WD_0.01-20_ConsGalerkinProj_Drift_Seed2_Second,SST,262,-3.192728e-04,7.459452e-05,7.200000e-05,3.000000e-06,-1.022924e-05
RANS_SST_WD_0.01-20_ConsGalerkinProj_Drift_Seed2_Second,SST,263,-2.251078e-04,7.630331e-05,7.400000e-05,2.000000e-06,1.050511e-05
RANS_SST_WD_0.01-20_ConsGalerkinProj_Drift_Seed2_Second,SST,264,-1.173692e-04,8.525460e-05,8.300000e-05,2.000000e-06,5.274886e-05
RANS_SST_WD_0.01-20_ConsGalerkinProj_Drift_Seed2_Second,SST,265,-3.642190e-05,9.520091e-05,9.300000e-05,2.000000e-06,8.411864e-05
RANS_SST_WD_0.01-20_ConsGalerkinProj_Drift_Seed2_Second,SST,266,-1.421860e-05,9.697380e-05,9.500000e-05,2.000000e-06,7.821351e-05
RANS_SST_WD_0.01-20_ConsGalerkinProj_Drift_Seed2_Second,SST,267,-5.190320e-05,9.334946e-05,9.200000e-05,2.000000e-06,4.262456e-05
RANS_SST_WD_0.01-20_ConsGalerkinProj_Drift_Seed2_Second,SST,268,-1.320625e-04,8.576990e-05,8.500000e-05,2.000000e-06,-6.580350e-06
RANS_SST_WD_0.01-20_ConsGalerkinProj_Drift_Seed2_Second,SST,269,-2.134188e-04,7.660226e-05,7.500000e-05,2.000000e-06,-5.419702e-05
RANS_SST_WD_0.01-20_ConsGalerkinProj_Drift_Seed2_Second,SST,270,-2.813725e-04,5.822180e-05,5.700000e-05,1.000000e-06,-1.179208e-04
RANS_SST_WD_0.01-20_ConsGalerkinProj_Drift_Seed2_Second,SST,271,-2.914132e-04,5.480327e-05,5.400000e-05,1.000000e-06,-8.874718e-05
RANS_SST_WD_0.01-20_ConsGalerkinProj_Drift_Seed2_Second,SST,272,-2.623699e-04,5.751459e-05,5.700000e-05,1.000000e-06,-4.867209e-05
RANS_SST_WD_0.01-20_ConsGalerkinProj_Drift_Seed2_Second,SST,273,-2.135347e-04,6.497803e-05,6.400000e-05,1.000000e-06,-2.461984e-05
RANS_SST_WD_0.01-20_ConsGalerkinProj_Drift_Seed2_Second,SST,274,-1.670353e-04,7.045245e-05,7.000000e-05,1.000000e-06,-1.199667e-05
RANS_SST_WD_0.01-20_ConsGalerkinProj_Drift_Seed2_Second,SST,275,-1.088393e-04,7.775513e-05,7.700000e-05,1.000000e-06,2.883816e-06
RANS_SST_WD_0.01-20_ConsGalerkinProj_Drift_Seed2_Second,SST,276,-5.493700e-05,8.524328e-05,8.500000e-05,1.000000e-06,1.661085e-05
RANS_SST_WD_0.01-20_ConsGalerkinProj_Drift_Seed2_Second,SST,277,-2.056900e-06,8.859417e-05,8.800000e-05,1.000000e-06,3.074893e-05
RANS_SST_WD_0.01-20_ConsGalerkinProj_Drift_Seed2_Second,SST,278,5.961760e-05,9.004873e-05,9.000000e-05,1.000000e-06,5.748037e-05
RANS_SST_WD_0.01-20_ConsGalerkinProj_Drift_Seed2_Second,SST,279,1.511308e-04,9.414549e-05,9.400000e-05,1.000000e-06,1.049562e-04
RANS_SST_WD_0.01-20_ConsGalerkinProj_Drift_Seed2_Second,SST,280,2.191521e-04,9.202294e-05,9.200000e-05,1.000000e-06,1.139002e-04
RANS_SST_WD_0.01-20_ConsGalerkinProj_Drift_Seed2_Second,SST,281,2.785734e-04,1.020682e-04,1.020000e-04,0.000000e+00,1.325989e-04
RANS_SST_WD_0.01-20_ConsGalerkinProj_Drift_Seed2_Second,SST,282,2.915776e-04,1.027962e-04,1.030000e-04,0.000000e+00,1.529091e-04
RANS_SST_WD_0.01-20_ConsGalerkinProj_Drift_Seed2_Second,SST,283,2.650020e-04,1.033191e-04,1.040000e-04,0.000000e+00,1.526867e-04
RANS_SST_WD_0.01-20_ConsGalerkinProj_Drift_Seed2_Second,SST,284,1.651046e-04,9.879410e-05,1.000000e-04,0.000000e+00,1.028724e-04
RANS_SST_WD_0.01-20_ConsGalerkinProj_Drift_Seed2_Second,SST,285,-1.562650e-05,8.268561e-05,8.400000e-05,-1.000000e-06,2.951619e-06
RANS_SST_WD_0.01-20_ConsGalerkinProj_Drift_Seed2_Second,SST,286,-2.460420e-04,5.793180e-05,5.900000e-05,-1.000000e-06,-1.122150e-04
RANS_SST_WD_0.01-20_ConsGalerkinProj_Drift_Seed2_Second,SST,287,-4.703272e-04,3.404230e-05,3.500000e-05,-1.000000e-06,-2.084048e-04
RANS_SST_WD_0.01-20_ConsGalerkinProj_Drift_Seed2_Second,SST,288,-6.295028e-04,2.000545e-05,2.100000e-05,-1.000000e-06,-2.619585e-04
RANS_SST_WD_0.01-20_ConsGalerkinProj_Drift_Seed2_Second,SST,289,-7.017017e-04,1.835709e-05,2.000000e-05,-1.000000e-06,-2.713474e-04
RANS_SST_WD_0.01-20_ConsGalerkinProj_Drift_Seed2_Second,SST,290,-6.342405e-04,9.557851e-06,1.100000e-05,-1.000000e-06,-1.722653e-04
RANS_SST_WD_0.01-20_ConsGalerkinProj_Drift_Seed2_Second,SST,291,-4.666137e-04,2.565510e-05,2.700000e-05,-1.000000e-06,-6.171613e-05
RANS_SST_WD_0.01-20_ConsGalerkinProj_Drift_Seed2_Second,SST,292,-3.115708e-04,4.880874e-05,5.000000e-05,-1.000000e-06,1.238662e-05
RANS_SST_WD_0.01-20_ConsGalerkinProj_Drift_Seed2_Second,SST,293,-1.638761e-04,6.677118e-05,6.800000e-05,-1.000000e-06,5.339169e-05
RANS_SST_WD_0.01-20_ConsGalerkinProj_Drift_Seed2_Second,SST,294,-4.933070e-05,7.676398e-05,7.800000e-05,-1.000000e-06,9.085472e-05
RANS_SST_WD_0.01-20_ConsGalerkinProj_Drift_Seed2_Second,SST,295,1.522320e-05,8.130087e-05,8.300000e-05,-1.000000e-06,1.223131e-04
RANS_SST_WD_0.01-20_ConsGalerkinProj_Drift_Seed2_Second,SST,296,2.216760e-05,8.491228e-05,8.600000e-05,-1.000000e-06,1.321904e-04
RANS_SST_WD_0.01-20_ConsGalerkinProj_Drift_Seed2_Second,SST,297,-2.544600e-05,8.227116e-05,8.400000e-05,-1.000000e-06,1.037326e-04
RANS_SST_WD_0.01-20_ConsGalerkinProj_Drift_Seed2_Second,SST,298,-1.187254e-04,7.050516e-05,7.200000e-05,-1.000000e-06,4.888141e-05
RANS_SST_WD_0.01-20_ConsGalerkinProj_Drift_Seed2_Second,SST,299,-2.428411e-04,5.151515e-05,5.300000e-05,-1.000000e-06,-1.811580e-05
RANS_SST_WD_0.01-20_ConsGalerkinProj_Drift_Seed2_Second,SST,300,-4.241169e-04,1.961283e-05,2.100000e-05,0.000000e+00,-1.457432e-04
RANS_SST_WD_0.01-20_ConsGalerkinProj_Drift_Seed2_Second,SST,301,-5.924218e-04,7.573449e-06,8.000000e-06,0.000000e+00,-1.905772e-04
RANS_SST_WD_0.01-20_ConsGalerkinProj_Drift_Seed2_Second,SST,302,-6.890103e-04,-1.790755e-06,-2.000000e-06,0.000000e+00,-2.069161e-04
RANS_SST_WD_0.01-20_ConsGalerkinProj_Drift_Seed2_Second,SST,303,-7.070040e-04,-7.443270e-07,-1.000000e-06,1.000000e-06,-2.007024e-04
RANS_SST_WD_0.01-20_ConsGalerkinProj_Drift_Seed2_Second,SST,304,-6.216586e-04,1.691340e-05,1.600000e-05,1.000000e-06,-1.543668e-04
RANS_SST_WD_0.01-20_ConsGalerkinProj_Drift_Seed2_Second,SST,305,-4.721738e-04,3.797163e-05,3.700000e-05,1.000000e-06,-9.181617e-05
RANS_SST_WD_0.01-20_ConsGalerkinProj_Drift_Seed2_Second,SST,306,-3.184546e-04,5.294490e-05,5.200000e-05,1.000000e-06,-3.379495e-05
RANS_SST_WD_0.01-20_ConsGalerkinProj_Drift_Seed2_Second,SST,307,-2.025341e-04,6.189004e-05,6.100000e-05,1.000000e-06,1.119766e-05
RANS_SST_WD_0.01-20_ConsGalerkinProj_Drift_Seed2_Second,SST,308,-1.405152e-04,6.640169e-05,6.500000e-05,1.000000e-06,2.719679e-05
RANS_SST_WD_0.01-20_ConsGalerkinProj_Drift_Seed2_Second,SST,309,-1.303812e-04,6.851467e-05,6.800000e-05,1.000000e-06,2.609675e-05
RANS_SST_WD_0.01-20_ConsGalerkinProj_Drift_Seed2_Second,SST,310,-1.502714e-04,6.814640e-05,6.700000e-05,1.000000e-06,2.412224e-05
RANS_SST_WD_0.01-20_ConsGalerkinProj_Drift_Seed2_Second,SST,311,-2.041105e-04,6.438088e-05,6.400000e-05,1.000000e-06,2.150510e-05
RANS_SST_WD_0.01-20_ConsGalerkinProj_Drift_Seed2_Second,SST,312,-2.537346e-04,5.730738e-05,5.700000e-05,1.000000e-06,7.363692e-06
RANS_SST_WD_0.01-20_ConsGalerkinProj_Drift_Seed2_Second,SST,313,-2.215038e-04,5.919744e-05,5.900000e-05,1.000000e-06,2.184279e-05
RANS_SST_WD_0.01-20_ConsGalerkinProj_Drift_Seed2_Second,SST,314,-1.378622e-04,6.845255e-05,6.800000e-05,1.000000e-06,5.866021e-05
RANS_SST_WD_0.01-20_ConsGalerkinProj_Drift_Seed2_Second,SST,315,-7.567120e-05,7.631188e-05,7.600000e-05,0.000000e+00,8.232734e-05
RANS_SST_WD_0.01-20_ConsGalerkinProj_Drift_Seed2_Second,SST,316,-5.859050e-05,8.012706e-05,8.100000e-05,0.000000e+00,7.830226e-05
RANS_SST_WD_0.01-20_ConsGalerkinProj_Drift_Seed2_Second,SST,317,-9.520180e-05,7.575863e-05,7.600000e-05,0.000000e+00,4.923574e-05
RANS_SST_WD_0.01-20_ConsGalerkinProj_Drift_Seed2_Second,SST,318,-1.766008e-04,6.384061e-05,6.500000e-05,0.000000e+00,-5.675349e-06
RANS_SST_WD_0.01-20_ConsGalerkinProj_Drift_Seed2_Second,SST,319,-2.703830e-04,5.011069e-05,5.100000e-05,-1.000000e-06,-6.157064e-05
RANS_SST_WD_0.01-20_ConsGalerkinProj_Drift_Seed2_Second,SST,320,-3.333998e-04,3.087248e-05,3.200000e-05,-1.000000e-06,-1.017780e-04
RANS_SST_WD_0.01-20_ConsGalerkinProj_Drift_Seed2_Second,SST,321,-2.920669e-04,3.030528e-05,3.200000e-05,-1.000000e-06,-5.968903e-05
RANS_SST_WD_0.01-20_ConsGalerkinProj_Drift_Seed2_Second,SST,322,-2.906708e-04,2.965223e-05,3.200000e-05,-1.000000e-06,-5.483968e-05
RANS_SST_WD_0.01-20_ConsGalerkinProj_Drift_Seed2_Second,SST,323,-2.815071e-04,3.376492e-05,3.600000e-05,-2.000000e-06,-6.173817e-05
RANS_SST_WD_0.01-20_ConsGalerkinProj_Drift_Seed2_Second,SST,324,-2.453882e-04,3.968204e-05,4.200000e-05,-2.000000e-06,-6.363575e-05
RANS_SST_WD_0.01-20_ConsGalerkinProj_Drift_Seed2_Second,SST,325,-1.910137e-04,4.271483e-05,4.500000e-05,-2.000000e-06,-5.964762e-05
RANS_SST_WD_0.01-20_ConsGalerkinProj_Drift_Seed2_Second,SST,326,-1.230120e-04,4.235069e-05,4.500000e-05,-2.000000e-06,-5.944699e-05
RANS_SST_WD_0.01-20_ConsGalerkinProj_Drift_Seed2_Second,SST,327,-3.321700e-05,4.140737e-05,4.500000e-05,-3.000000e-06,-5.522791e-05
RANS_SST_WD_0.01-20_ConsGalerkinProj_Drift_Seed2_Second,SST,328,2.747470e-05,4.040723e-05,4.400000e-05,-3.000000e-06,-4.400084e-05
RANS_SST_WD_0.01-20_ConsGalerkinProj_Drift_Seed2_Second,SST,329,-1.165117e-04,3.683078e-05,4.100000e-05,-3.000000e-06,-9.068264e-05
RANS_SST_WD_0.01-20_ConsGalerkinProj_Drift_Seed2_Second,SST,330,-3.986911e-04,-1.274264e-05,-8.000000e-06,-4.000000e-06,-5.554284e-05
RANS_SST_WD_0.01-20_ConsGalerkinProj_Drift_Seed2_Second,SST,331,-8.861148e-04,8.319234e-06,1.300000e-05,-4.000000e-06,-3.344237e-04
RANS_SST_WD_0.01-20_ConsGalerkinProj_Drift_Seed2_Second,SST,332,-9.375683e-04,2.532444e-05,3.000000e-05,-4.000000e-06,-3.257698e-04
RANS_SST_WD_0.01-20_ConsGalerkinProj_Drift_Seed2_Second,SST,333,-8.671651e-04,2.665280e-05,3.100000e-05,-4.000000e-06,-2.288334e-04
RANS_SST_WD_0.01-20_ConsGalerkinProj_Drift_Seed2_Second,SST,334,-7.597595e-04,3.052127e-05,3.400000e-05,-3.000000e-06,-1.913941e-04
RANS_SST_WD_0.01-20_ConsGalerkinProj_Drift_Seed2_Second,SST,335,-6.454432e-04,4.382394e-05,4.700000e-05,-3.000000e-06,-1.834255e-04
RANS_SST_WD_0.01-20_ConsGalerkinProj_Drift_Seed2_Second,SST,336,-5.719430e-04,5.691808e-05,5.900000e-05,-1.000000e-06,-1.815588e-04
RANS_SST_WD_0.01-20_ConsGalerkinProj_Drift_Seed2_Second,SST,337,-5.275433e-04,6.296351e-05,6.300000e-05,0.000000e+00,-1.590039e-04
RANS_SST_WD_0.01-20_ConsGalerkinProj_Drift_Seed2_Second,SST,338,-4.778213e-04,6.497616e-05,6.300000e-05,2.000000e-06,-1.125252e-04
RANS_SST_WD_0.01-20_ConsGalerkinProj_Drift_Seed2_Second,SST,339,-3.898391e-04,6.921607e-05,6.500000e-05,4.000000e-06,-5.317966e-05
RANS_SST_WD_0.01-20_ConsGalerkinProj_Drift_Seed2_Second,SST,340,-1.914405e-04,7.679694e-05,7.100000e-05,7.000000e-06,6.896376e-05
RANS_SST_WD_0.01-20_ConsGalerkinProj_Drift_Seed2_Second,SST,341,-5.121440e-05,8.075389e-05,7.200000e-05,9.000000e-06,1.615829e-04
RANS_SST_WD_0.01-20_ConsGalerkinProj_Drift_Seed2_Second,SST,342,8.965500e-06,8.582948e-05,7.500000e-05,1.100000e-05,1.739992e-04
RANS_SST_WD_0.01-20_ConsGalerkinProj_Drift_Seed2_Second,SST,343,-5.490900e-05,8.288981e-05,7.100000e-05,1.200000e-05,1.071682e-04
RANS_SST_WD_0.01-20_ConsGalerkinProj_Drift_Seed2_Second,SST,344,-2.201328e-04,6.699131e-05,5.400000e-05,1.400000e-05,3.490406e-06
RANS_SST_WD_0.01-20_ConsGalerkinProj_Drift_Seed2_Second,SST,345,-4.366913e-04,4.390111e-05,3.000000e-05,1.400000e-05,-1.027070e-04
RANS_SST_WD_0.01-20_ConsGalerkinProj_Drift_Seed2_Second,SST,346,-6.576376e-04,2.285255e-05,9.000000e-06,1.400000e-05,-1.979944e-04
RANS_SST_WD_0.01-20_ConsGalerkinProj_Drift_Seed2_Second,SST,347,-8.325921e-04,8.520039e-06,-5.000000e-06,1.400000e-05,-2.705696e-04
RANS_SST_WD_0.01-20_ConsGalerkinProj_Drift_Seed2_Second,SST,348,-9.441287e-04,1.338611e-06,-1.000000e-05,1.200000e-05,-3.140697e-04
RANS_SST_WD_0.01-20_ConsGalerkinProj_Drift_Seed2_Second,SST,349,-1.010463e-03,-2.312853e-06,-1.200000e-05,1.000000e-05,-3.457900e-04
RANS_SST_WD_0.01-20_ConsGalerkinProj_Drift_Seed2_Second,SST,350,-9.259805e-04,4.624440e-07,-7.000000e-06,8.000000e-06,-3.212954e-04
RANS_SST_WD_0.01-20_ConsGalerkinProj_Drift_Seed2_Second,SST,351,-7.512050e-04,2.008408e-05,1.500000e-05,6.000000e-06,-2.351377e-04
RANS_SST_WD_0.01-20_ConsGalerkinProj_Drift_Seed2_Second,SST,352,-5.913504e-04,3.256736e-05,3.000000e-05,3.000000e-06,-1.391387e-04
RANS_SST_WD_0.01-20_ConsGalerkinProj_Drift_Seed2_Second,SST,353,-3.729111e-04,5.200456e-05,5.100000e-05,2.000000e-06,-3.446916e-05
RANS_SST_WD_0.01-20_ConsGalerkinProj_Drift_Seed2_Second,SST,354,-1.554889e-04,7.638659e-05,7.700000e-05,0.000000e+00,6.119265e-05
RANS_SST_WD_0.01-20_ConsGalerkinProj_Drift_Seed2_Second,SST,355,6.226300e-06,9.717865e-05,9.800000e-05,-1.000000e-06,1.190153e-04
RANS_SST_WD_0.01-20_ConsGalerkinProj_Drift_Seed2_Second,SST,356,6.699380e-05,1.044807e-04,1.060000e-04,-1.000000e-06,1.235584e-04
RANS_SST_WD_0.01-20_ConsGalerkinProj_Drift_Seed2_Second,SST,357,3.025640e-05,9.767574e-05,1.000000e-04,-2.000000e-06,8.926159e-05
RANS_SST_WD_0.01-20_ConsGalerkinProj_Drift_Seed2_Second,SST,358,-6.797620e-05,8.474686e-05,8.700000e-05,-2.000000e-06,4.159962e-05
RANS_SST_WD_0.01-20_ConsGalerkinProj_Drift_Seed2_Second,SST,359,-1.732766e-04,7.504295e-05,7.800000e-05,-2.000000e-06,5.669702e-06
RANS_SST_WD_0.01-20_ConsGalerkinProj_Drift_Seed2_Second,SST,360,-3.633152e-04,6.317263e-05,6.600000e-05,-2.000000e-06,-6.979245e-05
RANS_SST_WD_0.01-20_ConsGalerkinProj_Drift_Seed2_Second,SST,361,-4.871721e-04,4.877966e-05,5.100000e-05,-2.000000e-06,-1.034661e-04
RANS_SST_WD_0.01-20_ConsGalerkinProj_Drift_Seed2_Second,SST,362,-5.495569e-04,3.753272e-05,4.000000e-05,-2.000000e-06,-1.113736e-04
RANS_SST_WD_0.01-20_ConsGalerkinProj_Drift_Seed2_Second,SST,363,-5.602983e-04,4.269060e-05,4.500000e-05,-2.000000e-06,-1.019156e-04
RANS_SST_WD_0.01-20_ConsGalerkinProj_Drift_Seed2_Second,SST,364,-5.492594e-04,5.250719e-05,5.500000e-05,-2.000000e-06,-9.237186e-05
RANS_SST_WD_0.01-20_ConsGalerkinProj_Drift_Seed2_Second,SST,365,-5.172369e-04,6.040665e-05,6.300000e-05,-2.000000e-06,-8.718841e-05
RANS_SST_WD_0.01-20_ConsGalerkinProj_Drift_Seed2_Second,SST,366,-4.749709e-04,6.575373e-05,6.900000e-05,-2.000000e-06,-7.621639e-05
RANS_SST_WD_0.01-20_ConsGalerkinProj_Drift_Seed2_Second,SST,367,-4.367151e-04,6.899050e-05,7.200000e-05,-2.000000e-06,-6.044990e-05
RANS_SST_WD_0.01-20_ConsGalerkinProj_Drift_Seed2_Second,SST,368,-4.166278e-04,6.922731e-05,7.200000e-05,-2.000000e-06,-4.960271e-05
RANS_SST_WD_0.01-20_ConsGalerkinProj_Drift_Seed2_Second,SST,369,-4.200486e-04,6.700228e-05,7.000000e-05,-2.000000e-06,-5.292008e-05
RANS_SST_WD_0.01-20_ConsGalerkinProj_Drift_Seed2_Second,SST,370,-4.379676e-04,7.096618e-05,7.400000e-05,-3.000000e-06,-7.163730e-05
RANS_SST_WD_0.01-20_ConsGalerkinProj_Drift_Seed2_Second,SST,371,-4.492377e-04,7.994536e-05,8.300000e-05,-2.000000e-06,-8.830794e-05
RANS_SST_WD_0.01-20_ConsGalerkinProj_Drift_Seed2_Second,SST,372,-4.667346e-04,7.359382e-05,7.600000e-05,-2.000000e-06,-1.026134e-04
RANS_SST_WD_0.01-20_ConsGalerkinProj_Drift_Seed2_Second,SST,373,-4.550242e-04,6.745306e-05,7.000000e-05,-2.000000e-06,-9.230141e-05
RANS_SST_WD_0.01-20_ConsGalerkinProj_Drift_Seed2_Second,SST,374,-4.088904e-04,7.112948e-05,7.300000e-05,-2.000000e-06,-6.716801e-05
RANS_SST_WD_0.01-20_ConsGalerkinProj_Drift_Seed2_Second,SST,375,-3.465066e-04,7.969422e-05,8.200000e-05,-2.000000e-06,-4.255114e-05
RANS_SST_WD_0.01-20_ConsGalerkinProj_Drift_Seed2_Second,SST,376,-2.865620e-04,8.863006e-05,9.000000e-05,-1.000000e-06,-2.521232e-05
RANS_SST_WD_0.01-20_ConsGalerkinProj_Drift_Seed2_Second,SST,377,-2.529520e-04,9.537958e-05,9.700000e-05,-1.000000e-06,-1.657739e-05
RANS_SST_WD_0.01-20_ConsGalerkinProj_Drift_Seed2_Second,SST,378,-2.522813e-04,9.453998e-05,9.600000e-05,-1.000000e-06,-2.183642e-05
RANS_SST_WD_0.01-20_ConsGalerkinProj_Drift_Seed2_Second,SST,379,-2.680633e-04,8.870973e-05,9.000000e-05,-1.000000e-06,-3.341474e-05
RANS_SST_WD_0.01-20_ConsGalerkinProj_Drift_Seed2_Second,SST,380,-3.196521e-04,6.447283e-05,6.500000e-05,0.000000e+00,-7.172365e-05
RANS_SST_WD_0.01-20_ConsGalerkinProj_Drift_Seed2_Second,SST,381,-3.252859e-04,6.352435e-05,6.400000e-05,0.000000e+00,-4.648073e-05
RANS_SST_WD_0.01-20_ConsGalerkinProj_Drift_Seed2_Second,SST,382,-3.658495e-04,5.621460e-05,5.600000e-05,0.000000e+00,-6.031778e-05
RANS_SST_WD_0.01-20_ConsGalerkinProj_Drift_Seed2_Second,SST,383,-3.447551e-04,5.677471e-05,5.700000e-05,0.000000e+00,-7.051262e-05
RANS_SST_WD_0.01-20_ConsGalerkinProj_Drift_Seed2_Second,SST,384,-3.027952e-04,5.974415e-05,6.000000e-05,1.000000e-06,-6.066081e-05
RANS_SST_WD_0.01-20_ConsGalerkinProj_Drift_Seed2_Second,SST,385,-2.683295e-04,6.416708e-05,6.400000e-05,1.000000e-06,-4.139402e-05
RANS_SST_WD_0.01-20_ConsGalerkinProj_Drift_Seed2_Second,SST,386,-2.364391e-04,6.972666e-05,6.900000e-05,1.000000e-06,-2.618071e-05
RANS_SST_WD_0.01-20_ConsGalerkinProj_Drift_Seed2_Second,SST,387,-2.333670e-04,6.981647e-05,6.900000e-05,1.000000e-06,-2.624291e-05
RANS_SST_WD_0.01-20_ConsGalerkinProj_Drift_Seed2_Second,SST,388,-2.499363e-04,6.896554e-05,6.800000e-05,1.000000e-06,-3.179218e-05
RANS_SST_WD_0.01-20_ConsGalerkinProj_Drift_Seed2_Second,SST,389,-2.797849e-04,6.962288e-05,6.900000e-05,1.000000e-06,-3.530123e-05
RANS_SST_WD_0.01-20_ConsGalerkinProj_Drift_Seed2_Second,SST,390,-2.553280e-04,6.751001e-05,6.700000e-05,1.000000e-06,3.290125e-06
RANS_SST_WD_0.01-20_ConsGalerkinProj_Drift_Seed2_Second,SST,391,-2.400746e-04,8.213455e-05,8.200000e-05,1.000000e-06,3.556478e-05
RANS_SST_WD_0.01-20_ConsGalerkinProj_Drift_Seed2_Second,SST,392,-3.302008e-04,8.130219e-05,8.100000e-05,1.000000e-06,-3.745898e-06
RANS_SST_WD_0.01-20_ConsGalerkinProj_Drift_Seed2_Second,SST,393,-4.770391e-04,6.523688e-05,6.500000e-05,1.000000e-06,-9.173961e-05
RANS_SST_WD_0.01-20_ConsGalerkinProj_Drift_Seed2_Second,SST,394,-6.203626e-04,4.666158e-05,4.600000e-05,1.000000e-06,-1.745786e-04
RANS_SST_WD_0.01-20_ConsGalerkinProj_Drift_Seed2_Second,SST,395,-7.588179e-04,2.892405e-05,2.800000e-05,1.000000e-06,-2.371074e-04
RANS_SST_WD_0.01-20_ConsGalerkinProj_Drift_Seed2_Second,SST,396,-8.598994e-04,1.491531e-05,1.400000e-05,1.000000e-06,-2.768030e-04
RANS_SST_WD_0.01-20_ConsGalerkinProj_Drift_Seed2_Second,SST,397,-8.868955e-04,1.034635e-05,9.000000e-06,1.000000e-06,-2.805761e-04
RANS_SST_WD_0.01-20_ConsGalerkinProj_Drift_Seed2_Second,SST,398,-8.347883e-04,1.635282e-05,1.500000e-05,2.000000e-06,-2.476934e-04
RANS_SST_WD_0.01-20_ConsGalerkinProj_Drift_Seed2_Second,SST,399,-7.129209e-04,3.131133e-05,3.000000e-05,2.000000e-06,-1.877062e-04
RANS_SST_WD_0.01-20_NN_Drift_Second,SST,2,0.000000e+00,0.000000e+00,0.000000e+00,0.000000e+00,0.000000e+00
RANS_SST_WD_0.01-20_NN_Drift_Second,SST,3,0.000000e+00,0.000000e+00,0.000000e+00,0.000000e+00,0.000000e+00
RANS_SST_WD_0.01-20_NN_Drift_Second,SST,4,0.000000e+00,0.000000e+00,0.000000e+00,0.000000e+00,0.000000e+00
RANS_SST_WD_0.01-20_NN_Drift_Second,SST,5,0.000000e+00,0.000000e+00,0.000000e+00,0.000000e+00,0.000000e+00
RANS_SST_WD_0.01-20_NN_Drift_Second,SST,6,0.000000e+00,0.000000e+00,0.000000e+00,0.000000e+00,0.000000e+00
RANS_SST_WD_0.01-20_NN_Drift_Second,SST,7,0.000000e+00,0.000000e+00,0.000000e+00,0.000000e+00,0.000000e+00
RANS_SST_WD_0.01-20_NN_Drift_Second,SST,8,0.000000e+00,0.000000e+00,0.000000e+00,0.000000e+00,0.000000e+00
RANS_SST_WD_0.01-20_NN_Drift_Second,SST,9,0.000000e+00,0.000000e+00,0.000000e+00,0.000000e+00,0.000000e+00
RANS_SST_WD_0.01-20_NN_Drift_Second,SST,10,-2.599160e-05,2.928807e-05,2.900000e-05,0.000000e+00,-3.626053e-06
RANS_SST_WD_0.01-20_NN_Drift_Second,SST,11,-4.201340e-05,4.388779e-05,4.400000e-05,0.000000e+00,-1.600778e-05
RANS_SST_WD_0.01-20_NN_Drift_Second,SST,12,-6.164840e-05,3.916744e-05,3.900000e-05,0.000000e+00,-4.184622e-05
RANS_SST_WD_0.01-20_NN_Drift_Second,SST,13,-6.273140e-05,3.119745e-05,3.100000e-05,0.000000e+00,-5.442524e-05
RANS_SST_WD_0.01-20_NN_Drift_Second,SST,14,-5.173730e-05,2.787464e-05,2.800000e-05,0.000000e+00,-4.642847e-05
RANS_SST_WD_0.01-20_NN_Drift_Second,SST,15,-4.507570e-05,2.885759e-05,2.900000e-05,0.000000e+00,-3.488714e-05
RANS_SST_WD_0.01-20_NN_Drift_Second,SST,16,-3.845050e-05,3.319145e-05,3.400000e-05,0.000000e+00,-2.632270e-05
RANS_SST_WD_0.01-20_NN_Drift_Second,SST,17,-2.897380e-05,3.791541e-05,3.800000e-05,0.000000e+00,-2.127256e-05
RANS_SST_WD_0.01-20_NN_Drift_Second,SST,18,-9.469100e-06,4.146005e-05,4.200000e-05,0.000000e+00,-1.356238e-05
RANS_SST_WD_0.01-20_NN_Drift_Second,SST,19,1.610210e-05,4.403699e-05,4.500000e-05,0.000000e+00,-1.676180e-06
RANS_SST_WD_0.01-20_NN_Drift_Second,SST,20,1.862750e-04,5.362088e-05,5.500000e-05,-1.000000e-06,9.084491e-05
RANS_SST_WD_0.01-20_NN_Drift_Second,SST,21,3.326028e-04,6.622769e-05,6.700000e-05,-1.000000e-06,1.670822e-04
RANS_SST_WD_0.01-20_NN_Drift_Second,SST,22,3.873350e-04,7.692109e-05,7.800000e-05,-1.000000e-06,1.817097e-04
RANS_SST_WD_0.01-20_NN_Drift_Second,SST,23,3.745880e-04,8.467480e-05,8.600000e-05,-1.000000e-06,1.624584e-04
RANS_SST_WD_0.01-20_NN_Drift_Second,SST,24,3.139754e-04,8.291535e-05,8.400000e-05,-1.000000e-06,1.197617e-04
RANS_SST_WD_0.01-20_NN_Drift_Second,SST,25,2.225469e-04,7.055691e-05,7.200000e-05,-1.000000e-06,6.944929e-05
RANS_SST_WD_0.01-20_NN_Drift_Second,SST,26,1.390049e-04,5.567948e-05,5.700000e-05,-1.000000e-06,3.894633e-05
RANS_SST_WD_0.01-20_NN_Drift_Second,SST,27,1.064656e-04,4.772736e-05,4.900000e-05,-1.000000e-06,3.992889e-05
RANS_SST_WD_0.01-20_NN_Drift_Second,SST,28,1.369409e-04,5.174867e-05,5.300000e-05,-1.000000e-06,6.472319e-05
RANS_SST_WD_0.01-20_NN_Drift_Second,SST,29,2.183246e-04,6.489026e-05,6.600000e-05,-1.000000e-06,1.012214e-04
RANS_SST_WD_0.01-20_NN_Drift_Second,SST,30,1.806121e-04,6.505372e-05,6.600000e-05,-1.000000e-06,1.071940e-04
RANS_SST_WD_0.01-20_NN_Drift_Second,SST,31,1.889806e-04,7.642940e-05,7.800000e-05,-1.000000e-06,9.725073e-05
RANS_SST_WD_0.01-20_NN_Drift_Second,SST,32,1.556469e-04,6.983425e-05,7.100000e-05,-1.000000e-06,7.775760e-05
RANS_SST_WD_0.01-20_NN_Drift_Second,SST,33,1.661411e-04,6.751338e-05,6.900000e-05,-1.000000e-06,8.766679e-05
RANS_SST_WD_0.01-20_NN_Drift_Second,SST,34,1.997012e-04,7.218106e-05,7.400000e-05,-1.000000e-06,1.168179e-04
RANS_SST_WD_0.01-20_NN_Drift_Second,SST,35,2.294598e-04,8.206818e-05,8.400000e-05,-1.000000e-06,1.442631e-04
RANS_SST_WD_0.01-20_NN_Drift_Second,SST,36,2.376597e-04,8.999412e-05,9.200000e-05,-1.000000e-06,1.448859e-04
RANS_SST_WD_0.01-20_NN_Drift_Second,SST,37,2.134967e-04,8.964381e-05,9.100000e-05,-1.000000e-06,1.147957e-04
RANS_SST_WD_0.01-20_NN_Drift_Second,SST,38,1.509649e-04,7.923002e-05,8.100000e-05,-1.000000e-06,6.537263e-05
RANS_SST_WD_0.01-20_NN_Drift_Second,SST,39,6.055420e-05,6.339235e-05,6.500000e-05,-1.000000e-06,1.464632e-05
RANS_SST_WD_0.01-20_NN_Drift_Second,SST,40,-1.624000e-05,4.735281e-05,4.900000e-05,-1.000000e-06,-2.575636e-05
RANS_SST_WD_0.01-20_NN_Drift_Second,SST,41,-4.947400e-05,5.484150e-05,5.600000e-05,-1.000000e-06,-7.252950e-06
RANS_SST_WD_0.01-20_NN_Drift_Second,SST,42,-4.975650e-05,5.385121e-05,5.500000e-05,-1.000000e-06,-4.396379e-06
RANS_SST_WD_0.01-20_NN_Drift_Second,SST,43,-2.861200e-06,5.544581e-05,5.700000e-05,-1.000000e-06,8.650310e-06
RANS_SST_WD_0.01-20_NN_Drift_Second,SST,44,8.474350e-05,6.595822e-05,6.700000e-05,-1.000000e-06,4.448393e-05
RANS_SST_WD_0.01-20_NN_Drift_Second,SST,45,1.753810e-04,7.950753e-05,8.100000e-05,-1.000000e-06,8.447550e-05
RANS_SST_WD_0.01-20_NN_Drift_Second,SST,46,2.343559e-04,8.824102e-05,8.900000e-05,-1.000000e-06,1.051302e-04
RANS_SST_WD_0.01-20_NN_Drift_Second,SST,47,2.297488e-04,8.572669e-05,8.700000e-05,-1.000000e-06,9.325853e-05
RANS_SST_WD_0.01-20_NN_Drift_Second,SST,48,1.599425e-04,7.516772e-05,7.600000e-05,-1.000000e-06,5.631701e-05
RANS_SST_WD_0.01-20_NN_Drift_Second,SST,49,6.578520e-05,6.405258e-05,6.500000e-05,0.000000e+00,1.255019e-05
RANS_SST_WD_0.01-20_NN_Drift_Second,SST,50,-5.065110e-05,5.639089e-05,5.700000e-05,0.000000e+00,-6.324772e-05
RANS_SST_WD_0.01-20_NN_Drift_Second,SST,51,-9.459450e-05,4.493686e-05,4.500000e-05,0.000000e+00,-8.337628e-05
RANS_SST_WD_0.01-20_NN_Drift_Second,SST,52,-6.749160e-05,5.135497e-05,5.200000e-05,0.000000e+00,-4.863538e-05
RANS_SST_WD_0.01-20_NN_Drift_Second,SST,53,-3.998780e-05,6.141509e-05,6.100000e-05,0.000000e+00,-2.031196e-05
RANS_SST_WD_0.01-20_NN_Drift_Second,SST,54,-4.131700e-05,6.872283e-05,6.800000e-05,1.000000e-06,-2.207246e-05
RANS_SST_WD_0.01-20_NN_Drift_Second,SST,55,-8.425890e-05,6.865853e-05,6.800000e-05,1.000000e-06,-5.141089e-05
RANS_SST_WD_0.01-20_NN_Drift_Second,SST,56,-1.628680e-04,6.044304e-05,6.000000e-05,1.000000e-06,-9.191710e-05
RANS_SST_WD_0.01-20_NN_Drift_Second,SST,57,-2.488133e-04,4.992970e-05,4.900000e-05,2.000000e-06,-1.184112e-04
RANS_SST_WD_0.01-20_NN_Drift_Second,SST,58,-3.073851e-04,4.459612e-05,4.300000e-05,2.000000e-06,-1.185626e-04
RANS_SST_WD_0.01-20_NN_Drift_Second,SST,59,-3.065654e-04,4.763060e-05,4.600000e-05,2.000000e-06,-9.744734e-05
RANS_SST_WD_0.01-20_NN_Drift_Second,SST,60,-2.101991e-04,6.202339e-05,6.000000e-05,3.000000e-06,1.961373e-05
RANS_SST_WD_0.01-20_NN_Drift_Second,SST,61,-1.202070e-04,7.246221e-05,7.000000e-05,3.000000e-06,7.999592e-05
RANS_SST_WD_0.01-20_NN_Drift_Second,SST,62,-4.165840e-05,7.723479e-05,7.500000e-05,3.000000e-06,8.475565e-05
RANS_SST_WD_0.01-20_NN_Drift_Second,SST,63,1.677330e-05,7.538948e-05,7.300000e-05,3.000000e-06,6.133934e-05
RANS_SST_WD_0.01-20_NN_Drift_Second,SST,64,9.305670e-05,7.788620e-05,7.500000e-05,3.000000e-06,7.382359e-05
RANS_SST_WD_0.01-20_NN_Drift_Second,SST,65,1.943031e-04,8.043037e-05,7.800000e-05,3.000000e-06,1.148095e-04
RANS_SST_WD_0.01-20_NN_Drift_Second,SST,66,3.364292e-04,8.618377e-05,8.400000e-05,3.000000e-06,1.825953e-04
RANS_SST_WD_0.01-20_NN_Drift_Second,SST,67,4.742835e-04,9.378234e-05,9.100000e-05,3.000000e-06,2.416692e-04
RANS_SST_WD_0.01-20_NN_Drift_Second,SST,68,5.725417e-04,1.033411e-04,1.010000e-04,3.000000e-06,2.696900e-04
RANS_SST_WD_0.01-20_NN_Drift_Second,SST,69,6.078632e-04,1.092035e-04,1.070000e-04,3.000000e-06,2.624692e-04
RANS_SST_WD_0.01-20_NN_Drift_Second,SST,70,3.998465e-04,7.272185e-05,7.100000e-05,2.000000e-06,9.660213e-05
RANS_SST_WD_0.01-20_NN_Drift_Second,SST,71,1.644110e-04,5.106583e-05,5.000000e-05,2.000000e-06,-1.837055e-07
RANS_SST_WD_0.01-20_NN_Drift_Second,SST,72,-3.546880e-05,2.485277e-05,2.400000e-05,2.000000e-06,-6.700381e-05
RANS_SST_WD_0.01-20_NN_Drift_Second,SST,73,-1.847938e-04,9.891956e-06,9.000000e-06,2.000000e-06,-1.103016e-04
RANS_SST_WD_0.01-20_NN_Drift_Second,SST,74,-2.820018e-04,8.568608e-06,7.000000e-06,2.000000e-06,-1.340717e-04
RANS_SST_WD_0.01-20_NN_Drift_Second,SST,75,-3.401393e-04,1.275885e-05,1.200000e-05,2.000000e-06,-1.478668e-04
RANS_SST_WD_0.01-20_NN_Drift_Second,SST,76,-3.467028e-04,2.037679e-05,1.900000e-05,2.000000e-06,-1.429795e-04
RANS_SST_WD_0.01-20_NN_Drift_Second,SST,77,-3.216065e-04,2.799607e-05,2.700000e-05,2.000000e-06,-1.231077e-04
RANS_SST_WD_0.01-20_NN_Drift_Second,SST,78,-2.849114e-04,3.386120e-05,3.300000e-05,2.000000e-06,-9.942406e-05
RANS_SST_WD_0.01-20_NN_Drift_Second,SST,79,-2.436929e-04,3.781667e-05,3.700000e-05,2.000000e-06,-7.798240e-05
RANS_SST_WD_0.01-20_NN_Drift_Second,SST,80,9.631990e-05,6.591835e-05,6.500000e-05,1.000000e-06,1.558207e-04
RANS_SST_WD_0.01-20_NN_Drift_Second,SST,81,3.613914e-04,9.706690e-05,9.600000e-05,1.000000e-06,2.793348e-04
RANS_SST_WD_0.01-20_NN_Drift_Second,SST,82,4.904494e-04,1.114792e-04,1.110000e-04,1.000000e-06,3.027089e-04
RANS_SST_WD_0.01-20_NN_Drift_Second,SST,83,5.326457e-04,1.183195e-04,1.180000e-04,1.000000e-06,2.851000e-04
RANS_SST_WD_0.01-20_NN_Drift_Second,SST,84,5.209731e-04,1.173587e-04,1.170000e-04,1.000000e-06,2.471088e-04
RANS_SST_WD_0.01-20_NN_Drift_Second,SST,85,4.728477e-04,1.113713e-04,1.110000e-04,0.000000e+00,2.224262e-04
RANS_SST_WD_0.01-20_NN_Drift_Second,SST,86,3.997898e-04,1.004701e-04,1.010000e-04,0.000000e+00,1.957018e-04
RANS_SST_WD_0.01-20_NN_Drift_Second,SST,87,3.197231e-04,8.927811e-05,9.000000e-05,0.000000e+00,1.658185e-04
RANS_SST_WD_0.01-20_NN_Drift_Second,SST,88,2.353705e-04,7.863691e-05,7.900000e-05,0.000000e+00,1.292386e-04
RANS_SST_WD_0.01-20_NN_Drift_Second,SST,89,1.559350e-04,6.832040e-05,6.900000e-05,0.000000e+00,8.903450e-05
RANS_SST_WD_0.01-20_NN_Drift_Second,SST,90,-1.920310e-04,2.847683e-05,2.900000e-05,0.000000e+00,-1.479817e-04
RANS_SST_WD_0.01-20_NN_Drift_Second,SST,91,-4.087907e-04,3.901803e-06,4.000000e-06,0.000000e+00,-2.550790e-04
RANS_SST_WD_0.01-20_NN_Drift_Second,SST,92,-4.909827e-04,-1.974758e-06,-2.000000e-06,0.000000e+00,-2.399985e-04
RANS_SST_WD_0.01-20_NN_Drift_Second,SST,93,-4.391687e-04,1.062119e-05,1.000000e-05,1.000000e-06,-1.679617e-04
RANS_SST_WD_0.01-20_NN_Drift_Second,SST,94,-2.888314e-04,3.036314e-05,3.000000e-05,1.000000e-06,-8.367113e-05
RANS_SST_WD_0.01-20_NN_Drift_Second,SST,95,-1.127540e-04,4.768115e-05,4.700000e-05,1.000000e-06,-1.489488e-05
RANS_SST_WD_0.01-20_NN_Drift_Second,SST,96,3.024380e-05,6.111122e-05,6.000000e-05,2.000000e-06,2.573193e-05
RANS_SST_WD_0.01-20_NN_Drift_Second,SST,97,8.302350e-05,6.514802e-05,6.400000e-05,2.000000e-06,2.482281e-05
RANS_SST_WD_0.01-20_NN_Drift_Second,SST,98,4.649530e-05,5.899196e-05,5.800000e-05,2.000000e-06,-9.642032e-06
RANS_SST_WD_0.01-20_NN_Drift_Second,SST,99,-2.615680e-05,5.142716e-05,5.000000e-05,2.000000e-06,-4.738159e-05
RANS_SST_WD_0.01-20_NN_Drift_Second,SST,100,-5.516170e-05,5.690501e-05,5.500000e-05,2.000000e-06,-5.666662e-05
RANS_SST_WD_0.01-20_NN_Drift_Second,SST,101,-9.127940e-05,4.648459e-05,4.500000e-05,2.000000e-06,-5.144146e-05
RANS_SST_WD_0.01-20_NN_Drift_Second,SST,102,-1.540061e-04,4.061446e-05,3.900000e-05,2.000000e-06,-6.210239e-05
RANS_SST_WD_0.01-20_NN_Drift_Second,SST,103,-2.096496e-04,4.080999e-05,3.900000e-05,2.000000e-06,-7.659961e-05
RANS_SST_WD_0.01-20_NN_Drift_Second,SST,104,-2.337578e-04,4.797712e-05,4.600000e-05,2.000000e-06,-8.425134e-05
RANS_SST_WD_0.01-20_NN_Drift_Second,SST,105,-2.293391e-04,5.567664e-05,5.400000e-05,2.000000e-06,-9.019393e-05
RANS_SST_WD_0.01-20_NN_Drift_Second,SST,106,-2.096594e-04,6.080224e-05,5.900000e-05,2.000000e-06,-8.328601e-05
RANS_SST_WD_0.01-20_NN_Drift_Second,SST,107,-1.805279e-04,6.355415e-05,6.200000e-05,2.000000e-06,-6.199672e-05
RANS_SST_WD_0.01-20_NN_Drift_Second,SST,108,-1.486336e-04,7.160284e-05,7.000000e-05,2.000000e-06,-3.260651e-05
RANS_SST_WD_0.01-20_NN_Drift_Second,SST,109,-1.301130e-04,7.995895e-05,7.900000e-05,1.000000e-06,-1.657192e-05
RANS_SST_WD_0.01-20_NN_Drift_Second,SST,110,-2.322588e-04,4.151111e-05,4.100000e-05,1.000000e-06,-4.144376e-05
RANS_SST_WD_0.01-20_NN_Drift_Second,SST,111,-2.589090e-04,5.224130e-05,5.200000e-05,1.000000e-06,-2.561170e-05
RANS_SST_WD_0.01-20_NN_Drift_Second,SST,112,-2.740392e-04,5.714880e-05,5.700000e-05,1.000000e-06,-3.508806e-05
RANS_SST_WD_0.01-20_NN_Drift_Second,SST,113,-2.737564e-04,5.551398e-05,5.500000e-05,1.000000e-06,-5.113626e-05
RANS_SST_WD_0.01-20_NN_Drift_Second,SST,114,-2.709888e-04,5.362549e-05,5.300000e-05,1.000000e-06,-6.785992e-05
RANS_SST_WD_0.01-20_NN_Drift_Second,SST,115,-2.731674e-04,5.113013e-05,5.100000e-05,0.000000e+00,-8.463459e-05
RANS_SST_WD_0.01-20_NN_Drift_Second,SST,116,-2.884571e-04,4.423589e-05,4.400000e-05,0.000000e+00,-9.698657e-05
RANS_SST_WD_0.01-20_NN_Drift_Second,SST,117,-3.124866e-04,3.688014e-05,3.700000e-05,0.000000e+00,-1.051210e-04
RANS_SST_WD_0.01-20_NN_Drift_Second,SST,118,-3.117228e-04,3.417439e-05,3.400000e-05,0.000000e+00,-1.010501e-04
RANS_SST_WD_0.01-20_NN_Drift_Second,SST,119,-2.768674e-04,3.745671e-05,3.700000e-05,0.000000e+00,-8.556895e-05
RANS_SST_WD_0.01-20_NN_Drift_Second,SST,120,-8.678640e-05,6.889012e-05,6.900000e-05,0.000000e+00,2.238433e-05
RANS_SST_WD_0.01-20_NN_Drift_Second,SST,121,2.901000e-05,7.513657e-05,7.500000e-05,0.000000e+00,7.093993e-05
RANS_SST_WD_0.01-20_NN_Drift_Second,SST,122,1.182011e-04,7.713255e-05,7.700000e-05,0.000000e+00,9.954797e-05
RANS_SST_WD_0.01-20_NN_Drift_Second,SST,123,2.030636e-04,8.840796e-05,8.800000e-05,0.000000e+00,1.116981e-04
RANS_SST_WD_0.01-20_NN_Drift_Second,SST,124,2.476734e-04,9.533626e-05,9.500000e-05,1.000000e-06,1.149063e-04
RANS_SST_WD_0.01-20_NN_Drift_Second,SST,125,2.615974e-04,9.696009e-05,9.700000e-05,1.000000e-06,1.150545e-04
RANS_SST_WD_0.01-20_NN_Drift_Second,SST,126,2.696762e-04,9.574030e-05,9.600000e-05,1.000000e-06,1.142490e-04
RANS_SST_WD_0.01-20_NN_Drift_Second,SST,127,2.653030e-04,9.038214e-05,9.000000e-05,1.000000e-06,1.059859e-04
RANS_SST_WD_0.01-20_NN_Drift_Second,SST,128,2.324027e-04,8.257592e-05,8.200000e-05,1.000000e-06,8.135865e-05
RANS_SST_WD_0.01-20_NN_Drift_Second,SST,129,1.676897e-04,7.190712e-05,7.200000e-05,1.000000e-06,4.854281e-05
RANS_SST_WD_0.01-20_NN_Drift_Second,SST,130,1.084991e-04,5.575711e-05,5.500000e-05,1.000000e-06,3.583326e-05
RANS_SST_WD_0.01-20_NN_Drift_Second,SST,131,1.090741e-04,5.775846e-05,5.700000e-05,1.000000e-06,4.667259e-05
RANS_SST_WD_0.01-20_NN_Drift_Second,SST,132,6.209400e-05,5.521369e-05,5.400000e-05,1.000000e-06,2.269645e-05
RANS_SST_WD_0.01-20_NN_Drift_Second,SST,133,4.293130e-05,5.585967e-05,5.500000e-05,2.000000e-06,7.473618e-06
RANS_SST_WD_0.01-20_NN_Drift_Second,SST,134,7.817850e-05,6.304463e-05,6.200000e-05,2.000000e-06,2.070339e-05
RANS_SST_WD_0.01-20_NN_Drift_Second,SST,135,1.462881e-04,7.276803e-05,7.100000e-05,2.000000e-06,5.481385e-05
RANS_SST_WD_0.01-20_NN_Drift_Second,SST,136,1.841043e-04,7.987289e-05,7.800000e-05,2.000000e-06,7.846798e-05
RANS_SST_WD_0.01-20_NN_Drift_Second,SST,137,1.519486e-04,7.869060e-05,7.700000e-05,2.000000e-06,6.313009e-05
RANS_SST_WD_0.01-20_NN_Drift_Second,SST,138,7.358380e-05,7.444492e-05,7.300000e-05,2.000000e-06,2.276038e-05
RANS_SST_WD_0.01-20_NN_Drift_Second,SST,139,-4.710840e-05,6.920056e-05,6.800000e-05,2.000000e-06,-1.215142e-05
RANS_SST_WD_0.01-20_NN_Drift_Second,SST,140,-2.151086e-04,4.061905e-05,3.900000e-05,2.000000e-06,-8.696529e-05
RANS_SST_WD_0.01-20_NN_Drift_Second,SST,141,-3.179690e-04,3.236843e-05,3.100000e-05,2.000000e-06,-1.114404e-04
RANS_SST_WD_0.01-20_NN_Drift_Second,SST,142,-3.079461e-04,4.098937e-05,4.000000e-05,2.000000e-06,-9.735772e-05
RANS_SST_WD_0.01-20_NN_Drift_Second,SST,143,-2.705367e-04,4.446715e-05,4.300000e-05,2.000000e-06,-7.945843e-05
RANS_SST_WD_0.01-20_NN_Drift_Second,SST,144,-2.020112e-04,4.877826e-05,4.800000e-05,2.000000e-06,-3.986896e-05
RANS_SST_WD_0.01-20_NN_Drift_Second,SST,145,-9.635570e-05,5.928991e-05,5.800000e-05,2.000000e-06,1.723947e-05
RANS_SST_WD_0.01-20_NN_Drift_Second,SST,146,2.172470e-05,7.466832e-05,7.400000e-05,1.000000e-06,7.160818e-05
RANS_SST_WD_0.01-20_NN_Drift_Second,SST,147,1.318843e-04,9.101967e-05,9.000000e-05,1.000000e-06,1.062360e-04
RANS_SST_WD_0.01-20_NN_Drift_Second,SST,148,2.056811e-04,1.010353e-04,1.000000e-04,1.000000e-06,1.237111e-04
RANS_SST_WD_0.01-20_NN_Drift_Second,SST,149,2.354184e-04,1.055248e-04,1.050000e-04,1.000000e-06,1.301083e-04
RANS_SST_WD_0.01-20_NN_Drift_Second,SST,150,1.991168e-04,8.884855e-05,8.900000e-05,1.000000e-06,1.492845e-04
RANS_SST_WD_0.01-20_NN_Drift_Second,SST,151,9.050400e-05,8.055511e-05,8.000000e-05,1.000000e-06,1.136906e-04
RANS_SST_WD_0.01-20_NN_Drift_Second,SST,152,-4.169160e-05,6.459454e-05,6.500000e-05,0.000000e+00,4.287109e-05
RANS_SST_WD_0.01-20_NN_Drift_Second,SST,153,-1.587428e-04,5.286757e-05,5.300000e-05,0.000000e+00,-3.115956e-05
RANS_SST_WD_0.01-20_NN_Drift_Second,SST,154,-2.538987e-04,4.586392e-05,4.600000e-05,0.000000e+00,-7.955932e-05
RANS_SST_WD_0.01-20_NN_Drift_Second,SST,155,-3.189304e-04,4.341047e-05,4.300000e-05,1.000000e-06,-8.684345e-05
RANS_SST_WD_0.01-20_NN_Drift_Second,SST,156,-3.329527e-04,4.327451e-05,4.300000e-05,1.000000e-06,-6.568736e-05
RANS_SST_WD_0.01-20_NN_Drift_Second,SST,157,-2.988170e-04,4.291299e-05,4.300000e-05,1.000000e-06,-3.308116e-05
RANS_SST_WD_0.01-20_NN_Drift_Second,SST,158,-2.451601e-04,4.376045e-05,4.300000e-05,1.000000e-06,-3.868436e-06
RANS_SST_WD_0.01-20_NN_Drift_Second,SST,159,-2.021728e-04,4.657604e-05,4.600000e-05,1.000000e-06,1.408792e-05
RANS_SST_WD_0.01-20_NN_Drift_Second,SST,160,-1.960191e-04,5.129961e-05,5.100000e-05,1.000000e-06,1.136339e-05
RANS_SST_WD_0.01-20_NN_Drift_Second,SST,161,-1.803474e-04,5.846161e-05,5.800000e-05,1.000000e-06,1.617234e-05
RANS_SST_WD_0.01-20_NN_Drift_Second,SST,162,-2.074554e-04,5.816346e-05,5.800000e-05,1.000000e-06,-4.979380e-06
RANS_SST_WD_0.01-20_NN_Drift_Second,SST,163,-2.144228e-04,5.001239e-05,5.000000e-05,1.000000e-06,-2.786256e-05
RANS_SST_WD_0.01-20_NN_Drift_Second,SST,164,-1.885815e-04,4.670312e-05,4.600000e-05,1.000000e-06,-2.472889e-05
RANS_SST_WD_0.01-20_NN_Drift_Second,SST,165,-1.655992e-04,4.846272e-05,4.800000e-05,1.000000e-06,-1.132529e-05
RANS_SST_WD_0.01-20_NN_Drift_Second,SST,166,-1.603864e-04,4.597477e-05,4.600000e-05,1.000000e-06,-1.844945e-05
RANS_SST_WD_0.01-20_NN_Drift_Second,SST,167,-1.858078e-04,3.730603e-05,3.700000e-05,1.000000e-06,-5.069690e-05
RANS_SST_WD_0.01-20_NN_Drift_Second,SST,168,-2.345104e-04,2.714983e-05,2.700000e-05,1.000000e-06,-9.181193e-05
RANS_SST_WD_0.01-20_NN_Drift_Second,SST,169,-3.002847e-04,1.848727e-05,1.800000e-05,1.000000e-06,-1.226716e-04
RANS_SST_WD_0.01-20_NN_Drift_Second,SST,170,-3.754111e-04,-1.449659e-06,-2.000000e-06,1.000000e-06,-1.676767e-04
RANS_SST_WD_0.01-20_NN_Drift_Second,SST,171,-3.863362e-04,2.694567e-06,3.000000e-06,1.000000e-06,-1.436142e-04
RANS_SST_WD_0.01-20_NN_Drift_Second,SST,172,-3.179599e-04,1.611403e-05,1.600000e-05,0.000000e+00,-8.729274e-05
RANS_SST_WD_0.01-20_NN_Drift_Second,SST,173,-1.640735e-04,3.578302e-05,3.600000e-05,0.000000e+00,-2.205925e-05
RANS_SST_WD_0.01-20_NN_Drift_Second,SST,174,1.985850e-05,6.107415e-05,6.100000e-05,0.000000e+00,5.616638e-05
RANS_SST_WD_0.01-20_NN_Drift_Second,SST,175,1.574648e-04,8.320057e-05,8.400000e-05,0.000000e+00,1.164278e-04
RANS_SST_WD_0.01-20_NN_Drift_Second,SST,176,2.034859e-04,9.326822e-05,9.400000e-05,0.000000e+00,1.253199e-04
RANS_SST_WD_0.01-20_NN_Drift_Second,SST,177,1.547944e-04,8.829211e-05,8.900000e-05,0.000000e+00,8.938496e-05
RANS_SST_WD_0.01-20_NN_Drift_Second,SST,178,6.853430e-05,7.758474e-05,7.800000e-05,0.000000e+00,4.407416e-05
RANS_SST_WD_0.01-20_NN_Drift_Second,SST,179,-3.893600e-06,6.659553e-05,6.700000e-05,0.000000e+00,1.702650e-05
RANS_SST_WD_0.01-20_NN_Drift_Second,SST,180,2.402060e-05,6.415797e-05,6.500000e-05,0.000000e+00,4.003790e-05
RANS_SST_WD_0.01-20_NN_Drift_Second,SST,181,4.880750e-05,6.972900e-05,7.100000e-05,0.000000e+00,7.931563e-05
RANS_SST_WD_0.01-20_NN_Drift_Second,SST,182,8.875220e-05,7.773559e-05,7.800000e-05,0.000000e+00,8.034441e-05
RANS_SST_WD_0.01-20_NN_Drift_Second,SST,183,1.111949e-04,8.630115e-05,8.700000e-05,0.000000e+00,6.209153e-05
RANS_SST_WD_0.01-20_NN_Drift_Second,SST,184,8.409800e-05,8.507241e-05,8.500000e-05,0.000000e+00,2.755804e-05
RANS_SST_WD_0.01-20_NN_Drift_Second,SST,185,3.130660e-05,7.764819e-05,7.800000e-05,0.000000e+00,-8.210655e-06
RANS_SST_WD_0.01-20_NN_Drift_Second,SST,186,-3.446080e-05,6.596868e-05,6.600000e-05,1.000000e-06,-3.833461e-05
RANS_SST_WD_0.01-20_NN_Drift_Second,SST,187,-7.852730e-05,5.764516e-05,5.700000e-05,1.000000e-06,-5.755029e-05
RANS_SST_WD_0.01-20_NN_Drift_Second,SST,188,-9.636960e-05,5.307838e-05,5.200000e-05,1.000000e-06,-5.763927e-05
RANS_SST_WD_0.01-20_NN_Drift_Second,SST,189,-8.666080e-05,5.189001e-05,5.100000e-05,1.000000e-06,-5.293729e-05
RANS_SST_WD_0.01-20_NN_Drift_Second,SST,190,-1.361592e-04,4.158709e-05,4.100000e-05,1.000000e-06,-2.608079e-05
RANS_SST_WD_0.01-20_NN_Drift_Second,SST,191,-1.820851e-04,3.889582e-05,3.800000e-05,1.000000e-06,-2.828449e-05
RANS_SST_WD_0.01-20_NN_Drift_Second,SST,192,-2.469060e-04,3.393127e-05,3.300000e-05,1.000000e-06,-5.800207e-05
RANS_SST_WD_0.01-20_NN_Drift_Second,SST,193,-2.410349e-04,3.726701e-05,3.600000e-05,1.000000e-06,-7.325172e-05
RANS_SST_WD_0.01-20_NN_Drift_Second,SST,194,-2.120965e-04,4.048200e-05,4.000000e-05,1.000000e-06,-6.995027e-05
RANS_SST_WD_0.01-20_NN_Drift_Second,SST,195,-2.000422e-04,4.292241e-05,4.200000e-05,1.000000e-06,-5.407291e-05
RANS_SST_WD_0.01-20_NN_Drift_Second,SST,196,-2.168941e-04,4.418294e-05,4.300000e-05,1.000000e-06,-5.619563e-05
RANS_SST_WD_0.01-20_NN_Drift_Second,SST,197,-2.470696e-04,4.884888e-05,4.800000e-05,1.000000e-06,-7.583632e-05
RANS_SST_WD_0.01-20_NN_Drift_Second,SST,198,-2.752947e-04,5.352786e-05,5.300000e-05,1.000000e-06,-9.856470e-05
RANS_SST_WD_0.01-20_NN_Drift_Second,SST,199,-2.941176e-04,5.319332e-05,5.300000e-05,1.000000e-06,-1.072333e-04
RANS_SST_WD_0.01-20_NN_Drift_Second,SST,200,-2.094505e-04,8.388326e-05,8.300000e-05,1.000000e-06,-2.639012e-05
RANS_SST_WD_0.01-20_NN_Drift_Second,SST,201,-1.305816e-04,9.696218e-05,9.700000e-05,1.000000e-06,5.826774e-05
RANS_SST_WD_0.01-20_NN_Drift_Second,SST,202,-4.024860e-05,1.096893e-04,1.090000e-04,1.000000e-06,1.146856e-04
RANS_SST_WD_0.01-20_NN_Drift_Second,SST,203,1.776220e-05,1.104879e-04,1.100000e-04,1.000000e-06,1.184329e-04
RANS_SST_WD_0.01-20_NN_Drift_Second,SST,204,5.214030e-05,1.106583e-04,1.110000e-04,0.000000e+00,1.076983e-04
RANS_SST_WD_0.01-20_NN_Drift_Second,SST,205,9.085000e-06,1.042708e-04,1.050000e-04,0.000000e+00,9.040767e-05
RANS_SST_WD_0.01-20_NN_Drift_Second,SST,206,-7.738810e-05,9.300689e-05,9.400000e-05,0.000000e+00,6.011427e-05
RANS_SST_WD_0.01-20_NN_Drift_Second,SST,207,-1.394863e-04,8.578350e-05,8.700000e-05,0.000000e+00,3.302168e-05
RANS_SST_WD_0.01-20_NN_Drift_Second,SST,208,-1.603418e-04,8.412065e-05,8.500000e-05,-1.000000e-06,2.320880e-05
RANS_SST_WD_0.01-20_NN_Drift_Second,SST,209,-1.383999e-04,8.571408e-05,8.700000e-05,-1.000000e-06,7.137049e-06
RANS_SST_WD_0.01-20_NN_Drift_Second,SST,210,-1.749512e-04,5.146662e-05,5.300000e-05,-1.000000e-06,-6.389221e-05
RANS_SST_WD_0.01-20_NN_Drift_Second,SST,211,-2.563515e-04,4.133241e-05,4.300000e-05,-2.000000e-06,-9.193174e-05
RANS_SST_WD_0.01-20_NN_Drift_Second,SST,212,-3.251584e-04,3.345271e-05,3.600000e-05,-2.000000e-06,-1.039598e-04
RANS_SST_WD_0.01-20_NN_Drift_Second,SST,213,-3.037727e-04,4.207600e-05,4.400000e-05,-2.000000e-06,-7.886998e-05
RANS_SST_WD_0.01-20_NN_Drift_Second,SST,214,-1.883560e-04,6.676507e-05,6.900000e-05,-2.000000e-06,-1.739430e-05
RANS_SST_WD_0.01-20_NN_Drift_Second,SST,215,-5.909360e-05,9.115449e-05,9.400000e-05,-2.000000e-06,3.151245e-05
RANS_SST_WD_0.01-20_NN_Drift_Second,SST,216,1.014360e-05,1.040259e-04,1.060000e-04,-2.000000e-06,5.253219e-05
RANS_SST_WD_0.01-20_NN_Drift_Second,SST,217,7.606100e-06,1.037200e-04,1.060000e-04,-2.000000e-06,4.579657e-05
RANS_SST_WD_0.01-20_NN_Drift_Second,SST,218,-5.907360e-05,9.538974e-05,9.700000e-05,-1.000000e-06,1.699965e-05
RANS_SST_WD_0.01-20_NN_Drift_Second,SST,219,-1.675008e-04,8.332063e-05,8.400000e-05,-1.000000e-06,-3.006523e-05
RANS_SST_WD_0.01-20_NN_Drift_Second,SST,220,-2.559709e-04,7.959692e-05,8.000000e-05,0.000000e+00,-3.788654e-06
RANS_SST_WD_0.01-20_NN_Drift_Second,SST,221,-3.037690e-04,7.570655e-05,7.600000e-05,0.000000e+00,-1.258230e-05
RANS_SST_WD_0.01-20_NN_Drift_Second,SST,222,-3.621713e-04,6.184113e-05,6.100000e-05,1.000000e-06,-7.267578e-05
RANS_SST_WD_0.01-20_NN_Drift_Second,SST,223,-4.353671e-04,4.477176e-05,4.400000e-05,2.000000e-06,-1.323436e-04
RANS_SST_WD_0.01-20_NN_Drift_Second,SST,224,-5.189027e-04,3.240321e-05,3.100000e-05,2.000000e-06,-1.855262e-04
RANS_SST_WD_0.01-20_NN_Drift_Second,SST,225,-5.734282e-04,2.808904e-05,2.600000e-05,3.000000e-06,-2.170681e-04
RANS_SST_WD_0.01-20_NN_Drift_Second,SST,226,-5.485357e-04,3.275023e-05,3.000000e-05,3.000000e-06,-2.068654e-04
RANS_SST_WD_0.01-20_NN_Drift_Second,SST,227,-4.268703e-04,4.384163e-05,4.100000e-05,3.000000e-06,-1.475507e-04
RANS_SST_WD_0.01-20_NN_Drift_Second,SST,228,-2.195039e-04,6.414840e-05,6.100000e-05,4.000000e-06,-4.322532e-05
RANS_SST_WD_0.01-20_NN_Drift_Second,SST,229,3.057790e-05,9.146712e-05,8.800000e-05,4.000000e-06,8.166426e-05
RANS_SST_WD_0.01-20_NN_Drift_Second,SST,230,2.206156e-04,1.041030e-04,1.010000e-04,3.000000e-06,1.737512e-04
RANS_SST_WD_0.01-20_NN_Drift_Second,SST,231,3.625494e-04,1.215325e-04,1.190000e-04,3.000000e-06,2.586714e-04
RANS_SST_WD_0.01-20_NN_Drift_Second,SST,232,4.424084e-04,1.323245e-04,1.300000e-04,3.000000e-06,2.734263e-04
RANS_SST_WD_0.01-20_NN_Drift_Second,SST,233,4.740030e-04,1.346055e-04,1.330000e-04,2.000000e-06,2.622187e-04
RANS_SST_WD_0.01-20_NN_Drift_Second,SST,234,4.223724e-04,1.250807e-04,1.240000e-04,2.000000e-06,2.219524e-04
RANS_SST_WD_0.01-20_NN_Drift_Second,SST,235,2.981514e-04,1.087324e-04,1.080000e-04,1.000000e-06,1.581921e-04
RANS_SST_WD_0.01-20_NN_Drift_Second,SST,236,1.281749e-04,8.797945e-05,8.800000e-05,1.000000e-06,7.962492e-05
RANS_SST_WD_0.01-20_NN_Drift_Second,SST,237,-3.414760e-05,6.913571e-05,6.900000e-05,0.000000e+00,1.092368e-05
RANS_SST_WD_0.01-20_NN_Drift_Second,SST,238,-1.449848e-04,5.805653e-05,5.900000e-05,0.000000e+00,-2.554187e-05
RANS_SST_WD_0.01-20_NN_Drift_Second,SST,239,-2.011680e-04,5.229580e-05,5.300000e-05,0.000000e+00,-3.505528e-05
RANS_SST_WD_0.01-20_NN_Drift_Second,SST,240,-1.983643e-04,5.107481e-05,5.200000e-05,-1.000000e-06,-5.032867e-05
RANS_SST_WD_0.01-20_NN_Drift_Second,SST,241,-2.057329e-04,5.894299e-05,6.000000e-05,-1.000000e-06,-4.247623e-05
RANS_SST_WD_0.01-20_NN_Drift_Second,SST,242,-2.460445e-04,5.459737e-05,5.600000e-05,-1.000000e-06,-6.976596e-05
RANS_SST_WD_0.01-20_NN_Drift_Second,SST,243,-2.755082e-04,4.954751e-05,5.000000e-05,0.000000e+00,-1.021344e-04
RANS_SST_WD_0.01-20_NN_Drift_Second,SST,244,-2.950880e-04,4.474160e-05,4.500000e-05,0.000000e+00,-1.216639e-04
RANS_SST_WD_0.01-20_NN_Drift_Second,SST,245,-2.984361e-04,4.963300e-05,5.000000e-05,0.000000e+00,-1.154531e-04
RANS_SST_WD_0.01-20_NN_Drift_Second,SST,246,-3.248632e-04,5.854987e-05,5.900000e-05,0.000000e+00,-1.110989e-04
RANS_SST_WD_0.01-20_NN_Drift_Second,SST,247,-3.618078e-04,6.194750e-05,6.200000e-05,0.000000e+00,-1.234222e-04
RANS_SST_WD_0.01-20_NN_Drift_Second,SST,248,-3.834348e-04,6.000380e-05,6.000000e-05,1.000000e-06,-1.404323e-04
RANS_SST_WD_0.01-20_NN_Drift_Second,SST,249,-3.741865e-04,5.627952e-05,5.600000e-05,1.000000e-06,-1.434728e-04
RANS_SST_WD_0.01-20_NN_Drift_Second,SST,250,-4.045186e-04,3.563941e-05,3.500000e-05,1.000000e-06,-1.193811e-04
RANS_SST_WD_0.01-20_NN_Drift_Second,SST,251,-3.452372e-04,3.680764e-05,3.700000e-05,1.000000e-06,-7.851495e-05
RANS_SST_WD_0.01-20_NN_Drift_Second,SST,252,-3.015014e-04,4.130108e-05,4.100000e-05,1.000000e-06,-6.252919e-05
RANS_SST_WD_0.01-20_NN_Drift_Second,SST,253,-2.819176e-04,4.584839e-05,4.600000e-05,0.000000e+00,-6.075160e-05
RANS_SST_WD_0.01-20_NN_Drift_Second,SST,254,-3.041009e-04,4.196358e-05,4.200000e-05,0.000000e+00,-7.669423e-05
RANS_SST_WD_0.01-20_NN_Drift_Second,SST,255,-3.505019e-04,3.360695e-05,3.400000e-05,0.000000e+00,-8.651633e-05
RANS_SST_WD_0.01-20_NN_Drift_Second,SST,256,-3.646438e-04,3.348615e-05,3.400000e-05,0.000000e+00,-8.702952e-05
RANS_SST_WD_0.01-20_NN_Drift_Second,SST,257,-3.492603e-04,3.933838e-05,4.000000e-05,0.000000e+00,-7.252751e-05
RANS_SST_WD_0.01-20_NN_Drift_Second,SST,258,-3.075534e-04,4.922576e-05,5.000000e-05,0.000000e+00,-5.135331e-05
RANS_SST_WD_0.01-20_NN_Drift_Second,SST,259,-2.937388e-04,5.376023e-05,5.400000e-05,0.000000e+00,-4.574942e-05
RANS_SST_WD_0.01-20_NN_Drift_Second,SST,260,-2.315289e-04,7.294651e-05,7.300000e-05,0.000000e+00,-7.868500e-06
RANS_SST_WD_0.01-20_NN_Drift_Second,SST,261,-2.511701e-04,7.586229e-05,7.600000e-05,1.000000e-06,-1.581144e-05
RANS_SST_WD_0.01-20_NN_Drift_Second,SST,262,-2.932639e-04,7.074882e-05,7.000000e-05,1.000000e-06,-5.045223e-05
RANS_SST_WD_0.01-20_NN_Drift_Second,SST,263,-3.362765e-04,6.670709e-05,6.600000e-05,1.000000e-06,-7.764810e-05
RANS_SST_WD_0.01-20_NN_Drift_Second,SST,264,-3.361938e-04,6.763441e-05,6.700000e-05,1.000000e-06,-6.807754e-05
RANS_SST_WD_0.01-20_NN_Drift_Second,SST,265,-2.667660e-04,7.743350e-05,7.700000e-05,1.000000e-06,-2.185131e-05
RANS_SST_WD_0.01-20_NN_Drift_Second,SST,266,-1.448201e-04,9.158991e-05,9.100000e-05,1.000000e-06,3.922775e-05
RANS_SST_WD_0.01-20_NN_Drift_Second,SST,267,9.362000e-06,1.064770e-04,1.060000e-04,1.000000e-06,9.895128e-05
RANS_SST_WD_0.01-20_NN_Drift_Second,SST,268,1.637617e-04,1.250312e-04,1.250000e-04,0.000000e+00,1.527621e-04
RANS_SST_WD_0.01-20_NN_Drift_Second,SST,269,2.736171e-04,1.360866e-04,1.370000e-04,0.000000e+00,1.828891e-04
RANS_SST_WD_0.01-20_NN_Drift_Second,SST,270,2.650423e-04,1.210319e-04,1.220000e-04,-1.000000e-06,1.859838e-04
RANS_SST_WD_0.01-20_NN_Drift_Second,SST,271,2.028482e-04,1.081124e-04,1.100000e-04,-1.000000e-06,1.824312e-04
RANS_SST_WD_0.01-20_NN_Drift_Second,SST,272,1.069673e-04,9.516438e-05,9.700000e-05,-1.000000e-06,1.433069e-04
RANS_SST_WD_0.01-20_NN_Drift_Second,SST,273,6.185560e-05,8.963689e-05,9.200000e-05,-2.000000e-06,1.077402e-04
RANS_SST_WD_0.01-20_NN_Drift_Second,SST,274,3.487240e-05,8.681553e-05,8.900000e-05,-2.000000e-06,7.881262e-05
RANS_SST_WD_0.01-20_NN_Drift_Second,SST,275,-9.712700e-06,8.155967e-05,8.400000e-05,-2.000000e-06,4.780434e-05
RANS_SST_WD_0.01-20_NN_Drift_Second,SST,276,-5.778470e-05,7.622872e-05,7.800000e-05,-2.000000e-06,2.393870e-05
RANS_SST_WD_0.01-20_NN_Drift_Second,SST,277,-1.036669e-04,6.956354e-05,7.200000e-05,-2.000000e-06,6.798828e-06
RANS_SST_WD_0.01-20_NN_Drift_Second,SST,278,-1.225328e-04,6.592064e-05,6.800000e-05,-2.000000e-06,9.233227e-07
RANS_SST_WD_0.01-20_NN_Drift_Second,SST,279,-1.247388e-04,6.702140e-05,6.900000e-05,-1.000000e-06,5.312096e-06
RANS_SST_WD_0.01-20_NN_Drift_Second,SST,280,-2.022336e-04,5.008904e-05,5.200000e-05,-1.000000e-06,-3.786069e-05
RANS_SST_WD_0.01-20_NN_Drift_Second,SST,281,-2.540481e-04,5.327241e-05,5.500000e-05,-1.000000e-06,-4.256162e-05
RANS_SST_WD_0.01-20_NN_Drift_Second,SST,282,-3.048126e-04,4.915978e-05,5.000000e-05,-1.000000e-06,-5.177324e-05
RANS_SST_WD_0.01-20_NN_Drift_Second,SST,283,-3.331664e-04,4.458449e-05,4.600000e-05,-1.000000e-06,-7.376380e-05
RANS_SST_WD_0.01-20_NN_Drift_Second,SST,284,-3.322707e-04,4.388121e-05,4.500000e-05,-1.000000e-06,-8.241489e-05
RANS_SST_WD_0.01-20_NN_Drift_Second,SST,285,-3.330803e-04,4.412474e-05,4.500000e-05,-1.000000e-06,-7.621532e-05
RANS_SST_WD_0.01-20_NN_Drift_Second,SST,286,-3.130107e-04,4.891796e-05,5.000000e-05,-1.000000e-06,-5.392013e-05
RANS_SST_WD_0.01-20_NN_Drift_Second,SST,287,-2.737034e-04,5.546015e-05,5.700000e-05,-1.000000e-06,-3.303426e-05
RANS_SST_WD_0.01-20_NN_Drift_Second,SST,288,-2.404430e-04,6.114019e-05,6.300000e-05,-1.000000e-06,-1.880006e-05
RANS_SST_WD_0.01-20_NN_Drift_Second,SST,289,-2.224757e-04,6.707451e-05,6.800000e-05,-1.000000e-06,-1.056568e-05
RANS_SST_WD_0.01-20_NN_Drift_Second,SST,290,-2.326159e-04,5.954724e-05,6.100000e-05,-1.000000e-06,-8.652989e-06
RANS_SST_WD_0.01-20_NN_Drift_Second,SST,291,-2.768393e-04,4.759689e-05,4.900000e-05,-1.000000e-06,-3.326492e-05
RANS_SST_WD_0.01-20_NN_Drift_Second,SST,292,-3.884747e-04,2.855751e-05,3.000000e-05,-1.000000e-06,-9.046254e-05
RANS_SST_WD_0.01-20_NN_Drift_Second,SST,293,-4.878109e-04,1.996860e-05,2.100000e-05,-1.000000e-06,-1.212342e-04
RANS_SST_WD_0.01-20_NN_Drift_Second,SST,294,-5.121750e-04,2.219709e-05,2.300000e-05,-1.000000e-06,-1.219707e-04
RANS_SST_WD_0.01-20_NN_Drift_Second,SST,295,-4.572925e-04,3.300777e-05,3.400000e-05,0.000000e+00,-8.922467e-05
RANS_SST_WD_0.01-20_NN_Drift_Second,SST,296,-3.681014e-04,4.425545e-05,4.500000e-05,0.000000e+00,-5.035189e-05
RANS_SST_WD_0.01-20_NN_Drift_Second,SST,297,-2.860169e-04,5.276558e-05,5.300000e-05,0.000000e+00,-2.274783e-05
RANS_SST_WD_0.01-20_NN_Drift_Second,SST,298,-2.414500e-04,5.603787e-05,5.600000e-05,0.000000e+00,-1.715378e-05
RANS_SST_WD_0.01-20_NN_Drift_Second,SST,299,-2.284560e-04,5.429888e-05,5.500000e-05,0.000000e+00,-2.336733e-05
RANS_SST_WD_0.01-20_NN_Drift_Second,SST,300,-1.961616e-04,6.003156e-05,6.000000e-05,0.000000e+00,4.286994e-06
RANS_SST_WD_0.01-20_NN_Drift_Second,SST,301,-1.779097e-04,5.823920e-05,5.900000e-05,0.000000e+00,2.384314e-05
RANS_SST_WD_0.01-20_NN_Drift_Second,SST,302,-1.347835e-04,5.611768e-05,5.600000e-05,0.000000e+00,2.888041e-05
RANS_SST_WD_0.01-20_NN_Drift_Second,SST,303,-9.062390e-05,5.870018e-05,5.900000e-05,0.000000e+00,2.699463e-05
RANS_SST_WD_0.01-20_NN_Drift_Second,SST,304,-7.579860e-05,6.031046e-05,6.000000e-05,0.000000e+00,2.272558e-05
RANS_SST_WD_0.01-20_NN_Drift_Second,SST,305,-6.792180e-05,6.274011e-05,6.300000e-05,0.000000e+00,2.088237e-05
RANS_SST_WD_0.01-20_NN_Drift_Second,SST,306,-5.846240e-05,6.643566e-05,6.600000e-05,1.000000e-06,2.432539e-05
RANS_SST_WD_0.01-20_NN_Drift_Second,SST,307,-2.961040e-05,7.207193e-05,7.200000e-05,1.000000e-06,4.038073e-05
RANS_SST_WD_0.01-20_NN_Drift_Second,SST,308,9.901100e-06,7.768632e-05,7.700000e-05,1.000000e-06,6.169972e-05
RANS_SST_WD_0.01-20_NN_Drift_Second,SST,309,4.972870e-05,8.374303e-05,8.300000e-05,1.000000e-06,8.104511e-05
RANS_SST_WD_0.01-20_NN_Drift_Second,SST,310,-1.637980e-05,9.015709e-05,9.000000e-05,1.000000e-06,5.576724e-05
RANS_SST_WD_0.01-20_NN_Drift_Second,SST,311,-2.216350e-05,8.704800e-05,8.600000e-05,1.000000e-06,8.152371e-05
RANS_SST_WD_0.01-20_NN_Drift_Second,SST,312,-4.832000e-06,8.498800e-05,8.400000e-05,1.000000e-06,1.017771e-04
RANS_SST_WD_0.01-20_NN_Drift_Second,SST,313,4.483370e-05,9.228018e-05,9.200000e-05,1.000000e-06,1.248744e-04
RANS_SST_WD_0.01-20_NN_Drift_Second,SST,314,1.039391e-04,1.017663e-04,1.010000e-04,1.000000e-06,1.487032e-04
RANS_SST_WD_0.01-20_NN_Drift_Second,SST,315,1.539084e-04,1.074545e-04,1.070000e-04,1.000000e-06,1.611467e-04
RANS_SST_WD_0.01-20_NN_Drift_Second,SST,316,1.868393e-04,1.073927e-04,1.070000e-04,1.000000e-06,1.583688e-04
RANS_SST_WD_0.01-20_NN_Drift_Second,SST,317,2.164267e-04,1.052994e-04,1.050000e-04,1.000000e-06,1.520134e-04
RANS_SST_WD_0.01-20_NN_Drift_Second,SST,318,2.387706e-04,1.007317e-04,1.000000e-04,1.000000e-06,1.447542e-04
RANS_SST_WD_0.01-20_NN_Drift_Second,SST,319,2.605046e-04,9.765637e-05,9.700000e-05,1.000000e-06,1.462207e-04
RANS_SST_WD_0.01-20_NN_Drift_Second,SST,320,8.427130e-05,6.643501e-05,6.600000e-05,1.000000e-06,5.230007e-05
RANS_SST_WD_0.01-20_NN_Drift_Second,SST,321,3.317300e-06,5.717747e-05,5.700000e-05,0.000000e+00,1.467809e-05
RANS_SST_WD_0.01-20_NN_Drift_Second,SST,322,-1.000551e-04,4.226935e-05,4.300000e-05,0.000000e+00,-3.452123e-05
RANS_SST_WD_0.01-20_NN_Drift_Second,SST,323,-2.355561e-04,2.575168e-05,2.600000e-05,0.000000e+00,-9.075601e-05
RANS_SST_WD_0.01-20_NN_Drift_Second,SST,324,-3.759828e-04,1.093035e-05,1.200000e-05,0.000000e+00,-1.487605e-04
RANS_SST_WD_0.01-20_NN_Drift_Second,SST,325,-4.978894e-04,-1.013136e-06,0.000000e+00,0.000000e+00,-2.014757e-04
RANS_SST_WD_0.01-20_NN_Drift_Second,SST,326,-5.896686e-04,-8.608373e-06,-8.000000e-06,-1.000000e-06,-2.429836e-04
RANS_SST_WD_0.01-20_NN_Drift_Second,SST,327,-6.860262e-04,-1.734181e-05,-1.600000e-05,-1.000000e-06,-2.838735e-04
RANS_SST_WD_0.01-20_NN_Drift_Second,SST,328,-7.728468e-04,-2.540217e-05,-2.400000e-05,-1.000000e-06,-3.142982e-04
RANS_SST_WD_0.01-20_NN_Drift_Second,SST,329,-8.221747e-04,-2.904826e-05,-2.800000e-05,-1.000000e-06,-3.230345e-04
RANS_SST_WD_0.01-20_NN_Drift_Second,SST,330,-7.886875e-04,-2.507910e-05,-2.400000e-05,-1.000000e-06,-2.826579e-04
RANS_SST_WD_0.01-20_NN_Drift_Second,SST,331,-7.007572e-04,-3.324561e-06,-2.000000e-06,-1.000000e-06,-2.140531e-04
RANS_SST_WD_0.01-20_NN_Drift_Second,SST,332,-5.548836e-04,2.327889e-05,2.400000e-05,-1.000000e-06,-1.507107e-04
RANS_SST_WD_0.01-20_NN_Drift_Second,SST,333,-3.904221e-04,5.295778e-05,5.400000e-05,-1.000000e-06,-8.937845e-05
RANS_SST_WD_0.01-20_NN_Drift_Second,SST,334,-2.760976e-04,7.391865e-05,7.500000e-05,-1.000000e-06,-4.876170e-05
RANS_SST_WD_0.01-20_NN_Drift_Second,SST,335,-2.471162e-04,7.895536e-05,8.000000e-05,-1.000000e-06,-4.247580e-05
RANS_SST_WD_0.01-20_NN_Drift_Second,SST,336,-2.692133e-04,7.469266e-05,7.600000e-05,-1.000000e-06,-5.511479e-05
RANS_SST_WD_0.01-20_NN_Drift_Second,SST,337,-2.878652e-04,7.009529e-05,7.100000e-05,-1.000000e-06,-6.162828e-05
RANS_SST_WD_0.01-20_NN_Drift_Second,SST,338,-2.761507e-04,7.157884e-05,7.300000e-05,-1.000000e-06,-4.688479e-05
RANS_SST_WD_0.01-20_NN_Drift_Second,SST,339,-2.520102e-04,7.675105e-05,7.800000e-05,-1.000000e-06,-2.221984e-05
RANS_SST_WD_0.01-20_NN_Drift_Second,SST,340,-1.494726e-04,9.424999e-05,9.500000e-05,-1.000000e-06,6.433108e-05
RANS_SST_WD_0.01-20_NN_Drift_Second,SST,341,-1.124211e-04,1.009055e-04,1.020000e-04,-1.000000e-06,7.101250e-05
RANS_SST_WD_0.01-20_NN_Drift_Second,SST,342,-9.601360e-05,1.000320e-04,1.010000e-04,-1.000000e-06,6.030064e-05
RANS_SST_WD_0.01-20_NN_Drift_Second,SST,343,-1.248798e-04,9.148020e-05,9.300000e-05,-1.000000e-06,2.985834e-05
RANS_SST_WD_0.01-20_NN_Drift_Second,SST,344,-1.555113e-04,8.517385e-05,8.700000e-05,-1.000000e-06,1.827411e-06
RANS_SST_WD_0.01-20_NN_Drift_Second,SST,345,-1.844918e-04,8.135455e-05,8.300000e-05,-1.000000e-06,-2.252868e-05
RANS_SST_WD_0.01-20_NN_Drift_Second,SST,346,-2.098248e-04,7.771457e-05,7.900000e-05,-1.000000e-06,-4.375145e-05
RANS_SST_WD_0.01-20_NN_Drift_Second,SST,347,-2.601204e-04,6.869562e-05,7.000000e-05,-1.000000e-06,-7.244245e-05
RANS_SST_WD_0.01-20_NN_Drift_Second,SST,348,-3.105215e-04,6.121105e-05,6.300000e-05,-1.000000e-06,-9.516921e-05
RANS_SST_WD_0.01-20_NN_Drift_Second,SST,349,-3.693307e-04,5.095342e-05,5.200000e-05,-1.000000e-06,-1.189145e-04
RANS_SST_WD_0.01-20_NN_Drift_Second,SST,350,-3.024114e-04,4.827796e-05,4.900000e-05,-1.000000e-06,-4.699245e-05
RANS_SST_WD_0.01-20_NN_Drift_Second,SST,351,-1.521822e-04,6.535499e-05,6.600000e-05,-1.000000e-06,6.071340e-05
RANS_SST_WD_0.01-20_NN_Drift_Second,SST,352,-1.872340e-05,8.331335e-05,8.400000e-05,0.000000e+00,1.050565e-04
RANS_SST_WD_0.01-20_NN_Drift_Second,SST,353,1.361682e-04,1.010308e-04,1.020000e-04,0.000000e+00,1.390263e-04
RANS_SST_WD_0.01-20_NN_Drift_Second,SST,354,2.742372e-04,1.151609e-04,1.150000e-04,0.000000e+00,1.860253e-04
RANS_SST_WD_0.01-20_NN_Drift_Second,SST,355,3.793607e-04,1.285969e-04,1.290000e-04,0.000000e+00,2.249316e-04
RANS_SST_WD_0.01-20_NN_Drift_Second,SST,356,4.315140e-04,1.369011e-04,1.370000e-04,1.000000e-06,2.352440e-04
RANS_SST_WD_0.01-20_NN_Drift_Second,SST,357,4.184930e-04,1.375190e-04,1.370000e-04,1.000000e-06,2.197146e-04
RANS_SST_WD_0.01-20_NN_Drift_Second,SST,358,3.523574e-04,1.306802e-04,1.300000e-04,1.000000e-06,1.795553e-04
RANS_SST_WD_0.01-20_NN_Drift_Second,SST,359,2.649326e-04,1.205979e-04,1.200000e-04,1.000000e-06,1.224884e-04
RANS_SST_WD_0.01-20_NN_Drift_Second,SST,360,-3.261960e-05,7.128997e-05,7.000000e-05,2.000000e-06,-3.830117e-05
RANS_SST_WD_0.01-20_NN_Drift_Second,SST,361,-2.538235e-04,3.807911e-05,3.700000e-05,2.000000e-06,-1.196099e-04
RANS_SST_WD_0.01-20_NN_Drift_Second,SST,362,-4.187002e-04,1.442535e-05,1.300000e-05,2.000000e-06,-1.596237e-04
RANS_SST_WD_0.01-20_NN_Drift_Second,SST,363,-4.551722e-04,1.603260e-05,1.500000e-05,2.000000e-06,-1.478013e-04
RANS_SST_WD_0.01-20_NN_Drift_Second,SST,364,-3.819299e-04,3.018180e-05,2.900000e-05,2.000000e-06,-1.009503e-04
RANS_SST_WD_0.01-20_NN_Drift_Second,SST,365,-2.559691e-04,4.870389e-05,4.700000e-05,2.000000e-06,-5.212863e-05
RANS_SST_WD_0.01-20_NN_Drift_Second,SST,366,-1.832148e-04,6.086780e-05,5.900000e-05,2.000000e-06,-2.812218e-05
RANS_SST_WD_0.01-20_NN_Drift_Second,SST,367,-1.811294e-04,6.504906e-05,6.300000e-05,2.000000e-06,-4.291311e-05
RANS_SST_WD_0.01-20_NN_Drift_Second,SST,368,-2.373126e-04,5.939750e-05,5.800000e-05,2.000000e-06,-7.842543e-05
RANS_SST_WD_0.01-20_NN_Drift_Second,SST,369,-3.144426e-04,5.075699e-05,4.900000e-05,2.000000e-06,-1.067439e-04
RANS_SST_WD_0.01-20_NN_Drift_Second,SST,370,-3.630891e-04,5.058779e-05,4.800000e-05,3.000000e-06,-1.115402e-04
RANS_SST_WD_0.01-20_NN_Drift_Second,SST,371,-3.224365e-04,5.806974e-05,5.600000e-05,3.000000e-06,-6.151486e-05
RANS_SST_WD_0.01-20_NN_Drift_Second,SST,372,-2.911097e-04,6.042871e-05,5.800000e-05,3.000000e-06,-5.128387e-05
RANS_SST_WD_0.01-20_NN_Drift_Second,SST,373,-2.349740e-04,6.288339e-05,6.000000e-05,3.000000e-06,-4.172432e-05
RANS_SST_WD_0.01-20_NN_Drift_Second,SST,374,-1.746118e-04,6.656337e-05,6.400000e-05,3.000000e-06,-2.108297e-05
RANS_SST_WD_0.01-20_NN_Drift_Second,SST,375,-1.209967e-04,7.098735e-05,6.800000e-05,3.000000e-06,5.185004e-06
RANS_SST_WD_0.01-20_NN_Drift_Second,SST,376,-5.409230e-05,8.055794e-05,7.800000e-05,3.000000e-06,4.538655e-05
RANS_SST_WD_0.01-20_NN_Drift_Second,SST,377,4.284500e-05,9.488358e-05,9.200000e-05,3.000000e-06,9.930846e-05
RANS_SST_WD_0.01-20_NN_Drift_Second,SST,378,1.639874e-04,1.097347e-04,1.070000e-04,3.000000e-06,1.589236e-04
RANS_SST_WD_0.01-20_NN_Drift_Second,SST,379,2.744998e-04,1.234740e-04,1.210000e-04,3.000000e-06,2.069122e-04
RANS_SST_WD_0.01-20_NN_Drift_Second,SST,380,2.100854e-04,1.127787e-04,1.100000e-04,3.000000e-06,1.568617e-04
RANS_SST_WD_0.01-20_NN_Drift_Second,SST,381,6.918050e-05,9.393743e-05,9.100000e-05,3.000000e-06,8.150948e-05
RANS_SST_WD_0.01-20_NN_Drift_Second,SST,382,-9.864900e-05,6.883529e-05,6.600000e-05,3.000000e-06,4.442390e-08
RANS_SST_WD_0.01-20_NN_Drift_Second,SST,383,-2.570473e-04,4.749098e-05,4.500000e-05,3.000000e-06,-7.163756e-05
RANS_SST_WD_0.01-20_NN_Drift_Second,SST,384,-3.541321e-04,3.692741e-05,3.400000e-05,3.000000e-06,-1.106333e-04
RANS_SST_WD_0.01-20_NN_Drift_Second,SST,385,-3.804015e-04,3.697759e-05,3.500000e-05,3.000000e-06,-1.194987e-04
RANS_SST_WD_0.01-20_NN_Drift_Second,SST,386,-3.451459e-04,4.360621e-05,4.100000e-05,3.000000e-06,-1.081368e-04
RANS_SST_WD_0.01-20_NN_Drift_Second,SST,387,-2.934899e-04,4.826960e-05,4.600000e-05,3.000000e-06,-9.485897e-05
RANS_SST_WD_0.01-20_NN_Drift_Second,SST,388,-2.717601e-04,4.528938e-05,4.300000e-05,2.000000e-06,-9.462118e-05
RANS_SST_WD_0.01-20_NN_Drift_Second,SST,389,-2.889517e-04,3.712263e-05,3.500000e-05,2.000000e-06,-1.090866e-04
RANS_SST_WD_0.01-20_NN_Drift_Second,SST,390,-3.309578e-04,1.197963e-05,1.000000e-05,2.000000e-06,-1.185452e-04
RANS_SST_WD_0.01-20_NN_Drift_Second,SST,391,-3.692831e-04,8.144455e-06,7.000000e-06,2.000000e-06,-1.126566e-04
RANS_SST_WD_0.01-20_NN_Drift_Second,SST,392,-4.018515e-04,5.939652e-06,5.000000e-06,2.000000e-06,-1.255220e-04
RANS_SST_WD_0.01-20_NN_Drift_Second,SST,393,-4.063593e-04,4.097626e-06,3.000000e-06,1.000000e-06,-1.371713e-04
RANS_SST_WD_0.01-20_NN_Drift_Second,SST,394,-3.940074e-04,4.585235e-06,4.000000e-06,1.000000e-06,-1.374919e-04
RANS_SST_WD_0.01-20_NN_Drift_Second,SST,395,-3.751717e-04,6.028744e-06,6.000000e-06,1.000000e-06,-1.242974e-04
RANS_SST_WD_0.01-20_NN_Drift_Second,SST,396,-3.538588e-04,1.055761e-05,1.000000e-05,1.000000e-06,-1.055776e-04
RANS_SST_WD_0.01-20_NN_Drift_Second,SST,397,-3.528299e-04,1.480856e-05,1.500000e-05,1.000000e-06,-1.017955e-04
RANS_SST_WD_0.01-20_NN_Drift_Second,SST,398,-3.810448e-04,1.712285e-05,1.700000e-05,0.000000e+00,-1.165065e-04
RANS_SST_WD_0.01-20_NN_Drift_Second,SST,399,-4.209010e-04,1.621260e-05,1.600000e-05,0.000000e+00,-1.395631e-04
RANS_SST_WD_0.01-20_NN_Drift_Seed2_Second,SST,2,0.000000e+00,0.000000e+00,0.000000e+00,0.000000e+00,0.000000e+00
RANS_SST_WD_0.01-20_NN_Drift_Seed2_Second,SST,3,0.000000e+00,0.000000e+00,0.000000e+00,0.000000e+00,0.000000e+00
RANS_SST_WD_0.01-20_NN_Drift_Seed2_Second,SST,4,0.000000e+00,0.000000e+00,0.000000e+00,0.000000e+00,0.000000e+00
RANS_SST_WD_0.01-20_NN_Drift_Seed2_Second,SST,5,0.000000e+00,0.000000e+00,0.000000e+00,0.000000e+00,0.000000e+00
RANS_SST_WD_0.01-20_NN_Drift_Seed2_Second,SST,6,0.000000e+00,0.000000e+00,0.000000e+00,0.000000e+00,0.000000e+00
RANS_SST_WD_0.01-20_NN_Drift_Seed2_Second,SST,7,0.000000e+00,0.000000e+00,0.000000e+00,0.000000e+00,0.000000e+00
RANS_SST_WD_0.01-20_NN_Drift_Seed2_Second,SST,8,0.000000e+00,0.000000e+00,0.000000e+00,0.000000e+00,0.000000e+00
RANS_SST_WD_0.01-20_NN_Drift_Seed2_Second,SST,9,0.000000e+00,0.000000e+00,0.000000e+00,0.000000e+00,0.000000e+00
RANS_SST_WD_0.01-20_NN_Drift_Seed2_Second,SST,10,2.722350e-05,3.414697e-05,3.400000e-05,0.000000e+00,5.665557e-05
RANS_SST_WD_0.01-20_NN_Drift_Seed2_Second,SST,11,1.008248e-04,5.437144e-05,5.500000e-05,0.000000e+00,8.336753e-05
RANS_SST_WD_0.01-20_NN_Drift_Seed2_Second,SST,12,1.172556e-04,5.511737e-05,5.500000e-05,0.000000e+00,6.403491e-05
RANS_SST_WD_0.01-20_NN_Drift_Seed2_Second,SST,13,1.212538e-04,5.433609e-05,5.500000e-05,0.000000e+00,4.655587e-05
RANS_SST_WD_0.01-20_NN_Drift_Seed2_Second,SST,14,1.286269e-04,5.403630e-05,5.400000e-05,0.000000e+00,4.456320e-05
RANS_SST_WD_0.01-20_NN_Drift_Seed2_Second,SST,15,1.298097e-04,5.491393e-05,5.500000e-05,0.000000e+00,4.883170e-05
RANS_SST_WD_0.01-20_NN_Drift_Seed2_Second,SST,16,1.139595e-04,5.528069e-05,5.600000e-05,0.000000e+00,3.847601e-05
RANS_SST_WD_0.01-20_NN_Drift_Seed2_Second,SST,17,8.297290e-05,5.344103e-05,5.400000e-05,0.000000e+00,1.263066e-05
RANS_SST_WD_0.01-20_NN_Drift_Seed2_Second,SST,18,5.925320e-05,5.397073e-05,5.500000e-05,0.000000e+00,-1.175596e-06
RANS_SST_WD_0.01-20_NN_Drift_Seed2_Second,SST,19,5.020320e-05,5.618064e-05,5.700000e-05,-1.000000e-06,-5.157143e-06
RANS_SST_WD_0.01-20_NN_Drift_Seed2_Second,SST,20,-5.025240e-05,4.389473e-05,4.500000e-05,-1.000000e-06,-7.940764e-05
RANS_SST_WD_0.01-20_NN_Drift_Seed2_Second,SST,21,-1.328954e-04,3.692603e-05,3.800000e-05,-1.000000e-06,-8.726204e-05
RANS_SST_WD_0.01-20_NN_Drift_Seed2_Second,SST,22,-2.121172e-04,2.410680e-05,2.500000e-05,-1.000000e-06,-1.045416e-04
RANS_SST_WD_0.01-20_NN_Drift_Seed2_Second,SST,23,-2.558705e-04,2.274818e-05,2.400000e-05,-1.000000e-06,-1.199497e-04
RANS_SST_WD_0.01-20_NN_Drift_Seed2_Second,SST,24,-3.007828e-04,2.399583e-05,2.500000e-05,-1.000000e-06,-1.360922e-04
RANS_SST_WD_0.01-20_NN_Drift_Seed2_Second,SST,25,-3.225021e-04,2.738154e-05,2.900000e-05,-1.000000e-06,-1.401795e-04
RANS_SST_WD_0.01-20_NN_Drift_Seed2_Second,SST,26,-3.117226e-04,3.178830e-05,3.300000e-05,-1.000000e-06,-1.295326e-04
RANS_SST_WD_0.01-20_NN_Drift_Seed2_Second,SST,27,-2.443048e-04,4.013938e-05,4.100000e-05,-1.000000e-06,-9.178814e-05
RANS_SST_WD_0.01-20_NN_Drift_Seed2_Second,SST,28,-1.344816e-04,5.165240e-05,5.300000e-05,-1.000000e-06,-3.408916e-05
RANS_SST_WD_0.01-20_NN_Drift_Seed2_Second,SST,29,-3.705050e-05,6.086486e-05,6.200000e-05,-1.000000e-06,1.439188e-05
RANS_SST_WD_0.01-20_NN_Drift_Seed2_Second,SST,30,-3.630650e-05,4.669416e-05,4.800000e-05,-1.000000e-06,7.146464e-07
RANS_SST_WD_0.01-20_NN_Drift_Seed2_Second,SST,31,-6.063670e-05,5.289742e-05,5.400000e-05,-1.000000e-06,-2.712940e-05
RANS_SST_WD_0.01-20_NN_Drift_Seed2_Second,SST,32,-1.265473e-04,5.501336e-05,5.600000e-05,-1.000000e-06,-6.552218e-05
RANS_SST_WD_0.01-20_NN_Drift_Seed2_Second,SST,33,-2.052035e-04,5.025550e-05,5.200000e-05,-1.000000e-06,-1.098164e-04
RANS_SST_WD_0.01-20_NN_Drift_Seed2_Second,SST,34,-2.515848e-04,4.199921e-05,4.300000e-05,-1.000000e-06,-1.267633e-04
RANS_SST_WD_0.01-20_NN_Drift_Seed2_Second,SST,35,-2.431955e-04,3.810018e-05,3.900000e-05,-1.000000e-06,-1.080754e-04
RANS_SST_WD_0.01-20_NN_Drift_Seed2_Second,SST,36,-1.914031e-04,3.984935e-05,4.100000e-05,-1.000000e-06,-7.180619e-05
RANS_SST_WD_0.01-20_NN_Drift_Seed2_Second,SST,37,-1.240180e-04,4.646656e-05,4.800000e-05,-1.000000e-06,-3.954800e-05
RANS_SST_WD_0.01-20_NN_Drift_Seed2_Second,SST,38,-6.973210e-05,5.358379e-05,5.500000e-05,-1.000000e-06,-2.165281e-05
RANS_SST_WD_0.01-20_NN_Drift_Seed2_Second,SST,39,-3.294800e-05,5.989616e-05,6.100000e-05,-1.000000e-06,-1.314595e-05
RANS_SST_WD_0.01-20_NN_Drift_Seed2_Second,SST,40,3.814910e-05,6.953144e-05,7.100000e-05,-1.000000e-06,5.579485e-05
RANS_SST_WD_0.01-20_NN_Drift_Seed2_Second,SST,41,1.257432e-04,8.150398e-05,8.300000e-05,-1.000000e-06,1.219620e-04
RANS_SST_WD_0.01-20_NN_Drift_Seed2_Second,SST,42,1.403427e-04,8.063109e-05,8.200000e-05,-1.000000e-06,1.182247e-04
RANS_SST_WD_0.01-20_NN_Drift_Seed2_Second,SST,43,1.197520e-04,7.898093e-05,8.000000e-05,-1.000000e-06,9.602569e-05
RANS_SST_WD_0.01-20_NN_Drift_Seed2_Second,SST,44,8.674970e-05,8.574903e-05,8.700000e-05,-1.000000e-06,8.222376e-05
RANS_SST_WD_0.01-20_NN_Drift_Seed2_Second,SST,45,4.800070e-05,9.084046e-05,9.200000e-05,-1.000000e-06,6.714061e-05
RANS_SST_WD_0.01-20_NN_Drift_Seed2_Second,SST,46,1.747720e-05,8.843688e-05,9.000000e-05,-1.000000e-06,5.280477e-05
RANS_SST_WD_0.01-20_NN_Drift_Seed2_Second,SST,47,-1.188990e-05,8.418856e-05,8.600000e-05,-1.000000e-06,5.212068e-05
RANS_SST_WD_0.01-20_NN_Drift_Seed2_Second,SST,48,-3.121700e-05,8.115026e-05,8.300000e-05,-1.000000e-06,5.255291e-05
RANS_SST_WD_0.01-20_NN_Drift_Seed2_Second,SST,49,-5.602460e-05,7.728542e-05,7.900000e-05,-1.000000e-06,4.218133e-05
RANS_SST_WD_0.01-20_NN_Drift_Seed2_Second,SST,50,-1.366719e-04,6.686928e-05,6.900000e-05,-1.000000e-06,-5.545907e-07
RANS_SST_WD_0.01-20_NN_Drift_Seed2_Second,SST,51,-2.713816e-04,4.340065e-05,4.500000e-05,-1.000000e-06,-6.749058e-05
RANS_SST_WD_0.01-20_NN_Drift_Seed2_Second,SST,52,-3.827757e-04,2.310850e-05,2.500000e-05,-1.000000e-06,-1.228391e-04
RANS_SST_WD_0.01-20_NN_Drift_Seed2_Second,SST,53,-4.292885e-04,1.561913e-05,1.800000e-05,-2.000000e-06,-1.498339e-04
RANS_SST_WD_0.01-20_NN_Drift_Seed2_Second,SST,54,-4.227566e-04,1.496098e-05,1.700000e-05,-2.000000e-06,-1.497463e-04
RANS_SST_WD_0.01-20_NN_Drift_Seed2_Second,SST,55,-3.729688e-04,1.865776e-05,2.100000e-05,-2.000000e-06,-1.265622e-04
RANS_SST_WD_0.01-20_NN_Drift_Seed2_Second,SST,56,-2.961120e-04,2.587665e-05,2.800000e-05,-2.000000e-06,-9.432648e-05
RANS_SST_WD_0.01-20_NN_Drift_Seed2_Second,SST,57,-2.243861e-04,3.379342e-05,3.600000e-05,-2.000000e-06,-6.658840e-05
RANS_SST_WD_0.01-20_NN_Drift_Seed2_Second,SST,58,-1.893077e-04,4.025917e-05,4.200000e-05,-1.000000e-06,-5.693025e-05
RANS_SST_WD_0.01-20_NN_Drift_Seed2_Second,SST,59,-1.918733e-04,4.505365e-05,4.700000e-05,-1.000000e-06,-6.192769e-05
RANS_SST_WD_0.01-20_NN_Drift_Seed2_Second,SST,60,-2.469218e-04,5.150640e-05,5.300000e-05,-1.000000e-06,-7.164315e-05
RANS_SST_WD_0.01-20_NN_Drift_Seed2_Second,SST,61,-2.720469e-04,6.217550e-05,6.300000e-05,0.000000e+00,-5.172895e-05
RANS_SST_WD_0.01-20_NN_Drift_Seed2_Second,SST,62,-2.820047e-04,6.579790e-05,6.600000e-05,0.000000e+00,-3.254220e-05
RANS_SST_WD_0.01-20_NN_Drift_Seed2_Second,SST,63,-2.793931e-04,6.481569e-05,6.500000e-05,0.000000e+00,-2.958892e-05
RANS_SST_WD_0.01-20_NN_Drift_Seed2_Second,SST,64,-2.658227e-04,6.843513e-05,6.800000e-05,0.000000e+00,-3.729622e-05
RANS_SST_WD_0.01-20_NN_Drift_Seed2_Second,SST,65,-2.661549e-04,7.523600e-05,7.500000e-05,1.000000e-06,-5.670586e-05
RANS_SST_WD_0.01-20_NN_Drift_Seed2_Second,SST,66,-2.956272e-04,7.667904e-05,7.600000e-05,1.000000e-06,-8.767797e-05
RANS_SST_WD_0.01-20_NN_Drift_Seed2_Second,SST,67,-3.376653e-04,7.262833e-05,7.200000e-05,1.000000e-06,-1.160239e-04
RANS_SST_WD_0.01-20_NN_Drift_Seed2_Second,SST,68,-3.698881e-04,6.804597e-05,6.800000e-05,1.000000e-06,-1.242650e-04
RANS_SST_WD_0.01-20_NN_Drift_Seed2_Second,SST,69,-3.710791e-04,6.634084e-05,6.600000e-05,1.000000e-06,-1.113772e-04
RANS_SST_WD_0.01-20_NN_Drift_Seed2_Second,SST,70,-2.629421e-04,5.683491e-05,5.700000e-05,1.000000e-06,-2.598521e-05
RANS_SST_WD_0.01-20_NN_Drift_Seed2_Second,SST,71,-1.223249e-04,5.729660e-05,5.700000e-05,0.000000e+00,5.237687e-05
RANS_SST_WD_0.01-20_NN_Drift_Seed2_Second,SST,72,-4.190420e-05,6.038374e-05,6.000000e-05,0.000000e+00,7.505829e-05
RANS_SST_WD_0.01-20_NN_Drift_Seed2_Second,SST,73,1.096800e-06,6.819907e-05,6.800000e-05,0.000000e+00,7.933182e-05
RANS_SST_WD_0.01-20_NN_Drift_Seed2_Second,SST,74,4.063480e-05,7.719488e-05,7.700000e-05,0.000000e+00,8.713463e-05
RANS_SST_WD_0.01-20_NN_Drift_Seed2_Second,SST,75,1.074119e-04,9.019272e-05,9.000000e-05,0.000000e+00,1.079515e-04
RANS_SST_WD_0.01-20_NN_Drift_Seed2_Second,SST,76,1.857754e-04,9.890108e-05,9.900000e-05,0.000000e+00,1.462675e-04
RANS_SST_WD_0.01-20_NN_Drift_Seed2_Second,SST,77,2.497009e-04,1.015406e-04,1.020000e-04,0.000000e+00,1.783914e-04
RANS_SST_WD_0.01-20_NN_Drift_Seed2_Second,SST,78,2.779589e-04,1.018035e-04,1.020000e-04,0.000000e+00,1.852002e-04
RANS_SST_WD_0.01-20_NN_Drift_Seed2_Second,SST,79,2.428289e-04,9.752125e-05,9.800000e-05,0.000000e+00,1.562327e-04
RANS_SST_WD_0.01-20_NN_Drift_Seed2_Second,SST,80,3.578120e-05,6.474669e-05,6.500000e-05,0.000000e+00,3.797401e-05
RANS_SST_WD_0.01-20_NN_Drift_Seed2_Second,SST,81,-1.574323e-04,4.128239e-05,4.200000e-05,0.000000e+00,-6.955403e-05
RANS_SST_WD_0.01-20_NN_Drift_Seed2_Second,SST,82,-3.934642e-04,9.251886e-06,1.000000e-05,0.000000e+00,-1.805388e-04
RANS_SST_WD_0.01-20_NN_Drift_Seed2_Second,SST,83,-5.742831e-04,-1.361263e-05,-1.300000e-05,0.000000e+00,-2.456983e-04
RANS_SST_WD_0.01-20_NN_Drift_Seed2_Second,SST,84,-6.564745e-04,-2.413968e-05,-2.400000e-05,0.000000e+00,-2.684180e-04
RANS_SST_WD_0.01-20_NN_Drift_Seed2_Second,SST,85,-6.473556e-04,-2.058652e-05,-2.000000e-05,0.000000e+00,-2.554525e-04
RANS_SST_WD_0.01-20_NN_Drift_Seed2_Second,SST,86,-5.966584e-04,-8.508699e-06,-8.000000e-06,0.000000e+00,-2.295344e-04
RANS_SST_WD_0.01-20_NN_Drift_Seed2_Second,SST,87,-5.171113e-04,5.700062e-06,6.000000e-06,0.000000e+00,-2.011031e-04
RANS_SST_WD_0.01-20_NN_Drift_Seed2_Second,SST,88,-4.450297e-04,1.730981e-05,1.700000e-05,1.000000e-06,-1.700215e-04
RANS_SST_WD_0.01-20_NN_Drift_Seed2_Second,SST,89,-3.975648e-04,2.454981e-05,2.400000e-05,1.000000e-06,-1.420189e-04
RANS_SST_WD_0.01-20_NN_Drift_Seed2_Second,SST,90,-3.389926e-04,2.262747e-05,2.200000e-05,1.000000e-06,-1.082530e-04
RANS_SST_WD_0.01-20_NN_Drift_Seed2_Second,SST,91,-2.664784e-04,4.566576e-05,4.500000e-05,1.000000e-06,-2.024879e-05
RANS_SST_WD_0.01-20_NN_Drift_Seed2_Second,SST,92,-1.921155e-04,6.204064e-05,6.200000e-05,1.000000e-06,3.829415e-05
RANS_SST_WD_0.01-20_NN_Drift_Seed2_Second,SST,93,-1.182887e-04,7.287558e-05,7.300000e-05,0.000000e+00,6.604304e-05
RANS_SST_WD_0.01-20_NN_Drift_Seed2_Second,SST,94,-5.763390e-05,8.157199e-05,8.200000e-05,0.000000e+00,8.099201e-05
RANS_SST_WD_0.01-20_NN_Drift_Seed2_Second,SST,95,-4.335770e-05,8.276177e-05,8.400000e-05,0.000000e+00,7.758910e-05
RANS_SST_WD_0.01-20_NN_Drift_Seed2_Second,SST,96,-7.629130e-05,7.611302e-05,7.700000e-05,-1.000000e-06,6.008987e-05
RANS_SST_WD_0.01-20_NN_Drift_Seed2_Second,SST,97,-1.262555e-04,6.828166e-05,7.000000e-05,-1.000000e-06,3.572189e-05
RANS_SST_WD_0.01-20_NN_Drift_Seed2_Second,SST,98,-1.687882e-04,6.453347e-05,6.600000e-05,-1.000000e-06,6.637044e-06
RANS_SST_WD_0.01-20_NN_Drift_Seed2_Second,SST,99,-2.087686e-04,6.087978e-05,6.300000e-05,-1.000000e-06,-2.349033e-05
RANS_SST_WD_0.01-20_NN_Drift_Seed2_Second,SST,100,-2.819159e-04,4.183220e-05,4.400000e-05,-2.000000e-06,-5.863243e-05
RANS_SST_WD_0.01-20_NN_Drift_Seed2_Second,SST,101,-3.865339e-04,2.518923e-05,2.700000e-05,-2.000000e-06,-8.541037e-05
RANS_SST_WD_0.01-20_NN_Drift_Seed2_Second,SST,102,-4.686198e-04,1.106308e-05,1.300000e-05,-2.000000e-06,-1.235566e-04
RANS_SST_WD_0.01-20_NN_Drift_Seed2_Second,SST,103,-4.937156e-04,8.161989e-06,1.000000e-05,-2.000000e-06,-1.397729e-04
RANS_SST_WD_0.01-20_NN_Drift_Seed2_Second,SST,104,-4.828882e-04,1.480182e-05,1.700000e-05,-2.000000e-06,-1.323749e-04
RANS_SST_WD_0.01-20_NN_Drift_Seed2_Second,SST,105,-4.779145e-04,1.931260e-05,2.100000e-05,-1.000000e-06,-1.225144e-04
RANS_SST_WD_0.01-20_NN_Drift_Seed2_Second,SST,106,-4.649706e-04,2.248794e-05,2.400000e-05,-1.000000e-06,-1.193995e-04
RANS_SST_WD_0.01-20_NN_Drift_Seed2_Second,SST,107,-4.766360e-04,1.935676e-05,2.100000e-05,-1.000000e-06,-1.279695e-04
RANS_SST_WD_0.01-20_NN_Drift_Seed2_Second,SST,108,-4.867144e-04,1.810616e-05,1.900000e-05,-1.000000e-06,-1.274771e-04
RANS_SST_WD_0.01-20_NN_Drift_Seed2_Second,SST,109,-4.947170e-04,1.774004e-05,1.800000e-05,0.000000e+00,-1.251998e-04
RANS_SST_WD_0.01-20_NN_Drift_Seed2_Second,SST,110,-4.452753e-04,2.127314e-05,2.200000e-05,0.000000e+00,-7.358271e-05
RANS_SST_WD_0.01-20_NN_Drift_Seed2_Second,SST,111,-2.665870e-04,4.472957e-05,4.500000e-05,0.000000e+00,2.072630e-05
RANS_SST_WD_0.01-20_NN_Drift_Seed2_Second,SST,112,-1.265620e-04,5.883251e-05,5.900000e-05,1.000000e-06,6.722962e-05
RANS_SST_WD_0.01-20_NN_Drift_Seed2_Second,SST,113,3.816110e-05,6.749075e-05,6.700000e-05,1.000000e-06,1.181821e-04
RANS_SST_WD_0.01-20_NN_Drift_Seed2_Second,SST,114,2.414306e-04,6.951054e-05,6.900000e-05,1.000000e-06,2.002087e-04
RANS_SST_WD_0.01-20_NN_Drift_Seed2_Second,SST,115,4.315420e-04,6.927258e-05,6.800000e-05,1.000000e-06,2.809628e-04
RANS_SST_WD_0.01-20_NN_Drift_Seed2_Second,SST,116,5.473187e-04,7.466563e-05,7.400000e-05,1.000000e-06,3.154630e-04
RANS_SST_WD_0.01-20_NN_Drift_Seed2_Second,SST,117,5.741935e-04,9.038615e-05,9.000000e-05,1.000000e-06,2.890495e-04
RANS_SST_WD_0.01-20_NN_Drift_Seed2_Second,SST,118,5.332806e-04,1.114075e-04,1.110000e-04,1.000000e-06,2.373373e-04
RANS_SST_WD_0.01-20_NN_Drift_Seed2_Second,SST,119,3.973832e-04,1.240411e-04,1.240000e-04,1.000000e-06,1.689778e-04
RANS_SST_WD_0.01-20_NN_Drift_Seed2_Second,SST,120,1.494515e-04,1.076304e-04,1.070000e-04,1.000000e-06,4.828613e-05
RANS_SST_WD_0.01-20_NN_Drift_Seed2_Second,SST,121,-1.560900e-05,8.423004e-05,8.400000e-05,1.000000e-06,1.573094e-05
RANS_SST_WD_0.01-20_NN_Drift_Seed2_Second,SST,122,-1.155586e-04,5.795602e-05,5.700000e-05,1.000000e-06,-3.481572e-06
RANS_SST_WD_0.01-20_NN_Drift_Seed2_Second,SST,123,-1.634297e-04,3.863508e-05,3.700000e-05,2.000000e-06,-2.518250e-05
RANS_SST_WD_0.01-20_NN_Drift_Seed2_Second,SST,124,-2.182946e-04,2.548266e-05,2.300000e-05,3.000000e-06,-5.368984e-05
RANS_SST_WD_0.01-20_NN_Drift_Seed2_Second,SST,125,-3.199442e-04,1.775203e-05,1.500000e-05,4.000000e-06,-1.023455e-04
RANS_SST_WD_0.01-20_NN_Drift_Seed2_Second,SST,126,-4.043377e-04,1.479526e-05,1.100000e-05,5.000000e-06,-1.433777e-04
RANS_SST_WD_0.01-20_NN_Drift_Seed2_Second,SST,127,-5.075168e-04,1.286922e-05,7.000000e-06,6.000000e-06,-1.991032e-04
RANS_SST_WD_0.01-20_NN_Drift_Seed2_Second,SST,128,-5.753580e-04,1.402111e-05,8.000000e-06,7.000000e-06,-2.263122e-04
RANS_SST_WD_0.01-20_NN_Drift_Seed2_Second,SST,129,-6.394560e-04,1.837785e-05,1.100000e-05,8.000000e-06,-2.466027e-04
RANS_SST_WD_0.01-20_NN_Drift_Seed2_Second,SST,130,-6.603114e-04,2.184685e-05,1.400000e-05,8.000000e-06,-2.346103e-04
RANS_SST_WD_0.01-20_NN_Drift_Seed2_Second,SST,131,-6.683037e-04,2.165875e-05,1.400000e-05,8.000000e-06,-2.186593e-04
RANS_SST_WD_0.01-20_NN_Drift_Seed2_Second,SST,132,-6.851924e-04,2.779020e-05,2.100000e-05,7.000000e-06,-2.131982e-04
RANS_SST_WD_0.01-20_NN_Drift_Seed2_Second,SST,133,-6.172188e-04,4.123198e-05,3.500000e-05,6.000000e-06,-1.845593e-04
RANS_SST_WD_0.01-20_NN_Drift_Seed2_Second,SST,134,-4.987117e-04,5.676131e-05,5.200000e-05,5.000000e-06,-1.364804e-04
RANS_SST_WD_0.01-20_NN_Drift_Seed2_Second,SST,135,-3.336900e-04,7.724827e-05,7.400000e-05,4.000000e-06,-6.064002e-05
RANS_SST_WD_0.01-20_NN_Drift_Seed2_Second,SST,136,-1.677121e-04,9.723413e-05,9.500000e-05,3.000000e-06,2.532208e-05
RANS_SST_WD_0.01-20_NN_Drift_Seed2_Second,SST,137,-2.530560e-05,1.133237e-04,1.110000e-04,2.000000e-06,9.490340e-05
RANS_SST_WD_0.01-20_NN_Drift_Seed2_Second,SST,138,7.974110e-05,1.270305e-04,1.250000e-04,2.000000e-06,1.384835e-04
RANS_SST_WD_0.01-20_NN_Drift_Seed2_Second,SST,139,1.063807e-04,1.310676e-04,1.300000e-04,2.000000e-06,1.334715e-04
RANS_SST_WD_0.01-20_NN_Drift_Seed2_Second,SST,140,-3.668000e-06,1.077932e-04,1.070000e-04,2.000000e-06,7.124887e-05
RANS_SST_WD_0.01-20_NN_Drift_Seed2_Second,SST,141,-1.105715e-04,1.013162e-04,1.000000e-04,2.000000e-06,3.760218e-05
RANS_SST_WD_0.01-20_NN_Drift_Seed2_Second,SST,142,-2.061585e-04,9.585254e-05,9.500000e-05,2.000000e-06,6.196031e-06
RANS_SST_WD_0.01-20_NN_Drift_Seed2_Second,SST,143,-2.352034e-04,9.124238e-05,9.000000e-05,2.000000e-06,6.742994e-06
RANS_SST_WD_0.01-20_NN_Drift_Seed2_Second,SST,144,-2.020716e-04,9.160201e-05,9.000000e-05,2.000000e-06,3.739346e-05
RANS_SST_WD_0.01-20_NN_Drift_Seed2_Second,SST,145,-1.259480e-04,9.649625e-05,9.500000e-05,2.000000e-06,7.717645e-05
RANS_SST_WD_0.01-20_NN_Drift_Seed2_Second,SST,146,-2.924320e-05,1.078464e-04,1.060000e-04,2.000000e-06,1.107813e-04
RANS_SST_WD_0.01-20_NN_Drift_Seed2_Second,SST,147,2.046600e-05,1.112304e-04,1.090000e-04,2.000000e-06,1.175104e-04
RANS_SST_WD_0.01-20_NN_Drift_Seed2_Second,SST,148,1.246800e-05,1.075426e-04,1.060000e-04,2.000000e-06,1.015681e-04
RANS_SST_WD_0.01-20_NN_Drift_Seed2_Second,SST,149,-3.188780e-05,1.023982e-04,1.010000e-04,2.000000e-06,7.181396e-05
RANS_SST_WD_0.01-20_NN_Drift_Seed2_Second,SST,150,-1.594330e-04,8.563852e-05,8.400000e-05,2.000000e-06,2.323361e-05
RANS_SST_WD_0.01-20_NN_Drift_Seed2_Second,SST,151,-2.016335e-04,7.111194e-05,7.000000e-05,1.000000e-06,5.593164e-06
RANS_SST_WD_0.01-20_NN_Drift_Seed2_Second,SST,152,-2.729221e-04,5.204419e-05,5.100000e-05,1.000000e-06,-2.253294e-05
RANS_SST_WD_0.01-20_NN_Drift_Seed2_Second,SST,153,-3.112859e-04,4.530478e-05,4.500000e-05,1.000000e-06,-4.076955e-05
RANS_SST_WD_0.01-20_NN_Drift_Seed2_Second,SST,154,-3.110149e-04,5.268328e-05,5.200000e-05,1.000000e-06,-4.628216e-05
RANS_SST_WD_0.01-20_NN_Drift_Seed2_Second,SST,155,-3.002217e-04,6.084253e-05,6.100000e-05,1.000000e-06,-4.837664e-05
RANS_SST_WD_0.01-20_NN_Drift_Seed2_Second,SST,156,-3.055156e-04,6.175859e-05,6.200000e-05,0.000000e+00,-5.432917e-05
RANS_SST_WD_0.01-20_NN_Drift_Seed2_Second,SST,157,-3.255083e-04,6.174392e-05,6.200000e-05,1.000000e-06,-6.513993e-05
RANS_SST_WD_0.01-20_NN_Drift_Seed2_Second,SST,158,-3.752144e-04,5.736609e-05,5.700000e-05,1.000000e-06,-9.375513e-05
RANS_SST_WD_0.01-20_NN_Drift_Seed2_Second,SST,159,-4.368053e-04,4.836110e-05,4.800000e-05,1.000000e-06,-1.327393e-04
RANS_SST_WD_0.01-20_NN_Drift_Seed2_Second,SST,160,-3.100245e-04,4.952804e-05,4.900000e-05,1.000000e-06,-6.279476e-05
RANS_SST_WD_0.01-20_NN_Drift_Seed2_Second,SST,161,-2.949109e-04,4.305620e-05,4.300000e-05,1.000000e-06,-4.378189e-05
RANS_SST_WD_0.01-20_NN_Drift_Seed2_Second,SST,162,-2.666560e-04,4.090233e-05,4.000000e-05,1.000000e-06,-3.948928e-05
RANS_SST_WD_0.01-20_NN_Drift_Seed2_Second,SST,163,-2.117436e-04,4.584528e-05,4.500000e-05,1.000000e-06,-1.463148e-05
RANS_SST_WD_0.01-20_NN_Drift_Seed2_Second,SST,164,-1.735036e-04,4.824782e-05,4.800000e-05,1.000000e-06,-1.787634e-06
RANS_SST_WD_0.01-20_NN_Drift_Seed2_Second,SST,165,-1.516584e-04,5.047729e-05,5.000000e-05,1.000000e-06,1.863517e-06
RANS_SST_WD_0.01-20_NN_Drift_Seed2_Second,SST,166,-1.395260e-04,5.109473e-05,5.000000e-05,1.000000e-06,4.396530e-06
RANS_SST_WD_0.01-20_NN_Drift_Seed2_Second,SST,167,-1.087447e-04,5.385719e-05,5.300000e-05,1.000000e-06,1.981841e-05
RANS_SST_WD_0.01-20_NN_Drift_Seed2_Second,SST,168,-4.478150e-05,6.009253e-05,5.900000e-05,1.000000e-06,5.562534e-05
RANS_SST_WD_0.01-20_NN_Drift_Seed2_Second,SST,169,6.152170e-05,7.129196e-05,7.000000e-05,1.000000e-06,1.111886e-04
RANS_SST_WD_0.01-20_NN_Drift_Seed2_Second,SST,170,4.549080e-05,6.885663e-05,6.800000e-05,1.000000e-06,7.413829e-05
RANS_SST_WD_0.01-20_NN_Drift_Seed2_Second,SST,171,1.490868e-04,9.097239e-05,9.000000e-05,1.000000e-06,1.172417e-04
RANS_SST_WD_0.01-20_NN_Drift_Seed2_Second,SST,172,1.671753e-04,9.520282e-05,9.400000e-05,1.000000e-06,1.286188e-04
RANS_SST_WD_0.01-20_NN_Drift_Seed2_Second,SST,173,9.896810e-05,9.024499e-05,9.000000e-05,1.000000e-06,1.108651e-04
RANS_SST_WD_0.01-20_NN_Drift_Seed2_Second,SST,174,8.427200e-06,8.227478e-05,8.200000e-05,1.000000e-06,7.625304e-05
RANS_SST_WD_0.01-20_NN_Drift_Seed2_Second,SST,175,-7.045420e-05,7.225964e-05,7.200000e-05,1.000000e-06,3.926754e-05
RANS_SST_WD_0.01-20_NN_Drift_Seed2_Second,SST,176,-1.127564e-04,6.626813e-05,6.500000e-05,1.000000e-06,2.508740e-05
RANS_SST_WD_0.01-20_NN_Drift_Seed2_Second,SST,177,-1.027289e-04,6.727117e-05,6.600000e-05,1.000000e-06,3.625568e-05
RANS_SST_WD_0.01-20_NN_Drift_Seed2_Second,SST,178,-5.098880e-05,7.343910e-05,7.300000e-05,1.000000e-06,6.555424e-05
RANS_SST_WD_0.01-20_NN_Drift_Seed2_Second,SST,179,2.048750e-05,8.268679e-05,8.200000e-05,1.000000e-06,1.015745e-04
RANS_SST_WD_0.01-20_NN_Drift_Seed2_Second,SST,180,2.229237e-04,1.084124e-04,1.080000e-04,1.000000e-06,2.171022e-04
RANS_SST_WD_0.01-20_NN_Drift_Seed2_Second,SST,181,2.481476e-04,1.134536e-04,1.130000e-04,1.000000e-06,2.401482e-04
RANS_SST_WD_0.01-20_NN_Drift_Seed2_Second,SST,182,2.692708e-04,1.185050e-04,1.180000e-04,1.000000e-06,2.333386e-04
RANS_SST_WD_0.01-20_NN_Drift_Seed2_Second,SST,183,3.275242e-04,1.225532e-04,1.220000e-04,1.000000e-06,2.359242e-04
RANS_SST_WD_0.01-20_NN_Drift_Seed2_Second,SST,184,3.784929e-04,1.216528e-04,1.220000e-04,0.000000e+00,2.373149e-04
RANS_SST_WD_0.01-20_NN_Drift_Seed2_Second,SST,185,3.871555e-04,1.150861e-04,1.150000e-04,0.000000e+00,2.214727e-04
RANS_SST_WD_0.01-20_NN_Drift_Seed2_Second,SST,186,3.539348e-04,1.080566e-04,1.090000e-04,0.000000e+00,1.961708e-04
RANS_SST_WD_0.01-20_NN_Drift_Seed2_Second,SST,187,2.992059e-04,1.021431e-04,1.030000e-04,-1.000000e-06,1.705020e-04
RANS_SST_WD_0.01-20_NN_Drift_Seed2_Second,SST,188,2.465716e-04,9.589770e-05,9.700000e-05,-1.000000e-06,1.459042e-04
RANS_SST_WD_0.01-20_NN_Drift_Seed2_Second,SST,189,1.922771e-04,8.664029e-05,8.900000e-05,-1.000000e-06,1.231114e-04
RANS_SST_WD_0.01-20_NN_Drift_Seed2_Second,SST,190,-7.629090e-05,4.601117e-05,4.800000e-05,-2.000000e-06,-2.632494e-05
RANS_SST_WD_0.01-20_NN_Drift_Seed2_Second,SST,191,-1.754930e-04,2.849658e-05,3.100000e-05,-2.000000e-06,-7.077841e-05
RANS_SST_WD_0.01-20_NN_Drift_Seed2_Second,SST,192,-2.258288e-04,1.699470e-05,2.000000e-05,-3.000000e-06,-7.534796e-05
RANS_SST_WD_0.01-20_NN_Drift_Seed2_Second,SST,193,-2.158453e-04,2.011918e-05,2.300000e-05,-3.000000e-06,-5.554779e-05
RANS_SST_WD_0.01-20_NN_Drift_Seed2_Second,SST,194,-1.699293e-04,3.530312e-05,3.900000e-05,-3.000000e-06,-2.136618e-05
RANS_SST_WD_0.01-20_NN_Drift_Seed2_Second,SST,195,-1.255463e-04,5.000410e-05,5.400000e-05,-3.000000e-06,-6.143399e-07
RANS_SST_WD_0.01-20_NN_Drift_Seed2_Second,SST,196,-9.571300e-05,5.767637e-05,6.200000e-05,-3.000000e-06,1.735548e-06
RANS_SST_WD_0.01-20_NN_Drift_Seed2_Second,SST,197,-7.608960e-05,6.255649e-05,6.700000e-05,-4.000000e-06,1.343726e-07
RANS_SST_WD_0.01-20_NN_Drift_Seed2_Second,SST,198,-7.255540e-05,6.471777e-05,6.900000e-05,-4.000000e-06,-1.616991e-06
RANS_SST_WD_0.01-20_NN_Drift_Seed2_Second,SST,199,-1.050363e-04,6.071910e-05,6.500000e-05,-4.000000e-06,-1.703241e-05
RANS_SST_WD_0.01-20_NN_Drift_Seed2_Second,SST,200,-1.249278e-04,4.580093e-05,5.000000e-05,-4.000000e-06,-4.821408e-07
RANS_SST_WD_0.01-20_NN_Drift_Seed2_Second,SST,201,-2.366367e-04,3.498284e-05,4.000000e-05,-4.000000e-06,-1.598453e-05
RANS_SST_WD_0.01-20_NN_Drift_Seed2_Second,SST,202,-3.607833e-04,3.091963e-05,3.600000e-05,-5.000000e-06,-6.712907e-05
RANS_SST_WD_0.01-20_NN_Drift_Seed2_Second,SST,203,-4.398642e-04,3.011627e-05,3.500000e-05,-5.000000e-06,-1.237455e-04
RANS_SST_WD_0.01-20_NN_Drift_Seed2_Second,SST,204,-4.460502e-04,2.986893e-05,3.500000e-05,-5.000000e-06,-1.428265e-04
RANS_SST_WD_0.01-20_NN_Drift_Seed2_Second,SST,205,-4.010586e-04,3.193982e-05,3.700000e-05,-5.000000e-06,-1.231168e-04
RANS_SST_WD_0.01-20_NN_Drift_Seed2_Second,SST,206,-3.310768e-04,3.719782e-05,4.200000e-05,-5.000000e-06,-7.944237e-05
RANS_SST_WD_0.01-20_NN_Drift_Seed2_Second,SST,207,-2.606100e-04,4.531183e-05,5.000000e-05,-4.000000e-06,-3.327249e-05
RANS_SST_WD_0.01-20_NN_Drift_Seed2_Second,SST,208,-1.838659e-04,5.847431e-05,6.300000e-05,-4.000000e-06,3.694923e-06
RANS_SST_WD_0.01-20_NN_Drift_Seed2_Second,SST,209,-1.302141e-04,7.013238e-05,7.500000e-05,-4.000000e-06,2.319385e-05
RANS_SST_WD_0.01-20_NN_Drift_Seed2_Second,SST,210,-2.416126e-04,6.056566e-05,6.500000e-05,-4.000000e-06,-4.615249e-05
RANS_SST_WD_0.01-20_NN_Drift_Seed2_Second,SST,211,-2.690116e-04,5.952116e-05,6.400000e-05,-4.000000e-06,-4.537664e-05
RANS_SST_WD_0.01-20_NN_Drift_Seed2_Second,SST,212,-3.032190e-04,4.861396e-05,5.300000e-05,-4.000000e-06,-6.056356e-05
RANS_SST_WD_0.01-20_NN_Drift_Seed2_Second,SST,213,-3.307475e-04,4.290244e-05,4.700000e-05,-3.000000e-06,-7.730905e-05
RANS_SST_WD_0.01-20_NN_Drift_Seed2_Second,SST,214,-3.632211e-04,3.927569e-05,4.300000e-05,-3.000000e-06,-1.057739e-04
RANS_SST_WD_0.01-20_NN_Drift_Seed2_Second,SST,215,-4.250337e-04,3.132094e-05,3.500000e-05,-3.000000e-06,-1.491759e-04
RANS_SST_WD_0.01-20_NN_Drift_Seed2_Second,SST,216,-5.087047e-04,1.889655e-05,2.200000e-05,-3.000000e-06,-1.962085e-04
RANS_SST_WD_0.01-20_NN_Drift_Seed2_Second,SST,217,-5.816538e-04,8.835101e-06,1.200000e-05,-3.000000e-06,-2.281899e-04
RANS_SST_WD_0.01-20_NN_Drift_Seed2_Second,SST,218,-6.370482e-04,2.946519e-06,6.000000e-06,-3.000000e-06,-2.402107e-04
RANS_SST_WD_0.01-20_NN_Drift_Seed2_Second,SST,219,-6.644698e-04,2.854624e-06,6.000000e-06,-3.000000e-06,-2.388949e-04
RANS_SST_WD_0.01-20_NN_Drift_Seed2_Second,SST,220,-5.575835e-04,2.622926e-05,3.000000e-05,-3.000000e-06,-1.403927e-04
RANS_SST_WD_0.01-20_NN_Drift_Seed2_Second,SST,221,-4.431349e-04,4.708921e-05,5.000000e-05,-3.000000e-06,-7.179466e-05
RANS_SST_WD_0.01-20_NN_Drift_Seed2_Second,SST,222,-3.003244e-04,6.281459e-05,6.600000e-05,-3.000000e-06,-2.350442e-05
RANS_SST_WD_0.01-20_NN_Drift_Seed2_Second,SST,223,-1.269403e-04,8.846152e-05,9.200000e-05,-3.000000e-06,5.683307e-05
RANS_SST_WD_0.01-20_NN_Drift_Seed2_Second,SST,224,-1.019510e-05,1.070977e-04,1.100000e-04,-3.000000e-06,1.168575e-04
RANS_SST_WD_0.01-20_NN_Drift_Seed2_Second,SST,225,6.678410e-05,1.203498e-04,1.230000e-04,-2.000000e-06,1.467388e-04
RANS_SST_WD_0.01-20_NN_Drift_Seed2_Second,SST,226,6.632400e-05,1.232783e-04,1.260000e-04,-2.000000e-06,1.345994e-04
RANS_SST_WD_0.01-20_NN_Drift_Seed2_Second,SST,227,-2.675800e-06,1.154436e-04,1.180000e-04,-2.000000e-06,9.569371e-05
RANS_SST_WD_0.01-20_NN_Drift_Seed2_Second,SST,228,-1.033070e-04,1.040174e-04,1.060000e-04,-2.000000e-06,5.756998e-05
RANS_SST_WD_0.01-20_NN_Drift_Seed2_Second,SST,229,-1.993859e-04,9.088472e-05,9.300000e-05,-2.000000e-06,2.147559e-05
RANS_SST_WD_0.01-20_NN_Drift_Seed2_Second,SST,230,-3.329791e-04,6.866415e-05,7.100000e-05,-2.000000e-06,-2.736374e-05
RANS_SST_WD_0.01-20_NN_Drift_Seed2_Second,SST,231,-4.066889e-04,5.610857e-05,5.800000e-05,-1.000000e-06,-6.167303e-05
RANS_SST_WD_0.01-20_NN_Drift_Seed2_Second,SST,232,-3.954993e-04,5.591484e-05,5.700000e-05,-1.000000e-06,-6.422515e-05
RANS_SST_WD_0.01-20_NN_Drift_Seed2_Second,SST,233,-3.284142e-04,6.343663e-05,6.500000e-05,-1.000000e-06,-4.893188e-05
RANS_SST_WD_0.01-20_NN_Drift_Seed2_Second,SST,234,-2.555660e-04,6.712127e-05,6.800000e-05,-1.000000e-06,-3.467845e-05
RANS_SST_WD_0.01-20_NN_Drift_Seed2_Second,SST,235,-1.764882e-04,7.294211e-05,7.400000e-05,-1.000000e-06,-9.310377e-06
RANS_SST_WD_0.01-20_NN_Drift_Seed2_Second,SST,236,-8.172490e-05,8.498177e-05,8.600000e-05,-1.000000e-06,3.273592e-05
RANS_SST_WD_0.01-20_NN_Drift_Seed2_Second,SST,237,2.598330e-05,1.004322e-04,1.020000e-04,-1.000000e-06,7.594895e-05
RANS_SST_WD_0.01-20_NN_Drift_Seed2_Second,SST,238,1.262717e-04,1.120271e-04,1.130000e-04,-1.000000e-06,1.059095e-04
RANS_SST_WD_0.01-20_NN_Drift_Seed2_Second,SST,239,1.755712e-04,1.122973e-04,1.130000e-04,-1.000000e-06,1.095571e-04
RANS_SST_WD_0.01-20_NN_Drift_Seed2_Second,SST,240,1.897912e-04,8.637761e-05,8.700000e-05,0.000000e+00,1.033231e-04
RANS_SST_WD_0.01-20_NN_Drift_Seed2_Second,SST,241,1.281553e-04,6.594799e-05,6.700000e-05,0.000000e+00,7.273881e-05
RANS_SST_WD_0.01-20_NN_Drift_Seed2_Second,SST,242,-7.270800e-06,5.173946e-05,5.200000e-05,0.000000e+00,2.348314e-05
RANS_SST_WD_0.01-20_NN_Drift_Seed2_Second,SST,243,-5.956030e-05,5.455858e-05,5.500000e-05,0.000000e+00,7.678890e-06
RANS_SST_WD_0.01-20_NN_Drift_Seed2_Second,SST,244,-3.616610e-05,6.540287e-05,6.600000e-05,0.000000e+00,2.314582e-05
RANS_SST_WD_0.01-20_NN_Drift_Seed2_Second,SST,245,3.322350e-05,7.900454e-05,7.900000e-05,0.000000e+00,5.625637e-05
RANS_SST_WD_0.01-20_NN_Drift_Seed2_Second,SST,246,1.103341e-04,9.159971e-05,9.200000e-05,0.000000e+00,8.674940e-05
RANS_SST_WD_0.01-20_NN_Drift_Seed2_Second,SST,247,1.946052e-04,1.034979e-04,1.040000e-04,0.000000e+00,1.215662e-04
RANS_SST_WD_0.01-20_NN_Drift_Seed2_Second,SST,248,2.812448e-04,1.149268e-04,1.150000e-04,0.000000e+00,1.619860e-04
RANS_SST_WD_0.01-20_NN_Drift_Seed2_Second,SST,249,3.517920e-04,1.254378e-04,1.250000e-04,1.000000e-06,1.989125e-04
RANS_SST_WD_0.01-20_NN_Drift_Seed2_Second,SST,250,1.661203e-04,9.485089e-05,9.500000e-05,0.000000e+00,1.008405e-04
RANS_SST_WD_0.01-20_NN_Drift_Seed2_Second,SST,251,-1.745500e-06,9.059491e-05,9.100000e-05,1.000000e-06,7.092742e-05
RANS_SST_WD_0.01-20_NN_Drift_Seed2_Second,SST,252,-1.985765e-04,7.322123e-05,7.300000e-05,1.000000e-06,-2.923246e-06
RANS_SST_WD_0.01-20_NN_Drift_Seed2_Second,SST,253,-3.844602e-04,5.095212e-05,5.100000e-05,1.000000e-06,-9.574370e-05
RANS_SST_WD_0.01-20_NN_Drift_Seed2_Second,SST,254,-5.226685e-04,3.441286e-05,3.400000e-05,1.000000e-06,-1.652994e-04
RANS_SST_WD_0.01-20_NN_Drift_Seed2_Second,SST,255,-5.943118e-04,2.973392e-05,2.900000e-05,1.000000e-06,-1.897444e-04
RANS_SST_WD_0.01-20_NN_Drift_Seed2_Second,SST,256,-6.114146e-04,3.199929e-05,3.100000e-05,2.000000e-06,-1.865730e-04
RANS_SST_WD_0.01-20_NN_Drift_Seed2_Second,SST,257,-6.185374e-04,3.316247e-05,3.200000e-05,2.000000e-06,-1.744043e-04
RANS_SST_WD_0.01-20_NN_Drift_Seed2_Second,SST,258,-6.389470e-04,2.987743e-05,2.800000e-05,2.000000e-06,-1.693455e-04
RANS_SST_WD_0.01-20_NN_Drift_Seed2_Second,SST,259,-6.529005e-04,2.669769e-05,2.500000e-05,2.000000e-06,-1.663690e-04
RANS_SST_WD_0.01-20_NN_Drift_Seed2_Second,SST,260,-5.271816e-04,5.048746e-05,4.900000e-05,2.000000e-06,-5.131540e-05
RANS_SST_WD_0.01-20_NN_Drift_Seed2_Second,SST,261,-3.707042e-04,8.471449e-05,8.300000e-05,2.000000e-06,2.180940e-05
RANS_SST_WD_0.01-20_NN_Drift_Seed2_Second,SST,262,-2.842541e-04,9.128179e-05,9.000000e-05,2.000000e-06,2.850543e-05
RANS_SST_WD_0.01-20_NN_Drift_Seed2_Second,SST,263,-1.702949e-04,9.318037e-05,9.200000e-05,2.000000e-06,4.397099e-05
RANS_SST_WD_0.01-20_NN_Drift_Seed2_Second,SST,264,-4.835510e-05,9.994108e-05,9.900000e-05,2.000000e-06,8.077752e-05
RANS_SST_WD_0.01-20_NN_Drift_Seed2_Second,SST,265,1.909290e-05,1.065677e-04,1.050000e-04,2.000000e-06,1.079112e-04
RANS_SST_WD_0.01-20_NN_Drift_Seed2_Second,SST,266,2.406850e-05,1.091682e-04,1.080000e-04,1.000000e-06,1.031073e-04
RANS_SST_WD_0.01-20_NN_Drift_Seed2_Second,SST,267,-3.355430e-05,1.024402e-04,1.020000e-04,1.000000e-06,6.230145e-05
RANS_SST_WD_0.01-20_NN_Drift_Seed2_Second,SST,268,-1.415717e-04,8.881669e-05,8.800000e-05,1.000000e-06,2.974134e-06
RANS_SST_WD_0.01-20_NN_Drift_Seed2_Second,SST,269,-2.550635e-04,7.373653e-05,7.300000e-05,1.000000e-06,-5.546733e-05
RANS_SST_WD_0.01-20_NN_Drift_Seed2_Second,SST,270,-3.442701e-04,5.410287e-05,5.400000e-05,1.000000e-06,-1.118422e-04
RANS_SST_WD_0.01-20_NN_Drift_Seed2_Second,SST,271,-3.742781e-04,4.521718e-05,4.500000e-05,1.000000e-06,-1.147584e-04
RANS_SST_WD_0.01-20_NN_Drift_Seed2_Second,SST,272,-3.520373e-04,4.350014e-05,4.300000e-05,1.000000e-06,-8.662495e-05
RANS_SST_WD_0.01-20_NN_Drift_Seed2_Second,SST,273,-3.082926e-04,4.826410e-05,4.800000e-05,1.000000e-06,-6.324567e-05
RANS_SST_WD_0.01-20_NN_Drift_Seed2_Second,SST,274,-2.545839e-04,5.699218e-05,5.700000e-05,1.000000e-06,-4.390347e-05
RANS_SST_WD_0.01-20_NN_Drift_Seed2_Second,SST,275,-2.055040e-04,6.551106e-05,6.500000e-05,1.000000e-06,-3.202512e-05
RANS_SST_WD_0.01-20_NN_Drift_Seed2_Second,SST,276,-1.668113e-04,7.131551e-05,7.100000e-05,1.000000e-06,-2.678498e-05
RANS_SST_WD_0.01-20_NN_Drift_Seed2_Second,SST,277,-1.235699e-04,7.266526e-05,7.200000e-05,1.000000e-06,-2.324688e-05
RANS_SST_WD_0.01-20_NN_Drift_Seed2_Second,SST,278,-6.839940e-05,7.365985e-05,7.300000e-05,1.000000e-06,2.751680e-07
RANS_SST_WD_0.01-20_NN_Drift_Seed2_Second,SST,279,2.514810e-05,7.746467e-05,7.700000e-05,1.000000e-06,5.034588e-05
RANS_SST_WD_0.01-20_NN_Drift_Seed2_Second,SST,280,8.937700e-05,7.640395e-05,7.600000e-05,1.000000e-06,6.222892e-05
RANS_SST_WD_0.01-20_NN_Drift_Seed2_Second,SST,281,1.685498e-04,9.696861e-05,9.700000e-05,0.000000e+00,9.613463e-05
RANS_SST_WD_0.01-20_NN_Drift_Seed2_Second,SST,282,2.126743e-04,1.034345e-04,1.040000e-04,0.000000e+00,1.198286e-04
RANS_SST_WD_0.01-20_NN_Drift_Seed2_Second,SST,283,2.183715e-04,1.074624e-04,1.080000e-04,0.000000e+00,1.330059e-04
RANS_SST_WD_0.01-20_NN_Drift_Seed2_Second,SST,284,1.362372e-04,1.036981e-04,1.040000e-04,0.000000e+00,9.580121e-05
RANS_SST_WD_0.01-20_NN_Drift_Seed2_Second,SST,285,-2.959650e-05,9.039280e-05,9.100000e-05,0.000000e+00,6.048772e-06
RANS_SST_WD_0.01-20_NN_Drift_Seed2_Second,SST,286,-2.280030e-04,6.944326e-05,7.000000e-05,-1.000000e-06,-9.690423e-05
RANS_SST_WD_0.01-20_NN_Drift_Seed2_Second,SST,287,-4.121073e-04,4.896033e-05,5.000000e-05,-1.000000e-06,-1.714190e-04
RANS_SST_WD_0.01-20_NN_Drift_Seed2_Second,SST,288,-5.401232e-04,3.743165e-05,3.900000e-05,-1.000000e-06,-2.033721e-04
RANS_SST_WD_0.01-20_NN_Drift_Seed2_Second,SST,289,-5.923739e-04,3.702011e-05,3.800000e-05,-1.000000e-06,-2.042923e-04
RANS_SST_WD_0.01-20_NN_Drift_Seed2_Second,SST,290,-5.169700e-04,2.905495e-05,3.000000e-05,-1.000000e-06,-1.205332e-04
RANS_SST_WD_0.01-20_NN_Drift_Seed2_Second,SST,291,-3.538498e-04,3.985784e-05,4.100000e-05,-1.000000e-06,-2.022626e-05
RANS_SST_WD_0.01-20_NN_Drift_Seed2_Second,SST,292,-2.558718e-04,5.281628e-05,5.400000e-05,-1.000000e-06,2.858764e-05
RANS_SST_WD_0.01-20_NN_Drift_Seed2_Second,SST,293,-1.804857e-04,6.320004e-05,6.500000e-05,-1.000000e-06,4.432732e-05
RANS_SST_WD_0.01-20_NN_Drift_Seed2_Second,SST,294,-1.129437e-04,7.256652e-05,7.400000e-05,-1.000000e-06,6.701318e-05
RANS_SST_WD_0.01-20_NN_Drift_Seed2_Second,SST,295,-5.031490e-05,8.145167e-05,8.300000e-05,-1.000000e-06,1.036606e-04
RANS_SST_WD_0.01-20_NN_Drift_Seed2_Second,SST,296,-9.826800e-06,9.007540e-05,9.100000e-05,-1.000000e-06,1.285656e-04
RANS_SST_WD_0.01-20_NN_Drift_Seed2_Second,SST,297,-3.751000e-06,9.413437e-05,9.500000e-05,-1.000000e-06,1.233173e-04
RANS_SST_WD_0.01-20_NN_Drift_Seed2_Second,SST,298,-5.402240e-05,8.768581e-05,8.900000e-05,-1.000000e-06,8.479288e-05
RANS_SST_WD_0.01-20_NN_Drift_Seed2_Second,SST,299,-1.434808e-04,7.398365e-05,7.500000e-05,-1.000000e-06,3.039059e-05
RANS_SST_WD_0.01-20_NN_Drift_Seed2_Second,SST,300,-3.318944e-04,4.216352e-05,4.300000e-05,0.000000e+00,-9.698523e-05
RANS_SST_WD_0.01-20_NN_Drift_Seed2_Second,SST,301,-4.790115e-04,2.868372e-05,2.900000e-05,0.000000e+00,-1.419189e-04
RANS_SST_WD_0.01-20_NN_Drift_Seed2_Second,SST,302,-5.925233e-04,1.035590e-05,1.000000e-05,1.000000e-06,-1.672682e-04
RANS_SST_WD_0.01-20_NN_Drift_Seed2_Second,SST,303,-6.716988e-04,-3.332322e-06,-4.000000e-06,1.000000e-06,-1.818273e-04
RANS_SST_WD_0.01-20_NN_Drift_Seed2_Second,SST,304,-6.360235e-04,5.318214e-06,4.000000e-06,1.000000e-06,-1.568352e-04
RANS_SST_WD_0.01-20_NN_Drift_Seed2_Second,SST,305,-5.040948e-04,2.646987e-05,2.500000e-05,2.000000e-06,-1.020704e-04
RANS_SST_WD_0.01-20_NN_Drift_Seed2_Second,SST,306,-3.555381e-04,4.313361e-05,4.200000e-05,2.000000e-06,-5.282170e-05
RANS_SST_WD_0.01-20_NN_Drift_Seed2_Second,SST,307,-2.341676e-04,5.263462e-05,5.100000e-05,2.000000e-06,-1.517715e-05
RANS_SST_WD_0.01-20_NN_Drift_Seed2_Second,SST,308,-1.651506e-04,5.764242e-05,5.600000e-05,2.000000e-06,1.144716e-05
RANS_SST_WD_0.01-20_NN_Drift_Seed2_Second,SST,309,-1.453588e-04,6.092613e-05,5.900000e-05,2.000000e-06,2.450401e-05
RANS_SST_WD_0.01-20_NN_Drift_Seed2_Second,SST,310,-1.691754e-04,6.329510e-05,6.200000e-05,2.000000e-06,3.645584e-05
RANS_SST_WD_0.01-20_NN_Drift_Seed2_Second,SST,311,-2.113009e-04,6.541598e-05,6.400000e-05,2.000000e-06,2.999775e-05
RANS_SST_WD_0.01-20_NN_Drift_Seed2_Second,SST,312,-2.574942e-04,5.715643e-05,5.600000e-05,2.000000e-06,-2.126874e-06
RANS_SST_WD_0.01-20_NN_Drift_Seed2_Second,SST,313,-2.375313e-04,5.819272e-05,5.700000e-05,1.000000e-06,3.437635e-06
RANS_SST_WD_0.01-20_NN_Drift_Seed2_Second,SST,314,-1.857819e-04,6.340378e-05,6.300000e-05,1.000000e-06,2.408767e-05
RANS_SST_WD_0.01-20_NN_Drift_Seed2_Second,SST,315,-1.551890e-04,6.665772e-05,6.600000e-05,1.000000e-06,3.566734e-05
RANS_SST_WD_0.01-20_NN_Drift_Seed2_Second,SST,316,-1.658152e-04,6.440932e-05,6.400000e-05,1.000000e-06,2.150842e-05
RANS_SST_WD_0.01-20_NN_Drift_Seed2_Second,SST,317,-2.032395e-04,6.014865e-05,6.000000e-05,1.000000e-06,-1.044552e-05
RANS_SST_WD_0.01-20_NN_Drift_Seed2_Second,SST,318,-2.484717e-04,5.506671e-05,5.500000e-05,0.000000e+00,-4.136307e-05
RANS_SST_WD_0.01-20_NN_Drift_Seed2_Second,SST,319,-2.721162e-04,5.075680e-05,5.100000e-05,0.000000e+00,-5.815133e-05
RANS_SST_WD_0.01-20_NN_Drift_Seed2_Second,SST,320,-2.961441e-04,4.089201e-05,4.200000e-05,0.000000e+00,-6.745430e-05
RANS_SST_WD_0.01-20_NN_Drift_Seed2_Second,SST,321,-2.021263e-04,4.125443e-05,4.200000e-05,-1.000000e-06,-9.740982e-06
RANS_SST_WD_0.01-20_NN_Drift_Seed2_Second,SST,322,-1.771103e-04,3.868048e-05,4.000000e-05,-1.000000e-06,1.334922e-06
RANS_SST_WD_0.01-20_NN_Drift_Seed2_Second,SST,323,-1.691234e-04,4.252585e-05,4.400000e-05,-1.000000e-06,-8.314063e-06
RANS_SST_WD_0.01-20_NN_Drift_Seed2_Second,SST,324,-1.902625e-04,4.405825e-05,4.600000e-05,-2.000000e-06,-3.445701e-05
RANS_SST_WD_0.01-20_NN_Drift_Seed2_Second,SST,325,-2.226361e-04,4.265121e-05,4.500000e-05,-2.000000e-06,-6.841553e-05
RANS_SST_WD_0.01-20_NN_Drift_Seed2_Second,SST,326,-2.422185e-04,3.654461e-05,3.900000e-05,-2.000000e-06,-9.257619e-05
RANS_SST_WD_0.01-20_NN_Drift_Seed2_Second,SST,327,-2.108832e-04,3.197929e-05,3.500000e-05,-2.000000e-06,-9.546811e-05
RANS_SST_WD_0.01-20_NN_Drift_Seed2_Second,SST,328,-1.077846e-04,3.558074e-05,3.900000e-05,-3.000000e-06,-6.850950e-05
RANS_SST_WD_0.01-20_NN_Drift_Seed2_Second,SST,329,1.315880e-05,4.423086e-05,4.800000e-05,-3.000000e-06,-2.587663e-05
RANS_SST_WD_0.01-20_NN_Drift_Seed2_Second,SST,330,-1.542548e-04,6.784728e-06,1.100000e-05,-4.000000e-06,6.866117e-05
RANS_SST_WD_0.01-20_NN_Drift_Seed2_Second,SST,331,-7.524434e-04,1.337831e-05,1.800000e-05,-4.000000e-06,-2.375762e-04
RANS_SST_WD_0.01-20_NN_Drift_Seed2_Second,SST,332,-9.458764e-04,2.572147e-05,3.100000e-05,-4.000000e-06,-3.446331e-04
RANS_SST_WD_0.01-20_NN_Drift_Seed2_Second,SST,333,-8.856056e-04,2.450994e-05,2.900000e-05,-4.000000e-06,-2.843715e-04
RANS_SST_WD_0.01-20_NN_Drift_Seed2_Second,SST,334,-7.911061e-04,2.533036e-05,2.900000e-05,-4.000000e-06,-2.410859e-04
RANS_SST_WD_0.01-20_NN_Drift_Seed2_Second,SST,335,-7.410176e-04,3.171514e-05,3.600000e-05,-3.000000e-06,-2.404963e-04
RANS_SST_WD_0.01-20_NN_Drift_Seed2_Second,SST,336,-7.381204e-04,3.495701e-05,3.900000e-05,-3.000000e-06,-2.542999e-04
RANS_SST_WD_0.01-20_NN_Drift_Seed2_Second,SST,337,-7.098683e-04,3.797587e-05,4.200000e-05,-3.000000e-06,-2.333467e-04
RANS_SST_WD_0.01-20_NN_Drift_Seed2_Second,SST,338,-6.209644e-04,4.457830e-05,4.800000e-05,-3.000000e-06,-1.725461e-04
RANS_SST_WD_0.01-20_NN_Drift_Seed2_Second,SST,339,-4.949470e-04,5.384553e-05,5.700000e-05,-3.000000e-06,-9.207014e-05
RANS_SST_WD_0.01-20_NN_Drift_Seed2_Second,SST,340,-3.358278e-04,5.976998e-05,6.300000e-05,-2.000000e-06,1.667170e-05
RANS_SST_WD_0.01-20_NN_Drift_Seed2_Second,SST,341,-2.161433e-04,6.553675e-05,6.800000e-05,-2.000000e-06,8.866082e-05
RANS_SST_WD_0.01-20_NN_Drift_Seed2_Second,SST,342,-1.753768e-04,6.586100e-05,6.800000e-05,-1.000000e-06,8.763460e-05
RANS_SST_WD_0.01-20_NN_Drift_Seed2_Second,SST,343,-1.950420e-04,6.353776e-05,6.500000e-05,-1.000000e-06,4.808592e-05
RANS_SST_WD_0.01-20_NN_Drift_Seed2_Second,SST,344,-2.840814e-04,5.394105e-05,5.500000e-05,-1.000000e-06,-1.453307e-05
RANS_SST_WD_0.01-20_NN_Drift_Seed2_Second,SST,345,-3.957717e-04,4.224376e-05,4.300000e-05,0.000000e+00,-7.468815e-05
RANS_SST_WD_0.01-20_NN_Drift_Seed2_Second,SST,346,-5.019193e-04,3.348633e-05,3.400000e-05,0.000000e+00,-1.179253e-04
RANS_SST_WD_0.01-20_NN_Drift_Seed2_Second,SST,347,-5.793681e-04,2.806885e-05,2.900000e-05,0.000000e+00,-1.432401e-04
RANS_SST_WD_0.01-20_NN_Drift_Seed2_Second,SST,348,-6.215302e-04,2.591985e-05,2.700000e-05,0.000000e+00,-1.569517e-04
RANS_SST_WD_0.01-20_NN_Drift_Seed2_Second,SST,349,-6.463783e-04,2.389628e-05,2.500000e-05,-1.000000e-06,-1.743303e-04
RANS_SST_WD_0.01-20_NN_Drift_Seed2_Second,SST,350,-5.276316e-04,3.333591e-05,3.500000e-05,-2.000000e-06,-1.594322e-04
RANS_SST_WD_0.01-20_NN_Drift_Seed2_Second,SST,351,-3.463584e-04,4.985414e-05,5.200000e-05,-2.000000e-06,-7.737245e-05
RANS_SST_WD_0.01-20_NN_Drift_Seed2_Second,SST,352,-2.030362e-04,6.029172e-05,6.300000e-05,-3.000000e-06,1.206142e-05
RANS_SST_WD_0.01-20_NN_Drift_Seed2_Second,SST,353,-5.258810e-05,7.397354e-05,7.800000e-05,-3.000000e-06,8.979807e-05
RANS_SST_WD_0.01-20_NN_Drift_Seed2_Second,SST,354,8.232700e-05,9.100722e-05,9.500000e-05,-3.000000e-06,1.424947e-04
RANS_SST_WD_0.01-20_NN_Drift_Seed2_Second,SST,355,1.524174e-04,1.017123e-04,1.060000e-04,-3.000000e-06,1.573606e-04
RANS_SST_WD_0.01-20_NN_Drift_Seed2_Second,SST,356,1.445534e-04,1.000540e-04,1.040000e-04,-3.000000e-06,1.327968e-04
RANS_SST_WD_0.01-20_NN_Drift_Seed2_Second,SST,357,7.107020e-05,8.872821e-05,9.200000e-05,-3.000000e-06,8.539854e-05
RANS_SST_WD_0.01-20_NN_Drift_Seed2_Second,SST,358,-3.587620e-05,7.653194e-05,8.000000e-05,-3.000000e-06,3.860445e-05
RANS_SST_WD_0.01-20_NN_Drift_Seed2_Second,SST,359,-1.302613e-04,7.051700e-05,7.400000e-05,-3.000000e-06,1.084570e-05
RANS_SST_WD_0.01-20_NN_Drift_Seed2_Second,SST,360,-2.669236e-04,6.884917e-05,7.200000e-05,-3.000000e-06,-4.504175e-05
RANS_SST_WD_0.01-20_NN_Drift_Seed2_Second,SST,361,-3.840279e-04,5.686616e-05,6.000000e-05,-3.000000e-06,-8.206880e-05
RANS_SST_WD_0.01-20_NN_Drift_Seed2_Second,SST,362,-4.385312e-04,4.371192e-05,4.700000e-05,-3.000000e-06,-8.552593e-05
RANS_SST_WD_0.01-20_NN_Drift_Seed2_Second,SST,363,-4.451022e-04,4.606804e-05,4.900000e-05,-3.000000e-06,-7.392122e-05
RANS_SST_WD_0.01-20_NN_Drift_Seed2_Second,SST,364,-4.286049e-04,5.530139e-05,5.800000e-05,-3.000000e-06,-6.616098e-05
RANS_SST_WD_0.01-20_NN_Drift_Seed2_Second,SST,365,-3.951896e-04,6.371415e-05,6.700000e-05,-3.000000e-06,-6.404200e-05
RANS_SST_WD_0.01-20_NN_Drift_Seed2_Second,SST,366,-3.667858e-04,6.829139e-05,7.100000e-05,-3.000000e-06,-5.866863e-05
RANS_SST_WD_0.01-20_NN_Drift_Seed2_Second,SST,367,-3.503828e-04,6.900169e-05,7.200000e-05,-3.000000e-06,-4.766855e-05
RANS_SST_WD_0.01-20_NN_Drift_Seed2_Second,SST,368,-3.490406e-04,6.753232e-05,7.100000e-05,-3.000000e-06,-3.982615e-05
RANS_SST_WD_0.01-20_NN_Drift_Seed2_Second,SST,369,-3.651323e-04,6.466864e-05,6.800000e-05,-3.000000e-06,-4.486662e-05
RANS_SST_WD_0.01-20_NN_Drift_Seed2_Second,SST,370,-4.043215e-04,6.758671e-05,7.100000e-05,-3.000000e-06,-6.591412e-05
RANS_SST_WD_0.01-20_NN_Drift_Seed2_Second,SST,371,-4.093135e-04,7.841904e-05,8.100000e-05,-3.000000e-06,-7.906081e-05
RANS_SST_WD_0.01-20_NN_Drift_Seed2_Second,SST,372,-4.215573e-04,7.073144e-05,7.400000e-05,-2.000000e-06,-9.197396e-05
RANS_SST_WD_0.01-20_NN_Drift_Seed2_Second,SST,373,-4.000236e-04,6.736360e-05,7.000000e-05,-2.000000e-06,-8.379369e-05
RANS_SST_WD_0.01-20_NN_Drift_Seed2_Second,SST,374,-3.562600e-04,6.892951e-05,7.100000e-05,-2.000000e-06,-6.314997e-05
RANS_SST_WD_0.01-20_NN_Drift_Seed2_Second,SST,375,-2.917628e-04,7.683021e-05,7.900000e-05,-2.000000e-06,-3.999817e-05
RANS_SST_WD_0.01-20_NN_Drift_Seed2_Second,SST,376,-2.356971e-04,8.549203e-05,8.700000e-05,-1.000000e-06,-2.029739e-05
RANS_SST_WD_0.01-20_NN_Drift_Seed2_Second,SST,377,-2.078781e-04,9.004251e-05,9.200000e-05,-1.000000e-06,-1.046112e-05
RANS_SST_WD_0.01-20_NN_Drift_Seed2_Second,SST,378,-2.031705e-04,9.193841e-05,9.300000e-05,-1.000000e-06,-1.595357e-05
RANS_SST_WD_0.01-20_NN_Drift_Seed2_Second,SST,379,-2.120696e-04,9.039056e-05,9.100000e-05,-1.000000e-06,-2.815142e-05
RANS_SST_WD_0.01-20_NN_Drift_Seed2_Second,SST,380,-2.826580e-04,6.462739e-05,6.500000e-05,0.000000e+00,-7.060785e-05
RANS_SST_WD_0.01-20_NN_Drift_Seed2_Second,SST,381,-2.923507e-04,6.428052e-05,6.500000e-05,0.000000e+00,-4.930289e-05
RANS_SST_WD_0.01-20_NN_Drift_Seed2_Second,SST,382,-2.888948e-04,6.665345e-05,6.700000e-05,0.000000e+00,-4.199933e-05
RANS_SST_WD_0.01-20_NN_Drift_Seed2_Second,SST,383,-2.362108e-04,7.072583e-05,7.100000e-05,0.000000e+00,-3.624112e-05
RANS_SST_WD_0.01-20_NN_Drift_Seed2_Second,SST,384,-1.768919e-04,7.559523e-05,7.500000e-05,1.000000e-06,-1.365425e-05
RANS_SST_WD_0.01-20_NN_Drift_Seed2_Second,SST,385,-1.267601e-04,8.427986e-05,8.400000e-05,1.000000e-06,1.160699e-05
RANS_SST_WD_0.01-20_NN_Drift_Seed2_Second,SST,386,-9.518200e-05,9.416981e-05,9.400000e-05,1.000000e-06,2.513849e-05
RANS_SST_WD_0.01-20_NN_Drift_Seed2_Second,SST,387,-1.038148e-04,9.686937e-05,9.600000e-05,1.000000e-06,1.629645e-05
RANS_SST_WD_0.01-20_NN_Drift_Seed2_Second,SST,388,-1.216536e-04,9.480263e-05,9.400000e-05,1.000000e-06,7.019571e-06
RANS_SST_WD_0.01-20_NN_Drift_Seed2_Second,SST,389,-1.408253e-04,9.178403e-05,9.100000e-05,1.000000e-06,6.116220e-06
RANS_SST_WD_0.01-20_NN_Drift_Seed2_Second,SST,390,-1.515203e-04,7.510800e-05,7.500000e-05,1.000000e-06,3.071655e-05
RANS_SST_WD_0.01-20_NN_Drift_Seed2_Second,SST,391,-1.378123e-04,8.075651e-05,8.000000e-05,1.000000e-06,5.879440e-05
RANS_SST_WD_0.01-20_NN_Drift_Seed2_Second,SST,392,-2.003317e-04,8.070501e-05,8.000000e-05,1.000000e-06,4.749472e-05
RANS_SST_WD_0.01-20_NN_Drift_Seed2_Second,SST,393,-2.735593e-04,7.985595e-05,7.900000e-05,1.000000e-06,1.081004e-05
RANS_SST_WD_0.01-20_NN_Drift_Seed2_Second,SST,394,-3.518002e-04,7.784103e-05,7.700000e-05,1.000000e-06,-3.681596e-05
RANS_SST_WD_0.01-20_NN_Drift_Seed2_Second,SST,395,-4.431072e-04,6.865254e-05,6.800000e-05,1.000000e-06,-8.959017e-05
RANS_SST_WD_0.01-20_NN_Drift_Seed2_Second,SST,396,-5.205744e-04,5.968223e-05,5.900000e-05,1.000000e-06,-1.313640e-04
RANS_SST_WD_0.01-20_NN_Drift_Seed2_Second,SST,397,-5.775377e-04,5.365377e-05,5.300000e-05,1.000000e-06,-1.594838e-04
RANS_SST_WD_0.01-20_NN_Drift_Seed2_Second,SST,398,-6.184479e-04,4.853203e-05,4.800000e-05,1.000000e-06,-1.791175e-04
RANS_SST_WD_0.01-20_NN_Drift_Seed2_Second,SST,399,-6.262178e-04,4.403092e-05,4.300000e-05,1.000000e-06,-1.869000e-04
