case,model,step,which,field,src_integral,tgt_integral,rel_defect_(tgt-src)/src,src_change_since_prev_event
RANS_SA_WD_0.01-20_ConsGalerkinProj_Drift_Second,SA,8,bdf2_level,Density,3.136378599932e+04,3.136378599932e+04,2.935e-14,
RANS_SA_WD_0.01-20_ConsGalerkinProj_Drift_Second,SA,8,bdf2_level,Momentum_x,3.119235069001e+03,3.119235068985e+03,-5.024e-12,
RANS_SA_WD_0.01-20_ConsGalerkinProj_Drift_Second,SA,8,bdf2_level,Momentum_y,3.275320982967e+02,3.275320983088e+02,3.695e-11,
RANS_SA_WD_0.01-20_ConsGalerkinProj_Drift_Second,SA,8,bdf2_level,Energy,5.616358237638e+04,5.616358237639e+04,1.878e-14,
RANS_SA_WD_0.01-20_ConsGalerkinProj_Drift_Second,SA,8,bdf2_level,Nu_Tilde,1.588962734081e-03,1.588962730963e-03,-1.962e-09,
RANS_SA_WD_0.01-20_ConsGalerkinProj_Drift_Second,SA,9,state,Density,3.136378599932e+04,3.136378599932e+04,2.969e-14,
RANS_SA_WD_0.01-20_ConsGalerkinProj_Drift_Second,SA,9,state,Momentum_x,3.119235069001e+03,3.119235068985e+03,-5.025e-12,
RANS_SA_WD_0.01-20_ConsGalerkinProj_Drift_Second,SA,9,state,Momentum_y,3.275320982967e+02,3.275320983088e+02,3.695e-11,
RANS_SA_WD_0.01-20_ConsGalerkinProj_Drift_Second,SA,9,state,Energy,5.616358237638e+04,5.616358237639e+04,1.878e-14,
RANS_SA_WD_0.01-20_ConsGalerkinProj_Drift_Second,SA,9,state,Nu_Tilde,1.588962734081e-03,1.588962730963e-03,-1.962e-09,
RANS_SA_WD_0.01-20_ConsGalerkinProj_Drift_Second,SA,18,bdf2_level,Density,3.136378599932e+04,3.136378599931e+04,-3.298e-13,
RANS_SA_WD_0.01-20_ConsGalerkinProj_Drift_Second,SA,18,bdf2_level,Momentum_x,3.119235068485e+03,3.119235068488e+03,8.768e-13,
RANS_SA_WD_0.01-20_ConsGalerkinProj_Drift_Second,SA,18,bdf2_level,Momentum_y,3.275320978764e+02,3.275320978708e+02,-1.731e-11,
RANS_SA_WD_0.01-20_ConsGalerkinProj_Drift_Second,SA,18,bdf2_level,Energy,5.616358237639e+04,5.616358237636e+04,-4.186e-13,
RANS_SA_WD_0.01-20_ConsGalerkinProj_Drift_Second,SA,18,bdf2_level,Nu_Tilde,1.588962902845e-03,1.588962908730e-03,3.704e-09,
RANS_SA_WD_0.01-20_ConsGalerkinProj_Drift_Second,SA,19,state,Density,3.136378599932e+04,3.136378599931e+04,-3.261e-13,3.213e-14
RANS_SA_WD_0.01-20_ConsGalerkinProj_Drift_Second,SA,19,state,Momentum_x,3.119235068420e+03,3.119235068424e+03,1.154e-12,-1.861e-10
RANS_SA_WD_0.01-20_ConsGalerkinProj_Drift_Second,SA,19,state,Momentum_y,3.275320977842e+02,3.275320977784e+02,-1.761e-11,-1.565e-09
RANS_SA_WD_0.01-20_ConsGalerkinProj_Drift_Second,SA,19,state,Energy,5.616358237639e+04,5.616358237636e+04,-4.139e-13,1.749e-14
RANS_SA_WD_0.01-20_ConsGalerkinProj_Drift_Second,SA,19,state,Nu_Tilde,1.588962901001e-03,1.588962906902e-03,3.714e-09,1.050e-07
RANS_SA_WD_0.01-20_ConsGalerkinProj_Drift_Second,SA,28,bdf2_level,Density,3.136378599931e+04,3.136378599930e+04,-4.434e-13,
RANS_SA_WD_0.01-20_ConsGalerkinProj_Drift_Second,SA,28,bdf2_level,Momentum_x,3.119235067796e+03,3.119235067793e+03,-9.128e-13,
RANS_SA_WD_0.01-20_ConsGalerkinProj_Drift_Second,SA,28,bdf2_level,Momentum_y,3.275320920092e+02,3.275320920259e+02,5.088e-11,
RANS_SA_WD_0.01-20_ConsGalerkinProj_Drift_Second,SA,28,bdf2_level,Energy,5.616358237636e+04,5.616358237633e+04,-5.827e-13,
RANS_SA_WD_0.01-20_ConsGalerkinProj_Drift_Second,SA,28,bdf2_level,Nu_Tilde,1.588962656765e-03,1.588962659424e-03,1.674e-09,
RANS_SA_WD_0.01-20_ConsGalerkinProj_Drift_Second,SA,29,state,Density,3.136378599931e+04,3.136378599930e+04,-4.437e-13,-3.025e-13
RANS_SA_WD_0.01-20_ConsGalerkinProj_Drift_Second,SA,29,state,Momentum_x,3.119235067718e+03,3.119235067715e+03,-9.032e-13,-2.252e-10
RANS_SA_WD_0.01-20_ConsGalerkinProj_Drift_Second,SA,29,state,Momentum_y,3.275320914531e+02,3.275320914698e+02,5.106e-11,-1.933e-08
RANS_SA_WD_0.01-20_ConsGalerkinProj_Drift_Second,SA,29,state,Energy,5.616358237636e+04,5.616358237633e+04,-5.803e-13,-4.127e-13
RANS_SA_WD_0.01-20_ConsGalerkinProj_Drift_Second,SA,29,state,Nu_Tilde,1.588962617898e-03,1.588962620468e-03,1.617e-09,-1.782e-07
RANS_SA_WD_0.01-20_ConsGalerkinProj_Drift_Second,SA,38,bdf2_level,Density,3.136378599930e+04,3.136378599929e+04,-1.825e-13,
RANS_SA_WD_0.01-20_ConsGalerkinProj_Drift_Second,SA,38,bdf2_level,Momentum_x,3.119235066864e+03,3.119235066867e+03,9.513e-13,
RANS_SA_WD_0.01-20_ConsGalerkinProj_Drift_Second,SA,38,bdf2_level,Momentum_y,3.275320863254e+02,3.275320863246e+02,-2.234e-12,
RANS_SA_WD_0.01-20_ConsGalerkinProj_Drift_Second,SA,38,bdf2_level,Energy,5.616358237633e+04,5.616358237632e+04,-2.095e-13,
RANS_SA_WD_0.01-20_ConsGalerkinProj_Drift_Second,SA,38,bdf2_level,Nu_Tilde,1.588962533078e-03,1.588962538161e-03,3.199e-09,
RANS_SA_WD_0.01-20_ConsGalerkinProj_Drift_Second,SA,39,state,Density,3.136378599930e+04,3.136378599929e+04,-1.837e-13,-4.263e-13
RANS_SA_WD_0.01-20_ConsGalerkinProj_Drift_Second,SA,39,state,Momentum_x,3.119235066760e+03,3.119235066766e+03,1.822e-12,-3.072e-10
RANS_SA_WD_0.01-20_ConsGalerkinProj_Drift_Second,SA,39,state,Momentum_y,3.275320856422e+02,3.275320856415e+02,-2.147e-12,-1.774e-08
RANS_SA_WD_0.01-20_ConsGalerkinProj_Drift_Second,SA,39,state,Energy,5.616358237633e+04,5.616358237632e+04,-2.094e-13,-5.835e-13
RANS_SA_WD_0.01-20_ConsGalerkinProj_Drift_Second,SA,39,state,Nu_Tilde,1.588962554944e-03,1.588962560036e-03,3.205e-09,-3.962e-08
RANS_SA_WD_0.01-20_ConsGalerkinProj_Drift_Second,SA,48,bdf2_level,Density,3.136378599929e+04,3.136378599928e+04,-2.862e-13,
RANS_SA_WD_0.01-20_ConsGalerkinProj_Drift_Second,SA,48,bdf2_level,Momentum_x,3.119235065962e+03,3.119235065952e+03,-3.190e-12,
RANS_SA_WD_0.01-20_ConsGalerkinProj_Drift_Second,SA,48,bdf2_level,Momentum_y,3.275320817909e+02,3.275320817967e+02,1.779e-11,
RANS_SA_WD_0.01-20_ConsGalerkinProj_Drift_Second,SA,48,bdf2_level,Energy,5.616358237631e+04,5.616358237629e+04,-3.954e-13,
RANS_SA_WD_0.01-20_ConsGalerkinProj_Drift_Second,SA,48,bdf2_level,Nu_Tilde,1.588962480665e-03,1.588962478166e-03,-1.573e-09,
RANS_SA_WD_0.01-20_ConsGalerkinProj_Drift_Second,SA,49,state,Density,3.136378599929e+04,3.136378599928e+04,-2.769e-13,-1.866e-13
RANS_SA_WD_0.01-20_ConsGalerkinProj_Drift_Second,SA,49,state,Momentum_x,3.119235065877e+03,3.119235065868e+03,-3.141e-12,-2.829e-10
RANS_SA_WD_0.01-20_ConsGalerkinProj_Drift_Second,SA,49,state,Momentum_y,3.275320813497e+02,3.275320813559e+02,1.886e-11,-1.311e-08
RANS_SA_WD_0.01-20_ConsGalerkinProj_Drift_Second,SA,49,state,Energy,5.616358237631e+04,5.616358237629e+04,-3.780e-13,-2.699e-13
RANS_SA_WD_0.01-20_ConsGalerkinProj_Drift_Second,SA,49,state,Nu_Tilde,1.588962449203e-03,1.588962446723e-03,-1.560e-09,-6.655e-08
RANS_SA_WD_0.01-20_ConsGalerkinProj_Drift_Second,SA,58,bdf2_level,Density,3.136378599928e+04,3.136378599928e+04,-1.317e-13,
RANS_SA_WD_0.01-20_ConsGalerkinProj_Drift_Second,SA,58,bdf2_level,Momentum_x,3.119235064947e+03,3.119235064990e+03,1.391e-11,
RANS_SA_WD_0.01-20_ConsGalerkinProj_Drift_Second,SA,58,bdf2_level,Momentum_y,3.275320809475e+02,3.275320809397e+02,-2.380e-11,
RANS_SA_WD_0.01-20_ConsGalerkinProj_Drift_Second,SA,58,bdf2_level,Energy,5.616358237629e+04,5.616358237628e+04,-1.679e-13,
RANS_SA_WD_0.01-20_ConsGalerkinProj_Drift_Second,SA,58,bdf2_level,Nu_Tilde,1.588962063776e-03,1.588962061261e-03,-1.583e-09,
RANS_SA_WD_0.01-20_ConsGalerkinProj_Drift_Second,SA,59,state,Density,3.136378599928e+04,3.136378599928e+04,-1.241e-13,-3.004e-13
RANS_SA_WD_0.01-20_ConsGalerkinProj_Drift_Second,SA,59,state,Momentum_x,3.119235064822e+03,3.119235064864e+03,1.355e-11,-3.385e-10
RANS_SA_WD_0.01-20_ConsGalerkinProj_Drift_Second,SA,59,state,Momentum_y,3.275320810888e+02,3.275320810811e+02,-2.361e-11,-7.965e-10
RANS_SA_WD_0.01-20_ConsGalerkinProj_Drift_Second,SA,59,state,Energy,5.616358237629e+04,5.616358237628e+04,-1.608e-13,-4.476e-13
RANS_SA_WD_0.01-20_ConsGalerkinProj_Drift_Second,SA,59,state,Nu_Tilde,1.588962025613e-03,1.588962023071e-03,-1.600e-09,-2.666e-07
RANS_SA_WD_0.01-20_ConsGalerkinProj_Drift_Second,SA,68,bdf2_level,Density,3.136378599928e+04,3.136378599927e+04,-2.567e-13,
RANS_SA_WD_0.01-20_ConsGalerkinProj_Drift_Second,SA,68,bdf2_level,Momentum_x,3.119235064149e+03,3.119235064186e+03,1.189e-11,
RANS_SA_WD_0.01-20_ConsGalerkinProj_Drift_Second,SA,68,bdf2_level,Momentum_y,3.275320779404e+02,3.275320779468e+02,1.950e-11,
RANS_SA_WD_0.01-20_ConsGalerkinProj_Drift_Second,SA,68,bdf2_level,Energy,5.616358237628e+04,5.616358237627e+04,-2.942e-13,
RANS_SA_WD_0.01-20_ConsGalerkinProj_Drift_Second,SA,68,bdf2_level,Nu_Tilde,1.588961553569e-03,1.588961549910e-03,-2.303e-09,
RANS_SA_WD_0.01-20_ConsGalerkinProj_Drift_Second,SA,69,state,Density,3.136378599928e+04,3.136378599927e+04,-2.438e-13,-1.330e-13
RANS_SA_WD_0.01-20_ConsGalerkinProj_Drift_Second,SA,69,state,Momentum_x,3.119235064112e+03,3.119235064152e+03,1.275e-11,-2.275e-10
RANS_SA_WD_0.01-20_ConsGalerkinProj_Drift_Second,SA,69,state,Momentum_y,3.275320768233e+02,3.275320768289e+02,1.712e-11,-1.302e-08
RANS_SA_WD_0.01-20_ConsGalerkinProj_Drift_Second,SA,69,state,Energy,5.616358237628e+04,5.616358237627e+04,-2.813e-13,-1.264e-13
RANS_SA_WD_0.01-20_ConsGalerkinProj_Drift_Second,SA,69,state,Nu_Tilde,1.588961478655e-03,1.588961474929e-03,-2.345e-09,-3.442e-07
RANS_SA_WD_0.01-20_ConsGalerkinProj_Drift_Second,SA,78,bdf2_level,Density,3.136378599927e+04,3.136378599926e+04,-2.769e-13,
RANS_SA_WD_0.01-20_ConsGalerkinProj_Drift_Second,SA,78,bdf2_level,Momentum_x,3.119235063665e+03,3.119235063646e+03,-5.914e-12,
RANS_SA_WD_0.01-20_ConsGalerkinProj_Drift_Second,SA,78,bdf2_level,Momentum_y,3.275320758143e+02,3.275320758083e+02,-1.843e-11,
RANS_SA_WD_0.01-20_ConsGalerkinProj_Drift_Second,SA,78,bdf2_level,Energy,5.616358237627e+04,5.616358237625e+04,-3.617e-13,
RANS_SA_WD_0.01-20_ConsGalerkinProj_Drift_Second,SA,78,bdf2_level,Nu_Tilde,1.588960907594e-03,1.588960916365e-03,5.520e-09,
RANS_SA_WD_0.01-20_ConsGalerkinProj_Drift_Second,SA,79,state,Density,3.136378599927e+04,3.136378599926e+04,-2.689e-13,-2.311e-13
RANS_SA_WD_0.01-20_ConsGalerkinProj_Drift_Second,SA,79,state,Momentum_x,3.119235063570e+03,3.119235063552e+03,-5.681e-12,-1.738e-10
RANS_SA_WD_0.01-20_ConsGalerkinProj_Drift_Second,SA,79,state,Momentum_y,3.275320762532e+02,3.275320762474e+02,-1.752e-11,-1.741e-09
RANS_SA_WD_0.01-20_ConsGalerkinProj_Drift_Second,SA,79,state,Energy,5.616358237627e+04,5.616358237625e+04,-3.618e-13,-2.309e-13
RANS_SA_WD_0.01-20_ConsGalerkinProj_Drift_Second,SA,79,state,Nu_Tilde,1.588960866712e-03,1.588960875410e-03,5.474e-09,-3.851e-07
RANS_SA_WD_0.01-20_ConsGalerkinProj_Drift_Second,SA,88,bdf2_level,Density,3.136378599926e+04,3.136378599925e+04,-2.525e-13,
RANS_SA_WD_0.01-20_ConsGalerkinProj_Drift_Second,SA,88,bdf2_level,Momentum_x,3.119235062802e+03,3.119235062815e+03,4.161e-12,
RANS_SA_WD_0.01-20_ConsGalerkinProj_Drift_Second,SA,88,bdf2_level,Momentum_y,3.275320722665e+02,3.275320722677e+02,3.747e-12,
RANS_SA_WD_0.01-20_ConsGalerkinProj_Drift_Second,SA,88,bdf2_level,Energy,5.616358237625e+04,5.616358237623e+04,-3.376e-13,
RANS_SA_WD_0.01-20_ConsGalerkinProj_Drift_Second,SA,88,bdf2_level,Nu_Tilde,1.588960980260e-03,1.588960980917e-03,4.137e-10,
RANS_SA_WD_0.01-20_ConsGalerkinProj_Drift_Second,SA,89,state,Density,3.136378599926e+04,3.136378599925e+04,-2.540e-13,-2.846e-13
RANS_SA_WD_0.01-20_ConsGalerkinProj_Drift_Second,SA,89,state,Momentum_x,3.119235062722e+03,3.119235062731e+03,3.162e-12,-2.720e-10
RANS_SA_WD_0.01-20_ConsGalerkinProj_Drift_Second,SA,89,state,Momentum_y,3.275320717590e+02,3.275320717605e+02,4.375e-12,-1.372e-08
RANS_SA_WD_0.01-20_ConsGalerkinProj_Drift_Second,SA,89,state,Energy,5.616358237625e+04,5.616358237623e+04,-3.362e-13,-3.883e-13
RANS_SA_WD_0.01-20_ConsGalerkinProj_Drift_Second,SA,89,state,Nu_Tilde,1.588961001896e-03,1.588961002584e-03,4.330e-10,8.508e-08
RANS_SA_WD_0.01-20_ConsGalerkinProj_Drift_Second,SA,98,bdf2_level,Density,3.136378599925e+04,3.136378599925e+04,-1.745e-13,
RANS_SA_WD_0.01-20_ConsGalerkinProj_Drift_Second,SA,98,bdf2_level,Momentum_x,3.119235061958e+03,3.119235061960e+03,4.853e-13,
RANS_SA_WD_0.01-20_ConsGalerkinProj_Drift_Second,SA,98,bdf2_level,Momentum_y,3.275320723059e+02,3.275320723084e+02,7.621e-12,
RANS_SA_WD_0.01-20_ConsGalerkinProj_Drift_Second,SA,98,bdf2_level,Energy,5.616358237623e+04,5.616358237621e+04,-2.267e-13,
RANS_SA_WD_0.01-20_ConsGalerkinProj_Drift_Second,SA,98,bdf2_level,Nu_Tilde,1.588960765897e-03,1.588960773445e-03,4.750e-09,
RANS_SA_WD_0.01-20_ConsGalerkinProj_Drift_Second,SA,99,state,Density,3.136378599925e+04,3.136378599925e+04,-1.743e-13,-2.296e-13
RANS_SA_WD_0.01-20_ConsGalerkinProj_Drift_Second,SA,99,state,Momentum_x,3.119235061886e+03,3.119235061885e+03,-1.356e-13,-2.680e-10
RANS_SA_WD_0.01-20_ConsGalerkinProj_Drift_Second,SA,99,state,Momentum_y,3.275320722446e+02,3.275320722470e+02,7.499e-12,1.482e-09
RANS_SA_WD_0.01-20_ConsGalerkinProj_Drift_Second,SA,99,state,Energy,5.616358237623e+04,5.616358237621e+04,-2.353e-13,-3.721e-13
RANS_SA_WD_0.01-20_ConsGalerkinProj_Drift_Second,SA,99,state,Nu_Tilde,1.588960727395e-03,1.588960734861e-03,4.699e-09,-1.728e-07
RANS_SA_WD_0.01-20_ConsGalerkinProj_Drift_Second,SA,108,bdf2_level,Density,3.136378599925e+04,3.136378599924e+04,-3.026e-13,
RANS_SA_WD_0.01-20_ConsGalerkinProj_Drift_Second,SA,108,bdf2_level,Momentum_x,3.119235061024e+03,3.119235061036e+03,3.982e-12,
RANS_SA_WD_0.01-20_ConsGalerkinProj_Drift_Second,SA,108,bdf2_level,Momentum_y,3.275320698164e+02,3.275320698139e+02,-7.585e-12,
RANS_SA_WD_0.01-20_ConsGalerkinProj_Drift_Second,SA,108,bdf2_level,Energy,5.616358237621e+04,5.616358237619e+04,-3.627e-13,
RANS_SA_WD_0.01-20_ConsGalerkinProj_Drift_Second,SA,108,bdf2_level,Nu_Tilde,1.588960397954e-03,1.588960400484e-03,1.593e-09,
RANS_SA_WD_0.01-20_ConsGalerkinProj_Drift_Second,SA,109,state,Density,3.136378599925e+04,3.136378599924e+04,-3.036e-13,-1.385e-13
RANS_SA_WD_0.01-20_ConsGalerkinProj_Drift_Second,SA,109,state,Momentum_x,3.119235060906e+03,3.119235060921e+03,4.734e-12,-3.141e-10
RANS_SA_WD_0.01-20_ConsGalerkinProj_Drift_Second,SA,109,state,Momentum_y,3.275320696452e+02,3.275320696430e+02,-6.716e-12,-7.936e-09
RANS_SA_WD_0.01-20_ConsGalerkinProj_Drift_Second,SA,109,state,Energy,5.616358237621e+04,5.616358237619e+04,-3.658e-13,-2.411e-13
RANS_SA_WD_0.01-20_ConsGalerkinProj_Drift_Second,SA,109,state,Nu_Tilde,1.588960361733e-03,1.588960364197e-03,1.550e-09,-2.301e-07
RANS_SA_WD_0.01-20_ConsGalerkinProj_Drift_Second,SA,118,bdf2_level,Density,3.136378599924e+04,3.136378599923e+04,-2.524e-13,
RANS_SA_WD_0.01-20_ConsGalerkinProj_Drift_Second,SA,118,bdf2_level,Momentum_x,3.119235060095e+03,3.119235060091e+03,-1.174e-12,
RANS_SA_WD_0.01-20_ConsGalerkinProj_Drift_Second,SA,118,bdf2_level,Momentum_y,3.275320704178e+02,3.275320704318e+02,4.279e-11,
RANS_SA_WD_0.01-20_ConsGalerkinProj_Drift_Second,SA,118,bdf2_level,Energy,5.616358237619e+04,5.616358237617e+04,-3.204e-13,
RANS_SA_WD_0.01-20_ConsGalerkinProj_Drift_Second,SA,118,bdf2_level,Nu_Tilde,1.588959991389e-03,1.588959989532e-03,-1.169e-09,
RANS_SA_WD_0.01-20_ConsGalerkinProj_Drift_Second,SA,119,state,Density,3.136378599924e+04,3.136378599923e+04,-2.533e-13,-3.418e-13
RANS_SA_WD_0.01-20_ConsGalerkinProj_Drift_Second,SA,119,state,Momentum_x,3.119235060030e+03,3.119235060014e+03,-5.231e-12,-2.807e-10
RANS_SA_WD_0.01-20_ConsGalerkinProj_Drift_Second,SA,119,state,Momentum_y,3.275320701350e+02,3.275320701498e+02,4.521e-11,1.495e-09
RANS_SA_WD_0.01-20_ConsGalerkinProj_Drift_Second,SA,119,state,Energy,5.616358237619e+04,5.616358237617e+04,-3.519e-13,-4.355e-13
RANS_SA_WD_0.01-20_ConsGalerkinProj_Drift_Second,SA,119,state,Nu_Tilde,1.588960015055e-03,1.588960013531e-03,-9.593e-10,-2.182e-07
RANS_SA_WD_0.01-20_ConsGalerkinProj_Drift_Second,SA,128,bdf2_level,Density,3.136378599923e+04,3.136378599922e+04,-2.255e-13,
RANS_SA_WD_0.01-20_ConsGalerkinProj_Drift_Second,SA,128,bdf2_level,Momentum_x,3.119235059283e+03,3.119235059277e+03,-1.867e-12,
RANS_SA_WD_0.01-20_ConsGalerkinProj_Drift_Second,SA,128,bdf2_level,Momentum_y,3.275320662430e+02,3.275320662479e+02,1.500e-11,
RANS_SA_WD_0.01-20_ConsGalerkinProj_Drift_Second,SA,128,bdf2_level,Energy,5.616358237616e+04,5.616358237614e+04,-2.974e-13,
RANS_SA_WD_0.01-20_ConsGalerkinProj_Drift_Second,SA,128,bdf2_level,Nu_Tilde,1.588959972279e-03,1.588959978268e-03,3.769e-09,
RANS_SA_WD_0.01-20_ConsGalerkinProj_Drift_Second,SA,129,state,Density,3.136378599923e+04,3.136378599922e+04,-2.322e-13,-3.629e-13
RANS_SA_WD_0.01-20_ConsGalerkinProj_Drift_Second,SA,129,state,Momentum_x,3.119235059218e+03,3.119235059213e+03,-1.733e-12,-2.604e-10
RANS_SA_WD_0.01-20_ConsGalerkinProj_Drift_Second,SA,129,state,Momentum_y,3.275320653167e+02,3.275320653214e+02,1.454e-11,-1.471e-08
RANS_SA_WD_0.01-20_ConsGalerkinProj_Drift_Second,SA,129,state,Energy,5.616358237616e+04,5.616358237614e+04,-2.987e-13,-5.371e-13
RANS_SA_WD_0.01-20_ConsGalerkinProj_Drift_Second,SA,129,state,Nu_Tilde,1.588959990689e-03,1.588959996578e-03,3.706e-09,-1.533e-08
RANS_SA_WD_0.01-20_ConsGalerkinProj_Drift_Second,SA,138,bdf2_level,Density,3.136378599922e+04,3.136378599921e+04,-3.780e-13,
RANS_SA_WD_0.01-20_ConsGalerkinProj_Drift_Second,SA,138,bdf2_level,Momentum_x,3.119235058810e+03,3.119235058800e+03,-3.252e-12,
RANS_SA_WD_0.01-20_ConsGalerkinProj_Drift_Second,SA,138,bdf2_level,Momentum_y,3.275320585250e+02,3.275320585327e+02,2.351e-11,
RANS_SA_WD_0.01-20_ConsGalerkinProj_Drift_Second,SA,138,bdf2_level,Energy,5.616358237615e+04,5.616358237612e+04,-4.765e-13,
RANS_SA_WD_0.01-20_ConsGalerkinProj_Drift_Second,SA,138,bdf2_level,Nu_Tilde,1.588959934076e-03,1.588959930323e-03,-2.362e-09,
RANS_SA_WD_0.01-20_ConsGalerkinProj_Drift_Second,SA,139,state,Density,3.136378599922e+04,3.136378599921e+04,-3.725e-13,-1.675e-13
RANS_SA_WD_0.01-20_ConsGalerkinProj_Drift_Second,SA,139,state,Momentum_x,3.119235058753e+03,3.119235058746e+03,-2.301e-12,-1.492e-10
RANS_SA_WD_0.01-20_ConsGalerkinProj_Drift_Second,SA,139,state,Momentum_y,3.275320580345e+02,3.275320580420e+02,2.295e-11,-2.223e-08
RANS_SA_WD_0.01-20_ConsGalerkinProj_Drift_Second,SA,139,state,Energy,5.616358237615e+04,5.616358237612e+04,-4.742e-13,-1.490e-13
RANS_SA_WD_0.01-20_ConsGalerkinProj_Drift_Second,SA,139,state,Nu_Tilde,1.588959877614e-03,1.588959873879e-03,-2.350e-09,-7.116e-08
RANS_SA_WD_0.01-20_ConsGalerkinProj_Drift_Second,SA,148,bdf2_level,Density,3.136378599923e+04,3.136378599923e+04,-9.975e-14,
RANS_SA_WD_0.01-20_ConsGalerkinProj_Drift_Second,SA,148,bdf2_level,Momentum_x,3.119235058101e+03,3.119235058100e+03,-8.966e-14,
RANS_SA_WD_0.01-20_ConsGalerkinProj_Drift_Second,SA,148,bdf2_level,Momentum_y,3.275320558380e+02,3.275320558415e+02,1.068e-11,
RANS_SA_WD_0.01-20_ConsGalerkinProj_Drift_Second,SA,148,bdf2_level,Energy,5.616358237618e+04,5.616358237617e+04,-1.748e-13,
RANS_SA_WD_0.01-20_ConsGalerkinProj_Drift_Second,SA,148,bdf2_level,Nu_Tilde,1.588959453874e-03,1.588959458044e-03,2.624e-09,
RANS_SA_WD_0.01-20_ConsGalerkinProj_Drift_Second,SA,149,state,Density,3.136378599923e+04,3.136378599923e+04,-1.056e-13,4.042e-13
RANS_SA_WD_0.01-20_ConsGalerkinProj_Drift_Second,SA,149,state,Momentum_x,3.119235058028e+03,3.119235058028e+03,-1.458e-14,-2.325e-10
RANS_SA_WD_0.01-20_ConsGalerkinProj_Drift_Second,SA,149,state,Momentum_y,3.275320556736e+02,3.275320556777e+02,1.233e-11,-7.208e-09
RANS_SA_WD_0.01-20_ConsGalerkinProj_Drift_Second,SA,149,state,Energy,5.616358237619e+04,5.616358237618e+04,-1.692e-13,6.735e-13
RANS_SA_WD_0.01-20_ConsGalerkinProj_Drift_Second,SA,149,state,Nu_Tilde,1.588959418115e-03,1.588959422237e-03,2.594e-09,-2.892e-07
RANS_SA_WD_0.01-20_ConsGalerkinProj_Drift_Second,SA,158,bdf2_level,Density,3.136378599927e+04,3.136378599926e+04,-2.922e-13,
RANS_SA_WD_0.01-20_ConsGalerkinProj_Drift_Second,SA,158,bdf2_level,Momentum_x,3.119235057366e+03,3.119235057349e+03,-5.358e-12,
RANS_SA_WD_0.01-20_ConsGalerkinProj_Drift_Second,SA,158,bdf2_level,Momentum_y,3.275320535026e+02,3.275320535082e+02,1.718e-11,
RANS_SA_WD_0.01-20_ConsGalerkinProj_Drift_Second,SA,158,bdf2_level,Energy,5.616358237628e+04,5.616358237626e+04,-3.556e-13,
RANS_SA_WD_0.01-20_ConsGalerkinProj_Drift_Second,SA,158,bdf2_level,Nu_Tilde,1.588958953806e-03,1.588958961334e-03,4.738e-09,
RANS_SA_WD_0.01-20_ConsGalerkinProj_Drift_Second,SA,159,state,Density,3.136378599928e+04,3.136378599927e+04,-2.990e-13,1.308e-12
RANS_SA_WD_0.01-20_ConsGalerkinProj_Drift_Second,SA,159,state,Momentum_x,3.119235057264e+03,3.119235057249e+03,-4.854e-12,-2.447e-10
RANS_SA_WD_0.01-20_ConsGalerkinProj_Drift_Second,SA,159,state,Momentum_y,3.275320531203e+02,3.275320531259e+02,1.711e-11,-7.796e-09
RANS_SA_WD_0.01-20_ConsGalerkinProj_Drift_Second,SA,159,state,Energy,5.616358237629e+04,5.616358237627e+04,-3.601e-13,1.840e-12
RANS_SA_WD_0.01-20_ConsGalerkinProj_Drift_Second,SA,159,state,Nu_Tilde,1.588958885971e-03,1.588958893429e-03,4.694e-09,-3.349e-07
RANS_SA_WD_0.01-20_ConsGalerkinProj_Drift_Second,SA,168,bdf2_level,Density,3.136378599929e+04,3.136378599929e+04,-1.379e-13,
RANS_SA_WD_0.01-20_ConsGalerkinProj_Drift_Second,SA,168,bdf2_level,Momentum_x,3.119235056468e+03,3.119235056464e+03,-1.281e-12,
RANS_SA_WD_0.01-20_ConsGalerkinProj_Drift_Second,SA,168,bdf2_level,Momentum_y,3.275320516490e+02,3.275320516510e+02,6.157e-12,
RANS_SA_WD_0.01-20_ConsGalerkinProj_Drift_Second,SA,168,bdf2_level,Energy,5.616358237634e+04,5.616358237633e+04,-1.845e-13,
RANS_SA_WD_0.01-20_ConsGalerkinProj_Drift_Second,SA,168,bdf2_level,Nu_Tilde,1.588958937059e-03,1.588958944261e-03,4.533e-09,
RANS_SA_WD_0.01-20_ConsGalerkinProj_Drift_Second,SA,169,state,Density,3.136378599930e+04,3.136378599929e+04,-1.405e-13,6.378e-13
RANS_SA_WD_0.01-20_ConsGalerkinProj_Drift_Second,SA,169,state,Momentum_x,3.119235056389e+03,3.119235056385e+03,-1.378e-12,-2.806e-10
RANS_SA_WD_0.01-20_ConsGalerkinProj_Drift_Second,SA,169,state,Momentum_y,3.275320516619e+02,3.275320516637e+02,5.507e-12,-4.453e-09
RANS_SA_WD_0.01-20_ConsGalerkinProj_Drift_Second,SA,169,state,Energy,5.616358237634e+04,5.616358237633e+04,-1.838e-13,9.509e-13
RANS_SA_WD_0.01-20_ConsGalerkinProj_Drift_Second,SA,169,state,Nu_Tilde,1.588958979789e-03,1.588958987051e-03,4.570e-09,5.904e-08
RANS_SA_WD_0.01-20_ConsGalerkinProj_Drift_Second,SA,178,bdf2_level,Density,3.136378599925e+04,3.136378599924e+04,-4.111e-13,
RANS_SA_WD_0.01-20_ConsGalerkinProj_Drift_Second,SA,178,bdf2_level,Momentum_x,3.119235055728e+03,3.119235055746e+03,5.788e-12,
RANS_SA_WD_0.01-20_ConsGalerkinProj_Drift_Second,SA,178,bdf2_level,Momentum_y,3.275320502546e+02,3.275320502544e+02,-4.964e-13,
RANS_SA_WD_0.01-20_ConsGalerkinProj_Drift_Second,SA,178,bdf2_level,Energy,5.616358237623e+04,5.616358237620e+04,-5.163e-13,
RANS_SA_WD_0.01-20_ConsGalerkinProj_Drift_Second,SA,178,bdf2_level,Nu_Tilde,1.588958662416e-03,1.588958656471e-03,-3.741e-09,
RANS_SA_WD_0.01-20_ConsGalerkinProj_Drift_Second,SA,179,state,Density,3.136378599924e+04,3.136378599923e+04,-4.211e-13,-1.726e-12
RANS_SA_WD_0.01-20_ConsGalerkinProj_Drift_Second,SA,179,state,Momentum_x,3.119235055641e+03,3.119235055660e+03,6.010e-12,-2.398e-10
RANS_SA_WD_0.01-20_ConsGalerkinProj_Drift_Second,SA,179,state,Momentum_y,3.275320499045e+02,3.275320499043e+02,-9.007e-13,-5.366e-09
RANS_SA_WD_0.01-20_ConsGalerkinProj_Drift_Second,SA,179,state,Energy,5.616358237620e+04,5.616358237617e+04,-5.227e-13,-2.504e-12
RANS_SA_WD_0.01-20_ConsGalerkinProj_Drift_Second,SA,179,state,Nu_Tilde,1.588958591050e-03,1.588958585083e-03,-3.755e-09,-2.447e-07
RANS_SA_WD_0.01-20_ConsGalerkinProj_Drift_Second,SA,188,bdf2_level,Density,3.136378599907e+04,3.136378599906e+04,-3.885e-13,
RANS_SA_WD_0.01-20_ConsGalerkinProj_Drift_Second,SA,188,bdf2_level,Momentum_x,3.119235054902e+03,3.119235054924e+03,7.017e-12,
RANS_SA_WD_0.01-20_ConsGalerkinProj_Drift_Second,SA,188,bdf2_level,Momentum_y,3.275320454555e+02,3.275320454675e+02,3.649e-11,
RANS_SA_WD_0.01-20_ConsGalerkinProj_Drift_Second,SA,188,bdf2_level,Energy,5.616358237577e+04,5.616358237574e+04,-4.837e-13,
RANS_SA_WD_0.01-20_ConsGalerkinProj_Drift_Second,SA,188,bdf2_level,Nu_Tilde,1.588957712481e-03,1.588957713825e-03,8.454e-10,
RANS_SA_WD_0.01-20_ConsGalerkinProj_Drift_Second,SA,189,state,Density,3.136378599905e+04,3.136378599904e+04,-3.965e-13,-6.141e-12
RANS_SA_WD_0.01-20_ConsGalerkinProj_Drift_Second,SA,189,state,Momentum_x,3.119235054818e+03,3.119235054840e+03,6.918e-12,-2.637e-10
RANS_SA_WD_0.01-20_ConsGalerkinProj_Drift_Second,SA,189,state,Momentum_y,3.275320449181e+02,3.275320449302e+02,3.667e-11,-1.522e-08
RANS_SA_WD_0.01-20_ConsGalerkinProj_Drift_Second,SA,189,state,Energy,5.616358237571e+04,5.616358237568e+04,-4.967e-13,-8.840e-12
RANS_SA_WD_0.01-20_ConsGalerkinProj_Drift_Second,SA,189,state,Nu_Tilde,1.588957618390e-03,1.588957619839e-03,9.119e-10,-6.121e-07
RANS_SA_WD_0.01-20_ConsGalerkinProj_Drift_Second,SA,198,bdf2_level,Density,3.136378599877e+04,3.136378599875e+04,-4.385e-13,
RANS_SA_WD_0.01-20_ConsGalerkinProj_Drift_Second,SA,198,bdf2_level,Momentum_x,3.119235053995e+03,3.119235053988e+03,-2.210e-12,
RANS_SA_WD_0.01-20_ConsGalerkinProj_Drift_Second,SA,198,bdf2_level,Momentum_y,3.275320441120e+02,3.275320441048e+02,-2.190e-11,
RANS_SA_WD_0.01-20_ConsGalerkinProj_Drift_Second,SA,198,bdf2_level,Energy,5.616358237497e+04,5.616358237494e+04,-5.586e-13,
RANS_SA_WD_0.01-20_ConsGalerkinProj_Drift_Second,SA,198,bdf2_level,Nu_Tilde,1.588957332146e-03,1.588957327087e-03,-3.184e-09,
RANS_SA_WD_0.01-20_ConsGalerkinProj_Drift_Second,SA,199,state,Density,3.136378599873e+04,3.136378599872e+04,-4.359e-13,-1.014e-11
RANS_SA_WD_0.01-20_ConsGalerkinProj_Drift_Second,SA,199,state,Momentum_x,3.119235053861e+03,3.119235053853e+03,-2.592e-12,-3.070e-10
RANS_SA_WD_0.01-20_ConsGalerkinProj_Drift_Second,SA,199,state,Momentum_y,3.275320440942e+02,3.275320440872e+02,-2.137e-11,-2.516e-09
RANS_SA_WD_0.01-20_ConsGalerkinProj_Drift_Second,SA,199,state,Energy,5.616358237488e+04,5.616358237485e+04,-5.515e-13,-1.466e-11
RANS_SA_WD_0.01-20_ConsGalerkinProj_Drift_Second,SA,199,state,Nu_Tilde,1.588957333272e-03,1.588957328213e-03,-3.184e-09,-1.794e-07
RANS_SA_WD_0.01-20_ConsGalerkinProj_Drift_Second,SA,208,bdf2_level,Density,3.136378599839e+04,3.136378599838e+04,-2.176e-13,
RANS_SA_WD_0.01-20_ConsGalerkinProj_Drift_Second,SA,208,bdf2_level,Momentum_x,3.119235052256e+03,3.119235052259e+03,8.997e-13,
RANS_SA_WD_0.01-20_ConsGalerkinProj_Drift_Second,SA,208,bdf2_level,Momentum_y,3.275320413891e+02,3.275320414048e+02,4.771e-11,
RANS_SA_WD_0.01-20_ConsGalerkinProj_Drift_Second,SA,208,bdf2_level,Energy,5.616358237400e+04,5.616358237398e+04,-2.737e-13,
RANS_SA_WD_0.01-20_ConsGalerkinProj_Drift_Second,SA,208,bdf2_level,Nu_Tilde,1.588957159248e-03,1.588957169697e-03,6.576e-09,
RANS_SA_WD_0.01-20_ConsGalerkinProj_Drift_Second,SA,209,state,Density,3.136378599835e+04,3.136378599835e+04,-2.290e-13,-1.203e-11
RANS_SA_WD_0.01-20_ConsGalerkinProj_Drift_Second,SA,209,state,Momentum_x,3.119235052096e+03,3.119235052095e+03,-2.528e-13,-5.658e-10
RANS_SA_WD_0.01-20_ConsGalerkinProj_Drift_Second,SA,209,state,Momentum_y,3.275320413107e+02,3.275320413267e+02,4.901e-11,-8.498e-09
RANS_SA_WD_0.01-20_ConsGalerkinProj_Drift_Second,SA,209,state,Energy,5.616358237391e+04,5.616358237389e+04,-2.864e-13,-1.739e-11
RANS_SA_WD_0.01-20_ConsGalerkinProj_Drift_Second,SA,209,state,Nu_Tilde,1.588957122727e-03,1.588957133170e-03,6.572e-09,-1.325e-07
RANS_SA_WD_0.01-20_ConsGalerkinProj_Drift_Second,SA,218,bdf2_level,Density,3.136378599806e+04,3.136378599805e+04,-1.796e-13,
RANS_SA_WD_0.01-20_ConsGalerkinProj_Drift_Second,SA,218,bdf2_level,Momentum_x,3.119235050991e+03,3.119235050990e+03,-3.366e-13,
RANS_SA_WD_0.01-20_ConsGalerkinProj_Drift_Second,SA,218,bdf2_level,Momentum_y,3.275320405319e+02,3.275320405253e+02,-2.015e-11,
RANS_SA_WD_0.01-20_ConsGalerkinProj_Drift_Second,SA,218,bdf2_level,Energy,5.616358237315e+04,5.616358237313e+04,-2.125e-13,
RANS_SA_WD_0.01-20_ConsGalerkinProj_Drift_Second,SA,218,bdf2_level,Nu_Tilde,1.588956826388e-03,1.588956820563e-03,-3.666e-09,
RANS_SA_WD_0.01-20_ConsGalerkinProj_Drift_Second,SA,219,state,Density,3.136378599803e+04,3.136378599803e+04,-1.712e-13,-1.021e-11
RANS_SA_WD_0.01-20_ConsGalerkinProj_Drift_Second,SA,219,state,Momentum_x,3.119235050848e+03,3.119235050844e+03,-1.211e-12,-3.999e-10
RANS_SA_WD_0.01-20_ConsGalerkinProj_Drift_Second,SA,219,state,Momentum_y,3.275320402248e+02,3.275320402180e+02,-2.082e-11,-3.315e-09
RANS_SA_WD_0.01-20_ConsGalerkinProj_Drift_Second,SA,219,state,Energy,5.616358237308e+04,5.616358237307e+04,-2.108e-13,-1.474e-11
RANS_SA_WD_0.01-20_ConsGalerkinProj_Drift_Second,SA,219,state,Nu_Tilde,1.588956780728e-03,1.588956774954e-03,-3.634e-09,-2.152e-07
RANS_SA_WD_0.01-20_ConsGalerkinProj_Drift_Second,SA,228,bdf2_level,Density,3.136378599788e+04,3.136378599787e+04,-2.321e-13,
RANS_SA_WD_0.01-20_ConsGalerkinProj_Drift_Second,SA,228,bdf2_level,Momentum_x,3.119235049643e+03,3.119235049663e+03,6.349e-12,
RANS_SA_WD_0.01-20_ConsGalerkinProj_Drift_Second,SA,228,bdf2_level,Momentum_y,3.275320392125e+02,3.275320392222e+02,2.973e-11,
RANS_SA_WD_0.01-20_ConsGalerkinProj_Drift_Second,SA,228,bdf2_level,Energy,5.616358237268e+04,5.616358237266e+04,-2.837e-13,
RANS_SA_WD_0.01-20_ConsGalerkinProj_Drift_Second,SA,228,bdf2_level,Nu_Tilde,1.588956279224e-03,1.588956280247e-03,6.439e-10,
RANS_SA_WD_0.01-20_ConsGalerkinProj_Drift_Second,SA,229,state,Density,3.136378599787e+04,3.136378599786e+04,-2.269e-13,-5.165e-12
RANS_SA_WD_0.01-20_ConsGalerkinProj_Drift_Second,SA,229,state,Momentum_x,3.119235049531e+03,3.119235049553e+03,7.265e-12,-4.225e-10
RANS_SA_WD_0.01-20_ConsGalerkinProj_Drift_Second,SA,229,state,Momentum_y,3.275320391301e+02,3.275320391404e+02,3.136e-11,-3.342e-09
RANS_SA_WD_0.01-20_ConsGalerkinProj_Drift_Second,SA,229,state,Energy,5.616358237266e+04,5.616358237265e+04,-2.622e-13,-7.415e-12
RANS_SA_WD_0.01-20_ConsGalerkinProj_Drift_Second,SA,229,state,Nu_Tilde,1.588956236193e-03,1.588956237331e-03,7.164e-10,-3.427e-07
RANS_SA_WD_0.01-20_ConsGalerkinProj_Drift_Second,SA,238,bdf2_level,Density,3.136378599792e+04,3.136378599791e+04,-2.931e-13,
RANS_SA_WD_0.01-20_ConsGalerkinProj_Drift_Second,SA,238,bdf2_level,Momentum_x,3.119235048842e+03,3.119235048831e+03,-3.753e-12,
RANS_SA_WD_0.01-20_ConsGalerkinProj_Drift_Second,SA,238,bdf2_level,Momentum_y,3.275320384472e+02,3.275320384614e+02,4.328e-11,
RANS_SA_WD_0.01-20_ConsGalerkinProj_Drift_Second,SA,238,bdf2_level,Energy,5.616358237279e+04,5.616358237277e+04,-3.736e-13,
RANS_SA_WD_0.01-20_ConsGalerkinProj_Drift_Second,SA,238,bdf2_level,Nu_Tilde,1.588956103675e-03,1.588956104065e-03,2.458e-10,
RANS_SA_WD_0.01-20_ConsGalerkinProj_Drift_Second,SA,239,state,Density,3.136378599794e+04,3.136378599793e+04,-3.074e-13,2.130e-12
RANS_SA_WD_0.01-20_ConsGalerkinProj_Drift_Second,SA,239,state,Momentum_x,3.119235048772e+03,3.119235048755e+03,-5.568e-12,-2.432e-10
RANS_SA_WD_0.01-20_ConsGalerkinProj_Drift_Second,SA,239,state,Momentum_y,3.275320383442e+02,3.275320383599e+02,4.814e-11,-2.400e-09
RANS_SA_WD_0.01-20_ConsGalerkinProj_Drift_Second,SA,239,state,Energy,5.616358237284e+04,5.616358237282e+04,-4.060e-13,3.250e-12
RANS_SA_WD_0.01-20_ConsGalerkinProj_Drift_Second,SA,239,state,Nu_Tilde,1.588956115576e-03,1.588956116015e-03,2.764e-10,-7.591e-08
RANS_SA_WD_0.01-20_ConsGalerkinProj_Drift_Second,SA,248,bdf2_level,Density,3.136378599823e+04,3.136378599822e+04,-2.296e-13,
RANS_SA_WD_0.01-20_ConsGalerkinProj_Drift_Second,SA,248,bdf2_level,Momentum_x,3.119235048003e+03,3.119235048000e+03,-1.020e-12,
RANS_SA_WD_0.01-20_ConsGalerkinProj_Drift_Second,SA,248,bdf2_level,Momentum_y,3.275320393278e+02,3.275320393253e+02,-7.682e-12,
RANS_SA_WD_0.01-20_ConsGalerkinProj_Drift_Second,SA,248,bdf2_level,Energy,5.616358237360e+04,5.616358237359e+04,-2.785e-13,
RANS_SA_WD_0.01-20_ConsGalerkinProj_Drift_Second,SA,248,bdf2_level,Nu_Tilde,1.588956099114e-03,1.588956107137e-03,5.049e-09,
RANS_SA_WD_0.01-20_ConsGalerkinProj_Drift_Second,SA,249,state,Density,3.136378599828e+04,3.136378599827e+04,-2.384e-13,1.080e-11
RANS_SA_WD_0.01-20_ConsGalerkinProj_Drift_Second,SA,249,state,Momentum_x,3.119235047908e+03,3.119235047908e+03,-6.925e-14,-2.771e-10
RANS_SA_WD_0.01-20_ConsGalerkinProj_Drift_Second,SA,249,state,Momentum_y,3.275320396635e+02,3.275320396610e+02,-7.420e-12,4.028e-09
RANS_SA_WD_0.01-20_ConsGalerkinProj_Drift_Second,SA,249,state,Energy,5.616358237373e+04,5.616358237371e+04,-2.684e-13,1.574e-11
RANS_SA_WD_0.01-20_ConsGalerkinProj_Drift_Second,SA,249,state,Nu_Tilde,1.588956078050e-03,1.588956086189e-03,5.122e-09,-2.362e-08
RANS_SA_WD_0.01-20_ConsGalerkinProj_Drift_Second,SA,258,bdf2_level,Density,3.136378599883e+04,3.136378599882e+04,-2.400e-13,
RANS_SA_WD_0.01-20_ConsGalerkinProj_Drift_Second,SA,258,bdf2_level,Momentum_x,3.119235047490e+03,3.119235047510e+03,6.256e-12,
RANS_SA_WD_0.01-20_ConsGalerkinProj_Drift_Second,SA,258,bdf2_level,Momentum_y,3.275320411038e+02,3.275320410994e+02,-1.370e-11,
RANS_SA_WD_0.01-20_ConsGalerkinProj_Drift_Second,SA,258,bdf2_level,Energy,5.616358237517e+04,5.616358237515e+04,-2.709e-13,
RANS_SA_WD_0.01-20_ConsGalerkinProj_Drift_Second,SA,258,bdf2_level,Nu_Tilde,1.588955445277e-03,1.588955452209e-03,4.363e-09,
RANS_SA_WD_0.01-20_ConsGalerkinProj_Drift_Second,SA,259,state,Density,3.136378599891e+04,3.136378599890e+04,-2.261e-13,2.009e-11
RANS_SA_WD_0.01-20_ConsGalerkinProj_Drift_Second,SA,259,state,Momentum_x,3.119235047448e+03,3.119235047466e+03,5.792e-12,-1.474e-10
RANS_SA_WD_0.01-20_ConsGalerkinProj_Drift_Second,SA,259,state,Momentum_y,3.275320412876e+02,3.275320412837e+02,-1.197e-11,4.959e-09
RANS_SA_WD_0.01-20_ConsGalerkinProj_Drift_Second,SA,259,state,Energy,5.616358237537e+04,5.616358237535e+04,-2.565e-13,2.919e-11
RANS_SA_WD_0.01-20_ConsGalerkinProj_Drift_Second,SA,259,state,Nu_Tilde,1.588955321181e-03,1.588955328018e-03,4.303e-09,-4.763e-07
RANS_SA_WD_0.01-20_ConsGalerkinProj_Drift_Second,SA,268,bdf2_level,Density,3.136378599970e+04,3.136378599969e+04,-2.313e-13,
RANS_SA_WD_0.01-20_ConsGalerkinProj_Drift_Second,SA,268,bdf2_level,Momentum_x,3.119235047077e+03,3.119235047104e+03,8.725e-12,
RANS_SA_WD_0.01-20_ConsGalerkinProj_Drift_Second,SA,268,bdf2_level,Momentum_y,3.275320448771e+02,3.275320448754e+02,-5.070e-12,
RANS_SA_WD_0.01-20_ConsGalerkinProj_Drift_Second,SA,268,bdf2_level,Energy,5.616358237744e+04,5.616358237742e+04,-2.235e-13,
RANS_SA_WD_0.01-20_ConsGalerkinProj_Drift_Second,SA,268,bdf2_level,Nu_Tilde,1.588954548852e-03,1.588954550763e-03,1.203e-09,
RANS_SA_WD_0.01-20_ConsGalerkinProj_Drift_Second,SA,269,state,Density,3.136378599980e+04,3.136378599979e+04,-2.522e-13,2.855e-11
RANS_SA_WD_0.01-20_ConsGalerkinProj_Drift_Second,SA,269,state,Momentum_x,3.119235047037e+03,3.119235047060e+03,7.358e-12,-1.316e-10
RANS_SA_WD_0.01-20_ConsGalerkinProj_Drift_Second,SA,269,state,Momentum_y,3.275320447670e+02,3.275320447658e+02,-3.923e-12,1.062e-08
RANS_SA_WD_0.01-20_ConsGalerkinProj_Drift_Second,SA,269,state,Energy,5.616358237770e+04,5.616358237768e+04,-2.666e-13,4.149e-11
RANS_SA_WD_0.01-20_ConsGalerkinProj_Drift_Second,SA,269,state,Nu_Tilde,1.588954519296e-03,1.588954521242e-03,1.225e-09,-5.047e-07
RANS_SA_WD_0.01-20_ConsGalerkinProj_Drift_Second,SA,278,bdf2_level,Density,3.136378600078e+04,3.136378600077e+04,-1.387e-13,
RANS_SA_WD_0.01-20_ConsGalerkinProj_Drift_Second,SA,278,bdf2_level,Momentum_x,3.119235046969e+03,3.119235046962e+03,-2.234e-12,
RANS_SA_WD_0.01-20_ConsGalerkinProj_Drift_Second,SA,278,bdf2_level,Momentum_y,3.275320442908e+02,3.275320443178e+02,8.262e-11,
RANS_SA_WD_0.01-20_ConsGalerkinProj_Drift_Second,SA,278,bdf2_level,Energy,5.616358238024e+04,5.616358238023e+04,-1.967e-13,
RANS_SA_WD_0.01-20_ConsGalerkinProj_Drift_Second,SA,278,bdf2_level,Nu_Tilde,1.588954256561e-03,1.588954259168e-03,1.641e-09,
RANS_SA_WD_0.01-20_ConsGalerkinProj_Drift_Second,SA,279,state,Density,3.136378600089e+04,3.136378600089e+04,-1.259e-13,3.475e-11
RANS_SA_WD_0.01-20_ConsGalerkinProj_Drift_Second,SA,279,state,Momentum_x,3.119235046970e+03,3.119235046959e+03,-3.337e-12,-2.167e-11
RANS_SA_WD_0.01-20_ConsGalerkinProj_Drift_Second,SA,279,state,Momentum_y,3.275320442106e+02,3.275320442383e+02,8.460e-11,-1.699e-09
RANS_SA_WD_0.01-20_ConsGalerkinProj_Drift_Second,SA,279,state,Energy,5.616358238054e+04,5.616358238053e+04,-1.989e-13,5.056e-11
RANS_SA_WD_0.01-20_ConsGalerkinProj_Drift_Second,SA,279,state,Nu_Tilde,1.588954197464e-03,1.588954200075e-03,1.643e-09,-2.025e-07
RANS_SA_WD_0.01-20_ConsGalerkinProj_Drift_Second,SA,288,bdf2_level,Density,3.136378600196e+04,3.136378600195e+04,-3.585e-13,
RANS_SA_WD_0.01-20_ConsGalerkinProj_Drift_Second,SA,288,bdf2_level,Momentum_x,3.119235047177e+03,3.119235047164e+03,-4.199e-12,
RANS_SA_WD_0.01-20_ConsGalerkinProj_Drift_Second,SA,288,bdf2_level,Momentum_y,3.275320461397e+02,3.275320461420e+02,6.912e-12,
RANS_SA_WD_0.01-20_ConsGalerkinProj_Drift_Second,SA,288,bdf2_level,Energy,5.616358238332e+04,5.616358238330e+04,-4.446e-13,
RANS_SA_WD_0.01-20_ConsGalerkinProj_Drift_Second,SA,288,bdf2_level,Nu_Tilde,1.588953647180e-03,1.588953651319e-03,2.605e-09,
RANS_SA_WD_0.01-20_ConsGalerkinProj_Drift_Second,SA,289,state,Density,3.136378600208e+04,3.136378600207e+04,-3.487e-13,3.783e-11
RANS_SA_WD_0.01-20_ConsGalerkinProj_Drift_Second,SA,289,state,Momentum_x,3.119235047208e+03,3.119235047194e+03,-4.568e-12,7.629e-11
RANS_SA_WD_0.01-20_ConsGalerkinProj_Drift_Second,SA,289,state,Momentum_y,3.275320466874e+02,3.275320466889e+02,4.335e-12,7.562e-09
RANS_SA_WD_0.01-20_ConsGalerkinProj_Drift_Second,SA,289,state,Energy,5.616358238364e+04,5.616358238361e+04,-4.354e-13,5.521e-11
RANS_SA_WD_0.01-20_ConsGalerkinProj_Drift_Second,SA,289,state,Nu_Tilde,1.588953615290e-03,1.588953619482e-03,2.638e-09,-3.664e-07
RANS_SA_WD_0.01-20_ConsGalerkinProj_Drift_Second,SA,298,bdf2_level,Density,3.136378600311e+04,3.136378600311e+04,-2.604e-13,
RANS_SA_WD_0.01-20_ConsGalerkinProj_Drift_Second,SA,298,bdf2_level,Momentum_x,3.119235047481e+03,3.119235047522e+03,1.310e-11,
RANS_SA_WD_0.01-20_ConsGalerkinProj_Drift_Second,SA,298,bdf2_level,Momentum_y,3.275320506039e+02,3.275320506153e+02,3.486e-11,
RANS_SA_WD_0.01-20_ConsGalerkinProj_Drift_Second,SA,298,bdf2_level,Energy,5.616358238637e+04,5.616358238636e+04,-2.854e-13,
RANS_SA_WD_0.01-20_ConsGalerkinProj_Drift_Second,SA,298,bdf2_level,Nu_Tilde,1.588953700006e-03,1.588953693539e-03,-4.070e-09,
RANS_SA_WD_0.01-20_ConsGalerkinProj_Drift_Second,SA,299,state,Density,3.136378600322e+04,3.136378600322e+04,-2.654e-13,3.654e-11
RANS_SA_WD_0.01-20_ConsGalerkinProj_Drift_Second,SA,299,state,Momentum_x,3.119235047518e+03,3.119235047554e+03,1.141e-11,9.956e-11
RANS_SA_WD_0.01-20_ConsGalerkinProj_Drift_Second,SA,299,state,Momentum_y,3.275320512203e+02,3.275320512318e+02,3.511e-11,1.384e-08
RANS_SA_WD_0.01-20_ConsGalerkinProj_Drift_Second,SA,299,state,Energy,5.616358238667e+04,5.616358238665e+04,-2.952e-13,5.395e-11
RANS_SA_WD_0.01-20_ConsGalerkinProj_Drift_Second,SA,299,state,Nu_Tilde,1.588953728532e-03,1.588953722011e-03,-4.104e-09,7.127e-08
RANS_SA_WD_0.01-20_ConsGalerkinProj_Drift_Second,SA,308,bdf2_level,Density,3.136378600413e+04,3.136378600412e+04,-3.438e-13,
RANS_SA_WD_0.01-20_ConsGalerkinProj_Drift_Second,SA,308,bdf2_level,Momentum_x,3.119235047999e+03,3.119235048017e+03,5.645e-12,
RANS_SA_WD_0.01-20_ConsGalerkinProj_Drift_Second,SA,308,bdf2_level,Momentum_y,3.275320537307e+02,3.275320537244e+02,-1.941e-11,
RANS_SA_WD_0.01-20_ConsGalerkinProj_Drift_Second,SA,308,bdf2_level,Energy,5.616358238910e+04,5.616358238908e+04,-4.232e-13,
RANS_SA_WD_0.01-20_ConsGalerkinProj_Drift_Second,SA,308,bdf2_level,Nu_Tilde,1.588953926269e-03,1.588953927091e-03,5.174e-10,
RANS_SA_WD_0.01-20_ConsGalerkinProj_Drift_Second,SA,309,state,Density,3.136378600423e+04,3.136378600422e+04,-3.445e-13,3.194e-11
RANS_SA_WD_0.01-20_ConsGalerkinProj_Drift_Second,SA,309,state,Momentum_x,3.119235048037e+03,3.119235048054e+03,5.670e-12,1.662e-10
RANS_SA_WD_0.01-20_ConsGalerkinProj_Drift_Second,SA,309,state,Momentum_y,3.275320537540e+02,3.275320537477e+02,-1.923e-11,7.736e-09
RANS_SA_WD_0.01-20_ConsGalerkinProj_Drift_Second,SA,309,state,Energy,5.616358238935e+04,5.616358238933e+04,-4.059e-13,4.778e-11
RANS_SA_WD_0.01-20_ConsGalerkinProj_Drift_Second,SA,309,state,Nu_Tilde,1.588953935875e-03,1.588953936712e-03,5.266e-10,1.305e-07
RANS_SA_WD_0.01-20_ConsGalerkinProj_Drift_Second,SA,318,bdf2_level,Density,3.136378600493e+04,3.136378600492e+04,-3.403e-13,
RANS_SA_WD_0.01-20_ConsGalerkinProj_Drift_Second,SA,318,bdf2_level,Momentum_x,3.119235048234e+03,3.119235048265e+03,9.905e-12,
RANS_SA_WD_0.01-20_ConsGalerkinProj_Drift_Second,SA,318,bdf2_level,Momentum_y,3.275320542535e+02,3.275320542483e+02,-1.574e-11,
RANS_SA_WD_0.01-20_ConsGalerkinProj_Drift_Second,SA,318,bdf2_level,Energy,5.616358239126e+04,5.616358239124e+04,-3.836e-13,
RANS_SA_WD_0.01-20_ConsGalerkinProj_Drift_Second,SA,318,bdf2_level,Nu_Tilde,1.588953710161e-03,1.588953711178e-03,6.401e-10,
RANS_SA_WD_0.01-20_ConsGalerkinProj_Drift_Second,SA,319,state,Density,3.136378600499e+04,3.136378600498e+04,-3.399e-13,2.439e-11
RANS_SA_WD_0.01-20_ConsGalerkinProj_Drift_Second,SA,319,state,Momentum_x,3.119235048259e+03,3.119235048290e+03,9.862e-12,7.122e-11
RANS_SA_WD_0.01-20_ConsGalerkinProj_Drift_Second,SA,319,state,Momentum_y,3.275320536521e+02,3.275320536472e+02,-1.492e-11,-3.112e-10
RANS_SA_WD_0.01-20_ConsGalerkinProj_Drift_Second,SA,319,state,Energy,5.616358239144e+04,5.616358239142e+04,-3.819e-13,3.717e-11
RANS_SA_WD_0.01-20_ConsGalerkinProj_Drift_Second,SA,319,state,Nu_Tilde,1.588953678893e-03,1.588953679859e-03,6.074e-10,-1.617e-07
RANS_SA_WD_0.01-20_ConsGalerkinProj_Drift_Second,SA,328,bdf2_level,Density,3.136378600543e+04,3.136378600542e+04,-1.372e-13,
RANS_SA_WD_0.01-20_ConsGalerkinProj_Drift_Second,SA,328,bdf2_level,Momentum_x,3.119235048854e+03,3.119235048828e+03,-8.341e-12,
RANS_SA_WD_0.01-20_ConsGalerkinProj_Drift_Second,SA,328,bdf2_level,Momentum_y,3.275320588295e+02,3.275320588307e+02,3.594e-12,
RANS_SA_WD_0.01-20_ConsGalerkinProj_Drift_Second,SA,328,bdf2_level,Energy,5.616358239268e+04,5.616358239267e+04,-2.144e-13,
RANS_SA_WD_0.01-20_ConsGalerkinProj_Drift_Second,SA,328,bdf2_level,Nu_Tilde,1.588953348658e-03,1.588953356665e-03,5.039e-09,
RANS_SA_WD_0.01-20_ConsGalerkinProj_Drift_Second,SA,329,state,Density,3.136378600546e+04,3.136378600546e+04,-1.427e-13,1.505e-11
RANS_SA_WD_0.01-20_ConsGalerkinProj_Drift_Second,SA,329,state,Momentum_x,3.119235048901e+03,3.119235048875e+03,-8.401e-12,2.060e-10
RANS_SA_WD_0.01-20_ConsGalerkinProj_Drift_Second,SA,329,state,Momentum_y,3.275320599680e+02,3.275320599690e+02,2.991e-12,1.928e-08
RANS_SA_WD_0.01-20_ConsGalerkinProj_Drift_Second,SA,329,state,Energy,5.616358239278e+04,5.616358239277e+04,-2.322e-13,2.394e-11
RANS_SA_WD_0.01-20_ConsGalerkinProj_Drift_Second,SA,329,state,Nu_Tilde,1.588953286935e-03,1.588953294863e-03,4.990e-09,-2.467e-07
RANS_SA_WD_0.01-20_ConsGalerkinProj_Drift_Second,SA,338,bdf2_level,Density,3.136378600562e+04,3.136378600561e+04,-3.313e-13,
RANS_SA_WD_0.01-20_ConsGalerkinProj_Drift_Second,SA,338,bdf2_level,Momentum_x,3.119235048832e+03,3.119235048808e+03,-7.815e-12,
RANS_SA_WD_0.01-20_ConsGalerkinProj_Drift_Second,SA,338,bdf2_level,Momentum_y,3.275320690837e+02,3.275320690828e+02,-2.745e-12,
RANS_SA_WD_0.01-20_ConsGalerkinProj_Drift_Second,SA,338,bdf2_level,Energy,5.616358239330e+04,5.616358239327e+04,-4.600e-13,
RANS_SA_WD_0.01-20_ConsGalerkinProj_Drift_Second,SA,338,bdf2_level,Nu_Tilde,1.588952762184e-03,1.588952765623e-03,2.164e-09,
RANS_SA_WD_0.01-20_ConsGalerkinProj_Drift_Second,SA,339,state,Density,3.136378600562e+04,3.136378600561e+04,-3.421e-13,5.051e-12
RANS_SA_WD_0.01-20_ConsGalerkinProj_Drift_Second,SA,339,state,Momentum_x,3.119235048781e+03,3.119235048758e+03,-7.598e-12,-3.847e-11
RANS_SA_WD_0.01-20_ConsGalerkinProj_Drift_Second,SA,339,state,Momentum_y,3.275320695994e+02,3.275320695983e+02,-3.300e-12,2.941e-08
RANS_SA_WD_0.01-20_ConsGalerkinProj_Drift_Second,SA,339,state,Energy,5.616358239332e+04,5.616358239329e+04,-4.653e-13,9.460e-12
RANS_SA_WD_0.01-20_ConsGalerkinProj_Drift_Second,SA,339,state,Nu_Tilde,1.588952720658e-03,1.588952724101e-03,2.167e-09,-3.564e-07
RANS_SA_WD_0.01-20_ConsGalerkinProj_Drift_Second,SA,348,bdf2_level,Density,3.136378600548e+04,3.136378600547e+04,-3.120e-13,
RANS_SA_WD_0.01-20_ConsGalerkinProj_Drift_Second,SA,348,bdf2_level,Momentum_x,3.119235048063e+03,3.119235048058e+03,-1.526e-12,
RANS_SA_WD_0.01-20_ConsGalerkinProj_Drift_Second,SA,348,bdf2_level,Momentum_y,3.275320714031e+02,3.275320713945e+02,-2.618e-11,
RANS_SA_WD_0.01-20_ConsGalerkinProj_Drift_Second,SA,348,bdf2_level,Energy,5.616358239306e+04,5.616358239303e+04,-4.104e-13,
RANS_SA_WD_0.01-20_ConsGalerkinProj_Drift_Second,SA,348,bdf2_level,Nu_Tilde,1.588952744913e-03,1.588952744495e-03,-2.630e-10,
RANS_SA_WD_0.01-20_ConsGalerkinProj_Drift_Second,SA,349,state,Density,3.136378600545e+04,3.136378600544e+04,-2.995e-13,-5.442e-12
RANS_SA_WD_0.01-20_ConsGalerkinProj_Drift_Second,SA,349,state,Momentum_x,3.119235047987e+03,3.119235047980e+03,-2.145e-12,-2.546e-10
RANS_SA_WD_0.01-20_ConsGalerkinProj_Drift_Second,SA,349,state,Momentum_y,3.275320717205e+02,3.275320717126e+02,-2.388e-11,6.476e-09
RANS_SA_WD_0.01-20_ConsGalerkinProj_Drift_Second,SA,349,state,Energy,5.616358239299e+04,5.616358239297e+04,-3.903e-13,-5.823e-12
RANS_SA_WD_0.01-20_ConsGalerkinProj_Drift_Second,SA,349,state,Nu_Tilde,1.588952757458e-03,1.588952757120e-03,-2.130e-10,2.316e-08
RANS_SA_WD_0.01-20_ConsGalerkinProj_Drift_Second,SA,358,bdf2_level,Density,3.136378600503e+04,3.136378600502e+04,-1.637e-13,
RANS_SA_WD_0.01-20_ConsGalerkinProj_Drift_Second,SA,358,bdf2_level,Momentum_x,3.119235047308e+03,3.119235047293e+03,-4.917e-12,
RANS_SA_WD_0.01-20_ConsGalerkinProj_Drift_Second,SA,358,bdf2_level,Momentum_y,3.275320685802e+02,3.275320685947e+02,4.423e-11,
RANS_SA_WD_0.01-20_ConsGalerkinProj_Drift_Second,SA,358,bdf2_level,Energy,5.616358239199e+04,5.616358239198e+04,-2.193e-13,
RANS_SA_WD_0.01-20_ConsGalerkinProj_Drift_Second,SA,358,bdf2_level,Nu_Tilde,1.588952469656e-03,1.588952470064e-03,2.570e-10,
RANS_SA_WD_0.01-20_ConsGalerkinProj_Drift_Second,SA,359,state,Density,3.136378600497e+04,3.136378600496e+04,-1.446e-13,-1.540e-11
RANS_SA_WD_0.01-20_ConsGalerkinProj_Drift_Second,SA,359,state,Momentum_x,3.119235047211e+03,3.119235047197e+03,-4.447e-12,-2.489e-10
RANS_SA_WD_0.01-20_ConsGalerkinProj_Drift_Second,SA,359,state,Momentum_y,3.275320680499e+02,3.275320680636e+02,4.163e-11,-1.121e-08
RANS_SA_WD_0.01-20_ConsGalerkinProj_Drift_Second,SA,359,state,Energy,5.616358239184e+04,5.616358239183e+04,-2.011e-13,-2.040e-11
RANS_SA_WD_0.01-20_ConsGalerkinProj_Drift_Second,SA,359,state,Nu_Tilde,1.588952432779e-03,1.588952433204e-03,2.674e-10,-2.043e-07
RANS_SA_WD_0.01-20_ConsGalerkinProj_Drift_Second,SA,368,bdf2_level,Density,3.136378600429e+04,3.136378600428e+04,-2.621e-13,
RANS_SA_WD_0.01-20_ConsGalerkinProj_Drift_Second,SA,368,bdf2_level,Momentum_x,3.119235046512e+03,3.119235046536e+03,7.827e-12,
RANS_SA_WD_0.01-20_ConsGalerkinProj_Drift_Second,SA,368,bdf2_level,Momentum_y,3.275320706725e+02,3.275320706715e+02,-2.888e-12,
RANS_SA_WD_0.01-20_ConsGalerkinProj_Drift_Second,SA,368,bdf2_level,Energy,5.616358239018e+04,5.616358239016e+04,-3.162e-13,
RANS_SA_WD_0.01-20_ConsGalerkinProj_Drift_Second,SA,368,bdf2_level,Nu_Tilde,1.588952146703e-03,1.588952152096e-03,3.394e-09,
RANS_SA_WD_0.01-20_ConsGalerkinProj_Drift_Second,SA,369,state,Density,3.136378600420e+04,3.136378600419e+04,-2.463e-13,-2.441e-11
RANS_SA_WD_0.01-20_ConsGalerkinProj_Drift_Second,SA,369,state,Momentum_x,3.119235046409e+03,3.119235046436e+03,8.680e-12,-2.569e-10
RANS_SA_WD_0.01-20_ConsGalerkinProj_Drift_Second,SA,369,state,Momentum_y,3.275320711784e+02,3.275320711776e+02,-2.355e-12,9.552e-09
RANS_SA_WD_0.01-20_ConsGalerkinProj_Drift_Second,SA,369,state,Energy,5.616358238996e+04,5.616358238994e+04,-3.053e-13,-3.354e-11
RANS_SA_WD_0.01-20_ConsGalerkinProj_Drift_Second,SA,369,state,Nu_Tilde,1.588952091466e-03,1.588952096913e-03,3.428e-09,-2.148e-07
RANS_SA_WD_0.01-20_ConsGalerkinProj_Drift_Second,SA,378,bdf2_level,Density,3.136378600331e+04,3.136378600331e+04,-2.703e-14,
RANS_SA_WD_0.01-20_ConsGalerkinProj_Drift_Second,SA,378,bdf2_level,Momentum_x,3.119235045413e+03,3.119235045412e+03,-1.322e-13,
RANS_SA_WD_0.01-20_ConsGalerkinProj_Drift_Second,SA,378,bdf2_level,Momentum_y,3.275320739118e+02,3.275320739127e+02,2.754e-12,
RANS_SA_WD_0.01-20_ConsGalerkinProj_Drift_Second,SA,378,bdf2_level,Energy,5.616358238775e+04,5.616358238775e+04,-6.413e-14,
RANS_SA_WD_0.01-20_ConsGalerkinProj_Drift_Second,SA,378,bdf2_level,Nu_Tilde,1.588951801975e-03,1.588951800749e-03,-7.713e-10,
RANS_SA_WD_0.01-20_ConsGalerkinProj_Drift_Second,SA,379,state,Density,3.136378600320e+04,3.136378600320e+04,-2.749e-14,-3.182e-11
RANS_SA_WD_0.01-20_ConsGalerkinProj_Drift_Second,SA,379,state,Momentum_x,3.119235045301e+03,3.119235045301e+03,2.440e-13,-3.554e-10
RANS_SA_WD_0.01-20_ConsGalerkinProj_Drift_Second,SA,379,state,Momentum_y,3.275320740152e+02,3.275320740158e+02,1.857e-12,8.661e-09
RANS_SA_WD_0.01-20_ConsGalerkinProj_Drift_Second,SA,379,state,Energy,5.616358238748e+04,5.616358238748e+04,-5.998e-14,-4.406e-11
RANS_SA_WD_0.01-20_ConsGalerkinProj_Drift_Second,SA,379,state,Nu_Tilde,1.588951788675e-03,1.588951787379e-03,-8.154e-10,-1.906e-07
RANS_SA_WD_0.01-20_ConsGalerkinProj_Drift_Second,SA,388,bdf2_level,Density,3.136378600220e+04,3.136378600219e+04,-2.534e-13,
RANS_SA_WD_0.01-20_ConsGalerkinProj_Drift_Second,SA,388,bdf2_level,Momentum_x,3.119235044415e+03,3.119235044432e+03,5.730e-12,
RANS_SA_WD_0.01-20_ConsGalerkinProj_Drift_Second,SA,388,bdf2_level,Momentum_y,3.275320766420e+02,3.275320766492e+02,2.195e-11,
RANS_SA_WD_0.01-20_ConsGalerkinProj_Drift_Second,SA,388,bdf2_level,Energy,5.616358238499e+04,5.616358238497e+04,-3.012e-13,
RANS_SA_WD_0.01-20_ConsGalerkinProj_Drift_Second,SA,388,bdf2_level,Nu_Tilde,1.588951518969e-03,1.588951516302e-03,-1.678e-09,
RANS_SA_WD_0.01-20_ConsGalerkinProj_Drift_Second,SA,389,state,Density,3.136378600208e+04,3.136378600208e+04,-2.543e-13,-3.570e-11
RANS_SA_WD_0.01-20_ConsGalerkinProj_Drift_Second,SA,389,state,Momentum_x,3.119235044320e+03,3.119235044339e+03,6.203e-12,-3.144e-10
RANS_SA_WD_0.01-20_ConsGalerkinProj_Drift_Second,SA,389,state,Momentum_y,3.275320770474e+02,3.275320770538e+02,1.938e-11,9.258e-09
RANS_SA_WD_0.01-20_ConsGalerkinProj_Drift_Second,SA,389,state,Energy,5.616358238471e+04,5.616358238469e+04,-2.928e-13,-4.942e-11
RANS_SA_WD_0.01-20_ConsGalerkinProj_Drift_Second,SA,389,state,Nu_Tilde,1.588951496091e-03,1.588951493459e-03,-1.657e-09,-1.841e-07
RANS_SA_WD_0.01-20_ConsGalerkinProj_Drift_Second,SA,398,bdf2_level,Density,3.136378600106e+04,3.136378600105e+04,-3.088e-13,
RANS_SA_WD_0.01-20_ConsGalerkinProj_Drift_Second,SA,398,bdf2_level,Momentum_x,3.119235043957e+03,3.119235043939e+03,-5.656e-12,
RANS_SA_WD_0.01-20_ConsGalerkinProj_Drift_Second,SA,398,bdf2_level,Momentum_y,3.275320812769e+02,3.275320812781e+02,3.452e-12,
RANS_SA_WD_0.01-20_ConsGalerkinProj_Drift_Second,SA,398,bdf2_level,Energy,5.616358238221e+04,5.616358238218e+04,-3.964e-13,
RANS_SA_WD_0.01-20_ConsGalerkinProj_Drift_Second,SA,398,bdf2_level,Nu_Tilde,1.588951172639e-03,1.588951174296e-03,1.043e-09,
RANS_SA_WD_0.01-20_ConsGalerkinProj_Drift_Second,SA,399,state,Density,3.136378600096e+04,3.136378600095e+04,-3.176e-13,-3.596e-11
RANS_SA_WD_0.01-20_ConsGalerkinProj_Drift_Second,SA,399,state,Momentum_x,3.119235043917e+03,3.119235043895e+03,-6.818e-12,-1.293e-10
RANS_SA_WD_0.01-20_ConsGalerkinProj_Drift_Second,SA,399,state,Momentum_y,3.275320818926e+02,3.275320818938e+02,3.760e-12,1.479e-08
RANS_SA_WD_0.01-20_ConsGalerkinProj_Drift_Second,SA,399,state,Energy,5.616358238194e+04,5.616358238192e+04,-4.223e-13,-4.923e-11
RANS_SA_WD_0.01-20_ConsGalerkinProj_Drift_Second,SA,399,state,Nu_Tilde,1.588951135665e-03,1.588951137341e-03,1.055e-09,-2.268e-07
RANS_SA_WD_0.01-20_ConsGalerkinProj_Drift_Seed2_Second,SA,8,bdf2_level,Density,3.136378599932e+04,3.136378599932e+04,2.065e-14,
RANS_SA_WD_0.01-20_ConsGalerkinProj_Drift_Seed2_Second,SA,8,bdf2_level,Momentum_x,3.119235069001e+03,3.119235069001e+03,8.222e-14,
RANS_SA_WD_0.01-20_ConsGalerkinProj_Drift_Seed2_Second,SA,8,bdf2_level,Momentum_y,3.275320982967e+02,3.275320983203e+02,7.195e-11,
RANS_SA_WD_0.01-20_ConsGalerkinProj_Drift_Seed2_Second,SA,8,bdf2_level,Energy,5.616358237638e+04,5.616358237638e+04,8.291e-15,
RANS_SA_WD_0.01-20_ConsGalerkinProj_Drift_Seed2_Second,SA,8,bdf2_level,Nu_Tilde,1.588962734081e-03,1.588962730410e-03,-2.310e-09,
RANS_SA_WD_0.01-20_ConsGalerkinProj_Drift_Seed2_Second,SA,9,state,Density,3.136378599932e+04,3.136378599932e+04,2.088e-14,
RANS_SA_WD_0.01-20_ConsGalerkinProj_Drift_Seed2_Second,SA,9,state,Momentum_x,3.119235069001e+03,3.119235069001e+03,8.237e-14,
RANS_SA_WD_0.01-20_ConsGalerkinProj_Drift_Seed2_Second,SA,9,state,Momentum_y,3.275320982967e+02,3.275320983203e+02,7.195e-11,
RANS_SA_WD_0.01-20_ConsGalerkinProj_Drift_Seed2_Second,SA,9,state,Energy,5.616358237638e+04,5.616358237638e+04,8.680e-15,
RANS_SA_WD_0.01-20_ConsGalerkinProj_Drift_Seed2_Second,SA,9,state,Nu_Tilde,1.588962734081e-03,1.588962730410e-03,-2.310e-09,
RANS_SA_WD_0.01-20_ConsGalerkinProj_Drift_Seed2_Second,SA,18,bdf2_level,Density,3.136378599932e+04,3.136378599931e+04,-4.291e-13,
RANS_SA_WD_0.01-20_ConsGalerkinProj_Drift_Seed2_Second,SA,18,bdf2_level,Momentum_x,3.119235068485e+03,3.119235068482e+03,-8.858e-13,
RANS_SA_WD_0.01-20_ConsGalerkinProj_Drift_Seed2_Second,SA,18,bdf2_level,Momentum_y,3.275320965211e+02,3.275320965194e+02,-5.273e-12,
RANS_SA_WD_0.01-20_ConsGalerkinProj_Drift_Seed2_Second,SA,18,bdf2_level,Energy,5.616358237639e+04,5.616358237636e+04,-5.264e-13,
RANS_SA_WD_0.01-20_ConsGalerkinProj_Drift_Seed2_Second,SA,18,bdf2_level,Nu_Tilde,1.588962815752e-03,1.588962821444e-03,3.582e-09,
RANS_SA_WD_0.01-20_ConsGalerkinProj_Drift_Seed2_Second,SA,19,state,Density,3.136378599932e+04,3.136378599931e+04,-4.258e-13,4.234e-14
RANS_SA_WD_0.01-20_ConsGalerkinProj_Drift_Seed2_Second,SA,19,state,Momentum_x,3.119235068416e+03,3.119235068414e+03,-6.523e-13,-1.875e-10
RANS_SA_WD_0.01-20_ConsGalerkinProj_Drift_Seed2_Second,SA,19,state,Momentum_y,3.275320962924e+02,3.275320962906e+02,-5.465e-12,-6.120e-09
RANS_SA_WD_0.01-20_ConsGalerkinProj_Drift_Seed2_Second,SA,19,state,Energy,5.616358237639e+04,5.616358237636e+04,-5.245e-13,3.899e-14
RANS_SA_WD_0.01-20_ConsGalerkinProj_Drift_Seed2_Second,SA,19,state,Nu_Tilde,1.588962799181e-03,1.588962804858e-03,3.573e-09,4.097e-08
RANS_SA_WD_0.01-20_ConsGalerkinProj_Drift_Seed2_Second,SA,28,bdf2_level,Density,3.136378599931e+04,3.136378599930e+04,-2.016e-13,
RANS_SA_WD_0.01-20_ConsGalerkinProj_Drift_Seed2_Second,SA,28,bdf2_level,Momentum_x,3.119235067652e+03,3.119235067635e+03,-5.388e-12,
RANS_SA_WD_0.01-20_ConsGalerkinProj_Drift_Seed2_Second,SA,28,bdf2_level,Momentum_y,3.275320974617e+02,3.275320974546e+02,-2.173e-11,
RANS_SA_WD_0.01-20_ConsGalerkinProj_Drift_Seed2_Second,SA,28,bdf2_level,Energy,5.616358237636e+04,5.616358237634e+04,-3.070e-13,
RANS_SA_WD_0.01-20_ConsGalerkinProj_Drift_Seed2_Second,SA,28,bdf2_level,Nu_Tilde,1.588962590324e-03,1.588962595250e-03,3.100e-09,
RANS_SA_WD_0.01-20_ConsGalerkinProj_Drift_Seed2_Second,SA,29,state,Density,3.136378599931e+04,3.136378599930e+04,-2.030e-13,-4.118e-13
RANS_SA_WD_0.01-20_ConsGalerkinProj_Drift_Seed2_Second,SA,29,state,Momentum_x,3.119235067561e+03,3.119235067540e+03,-6.722e-12,-2.741e-10
RANS_SA_WD_0.01-20_ConsGalerkinProj_Drift_Seed2_Second,SA,29,state,Momentum_y,3.275320974460e+02,3.275320974396e+02,-1.964e-11,3.522e-09
RANS_SA_WD_0.01-20_ConsGalerkinProj_Drift_Seed2_Second,SA,29,state,Energy,5.616358237636e+04,5.616358237634e+04,-3.197e-13,-4.830e-13
RANS_SA_WD_0.01-20_ConsGalerkinProj_Drift_Seed2_Second,SA,29,state,Nu_Tilde,1.588962588936e-03,1.588962593840e-03,3.087e-09,-1.323e-07
RANS_SA_WD_0.01-20_ConsGalerkinProj_Drift_Seed2_Second,SA,38,bdf2_level,Density,3.136378599930e+04,3.136378599930e+04,-1.310e-13,
RANS_SA_WD_0.01-20_ConsGalerkinProj_Drift_Seed2_Second,SA,38,bdf2_level,Momentum_x,3.119235066587e+03,3.119235066577e+03,-3.218e-12,
RANS_SA_WD_0.01-20_ConsGalerkinProj_Drift_Seed2_Second,SA,38,bdf2_level,Momentum_y,3.275320970690e+02,3.275320970619e+02,-2.175e-11,
RANS_SA_WD_0.01-20_ConsGalerkinProj_Drift_Seed2_Second,SA,38,bdf2_level,Energy,5.616358237634e+04,5.616358237633e+04,-1.739e-13,
RANS_SA_WD_0.01-20_ConsGalerkinProj_Drift_Seed2_Second,SA,38,bdf2_level,Nu_Tilde,1.588962871356e-03,1.588962873326e-03,1.240e-09,
RANS_SA_WD_0.01-20_ConsGalerkinProj_Drift_Seed2_Second,SA,39,state,Density,3.136378599930e+04,3.136378599930e+04,-1.356e-13,-2.062e-13
RANS_SA_WD_0.01-20_ConsGalerkinProj_Drift_Seed2_Second,SA,39,state,Momentum_x,3.119235066478e+03,3.119235066467e+03,-3.324e-12,-3.474e-10
RANS_SA_WD_0.01-20_ConsGalerkinProj_Drift_Seed2_Second,SA,39,state,Momentum_y,3.275320974302e+02,3.275320974234e+02,-2.068e-11,-4.827e-11
RANS_SA_WD_0.01-20_ConsGalerkinProj_Drift_Seed2_Second,SA,39,state,Energy,5.616358237634e+04,5.616358237633e+04,-1.801e-13,-3.718e-13
RANS_SA_WD_0.01-20_ConsGalerkinProj_Drift_Seed2_Second,SA,39,state,Nu_Tilde,1.588962886846e-03,1.588962888854e-03,1.264e-09,1.875e-07
RANS_SA_WD_0.01-20_ConsGalerkinProj_Drift_Seed2_Second,SA,48,bdf2_level,Density,3.136378599930e+04,3.136378599929e+04,-1.249e-13,
RANS_SA_WD_0.01-20_ConsGalerkinProj_Drift_Seed2_Second,SA,48,bdf2_level,Momentum_x,3.119235065454e+03,3.119235065449e+03,-1.604e-12,
RANS_SA_WD_0.01-20_ConsGalerkinProj_Drift_Seed2_Second,SA,48,bdf2_level,Momentum_y,3.275320980129e+02,3.275320980326e+02,6.016e-11,
RANS_SA_WD_0.01-20_ConsGalerkinProj_Drift_Seed2_Second,SA,48,bdf2_level,Energy,5.616358237633e+04,5.616358237631e+04,-1.991e-13,
RANS_SA_WD_0.01-20_ConsGalerkinProj_Drift_Seed2_Second,SA,48,bdf2_level,Nu_Tilde,1.588962484529e-03,1.588962486266e-03,1.093e-09,
RANS_SA_WD_0.01-20_ConsGalerkinProj_Drift_Seed2_Second,SA,49,state,Density,3.136378599930e+04,3.136378599929e+04,-1.170e-13,-1.319e-13
RANS_SA_WD_0.01-20_ConsGalerkinProj_Drift_Seed2_Second,SA,49,state,Momentum_x,3.119235065337e+03,3.119235065332e+03,-1.545e-12,-3.657e-10
RANS_SA_WD_0.01-20_ConsGalerkinProj_Drift_Seed2_Second,SA,49,state,Momentum_y,3.275320978602e+02,3.275320978799e+02,6.009e-11,1.313e-09
RANS_SA_WD_0.01-20_ConsGalerkinProj_Drift_Seed2_Second,SA,49,state,Energy,5.616358237633e+04,5.616358237631e+04,-1.947e-13,-2.211e-13
RANS_SA_WD_0.01-20_ConsGalerkinProj_Drift_Seed2_Second,SA,49,state,Nu_Tilde,1.588962443612e-03,1.588962445373e-03,1.108e-09,-2.789e-07
RANS_SA_WD_0.01-20_ConsGalerkinProj_Drift_Seed2_Second,SA,58,bdf2_level,Density,3.136378599929e+04,3.136378599928e+04,-3.647e-13,
RANS_SA_WD_0.01-20_ConsGalerkinProj_Drift_Seed2_Second,SA,58,bdf2_level,Momentum_x,3.119235064474e+03,3.119235064480e+03,1.922e-12,
RANS_SA_WD_0.01-20_ConsGalerkinProj_Drift_Seed2_Second,SA,58,bdf2_level,Momentum_y,3.275320993381e+02,3.275320993485e+02,3.179e-11,
RANS_SA_WD_0.01-20_ConsGalerkinProj_Drift_Seed2_Second,SA,58,bdf2_level,Energy,5.616358237632e+04,5.616358237629e+04,-4.453e-13,
RANS_SA_WD_0.01-20_ConsGalerkinProj_Drift_Seed2_Second,SA,58,bdf2_level,Nu_Tilde,1.588962065798e-03,1.588962068098e-03,1.447e-09,
RANS_SA_WD_0.01-20_ConsGalerkinProj_Drift_Seed2_Second,SA,59,state,Density,3.136378599929e+04,3.136378599928e+04,-3.598e-13,-7.806e-14
RANS_SA_WD_0.01-20_ConsGalerkinProj_Drift_Seed2_Second,SA,59,state,Momentum_x,3.119235064383e+03,3.119235064390e+03,2.308e-12,-3.059e-10
RANS_SA_WD_0.01-20_ConsGalerkinProj_Drift_Seed2_Second,SA,59,state,Momentum_y,3.275320994769e+02,3.275320994875e+02,3.223e-11,4.936e-09
RANS_SA_WD_0.01-20_ConsGalerkinProj_Drift_Seed2_Second,SA,59,state,Energy,5.616358237632e+04,5.616358237629e+04,-4.419e-13,-1.767e-13
RANS_SA_WD_0.01-20_ConsGalerkinProj_Drift_Seed2_Second,SA,59,state,Nu_Tilde,1.588962030557e-03,1.588962032875e-03,1.459e-09,-2.600e-07
RANS_SA_WD_0.01-20_ConsGalerkinProj_Drift_Seed2_Second,SA,68,bdf2_level,Density,3.136378599928e+04,3.136378599927e+04,-2.722e-13,
RANS_SA_WD_0.01-20_ConsGalerkinProj_Drift_Seed2_Second,SA,68,bdf2_level,Momentum_x,3.119235063133e+03,3.119235063128e+03,-1.861e-12,
RANS_SA_WD_0.01-20_ConsGalerkinProj_Drift_Seed2_Second,SA,68,bdf2_level,Momentum_y,3.275321016808e+02,3.275321016975e+02,5.093e-11,
RANS_SA_WD_0.01-20_ConsGalerkinProj_Drift_Seed2_Second,SA,68,bdf2_level,Energy,5.616358237629e+04,5.616358237627e+04,-3.433e-13,
RANS_SA_WD_0.01-20_ConsGalerkinProj_Drift_Seed2_Second,SA,68,bdf2_level,Nu_Tilde,1.588961570791e-03,1.588961570897e-03,6.656e-11,
RANS_SA_WD_0.01-20_ConsGalerkinProj_Drift_Seed2_Second,SA,69,state,Density,3.136378599928e+04,3.136378599927e+04,-2.560e-13,-3.251e-13
RANS_SA_WD_0.01-20_ConsGalerkinProj_Drift_Seed2_Second,SA,69,state,Momentum_x,3.119235062966e+03,3.119235062954e+03,-3.903e-12,-4.542e-10
RANS_SA_WD_0.01-20_ConsGalerkinProj_Drift_Seed2_Second,SA,69,state,Momentum_y,3.275321020208e+02,3.275321020373e+02,5.034e-11,7.767e-09
RANS_SA_WD_0.01-20_ConsGalerkinProj_Drift_Seed2_Second,SA,69,state,Energy,5.616358237629e+04,5.616358237627e+04,-3.366e-13,-4.530e-13
RANS_SA_WD_0.01-20_ConsGalerkinProj_Drift_Seed2_Second,SA,69,state,Nu_Tilde,1.588961503604e-03,1.588961503692e-03,5.518e-11,-3.316e-07
RANS_SA_WD_0.01-20_ConsGalerkinProj_Drift_Seed2_Second,SA,78,bdf2_level,Density,3.136378599928e+04,3.136378599927e+04,-3.349e-13,
RANS_SA_WD_0.01-20_ConsGalerkinProj_Drift_Seed2_Second,SA,78,bdf2_level,Momentum_x,3.119235062004e+03,3.119235062012e+03,2.549e-12,
RANS_SA_WD_0.01-20_ConsGalerkinProj_Drift_Seed2_Second,SA,78,bdf2_level,Momentum_y,3.275321004445e+02,3.275321004304e+02,-4.301e-11,
RANS_SA_WD_0.01-20_ConsGalerkinProj_Drift_Seed2_Second,SA,78,bdf2_level,Energy,5.616358237627e+04,5.616358237625e+04,-3.859e-13,
RANS_SA_WD_0.01-20_ConsGalerkinProj_Drift_Seed2_Second,SA,78,bdf2_level,Nu_Tilde,1.588961018283e-03,1.588961015790e-03,-1.569e-09,
RANS_SA_WD_0.01-20_ConsGalerkinProj_Drift_Seed2_Second,SA,79,state,Density,3.136378599928e+04,3.136378599927e+04,-3.290e-13,-2.097e-13
RANS_SA_WD_0.01-20_ConsGalerkinProj_Drift_Seed2_Second,SA,79,state,Momentum_x,3.119235061916e+03,3.119235061922e+03,2.018e-12,-3.366e-10
RANS_SA_WD_0.01-20_ConsGalerkinProj_Drift_Seed2_Second,SA,79,state,Momentum_y,3.275320999363e+02,3.275320999221e+02,-4.337e-11,-6.364e-09
RANS_SA_WD_0.01-20_ConsGalerkinProj_Drift_Seed2_Second,SA,79,state,Energy,5.616358237627e+04,5.616358237625e+04,-3.858e-13,-3.389e-13
RANS_SA_WD_0.01-20_ConsGalerkinProj_Drift_Seed2_Second,SA,79,state,Nu_Tilde,1.588960975883e-03,1.588960973347e-03,-1.596e-09,-3.321e-07
RANS_SA_WD_0.01-20_ConsGalerkinProj_Drift_Seed2_Second,SA,88,bdf2_level,Density,3.136378599927e+04,3.136378599926e+04,-3.121e-13,
RANS_SA_WD_0.01-20_ConsGalerkinProj_Drift_Seed2_Second,SA,88,bdf2_level,Momentum_x,3.119235061266e+03,3.119235061264e+03,-6.498e-13,
RANS_SA_WD_0.01-20_ConsGalerkinProj_Drift_Seed2_Second,SA,88,bdf2_level,Momentum_y,3.275321023349e+02,3.275321023573e+02,6.842e-11,
RANS_SA_WD_0.01-20_ConsGalerkinProj_Drift_Seed2_Second,SA,88,bdf2_level,Energy,5.616358237625e+04,5.616358237623e+04,-3.911e-13,
RANS_SA_WD_0.01-20_ConsGalerkinProj_Drift_Seed2_Second,SA,88,bdf2_level,Nu_Tilde,1.588960526202e-03,1.588960528317e-03,1.331e-09,
RANS_SA_WD_0.01-20_ConsGalerkinProj_Drift_Seed2_Second,SA,89,state,Density,3.136378599927e+04,3.136378599926e+04,-3.145e-13,-3.034e-13
RANS_SA_WD_0.01-20_ConsGalerkinProj_Drift_Seed2_Second,SA,89,state,Momentum_x,3.119235061186e+03,3.119235061187e+03,4.973e-13,-2.341e-10
RANS_SA_WD_0.01-20_ConsGalerkinProj_Drift_Seed2_Second,SA,89,state,Momentum_y,3.275321029804e+02,3.275321030023e+02,6.688e-11,9.294e-09
RANS_SA_WD_0.01-20_ConsGalerkinProj_Drift_Seed2_Second,SA,89,state,Energy,5.616358237625e+04,5.616358237623e+04,-3.789e-13,-3.905e-13
RANS_SA_WD_0.01-20_ConsGalerkinProj_Drift_Seed2_Second,SA,89,state,Nu_Tilde,1.588960485126e-03,1.588960487216e-03,1.316e-09,-3.089e-07
RANS_SA_WD_0.01-20_ConsGalerkinProj_Drift_Seed2_Second,SA,98,bdf2_level,Density,3.136378599926e+04,3.136378599925e+04,-3.091e-13,
RANS_SA_WD_0.01-20_ConsGalerkinProj_Drift_Seed2_Second,SA,98,bdf2_level,Momentum_x,3.119235060183e+03,3.119235060196e+03,4.254e-12,
RANS_SA_WD_0.01-20_ConsGalerkinProj_Drift_Seed2_Second,SA,98,bdf2_level,Momentum_y,3.275321050477e+02,3.275321050472e+02,-1.346e-12,
RANS_SA_WD_0.01-20_ConsGalerkinProj_Drift_Seed2_Second,SA,98,bdf2_level,Energy,5.616358237623e+04,5.616358237621e+04,-4.078e-13,
RANS_SA_WD_0.01-20_ConsGalerkinProj_Drift_Seed2_Second,SA,98,bdf2_level,Nu_Tilde,1.588960475813e-03,1.588960476317e-03,3.169e-10,
RANS_SA_WD_0.01-20_ConsGalerkinProj_Drift_Seed2_Second,SA,99,state,Density,3.136378599926e+04,3.136378599925e+04,-3.058e-13,-3.533e-13
RANS_SA_WD_0.01-20_ConsGalerkinProj_Drift_Seed2_Second,SA,99,state,Momentum_x,3.119235060073e+03,3.119235060087e+03,4.254e-12,-3.567e-10
RANS_SA_WD_0.01-20_ConsGalerkinProj_Drift_Seed2_Second,SA,99,state,Momentum_y,3.275321051135e+02,3.275321051129e+02,-2.014e-12,6.513e-09
RANS_SA_WD_0.01-20_ConsGalerkinProj_Drift_Seed2_Second,SA,99,state,Energy,5.616358237623e+04,5.616358237621e+04,-4.078e-13,-3.589e-13
RANS_SA_WD_0.01-20_ConsGalerkinProj_Drift_Seed2_Second,SA,99,state,Nu_Tilde,1.588960479777e-03,1.588960480297e-03,3.272e-10,-3.366e-09
RANS_SA_WD_0.01-20_ConsGalerkinProj_Drift_Seed2_Second,SA,108,bdf2_level,Density,3.136378599925e+04,3.136378599923e+04,-3.343e-13,
RANS_SA_WD_0.01-20_ConsGalerkinProj_Drift_Seed2_Second,SA,108,bdf2_level,Momentum_x,3.119235059298e+03,3.119235059309e+03,3.696e-12,
RANS_SA_WD_0.01-20_ConsGalerkinProj_Drift_Seed2_Second,SA,108,bdf2_level,Momentum_y,3.275321076094e+02,3.275321076233e+02,4.244e-11,
RANS_SA_WD_0.01-20_ConsGalerkinProj_Drift_Seed2_Second,SA,108,bdf2_level,Energy,5.616358237621e+04,5.616358237618e+04,-4.007e-13,
RANS_SA_WD_0.01-20_ConsGalerkinProj_Drift_Seed2_Second,SA,108,bdf2_level,Nu_Tilde,1.588960395264e-03,1.588960398670e-03,2.144e-09,
RANS_SA_WD_0.01-20_ConsGalerkinProj_Drift_Seed2_Second,SA,109,state,Density,3.136378599925e+04,3.136378599924e+04,-3.234e-13,-3.360e-13
RANS_SA_WD_0.01-20_ConsGalerkinProj_Drift_Seed2_Second,SA,109,state,Momentum_x,3.119235059199e+03,3.119235059207e+03,2.488e-12,-2.803e-10
RANS_SA_WD_0.01-20_ConsGalerkinProj_Drift_Seed2_Second,SA,109,state,Momentum_y,3.275321079440e+02,3.275321079582e+02,4.318e-11,8.642e-09
RANS_SA_WD_0.01-20_ConsGalerkinProj_Drift_Seed2_Second,SA,109,state,Energy,5.616358237621e+04,5.616358237618e+04,-3.964e-13,-4.239e-13
RANS_SA_WD_0.01-20_ConsGalerkinProj_Drift_Seed2_Second,SA,109,state,Nu_Tilde,1.588960391921e-03,1.588960395524e-03,2.267e-09,-5.529e-08
RANS_SA_WD_0.01-20_ConsGalerkinProj_Drift_Seed2_Second,SA,118,bdf2_level,Density,3.136378599924e+04,3.136378599922e+04,-4.173e-13,
RANS_SA_WD_0.01-20_ConsGalerkinProj_Drift_Seed2_Second,SA,118,bdf2_level,Momentum_x,3.119235058663e+03,3.119235058842e+03,5.758e-11,
RANS_SA_WD_0.01-20_ConsGalerkinProj_Drift_Seed2_Second,SA,118,bdf2_level,Momentum_y,3.275321034393e+02,3.275321034654e+02,7.965e-11,
RANS_SA_WD_0.01-20_ConsGalerkinProj_Drift_Seed2_Second,SA,118,bdf2_level,Energy,5.616358237619e+04,5.616358237617e+04,-3.274e-13,
RANS_SA_WD_0.01-20_ConsGalerkinProj_Drift_Seed2_Second,SA,118,bdf2_level,Nu_Tilde,1.588960960661e-03,1.588960960021e-03,-4.024e-10,
RANS_SA_WD_0.01-20_ConsGalerkinProj_Drift_Seed2_Second,SA,119,state,Density,3.136378599924e+04,3.136378599923e+04,-4.120e-13,-2.061e-13
RANS_SA_WD_0.01-20_ConsGalerkinProj_Drift_Seed2_Second,SA,119,state,Momentum_x,3.119235058649e+03,3.119235058826e+03,5.697e-11,-1.764e-10
RANS_SA_WD_0.01-20_ConsGalerkinProj_Drift_Seed2_Second,SA,119,state,Momentum_y,3.275321023619e+02,3.275321023881e+02,8.017e-11,-1.704e-08
RANS_SA_WD_0.01-20_ConsGalerkinProj_Drift_Seed2_Second,SA,119,state,Energy,5.616358237619e+04,5.616358237617e+04,-3.326e-13,-3.419e-13
RANS_SA_WD_0.01-20_ConsGalerkinProj_Drift_Seed2_Second,SA,119,state,Nu_Tilde,1.588961193305e-03,1.588961192136e-03,-7.355e-10,5.043e-07
RANS_SA_WD_0.01-20_ConsGalerkinProj_Drift_Seed2_Second,SA,128,bdf2_level,Density,3.136378599923e+04,3.136378599922e+04,-1.716e-13,
RANS_SA_WD_0.01-20_ConsGalerkinProj_Drift_Seed2_Second,SA,128,bdf2_level,Momentum_x,3.119235057840e+03,3.119235057843e+03,9.621e-13,
RANS_SA_WD_0.01-20_ConsGalerkinProj_Drift_Seed2_Second,SA,128,bdf2_level,Momentum_y,3.275320978678e+02,3.275320978664e+02,-4.461e-12,
RANS_SA_WD_0.01-20_ConsGalerkinProj_Drift_Seed2_Second,SA,128,bdf2_level,Energy,5.616358237617e+04,5.616358237615e+04,-2.289e-13,
RANS_SA_WD_0.01-20_ConsGalerkinProj_Drift_Seed2_Second,SA,128,bdf2_level,Nu_Tilde,1.588962193445e-03,1.588962182723e-03,-6.748e-09,
RANS_SA_WD_0.01-20_ConsGalerkinProj_Drift_Seed2_Second,SA,129,state,Density,3.136378599923e+04,3.136378599922e+04,-1.685e-13,-3.501e-13
RANS_SA_WD_0.01-20_ConsGalerkinProj_Drift_Seed2_Second,SA,129,state,Momentum_x,3.119235057726e+03,3.119235057728e+03,5.224e-13,-2.957e-10
RANS_SA_WD_0.01-20_ConsGalerkinProj_Drift_Seed2_Second,SA,129,state,Momentum_y,3.275320971290e+02,3.275320971272e+02,-5.558e-12,-1.598e-08
RANS_SA_WD_0.01-20_ConsGalerkinProj_Drift_Seed2_Second,SA,129,state,Energy,5.616358237617e+04,5.616358237615e+04,-2.344e-13,-3.613e-13
RANS_SA_WD_0.01-20_ConsGalerkinProj_Drift_Seed2_Second,SA,129,state,Nu_Tilde,1.588962349388e-03,1.588962338457e-03,-6.879e-09,7.276e-07
RANS_SA_WD_0.01-20_ConsGalerkinProj_Drift_Seed2_Second,SA,138,bdf2_level,Density,3.136378599922e+04,3.136378599922e+04,-9.917e-14,
RANS_SA_WD_0.01-20_ConsGalerkinProj_Drift_Seed2_Second,SA,138,bdf2_level,Momentum_x,3.119235056939e+03,3.119235056918e+03,-6.720e-12,
RANS_SA_WD_0.01-20_ConsGalerkinProj_Drift_Seed2_Second,SA,138,bdf2_level,Momentum_y,3.275321007905e+02,3.275321007825e+02,-2.433e-11,
RANS_SA_WD_0.01-20_ConsGalerkinProj_Drift_Seed2_Second,SA,138,bdf2_level,Energy,5.616358237616e+04,5.616358237615e+04,-1.241e-13,
RANS_SA_WD_0.01-20_ConsGalerkinProj_Drift_Seed2_Second,SA,138,bdf2_level,Nu_Tilde,1.588962498275e-03,1.588962500212e-03,1.219e-09,
RANS_SA_WD_0.01-20_ConsGalerkinProj_Drift_Seed2_Second,SA,139,state,Density,3.136378599922e+04,3.136378599922e+04,-1.016e-13,-1.996e-13
RANS_SA_WD_0.01-20_ConsGalerkinProj_Drift_Seed2_Second,SA,139,state,Momentum_x,3.119235056842e+03,3.119235056822e+03,-6.340e-12,-2.836e-10
RANS_SA_WD_0.01-20_ConsGalerkinProj_Drift_Seed2_Second,SA,139,state,Momentum_y,3.275321009582e+02,3.275321009508e+02,-2.259e-11,1.169e-08
RANS_SA_WD_0.01-20_ConsGalerkinProj_Drift_Seed2_Second,SA,139,state,Energy,5.616358237616e+04,5.616358237615e+04,-1.251e-13,-1.590e-13
RANS_SA_WD_0.01-20_ConsGalerkinProj_Drift_Seed2_Second,SA,139,state,Nu_Tilde,1.588962457743e-03,1.588962459712e-03,1.239e-09,6.819e-08
RANS_SA_WD_0.01-20_ConsGalerkinProj_Drift_Seed2_Second,SA,148,bdf2_level,Density,3.136378599921e+04,3.136378599920e+04,-2.287e-13,
RANS_SA_WD_0.01-20_ConsGalerkinProj_Drift_Seed2_Second,SA,148,bdf2_level,Momentum_x,3.119235055783e+03,3.119235055770e+03,-4.075e-12,
RANS_SA_WD_0.01-20_ConsGalerkinProj_Drift_Seed2_Second,SA,148,bdf2_level,Momentum_y,3.275321013022e+02,3.275321013144e+02,3.747e-11,
RANS_SA_WD_0.01-20_ConsGalerkinProj_Drift_Seed2_Second,SA,148,bdf2_level,Energy,5.616358237613e+04,5.616358237612e+04,-2.910e-13,
RANS_SA_WD_0.01-20_ConsGalerkinProj_Drift_Seed2_Second,SA,148,bdf2_level,Nu_Tilde,1.588962317535e-03,1.588962318853e-03,8.298e-10,
RANS_SA_WD_0.01-20_ConsGalerkinProj_Drift_Seed2_Second,SA,149,state,Density,3.136378599921e+04,3.136378599920e+04,-2.283e-13,-4.001e-13
RANS_SA_WD_0.01-20_ConsGalerkinProj_Drift_Seed2_Second,SA,149,state,Momentum_x,3.119235055653e+03,3.119235055640e+03,-4.142e-12,-3.810e-10
RANS_SA_WD_0.01-20_ConsGalerkinProj_Drift_Seed2_Second,SA,149,state,Momentum_y,3.275321012074e+02,3.275321012186e+02,3.441e-11,7.609e-10
RANS_SA_WD_0.01-20_ConsGalerkinProj_Drift_Seed2_Second,SA,149,state,Energy,5.616358237613e+04,5.616358237612e+04,-3.000e-13,-4.498e-13
RANS_SA_WD_0.01-20_ConsGalerkinProj_Drift_Seed2_Second,SA,149,state,Nu_Tilde,1.588962336381e-03,1.588962337672e-03,8.120e-10,-7.638e-08
RANS_SA_WD_0.01-20_ConsGalerkinProj_Drift_Seed2_Second,SA,158,bdf2_level,Density,3.136378599919e+04,3.136378599918e+04,-2.471e-13,
RANS_SA_WD_0.01-20_ConsGalerkinProj_Drift_Seed2_Second,SA,158,bdf2_level,Momentum_x,3.119235054739e+03,3.119235054783e+03,1.387e-11,
RANS_SA_WD_0.01-20_ConsGalerkinProj_Drift_Seed2_Second,SA,158,bdf2_level,Momentum_y,3.275321047597e+02,3.275321047629e+02,9.645e-12,
RANS_SA_WD_0.01-20_ConsGalerkinProj_Drift_Seed2_Second,SA,158,bdf2_level,Energy,5.616358237608e+04,5.616358237607e+04,-2.666e-13,
RANS_SA_WD_0.01-20_ConsGalerkinProj_Drift_Seed2_Second,SA,158,bdf2_level,Nu_Tilde,1.588962013503e-03,1.588962014496e-03,6.248e-10,
RANS_SA_WD_0.01-20_ConsGalerkinProj_Drift_Seed2_Second,SA,159,state,Density,3.136378599919e+04,3.136378599918e+04,-2.385e-13,-6.721e-13
RANS_SA_WD_0.01-20_ConsGalerkinProj_Drift_Seed2_Second,SA,159,state,Momentum_x,3.119235054639e+03,3.119235054685e+03,1.462e-11,-3.251e-10
RANS_SA_WD_0.01-20_ConsGalerkinProj_Drift_Seed2_Second,SA,159,state,Momentum_y,3.275321050475e+02,3.275321050507e+02,9.788e-12,1.172e-08
RANS_SA_WD_0.01-20_ConsGalerkinProj_Drift_Seed2_Second,SA,159,state,Energy,5.616358237608e+04,5.616358237607e+04,-2.508e-13,-9.317e-13
RANS_SA_WD_0.01-20_ConsGalerkinProj_Drift_Seed2_Second,SA,159,state,Nu_Tilde,1.588961913584e-03,1.588961914568e-03,6.191e-10,-2.661e-07
RANS_SA_WD_0.01-20_ConsGalerkinProj_Drift_Seed2_Second,SA,168,bdf2_level,Density,3.136378599917e+04,3.136378599917e+04,-1.371e-13,
RANS_SA_WD_0.01-20_ConsGalerkinProj_Drift_Seed2_Second,SA,168,bdf2_level,Momentum_x,3.119235053915e+03,3.119235053873e+03,-1.358e-11,
RANS_SA_WD_0.01-20_ConsGalerkinProj_Drift_Seed2_Second,SA,168,bdf2_level,Momentum_y,3.275321026072e+02,3.275321026200e+02,3.907e-11,
RANS_SA_WD_0.01-20_ConsGalerkinProj_Drift_Seed2_Second,SA,168,bdf2_level,Energy,5.616358237605e+04,5.616358237604e+04,-2.478e-13,
RANS_SA_WD_0.01-20_ConsGalerkinProj_Drift_Seed2_Second,SA,168,bdf2_level,Nu_Tilde,1.588961407024e-03,1.588961407135e-03,6.973e-11,
RANS_SA_WD_0.01-20_ConsGalerkinProj_Drift_Seed2_Second,SA,169,state,Density,3.136378599917e+04,3.136378599917e+04,-1.414e-13,-4.601e-13
RANS_SA_WD_0.01-20_ConsGalerkinProj_Drift_Seed2_Second,SA,169,state,Momentum_x,3.119235053843e+03,3.119235053796e+03,-1.503e-11,-2.554e-10
RANS_SA_WD_0.01-20_ConsGalerkinProj_Drift_Seed2_Second,SA,169,state,Momentum_y,3.275321020195e+02,3.275321020317e+02,3.720e-11,-9.245e-09
RANS_SA_WD_0.01-20_ConsGalerkinProj_Drift_Seed2_Second,SA,169,state,Energy,5.616358237605e+04,5.616358237603e+04,-2.547e-13,-5.536e-13
RANS_SA_WD_0.01-20_ConsGalerkinProj_Drift_Seed2_Second,SA,169,state,Nu_Tilde,1.588961411794e-03,1.588961411881e-03,5.472e-11,-3.158e-07
RANS_SA_WD_0.01-20_ConsGalerkinProj_Drift_Seed2_Second,SA,178,bdf2_level,Density,3.136378599917e+04,3.136378599916e+04,-1.920e-13,
RANS_SA_WD_0.01-20_ConsGalerkinProj_Drift_Seed2_Second,SA,178,bdf2_level,Momentum_x,3.119235052886e+03,3.119235052906e+03,6.398e-12,
RANS_SA_WD_0.01-20_ConsGalerkinProj_Drift_Seed2_Second,SA,178,bdf2_level,Momentum_y,3.275321006962e+02,3.275321006954e+02,-2.583e-12,
RANS_SA_WD_0.01-20_ConsGalerkinProj_Drift_Seed2_Second,SA,178,bdf2_level,Energy,5.616358237604e+04,5.616358237602e+04,-2.160e-13,
RANS_SA_WD_0.01-20_ConsGalerkinProj_Drift_Seed2_Second,SA,178,bdf2_level,Nu_Tilde,1.588961551763e-03,1.588961554959e-03,2.012e-09,
RANS_SA_WD_0.01-20_ConsGalerkinProj_Drift_Seed2_Second,SA,179,state,Density,3.136378599917e+04,3.136378599916e+04,-1.923e-13,-1.181e-13
RANS_SA_WD_0.01-20_ConsGalerkinProj_Drift_Seed2_Second,SA,179,state,Momentum_x,3.119235052790e+03,3.119235052808e+03,5.912e-12,-3.375e-10
RANS_SA_WD_0.01-20_ConsGalerkinProj_Drift_Seed2_Second,SA,179,state,Momentum_y,3.275321010924e+02,3.275321010914e+02,-3.119e-12,-2.831e-09
RANS_SA_WD_0.01-20_ConsGalerkinProj_Drift_Seed2_Second,SA,179,state,Energy,5.616358237604e+04,5.616358237602e+04,-2.235e-13,-2.122e-13
RANS_SA_WD_0.01-20_ConsGalerkinProj_Drift_Seed2_Second,SA,179,state,Nu_Tilde,1.588961544508e-03,1.588961547718e-03,2.020e-09,8.352e-08
RANS_SA_WD_0.01-20_ConsGalerkinProj_Drift_Seed2_Second,SA,188,bdf2_level,Density,3.136378599916e+04,3.136378599915e+04,-1.986e-13,
RANS_SA_WD_0.01-20_ConsGalerkinProj_Drift_Seed2_Second,SA,188,bdf2_level,Momentum_x,3.119235051963e+03,3.119235051968e+03,1.721e-12,
RANS_SA_WD_0.01-20_ConsGalerkinProj_Drift_Seed2_Second,SA,188,bdf2_level,Momentum_y,3.275320980108e+02,3.275320980113e+02,1.542e-12,
RANS_SA_WD_0.01-20_ConsGalerkinProj_Drift_Seed2_Second,SA,188,bdf2_level,Energy,5.616358237602e+04,5.616358237600e+04,-2.246e-13,
RANS_SA_WD_0.01-20_ConsGalerkinProj_Drift_Seed2_Second,SA,188,bdf2_level,Nu_Tilde,1.588961076163e-03,1.588961083430e-03,4.574e-09,
RANS_SA_WD_0.01-20_ConsGalerkinProj_Drift_Seed2_Second,SA,189,state,Density,3.136378599916e+04,3.136378599915e+04,-1.986e-13,-3.856e-13
RANS_SA_WD_0.01-20_ConsGalerkinProj_Drift_Seed2_Second,SA,189,state,Momentum_x,3.119235051870e+03,3.119235051873e+03,8.230e-13,-2.949e-10
RANS_SA_WD_0.01-20_ConsGalerkinProj_Drift_Seed2_Second,SA,189,state,Momentum_y,3.275320970634e+02,3.275320970635e+02,3.997e-13,-1.230e-08
RANS_SA_WD_0.01-20_ConsGalerkinProj_Drift_Seed2_Second,SA,189,state,Energy,5.616358237601e+04,5.616358237600e+04,-2.300e-13,-4.533e-13
RANS_SA_WD_0.01-20_ConsGalerkinProj_Drift_Seed2_Second,SA,189,state,Nu_Tilde,1.588960994622e-03,1.588961001965e-03,4.622e-09,-3.461e-07
RANS_SA_WD_0.01-20_ConsGalerkinProj_Drift_Seed2_Second,SA,198,bdf2_level,Density,3.136378599912e+04,3.136378599911e+04,-1.583e-13,
RANS_SA_WD_0.01-20_ConsGalerkinProj_Drift_Seed2_Second,SA,198,bdf2_level,Momentum_x,3.119235051086e+03,3.119235051072e+03,-4.793e-12,
RANS_SA_WD_0.01-20_ConsGalerkinProj_Drift_Seed2_Second,SA,198,bdf2_level,Momentum_y,3.275320966927e+02,3.275320967005e+02,2.381e-11,
RANS_SA_WD_0.01-20_ConsGalerkinProj_Drift_Seed2_Second,SA,198,bdf2_level,Energy,5.616358237591e+04,5.616358237590e+04,-1.891e-13,
RANS_SA_WD_0.01-20_ConsGalerkinProj_Drift_Seed2_Second,SA,198,bdf2_level,Nu_Tilde,1.588960774611e-03,1.588960779354e-03,2.985e-09,
RANS_SA_WD_0.01-20_ConsGalerkinProj_Drift_Seed2_Second,SA,199,state,Density,3.136378599911e+04,3.136378599911e+04,-1.529e-13,-1.518e-12
RANS_SA_WD_0.01-20_ConsGalerkinProj_Drift_Seed2_Second,SA,199,state,Momentum_x,3.119235050978e+03,3.119235050965e+03,-4.289e-12,-2.859e-10
RANS_SA_WD_0.01-20_ConsGalerkinProj_Drift_Seed2_Second,SA,199,state,Momentum_y,3.275320971817e+02,3.275320971898e+02,2.475e-11,3.610e-10
RANS_SA_WD_0.01-20_ConsGalerkinProj_Drift_Seed2_Second,SA,199,state,Energy,5.616358237589e+04,5.616358237588e+04,-1.924e-13,-2.110e-12
RANS_SA_WD_0.01-20_ConsGalerkinProj_Drift_Seed2_Second,SA,199,state,Nu_Tilde,1.588960809301e-03,1.588960814049e-03,2.988e-09,-1.166e-07
RANS_SA_WD_0.01-20_ConsGalerkinProj_Drift_Seed2_Second,SA,208,bdf2_level,Density,3.136378599903e+04,3.136378599903e+04,-1.209e-13,
RANS_SA_WD_0.01-20_ConsGalerkinProj_Drift_Seed2_Second,SA,208,bdf2_level,Momentum_x,3.119235050087e+03,3.119235050069e+03,-5.711e-12,
RANS_SA_WD_0.01-20_ConsGalerkinProj_Drift_Seed2_Second,SA,208,bdf2_level,Momentum_y,3.275320985723e+02,3.275320985702e+02,-6.220e-12,
RANS_SA_WD_0.01-20_ConsGalerkinProj_Drift_Seed2_Second,SA,208,bdf2_level,Energy,5.616358237570e+04,5.616358237569e+04,-2.014e-13,
RANS_SA_WD_0.01-20_ConsGalerkinProj_Drift_Seed2_Second,SA,208,bdf2_level,Nu_Tilde,1.588960977938e-03,1.588960974757e-03,-2.001e-09,
RANS_SA_WD_0.01-20_ConsGalerkinProj_Drift_Seed2_Second,SA,209,state,Density,3.136378599903e+04,3.136378599902e+04,-1.293e-13,-2.670e-12
RANS_SA_WD_0.01-20_ConsGalerkinProj_Drift_Seed2_Second,SA,209,state,Momentum_x,3.119235049980e+03,3.119235049964e+03,-5.287e-12,-3.199e-10
RANS_SA_WD_0.01-20_ConsGalerkinProj_Drift_Seed2_Second,SA,209,state,Momentum_y,3.275320983742e+02,3.275320983723e+02,-5.607e-12,3.641e-09
RANS_SA_WD_0.01-20_ConsGalerkinProj_Drift_Seed2_Second,SA,209,state,Energy,5.616358237568e+04,5.616358237567e+04,-2.087e-13,-3.843e-12
RANS_SA_WD_0.01-20_ConsGalerkinProj_Drift_Seed2_Second,SA,209,state,Nu_Tilde,1.588960984341e-03,1.588960981181e-03,-1.989e-09,1.102e-07
RANS_SA_WD_0.01-20_ConsGalerkinProj_Drift_Seed2_Second,SA,218,bdf2_level,Density,3.136378599896e+04,3.136378599894e+04,-4.572e-13,
RANS_SA_WD_0.01-20_ConsGalerkinProj_Drift_Seed2_Second,SA,218,bdf2_level,Momentum_x,3.119235049137e+03,3.119235049160e+03,7.320e-12,
RANS_SA_WD_0.01-20_ConsGalerkinProj_Drift_Seed2_Second,SA,218,bdf2_level,Momentum_y,3.275321003591e+02,3.275321003687e+02,2.919e-11,
RANS_SA_WD_0.01-20_ConsGalerkinProj_Drift_Seed2_Second,SA,218,bdf2_level,Energy,5.616358237550e+04,5.616358237547e+04,-5.379e-13,
RANS_SA_WD_0.01-20_ConsGalerkinProj_Drift_Seed2_Second,SA,218,bdf2_level,Nu_Tilde,1.588960907949e-03,1.588960911946e-03,2.515e-09,
RANS_SA_WD_0.01-20_ConsGalerkinProj_Drift_Seed2_Second,SA,219,state,Density,3.136378599896e+04,3.136378599894e+04,-4.494e-13,-2.268e-12
RANS_SA_WD_0.01-20_ConsGalerkinProj_Drift_Seed2_Second,SA,219,state,Momentum_x,3.119235049059e+03,3.119235049082e+03,7.385e-12,-2.953e-10
RANS_SA_WD_0.01-20_ConsGalerkinProj_Drift_Seed2_Second,SA,219,state,Momentum_y,3.275321011295e+02,3.275321011392e+02,2.955e-11,8.412e-09
RANS_SA_WD_0.01-20_ConsGalerkinProj_Drift_Seed2_Second,SA,219,state,Energy,5.616358237549e+04,5.616358237546e+04,-5.400e-13,-3.266e-12
RANS_SA_WD_0.01-20_ConsGalerkinProj_Drift_Seed2_Second,SA,219,state,Nu_Tilde,1.588960908441e-03,1.588960912353e-03,2.462e-09,-4.777e-08
RANS_SA_WD_0.01-20_ConsGalerkinProj_Drift_Seed2_Second,SA,228,bdf2_level,Density,3.136378599898e+04,3.136378599897e+04,-1.867e-13,
RANS_SA_WD_0.01-20_ConsGalerkinProj_Drift_Seed2_Second,SA,228,bdf2_level,Momentum_x,3.119235048013e+03,3.119235047993e+03,-6.485e-12,
RANS_SA_WD_0.01-20_ConsGalerkinProj_Drift_Seed2_Second,SA,228,bdf2_level,Momentum_y,3.275321041318e+02,3.275321041430e+02,3.399e-11,
RANS_SA_WD_0.01-20_ConsGalerkinProj_Drift_Seed2_Second,SA,228,bdf2_level,Energy,5.616358237556e+04,5.616358237554e+04,-2.556e-13,
RANS_SA_WD_0.01-20_ConsGalerkinProj_Drift_Seed2_Second,SA,228,bdf2_level,Nu_Tilde,1.588960803836e-03,1.588960805586e-03,1.101e-09,
RANS_SA_WD_0.01-20_ConsGalerkinProj_Drift_Seed2_Second,SA,229,state,Density,3.136378599899e+04,3.136378599899e+04,-1.990e-13,1.160e-12
RANS_SA_WD_0.01-20_ConsGalerkinProj_Drift_Seed2_Second,SA,229,state,Momentum_x,3.119235047869e+03,3.119235047845e+03,-7.559e-12,-3.817e-10
RANS_SA_WD_0.01-20_ConsGalerkinProj_Drift_Seed2_Second,SA,229,state,Momentum_y,3.275321041605e+02,3.275321041710e+02,3.201e-11,9.254e-09
RANS_SA_WD_0.01-20_ConsGalerkinProj_Drift_Seed2_Second,SA,229,state,Energy,5.616358237559e+04,5.616358237558e+04,-2.753e-13,1.791e-12
RANS_SA_WD_0.01-20_ConsGalerkinProj_Drift_Seed2_Second,SA,229,state,Nu_Tilde,1.588960765907e-03,1.588960767628e-03,1.083e-09,-8.970e-08
RANS_SA_WD_0.01-20_ConsGalerkinProj_Drift_Seed2_Second,SA,238,bdf2_level,Density,3.136378599923e+04,3.136378599922e+04,-2.344e-13,
RANS_SA_WD_0.01-20_ConsGalerkinProj_Drift_Seed2_Second,SA,238,bdf2_level,Momentum_x,3.119235046856e+03,3.119235046859e+03,1.031e-12,
RANS_SA_WD_0.01-20_ConsGalerkinProj_Drift_Seed2_Second,SA,238,bdf2_level,Momentum_y,3.275321054700e+02,3.275321054551e+02,-4.549e-11,
RANS_SA_WD_0.01-20_ConsGalerkinProj_Drift_Seed2_Second,SA,238,bdf2_level,Energy,5.616358237621e+04,5.616358237620e+04,-2.991e-13,
RANS_SA_WD_0.01-20_ConsGalerkinProj_Drift_Seed2_Second,SA,238,bdf2_level,Nu_Tilde,1.588960374317e-03,1.588960377475e-03,1.987e-09,
RANS_SA_WD_0.01-20_ConsGalerkinProj_Drift_Seed2_Second,SA,239,state,Density,3.136378599927e+04,3.136378599927e+04,-2.431e-13,9.009e-12
RANS_SA_WD_0.01-20_ConsGalerkinProj_Drift_Seed2_Second,SA,239,state,Momentum_x,3.119235046777e+03,3.119235046778e+03,3.355e-13,-3.499e-10
RANS_SA_WD_0.01-20_ConsGalerkinProj_Drift_Seed2_Second,SA,239,state,Momentum_y,3.275321051979e+02,3.275321051831e+02,-4.534e-11,3.167e-09
RANS_SA_WD_0.01-20_ConsGalerkinProj_Drift_Seed2_Second,SA,239,state,Energy,5.616358237632e+04,5.616358237630e+04,-3.184e-13,1.297e-11
RANS_SA_WD_0.01-20_ConsGalerkinProj_Drift_Seed2_Second,SA,239,state,Nu_Tilde,1.588960337043e-03,1.588960340241e-03,2.013e-09,-2.699e-07
RANS_SA_WD_0.01-20_ConsGalerkinProj_Drift_Seed2_Second,SA,248,bdf2_level,Density,3.136378599979e+04,3.136378599978e+04,-2.267e-13,
RANS_SA_WD_0.01-20_ConsGalerkinProj_Drift_Seed2_Second,SA,248,bdf2_level,Momentum_x,3.119235046316e+03,3.119235046335e+03,6.199e-12,
RANS_SA_WD_0.01-20_ConsGalerkinProj_Drift_Seed2_Second,SA,248,bdf2_level,Momentum_y,3.275320992953e+02,3.275320993213e+02,7.929e-11,
RANS_SA_WD_0.01-20_ConsGalerkinProj_Drift_Seed2_Second,SA,248,bdf2_level,Energy,5.616358237765e+04,5.616358237764e+04,-2.518e-13,
RANS_SA_WD_0.01-20_ConsGalerkinProj_Drift_Seed2_Second,SA,248,bdf2_level,Nu_Tilde,1.588960411562e-03,1.588960405435e-03,-3.856e-09,
RANS_SA_WD_0.01-20_ConsGalerkinProj_Drift_Seed2_Second,SA,249,state,Density,3.136378599986e+04,3.136378599986e+04,-2.263e-13,1.883e-11
RANS_SA_WD_0.01-20_ConsGalerkinProj_Drift_Seed2_Second,SA,249,state,Momentum_x,3.119235046253e+03,3.119235046272e+03,5.957e-12,-1.680e-10
RANS_SA_WD_0.01-20_ConsGalerkinProj_Drift_Seed2_Second,SA,249,state,Momentum_y,3.275320984423e+02,3.275320984680e+02,7.855e-11,-2.063e-08
RANS_SA_WD_0.01-20_ConsGalerkinProj_Drift_Seed2_Second,SA,249,state,Energy,5.616358237784e+04,5.616358237783e+04,-2.568e-13,2.709e-11
RANS_SA_WD_0.01-20_ConsGalerkinProj_Drift_Seed2_Second,SA,249,state,Nu_Tilde,1.588960454220e-03,1.588960448095e-03,-3.855e-09,7.374e-08
RANS_SA_WD_0.01-20_ConsGalerkinProj_Drift_Seed2_Second,SA,258,bdf2_level,Density,3.136378600065e+04,3.136378600064e+04,-4.883e-14,
RANS_SA_WD_0.01-20_ConsGalerkinProj_Drift_Seed2_Second,SA,258,bdf2_level,Momentum_x,3.119235045748e+03,3.119235045708e+03,-1.267e-11,
RANS_SA_WD_0.01-20_ConsGalerkinProj_Drift_Seed2_Second,SA,258,bdf2_level,Momentum_y,3.275321006640e+02,3.275321006712e+02,2.184e-11,
RANS_SA_WD_0.01-20_ConsGalerkinProj_Drift_Seed2_Second,SA,258,bdf2_level,Energy,5.616358237985e+04,5.616358237984e+04,-1.233e-13,
RANS_SA_WD_0.01-20_ConsGalerkinProj_Drift_Seed2_Second,SA,258,bdf2_level,Nu_Tilde,1.588960512841e-03,1.588960519457e-03,4.164e-09,
RANS_SA_WD_0.01-20_ConsGalerkinProj_Drift_Seed2_Second,SA,259,state,Density,3.136378600074e+04,3.136378600074e+04,-6.577e-14,2.803e-11
RANS_SA_WD_0.01-20_ConsGalerkinProj_Drift_Seed2_Second,SA,259,state,Momentum_x,3.119235045686e+03,3.119235045650e+03,-1.154e-11,-1.820e-10
RANS_SA_WD_0.01-20_ConsGalerkinProj_Drift_Seed2_Second,SA,259,state,Momentum_y,3.275321015658e+02,3.275321015731e+02,2.216e-11,9.536e-09
RANS_SA_WD_0.01-20_ConsGalerkinProj_Drift_Seed2_Second,SA,259,state,Energy,5.616358238010e+04,5.616358238010e+04,-1.443e-13,4.023e-11
RANS_SA_WD_0.01-20_ConsGalerkinProj_Drift_Seed2_Second,SA,259,state,Nu_Tilde,1.588960501429e-03,1.588960508242e-03,4.287e-09,2.971e-08
RANS_SA_WD_0.01-20_ConsGalerkinProj_Drift_Seed2_Second,SA,268,bdf2_level,Density,3.136378600168e+04,3.136378600168e+04,-2.051e-13,
RANS_SA_WD_0.01-20_ConsGalerkinProj_Drift_Seed2_Second,SA,268,bdf2_level,Momentum_x,3.119235045001e+03,3.119235044988e+03,-4.043e-12,
RANS_SA_WD_0.01-20_ConsGalerkinProj_Drift_Seed2_Second,SA,268,bdf2_level,Momentum_y,3.275321040307e+02,3.275321040369e+02,1.886e-11,
RANS_SA_WD_0.01-20_ConsGalerkinProj_Drift_Seed2_Second,SA,268,bdf2_level,Energy,5.616358238251e+04,5.616358238249e+04,-2.573e-13,
RANS_SA_WD_0.01-20_ConsGalerkinProj_Drift_Seed2_Second,SA,268,bdf2_level,Nu_Tilde,1.588960364437e-03,1.588960366333e-03,1.193e-09,
RANS_SA_WD_0.01-20_ConsGalerkinProj_Drift_Seed2_Second,SA,269,state,Density,3.136378600179e+04,3.136378600178e+04,-2.141e-13,3.339e-11
RANS_SA_WD_0.01-20_ConsGalerkinProj_Drift_Seed2_Second,SA,269,state,Momentum_x,3.119235044946e+03,3.119235044933e+03,-4.271e-12,-2.371e-10
RANS_SA_WD_0.01-20_ConsGalerkinProj_Drift_Seed2_Second,SA,269,state,Momentum_y,3.275321041284e+02,3.275321041352e+02,2.057e-11,7.824e-09
RANS_SA_WD_0.01-20_ConsGalerkinProj_Drift_Seed2_Second,SA,269,state,Energy,5.616358238278e+04,5.616358238277e+04,-2.789e-13,4.771e-11
RANS_SA_WD_0.01-20_ConsGalerkinProj_Drift_Seed2_Second,SA,269,state,Nu_Tilde,1.588960322911e-03,1.588960324766e-03,1.168e-09,-1.123e-07
RANS_SA_WD_0.01-20_ConsGalerkinProj_Drift_Seed2_Second,SA,278,bdf2_level,Density,3.136378600272e+04,3.136378600271e+04,-2.231e-13,
RANS_SA_WD_0.01-20_ConsGalerkinProj_Drift_Seed2_Second,SA,278,bdf2_level,Momentum_x,3.119235044562e+03,3.119235044561e+03,-4.702e-13,
RANS_SA_WD_0.01-20_ConsGalerkinProj_Drift_Seed2_Second,SA,278,bdf2_level,Momentum_y,3.275321052881e+02,3.275321052874e+02,-2.143e-12,
RANS_SA_WD_0.01-20_ConsGalerkinProj_Drift_Seed2_Second,SA,278,bdf2_level,Energy,5.616358238515e+04,5.616358238513e+04,-3.411e-13,
RANS_SA_WD_0.01-20_ConsGalerkinProj_Drift_Seed2_Second,SA,278,bdf2_level,Nu_Tilde,1.588959785740e-03,1.588959785189e-03,-3.468e-10,
RANS_SA_WD_0.01-20_ConsGalerkinProj_Drift_Seed2_Second,SA,279,state,Density,3.136378600281e+04,3.136378600281e+04,-2.170e-13,3.259e-11
RANS_SA_WD_0.01-20_ConsGalerkinProj_Drift_Seed2_Second,SA,279,state,Momentum_x,3.119235044529e+03,3.119235044529e+03,-2.016e-13,-1.336e-10
RANS_SA_WD_0.01-20_ConsGalerkinProj_Drift_Seed2_Second,SA,279,state,Momentum_y,3.275321050471e+02,3.275321050460e+02,-3.328e-12,2.805e-09
RANS_SA_WD_0.01-20_ConsGalerkinProj_Drift_Seed2_Second,SA,279,state,Energy,5.616358238540e+04,5.616358238538e+04,-3.269e-13,4.654e-11
RANS_SA_WD_0.01-20_ConsGalerkinProj_Drift_Seed2_Second,SA,279,state,Nu_Tilde,1.588959719132e-03,1.588959718685e-03,-2.815e-10,-3.800e-07
RANS_SA_WD_0.01-20_ConsGalerkinProj_Drift_Seed2_Second,SA,288,bdf2_level,Density,3.136378600356e+04,3.136378600355e+04,-3.614e-13,
RANS_SA_WD_0.01-20_ConsGalerkinProj_Drift_Seed2_Second,SA,288,bdf2_level,Momentum_x,3.119235044192e+03,3.119235044177e+03,-4.516e-12,
RANS_SA_WD_0.01-20_ConsGalerkinProj_Drift_Seed2_Second,SA,288,bdf2_level,Momentum_y,3.275321044503e+02,3.275321044589e+02,2.631e-11,
RANS_SA_WD_0.01-20_ConsGalerkinProj_Drift_Seed2_Second,SA,288,bdf2_level,Energy,5.616358238731e+04,5.616358238728e+04,-4.692e-13,
RANS_SA_WD_0.01-20_ConsGalerkinProj_Drift_Seed2_Second,SA,288,bdf2_level,Nu_Tilde,1.588959242784e-03,1.588959248156e-03,3.381e-09,
RANS_SA_WD_0.01-20_ConsGalerkinProj_Drift_Seed2_Second,SA,289,state,Density,3.136378600363e+04,3.136378600362e+04,-3.636e-13,2.600e-11
RANS_SA_WD_0.01-20_ConsGalerkinProj_Drift_Seed2_Second,SA,289,state,Momentum_x,3.119235044117e+03,3.119235044102e+03,-4.807e-12,-1.322e-10
RANS_SA_WD_0.01-20_ConsGalerkinProj_Drift_Seed2_Second,SA,289,state,Momentum_y,3.275321046970e+02,3.275321047057e+02,2.660e-11,-1.069e-09
RANS_SA_WD_0.01-20_ConsGalerkinProj_Drift_Seed2_Second,SA,289,state,Energy,5.616358238748e+04,5.616358238746e+04,-4.735e-13,3.714e-11
RANS_SA_WD_0.01-20_ConsGalerkinProj_Drift_Seed2_Second,SA,289,state,Nu_Tilde,1.588959208689e-03,1.588959214029e-03,3.360e-09,-3.212e-07
RANS_SA_WD_0.01-20_ConsGalerkinProj_Drift_Seed2_Second,SA,298,bdf2_level,Density,3.136378600406e+04,3.136378600406e+04,-1.596e-13,
RANS_SA_WD_0.01-20_ConsGalerkinProj_Drift_Seed2_Second,SA,298,bdf2_level,Momentum_x,3.119235043474e+03,3.119235043463e+03,-3.526e-12,
RANS_SA_WD_0.01-20_ConsGalerkinProj_Drift_Seed2_Second,SA,298,bdf2_level,Momentum_y,3.275321034033e+02,3.275321034072e+02,1.195e-11,
RANS_SA_WD_0.01-20_ConsGalerkinProj_Drift_Seed2_Second,SA,298,bdf2_level,Energy,5.616358238861e+04,5.616358238860e+04,-1.983e-13,
RANS_SA_WD_0.01-20_ConsGalerkinProj_Drift_Seed2_Second,SA,298,bdf2_level,Nu_Tilde,1.588958942384e-03,1.588958948951e-03,4.133e-09,
RANS_SA_WD_0.01-20_ConsGalerkinProj_Drift_Seed2_Second,SA,299,state,Density,3.136378600409e+04,3.136378600409e+04,-1.573e-13,1.478e-11
RANS_SA_WD_0.01-20_ConsGalerkinProj_Drift_Seed2_Second,SA,299,state,Momentum_x,3.119235043400e+03,3.119235043388e+03,-3.889e-12,-2.299e-10
RANS_SA_WD_0.01-20_ConsGalerkinProj_Drift_Seed2_Second,SA,299,state,Momentum_y,3.275321031880e+02,3.275321031924e+02,1.348e-11,-4.607e-09
RANS_SA_WD_0.01-20_ConsGalerkinProj_Drift_Seed2_Second,SA,299,state,Energy,5.616358238868e+04,5.616358238867e+04,-1.950e-13,2.138e-11
RANS_SA_WD_0.01-20_ConsGalerkinProj_Drift_Seed2_Second,SA,299,state,Nu_Tilde,1.588958909531e-03,1.588958916046e-03,4.101e-09,-1.883e-07
RANS_SA_WD_0.01-20_ConsGalerkinProj_Drift_Seed2_Second,SA,308,bdf2_level,Density,3.136378600416e+04,3.136378600415e+04,-3.414e-13,
RANS_SA_WD_0.01-20_ConsGalerkinProj_Drift_Seed2_Second,SA,308,bdf2_level,Momentum_x,3.119235042874e+03,3.119235042909e+03,1.146e-11,
RANS_SA_WD_0.01-20_ConsGalerkinProj_Drift_Seed2_Second,SA,308,bdf2_level,Momentum_y,3.275321050448e+02,3.275321050491e+02,1.298e-11,
RANS_SA_WD_0.01-20_ConsGalerkinProj_Drift_Seed2_Second,SA,308,bdf2_level,Energy,5.616358238890e+04,5.616358238888e+04,-3.614e-13,
RANS_SA_WD_0.01-20_ConsGalerkinProj_Drift_Seed2_Second,SA,308,bdf2_level,Nu_Tilde,1.588958491963e-03,1.588958498953e-03,4.399e-09,
RANS_SA_WD_0.01-20_ConsGalerkinProj_Drift_Seed2_Second,SA,309,state,Density,3.136378600415e+04,3.136378600414e+04,-3.320e-13,1.888e-12
RANS_SA_WD_0.01-20_ConsGalerkinProj_Drift_Seed2_Second,SA,309,state,Momentum_x,3.119235042828e+03,3.119235042864e+03,1.173e-11,-1.834e-10
RANS_SA_WD_0.01-20_ConsGalerkinProj_Drift_Seed2_Second,SA,309,state,Momentum_y,3.275321049107e+02,3.275321049145e+02,1.183e-11,5.260e-09
RANS_SA_WD_0.01-20_ConsGalerkinProj_Drift_Seed2_Second,SA,309,state,Energy,5.616358238887e+04,5.616358238885e+04,-3.565e-13,3.371e-12
RANS_SA_WD_0.01-20_ConsGalerkinProj_Drift_Seed2_Second,SA,309,state,Nu_Tilde,1.588958417809e-03,1.588958424739e-03,4.361e-09,-3.095e-07
RANS_SA_WD_0.01-20_ConsGalerkinProj_Drift_Seed2_Second,SA,318,bdf2_level,Density,3.136378600386e+04,3.136378600386e+04,-2.142e-13,
RANS_SA_WD_0.01-20_ConsGalerkinProj_Drift_Seed2_Second,SA,318,bdf2_level,Momentum_x,3.119235042574e+03,3.119235042563e+03,-3.354e-12,
RANS_SA_WD_0.01-20_ConsGalerkinProj_Drift_Seed2_Second,SA,318,bdf2_level,Momentum_y,3.275321031430e+02,3.275321031607e+02,5.420e-11,
RANS_SA_WD_0.01-20_ConsGalerkinProj_Drift_Seed2_Second,SA,318,bdf2_level,Energy,5.616358238821e+04,5.616358238820e+04,-2.689e-13,
RANS_SA_WD_0.01-20_ConsGalerkinProj_Drift_Seed2_Second,SA,318,bdf2_level,Nu_Tilde,1.588957757636e-03,1.588957755807e-03,-1.152e-09,
RANS_SA_WD_0.01-20_ConsGalerkinProj_Drift_Seed2_Second,SA,319,state,Density,3.136378600382e+04,3.136378600381e+04,-2.324e-13,-1.066e-11
RANS_SA_WD_0.01-20_ConsGalerkinProj_Drift_Seed2_Second,SA,319,state,Momentum_x,3.119235042566e+03,3.119235042559e+03,-2.137e-12,-8.396e-11
RANS_SA_WD_0.01-20_ConsGalerkinProj_Drift_Seed2_Second,SA,319,state,Momentum_y,3.275321029704e+02,3.275321029876e+02,5.268e-11,-5.924e-09
RANS_SA_WD_0.01-20_ConsGalerkinProj_Drift_Seed2_Second,SA,319,state,Energy,5.616358238810e+04,5.616358238808e+04,-2.807e-13,-1.377e-11
RANS_SA_WD_0.01-20_ConsGalerkinProj_Drift_Seed2_Second,SA,319,state,Nu_Tilde,1.588957701002e-03,1.588957699143e-03,-1.170e-09,-4.511e-07
RANS_SA_WD_0.01-20_ConsGalerkinProj_Drift_Seed2_Second,SA,328,bdf2_level,Density,3.136378600327e+04,3.136378600327e+04,-2.036e-13,
RANS_SA_WD_0.01-20_ConsGalerkinProj_Drift_Seed2_Second,SA,328,bdf2_level,Momentum_x,3.119235042674e+03,3.119235042656e+03,-5.773e-12,
RANS_SA_WD_0.01-20_ConsGalerkinProj_Drift_Seed2_Second,SA,328,bdf2_level,Momentum_y,3.275321018507e+02,3.275321018580e+02,2.233e-11,
RANS_SA_WD_0.01-20_ConsGalerkinProj_Drift_Seed2_Second,SA,328,bdf2_level,Energy,5.616358238681e+04,5.616358238680e+04,-2.726e-13,
RANS_SA_WD_0.01-20_ConsGalerkinProj_Drift_Seed2_Second,SA,328,bdf2_level,Nu_Tilde,1.588957472178e-03,1.588957479099e-03,4.356e-09,
RANS_SA_WD_0.01-20_ConsGalerkinProj_Drift_Seed2_Second,SA,329,state,Density,3.136378600320e+04,3.136378600320e+04,-2.115e-13,-1.954e-11
RANS_SA_WD_0.01-20_ConsGalerkinProj_Drift_Seed2_Second,SA,329,state,Momentum_x,3.119235042714e+03,3.119235042692e+03,-7.005e-12,4.750e-11
RANS_SA_WD_0.01-20_ConsGalerkinProj_Drift_Seed2_Second,SA,329,state,Momentum_y,3.275321016117e+02,3.275321016150e+02,1.009e-11,-4.148e-09
RANS_SA_WD_0.01-20_ConsGalerkinProj_Drift_Seed2_Second,SA,329,state,Energy,5.616358238665e+04,5.616358238663e+04,-3.002e-13,-2.579e-11
RANS_SA_WD_0.01-20_ConsGalerkinProj_Drift_Seed2_Second,SA,329,state,Nu_Tilde,1.588957489759e-03,1.588957496630e-03,4.325e-09,-1.329e-07
RANS_SA_WD_0.01-20_ConsGalerkinProj_Drift_Seed2_Second,SA,338,bdf2_level,Density,3.136378600254e+04,3.136378600253e+04,-3.148e-13,
RANS_SA_WD_0.01-20_ConsGalerkinProj_Drift_Seed2_Second,SA,338,bdf2_level,Momentum_x,3.119235042706e+03,3.119235042740e+03,1.063e-11,
RANS_SA_WD_0.01-20_ConsGalerkinProj_Drift_Seed2_Second,SA,338,bdf2_level,Momentum_y,3.275321065241e+02,3.275321065289e+02,1.452e-11,
RANS_SA_WD_0.01-20_ConsGalerkinProj_Drift_Seed2_Second,SA,338,bdf2_level,Energy,5.616358238510e+04,5.616358238508e+04,-3.516e-13,
RANS_SA_WD_0.01-20_ConsGalerkinProj_Drift_Seed2_Second,SA,338,bdf2_level,Nu_Tilde,1.588957064712e-03,1.588957059201e-03,-3.469e-09,
RANS_SA_WD_0.01-20_ConsGalerkinProj_Drift_Seed2_Second,SA,339,state,Density,3.136378600247e+04,3.136378600246e+04,-3.054e-13,-2.337e-11
RANS_SA_WD_0.01-20_ConsGalerkinProj_Drift_Seed2_Second,SA,339,state,Momentum_x,3.119235042698e+03,3.119235042730e+03,1.029e-11,-5.282e-12
RANS_SA_WD_0.01-20_ConsGalerkinProj_Drift_Seed2_Second,SA,339,state,Momentum_y,3.275321070391e+02,3.275321070433e+02,1.259e-11,1.657e-08
RANS_SA_WD_0.01-20_ConsGalerkinProj_Drift_Seed2_Second,SA,339,state,Energy,5.616358238493e+04,5.616358238491e+04,-3.449e-13,-3.058e-11
RANS_SA_WD_0.01-20_ConsGalerkinProj_Drift_Seed2_Second,SA,339,state,Nu_Tilde,1.588957038845e-03,1.588957033395e-03,-3.430e-09,-2.838e-07
RANS_SA_WD_0.01-20_ConsGalerkinProj_Drift_Seed2_Second,SA,348,bdf2_level,Density,3.136378600184e+04,3.136378600183e+04,-1.072e-13,
RANS_SA_WD_0.01-20_ConsGalerkinProj_Drift_Seed2_Second,SA,348,bdf2_level,Momentum_x,3.119235043074e+03,3.119235043085e+03,3.468e-12,
RANS_SA_WD_0.01-20_ConsGalerkinProj_Drift_Seed2_Second,SA,348,bdf2_level,Momentum_y,3.275321071829e+02,3.275321071643e+02,-5.681e-11,
RANS_SA_WD_0.01-20_ConsGalerkinProj_Drift_Seed2_Second,SA,348,bdf2_level,Energy,5.616358238349e+04,5.616358238348e+04,-1.001e-13,
RANS_SA_WD_0.01-20_ConsGalerkinProj_Drift_Seed2_Second,SA,348,bdf2_level,Nu_Tilde,1.588957129553e-03,1.588957136005e-03,4.060e-09,
RANS_SA_WD_0.01-20_ConsGalerkinProj_Drift_Seed2_Second,SA,349,state,Density,3.136378600177e+04,3.136378600177e+04,-9.743e-14,-2.228e-11
RANS_SA_WD_0.01-20_ConsGalerkinProj_Drift_Seed2_Second,SA,349,state,Momentum_x,3.119235043142e+03,3.119235043152e+03,3.143e-12,1.425e-10
RANS_SA_WD_0.01-20_ConsGalerkinProj_Drift_Seed2_Second,SA,349,state,Momentum_y,3.275321072781e+02,3.275321072597e+02,-5.619e-11,7.296e-10
RANS_SA_WD_0.01-20_ConsGalerkinProj_Drift_Seed2_Second,SA,349,state,Energy,5.616358238335e+04,5.616358238334e+04,-9.535e-14,-2.827e-11
RANS_SA_WD_0.01-20_ConsGalerkinProj_Drift_Seed2_Second,SA,349,state,Nu_Tilde,1.588957126275e-03,1.588957132763e-03,4.083e-09,5.502e-08
RANS_SA_WD_0.01-20_ConsGalerkinProj_Drift_Seed2_Second,SA,358,bdf2_level,Density,3.136378600127e+04,3.136378600126e+04,-2.293e-13,
RANS_SA_WD_0.01-20_ConsGalerkinProj_Drift_Seed2_Second,SA,358,bdf2_level,Momentum_x,3.119235044042e+03,3.119235044021e+03,-6.692e-12,
RANS_SA_WD_0.01-20_ConsGalerkinProj_Drift_Seed2_Second,SA,358,bdf2_level,Momentum_y,3.275321071074e+02,3.275321071239e+02,5.063e-11,
RANS_SA_WD_0.01-20_ConsGalerkinProj_Drift_Seed2_Second,SA,358,bdf2_level,Energy,5.616358238226e+04,5.616358238224e+04,-3.301e-13,
RANS_SA_WD_0.01-20_ConsGalerkinProj_Drift_Seed2_Second,SA,358,bdf2_level,Nu_Tilde,1.588956927051e-03,1.588956926309e-03,-4.671e-10,
RANS_SA_WD_0.01-20_ConsGalerkinProj_Drift_Seed2_Second,SA,359,state,Density,3.136378600123e+04,3.136378600122e+04,-2.345e-13,-1.745e-11
RANS_SA_WD_0.01-20_ConsGalerkinProj_Drift_Seed2_Second,SA,359,state,Momentum_x,3.119235044143e+03,3.119235044119e+03,-7.609e-12,3.209e-10
RANS_SA_WD_0.01-20_ConsGalerkinProj_Drift_Seed2_Second,SA,359,state,Momentum_y,3.275321070130e+02,3.275321070299e+02,5.157e-11,-8.093e-10
RANS_SA_WD_0.01-20_ConsGalerkinProj_Drift_Seed2_Second,SA,359,state,Energy,5.616358238216e+04,5.616358238214e+04,-3.486e-13,-2.106e-11
RANS_SA_WD_0.01-20_ConsGalerkinProj_Drift_Seed2_Second,SA,359,state,Nu_Tilde,1.588956906790e-03,1.588956906106e-03,-4.305e-10,-1.381e-07
RANS_SA_WD_0.01-20_ConsGalerkinProj_Drift_Seed2_Second,SA,368,bdf2_level,Density,3.136378600087e+04,3.136378600087e+04,-1.731e-13,
RANS_SA_WD_0.01-20_ConsGalerkinProj_Drift_Seed2_Second,SA,368,bdf2_level,Momentum_x,3.119235044785e+03,3.119235044820e+03,1.136e-11,
RANS_SA_WD_0.01-20_ConsGalerkinProj_Drift_Seed2_Second,SA,368,bdf2_level,Momentum_y,3.275321067259e+02,3.275321067387e+02,3.909e-11,
RANS_SA_WD_0.01-20_ConsGalerkinProj_Drift_Seed2_Second,SA,368,bdf2_level,Energy,5.616358238146e+04,5.616358238145e+04,-1.752e-13,
RANS_SA_WD_0.01-20_ConsGalerkinProj_Drift_Seed2_Second,SA,368,bdf2_level,Nu_Tilde,1.588956723011e-03,1.588956725715e-03,1.702e-09,
RANS_SA_WD_0.01-20_ConsGalerkinProj_Drift_Seed2_Second,SA,369,state,Density,3.136378600084e+04,3.136378600084e+04,-1.779e-13,-1.218e-11
RANS_SA_WD_0.01-20_ConsGalerkinProj_Drift_Seed2_Second,SA,369,state,Momentum_x,3.119235044833e+03,3.119235044868e+03,1.104e-11,2.212e-10
RANS_SA_WD_0.01-20_ConsGalerkinProj_Drift_Seed2_Second,SA,369,state,Momentum_y,3.275321066517e+02,3.275321066648e+02,4.017e-11,-1.103e-09
RANS_SA_WD_0.01-20_ConsGalerkinProj_Drift_Seed2_Second,SA,369,state,Energy,5.616358238141e+04,5.616358238140e+04,-1.908e-13,-1.345e-11
RANS_SA_WD_0.01-20_ConsGalerkinProj_Drift_Seed2_Second,SA,369,state,Nu_Tilde,1.588956722115e-03,1.588956724916e-03,1.763e-09,-1.162e-07
RANS_SA_WD_0.01-20_ConsGalerkinProj_Drift_Seed2_Second,SA,378,bdf2_level,Density,3.136378600062e+04,3.136378600062e+04,-2.501e-13,
RANS_SA_WD_0.01-20_ConsGalerkinProj_Drift_Seed2_Second,SA,378,bdf2_level,Momentum_x,3.119235045255e+03,3.119235045273e+03,5.866e-12,
RANS_SA_WD_0.01-20_ConsGalerkinProj_Drift_Seed2_Second,SA,378,bdf2_level,Momentum_y,3.275321081793e+02,3.275321081795e+02,5.486e-13,
RANS_SA_WD_0.01-20_ConsGalerkinProj_Drift_Seed2_Second,SA,378,bdf2_level,Energy,5.616358238103e+04,5.616358238102e+04,-2.925e-13,
RANS_SA_WD_0.01-20_ConsGalerkinProj_Drift_Seed2_Second,SA,378,bdf2_level,Nu_Tilde,1.588957009683e-03,1.588957007777e-03,-1.200e-09,
RANS_SA_WD_0.01-20_ConsGalerkinProj_Drift_Seed2_Second,SA,379,state,Density,3.136378600060e+04,3.136378600060e+04,-2.604e-13,-7.600e-12
RANS_SA_WD_0.01-20_ConsGalerkinProj_Drift_Seed2_Second,SA,379,state,Momentum_x,3.119235045281e+03,3.119235045298e+03,5.551e-12,1.435e-10
RANS_SA_WD_0.01-20_ConsGalerkinProj_Drift_Seed2_Second,SA,379,state,Momentum_y,3.275321079865e+02,3.275321079869e+02,1.021e-12,4.075e-09
RANS_SA_WD_0.01-20_ConsGalerkinProj_Drift_Seed2_Second,SA,379,state,Energy,5.616358238101e+04,5.616358238099e+04,-3.079e-13,-7.122e-12
RANS_SA_WD_0.01-20_ConsGalerkinProj_Drift_Seed2_Second,SA,379,state,Nu_Tilde,1.588957051322e-03,1.588957049372e-03,-1.228e-09,2.072e-07
RANS_SA_WD_0.01-20_ConsGalerkinProj_Drift_Seed2_Second,SA,388,bdf2_level,Density,3.136378600047e+04,3.136378600046e+04,-2.450e-13,
RANS_SA_WD_0.01-20_ConsGalerkinProj_Drift_Seed2_Second,SA,388,bdf2_level,Momentum_x,3.119235045845e+03,3.119235045836e+03,-3.084e-12,
RANS_SA_WD_0.01-20_ConsGalerkinProj_Drift_Seed2_Second,SA,388,bdf2_level,Momentum_y,3.275321085734e+02,3.275321085799e+02,1.976e-11,
RANS_SA_WD_0.01-20_ConsGalerkinProj_Drift_Seed2_Second,SA,388,bdf2_level,Energy,5.616358238083e+04,5.616358238081e+04,-2.880e-13,
RANS_SA_WD_0.01-20_ConsGalerkinProj_Drift_Seed2_Second,SA,388,bdf2_level,Nu_Tilde,1.588957135701e-03,1.588957144485e-03,5.528e-09,
RANS_SA_WD_0.01-20_ConsGalerkinProj_Drift_Seed2_Second,SA,389,state,Density,3.136378600046e+04,3.136378600045e+04,-2.485e-13,-4.572e-12
RANS_SA_WD_0.01-20_ConsGalerkinProj_Drift_Seed2_Second,SA,389,state,Momentum_x,3.119235045872e+03,3.119235045860e+03,-3.958e-12,1.896e-10
RANS_SA_WD_0.01-20_ConsGalerkinProj_Drift_Seed2_Second,SA,389,state,Momentum_y,3.275321084659e+02,3.275321084720e+02,1.834e-11,1.464e-09
RANS_SA_WD_0.01-20_ConsGalerkinProj_Drift_Seed2_Second,SA,389,state,Energy,5.616358238082e+04,5.616358238080e+04,-3.034e-13,-3.332e-12
RANS_SA_WD_0.01-20_ConsGalerkinProj_Drift_Seed2_Second,SA,389,state,Nu_Tilde,1.588957131584e-03,1.588957140330e-03,5.504e-09,5.051e-08
RANS_SA_WD_0.01-20_ConsGalerkinProj_Drift_Seed2_Second,SA,398,bdf2_level,Density,3.136378600038e+04,3.136378600037e+04,-2.953e-13,
RANS_SA_WD_0.01-20_ConsGalerkinProj_Drift_Seed2_Second,SA,398,bdf2_level,Momentum_x,3.119235045785e+03,3.119235045747e+03,-1.198e-11,
RANS_SA_WD_0.01-20_ConsGalerkinProj_Drift_Seed2_Second,SA,398,bdf2_level,Momentum_y,3.275321105199e+02,3.275321105233e+02,1.028e-11,
RANS_SA_WD_0.01-20_ConsGalerkinProj_Drift_Seed2_Second,SA,398,bdf2_level,Energy,5.616358238075e+04,5.616358238072e+04,-4.253e-13,
RANS_SA_WD_0.01-20_ConsGalerkinProj_Drift_Seed2_Second,SA,398,bdf2_level,Nu_Tilde,1.588957355779e-03,1.588957354674e-03,-6.954e-10,
RANS_SA_WD_0.01-20_ConsGalerkinProj_Drift_Seed2_Second,SA,399,state,Density,3.136378600038e+04,3.136378600037e+04,-2.910e-13,-2.661e-12
RANS_SA_WD_0.01-20_ConsGalerkinProj_Drift_Seed2_Second,SA,399,state,Momentum_x,3.119235045750e+03,3.119235045715e+03,-1.107e-11,-3.919e-11
RANS_SA_WD_0.01-20_ConsGalerkinProj_Drift_Seed2_Second,SA,399,state,Momentum_y,3.275321111218e+02,3.275321111257e+02,1.200e-11,8.109e-09
RANS_SA_WD_0.01-20_ConsGalerkinProj_Drift_Seed2_Second,SA,399,state,Energy,5.616358238074e+04,5.616358238072e+04,-4.275e-13,-1.382e-12
RANS_SA_WD_0.01-20_ConsGalerkinProj_Drift_Seed2_Second,SA,399,state,Nu_Tilde,1.588957369127e-03,1.588957368105e-03,-6.429e-10,1.495e-07
RANS_SA_WD_0.01-20_NN_Drift_Second,SA,8,bdf2_level,Density,3.136378599932e+04,3.136378599979e+04,1.491e-11,
RANS_SA_WD_0.01-20_NN_Drift_Second,SA,8,bdf2_level,Momentum_x,3.119235069001e+03,3.119235071182e+03,6.992e-10,
RANS_SA_WD_0.01-20_NN_Drift_Second,SA,8,bdf2_level,Momentum_y,3.275320982967e+02,3.275320988238e+02,1.609e-09,
RANS_SA_WD_0.01-20_NN_Drift_Second,SA,8,bdf2_level,Energy,5.616358237638e+04,5.616358237623e+04,-2.819e-12,
RANS_SA_WD_0.01-20_NN_Drift_Second,SA,8,bdf2_level,Nu_Tilde,1.588962734081e-03,1.588961521735e-03,-7.630e-07,
RANS_SA_WD_0.01-20_NN_Drift_Second,SA,9,state,Density,3.136378599932e+04,3.136378599979e+04,1.491e-11,
RANS_SA_WD_0.01-20_NN_Drift_Second,SA,9,state,Momentum_x,3.119235069001e+03,3.119235071182e+03,6.992e-10,
RANS_SA_WD_0.01-20_NN_Drift_Second,SA,9,state,Momentum_y,3.275320982967e+02,3.275320988238e+02,1.609e-09,
RANS_SA_WD_0.01-20_NN_Drift_Second,SA,9,state,Energy,5.616358237638e+04,5.616358237623e+04,-2.819e-12,
RANS_SA_WD_0.01-20_NN_Drift_Second,SA,9,state,Nu_Tilde,1.588962734081e-03,1.588961521735e-03,-7.630e-07,
RANS_SA_WD_0.01-20_NN_Drift_Second,SA,18,bdf2_level,Density,3.136378599979e+04,3.136378599873e+04,-3.371e-11,
RANS_SA_WD_0.01-20_NN_Drift_Second,SA,18,bdf2_level,Momentum_x,3.119235070680e+03,3.119235075021e+03,1.392e-09,
RANS_SA_WD_0.01-20_NN_Drift_Second,SA,18,bdf2_level,Momentum_y,3.275320983581e+02,3.275321037654e+02,1.651e-08,
RANS_SA_WD_0.01-20_NN_Drift_Second,SA,18,bdf2_level,Energy,5.616358237623e+04,5.616358237560e+04,-1.116e-11,
RANS_SA_WD_0.01-20_NN_Drift_Second,SA,18,bdf2_level,Nu_Tilde,1.588961700493e-03,1.588962010401e-03,1.950e-07,
RANS_SA_WD_0.01-20_NN_Drift_Second,SA,19,state,Density,3.136378599979e+04,3.136378599874e+04,-3.343e-11,1.492e-11
RANS_SA_WD_0.01-20_NN_Drift_Second,SA,19,state,Momentum_x,3.119235070617e+03,3.119235074969e+03,1.395e-09,5.180e-10
RANS_SA_WD_0.01-20_NN_Drift_Second,SA,19,state,Momentum_y,3.275320982693e+02,3.275321036599e+02,1.646e-08,-8.386e-11
RANS_SA_WD_0.01-20_NN_Drift_Second,SA,19,state,Energy,5.616358237623e+04,5.616358237562e+04,-1.076e-11,-2.814e-12
RANS_SA_WD_0.01-20_NN_Drift_Second,SA,19,state,Nu_Tilde,1.588961698503e-03,1.588961992420e-03,1.850e-07,-6.517e-07
RANS_SA_WD_0.01-20_NN_Drift_Second,SA,28,bdf2_level,Density,3.136378599874e+04,3.136378599909e+04,1.099e-11,
RANS_SA_WD_0.01-20_NN_Drift_Second,SA,28,bdf2_level,Momentum_x,3.119235074319e+03,3.119235069739e+03,-1.468e-09,
RANS_SA_WD_0.01-20_NN_Drift_Second,SA,28,bdf2_level,Momentum_y,3.275320978513e+02,3.275320980717e+02,6.730e-10,
RANS_SA_WD_0.01-20_NN_Drift_Second,SA,28,bdf2_level,Energy,5.616358237563e+04,5.616358237541e+04,-4.037e-12,
RANS_SA_WD_0.01-20_NN_Drift_Second,SA,28,bdf2_level,Nu_Tilde,1.588961724856e-03,1.588963078706e-03,8.520e-07,
RANS_SA_WD_0.01-20_NN_Drift_Second,SA,29,state,Density,3.136378599874e+04,3.136378599911e+04,1.182e-11,-3.326e-11
RANS_SA_WD_0.01-20_NN_Drift_Second,SA,29,state,Momentum_x,3.119235074239e+03,3.119235069668e+03,-1.465e-09,1.161e-09
RANS_SA_WD_0.01-20_NN_Drift_Second,SA,29,state,Momentum_y,3.275320972860e+02,3.275320974973e+02,6.451e-10,-3.002e-09
RANS_SA_WD_0.01-20_NN_Drift_Second,SA,29,state,Energy,5.616358237563e+04,5.616358237547e+04,-2.953e-12,-1.056e-11
RANS_SA_WD_0.01-20_NN_Drift_Second,SA,29,state,Nu_Tilde,1.588961686351e-03,1.588963074539e-03,8.736e-07,-7.648e-09
RANS_SA_WD_0.01-20_NN_Drift_Second,SA,38,bdf2_level,Density,3.136378599913e+04,3.136378599848e+04,-2.076e-11,
RANS_SA_WD_0.01-20_NN_Drift_Second,SA,38,bdf2_level,Momentum_x,3.119235068818e+03,3.119235063537e+03,-1.693e-09,
RANS_SA_WD_0.01-20_NN_Drift_Second,SA,38,bdf2_level,Momentum_y,3.275320923994e+02,3.275320926591e+02,7.928e-10,
RANS_SA_WD_0.01-20_NN_Drift_Second,SA,38,bdf2_level,Energy,5.616358237550e+04,5.616358237555e+04,9.758e-13,
RANS_SA_WD_0.01-20_NN_Drift_Second,SA,38,bdf2_level,Nu_Tilde,1.588963045801e-03,1.588964585898e-03,9.692e-07,
RANS_SA_WD_0.01-20_NN_Drift_Second,SA,39,state,Density,3.136378599913e+04,3.136378599847e+04,-2.102e-11,1.225e-11
RANS_SA_WD_0.01-20_NN_Drift_Second,SA,39,state,Momentum_x,3.119235068713e+03,3.119235063391e+03,-1.706e-09,-1.772e-09
RANS_SA_WD_0.01-20_NN_Drift_Second,SA,39,state,Momentum_y,3.275320917851e+02,3.275320920345e+02,7.616e-10,-1.680e-08
RANS_SA_WD_0.01-20_NN_Drift_Second,SA,39,state,Energy,5.616358237550e+04,5.616358237554e+04,7.045e-13,-2.419e-12
RANS_SA_WD_0.01-20_NN_Drift_Second,SA,39,state,Nu_Tilde,1.588963075905e-03,1.588964611979e-03,9.667e-07,8.745e-07
RANS_SA_WD_0.01-20_NN_Drift_Second,SA,48,bdf2_level,Density,3.136378599846e+04,3.136378599795e+04,-1.642e-11,
RANS_SA_WD_0.01-20_NN_Drift_Second,SA,48,bdf2_level,Momentum_x,3.119235062555e+03,3.119235061742e+03,-2.606e-10,
RANS_SA_WD_0.01-20_NN_Drift_Second,SA,48,bdf2_level,Momentum_y,3.275320882124e+02,3.275320891980e+02,3.009e-09,
RANS_SA_WD_0.01-20_NN_Drift_Second,SA,48,bdf2_level,Energy,5.616358237553e+04,5.616358237323e+04,-4.083e-11,
RANS_SA_WD_0.01-20_NN_Drift_Second,SA,48,bdf2_level,Nu_Tilde,1.588964565107e-03,1.588964376619e-03,-1.186e-07,
RANS_SA_WD_0.01-20_NN_Drift_Second,SA,49,state,Density,3.136378599846e+04,3.136378599793e+04,-1.709e-11,-2.115e-11
RANS_SA_WD_0.01-20_NN_Drift_Second,SA,49,state,Momentum_x,3.119235062473e+03,3.119235061607e+03,-2.776e-10,-2.000e-09
RANS_SA_WD_0.01-20_NN_Drift_Second,SA,49,state,Momentum_y,3.275320877892e+02,3.275320887721e+02,3.001e-09,-1.220e-08
RANS_SA_WD_0.01-20_NN_Drift_Second,SA,49,state,Energy,5.616358237553e+04,5.616358237318e+04,-4.174e-11,5.142e-13
RANS_SA_WD_0.01-20_NN_Drift_Second,SA,49,state,Nu_Tilde,1.588964531710e-03,1.588964355885e-03,-1.107e-07,9.162e-07
RANS_SA_WD_0.01-20_NN_Drift_Second,SA,58,bdf2_level,Density,3.136378599792e+04,3.136378599928e+04,4.349e-11,
RANS_SA_WD_0.01-20_NN_Drift_Second,SA,58,bdf2_level,Momentum_x,3.119235060657e+03,3.119235065587e+03,1.580e-09,
RANS_SA_WD_0.01-20_NN_Drift_Second,SA,58,bdf2_level,Momentum_y,3.275320882698e+02,3.275320878409e+02,-1.310e-09,
RANS_SA_WD_0.01-20_NN_Drift_Second,SA,58,bdf2_level,Energy,5.616358237315e+04,5.616358237650e+04,5.961e-11,
RANS_SA_WD_0.01-20_NN_Drift_Second,SA,58,bdf2_level,Nu_Tilde,1.588963962307e-03,1.588963535130e-03,-2.688e-07,
RANS_SA_WD_0.01-20_NN_Drift_Second,SA,59,state,Density,3.136378599792e+04,3.136378599923e+04,4.188e-11,-1.742e-11
RANS_SA_WD_0.01-20_NN_Drift_Second,SA,59,state,Momentum_x,3.119235060537e+03,3.119235065435e+03,1.570e-09,-6.206e-10
RANS_SA_WD_0.01-20_NN_Drift_Second,SA,59,state,Momentum_y,3.275320883684e+02,3.275320879025e+02,-1.423e-09,1.769e-09
RANS_SA_WD_0.01-20_NN_Drift_Second,SA,59,state,Energy,5.616358237315e+04,5.616358237637e+04,5.727e-11,-4.224e-11
RANS_SA_WD_0.01-20_NN_Drift_Second,SA,59,state,Nu_Tilde,1.588963920280e-03,1.588963481831e-03,-2.759e-07,-3.848e-07
RANS_SA_WD_0.01-20_NN_Drift_Second,SA,68,bdf2_level,Density,3.136378599921e+04,3.136378599843e+04,-2.457e-11,
RANS_SA_WD_0.01-20_NN_Drift_Second,SA,68,bdf2_level,Momentum_x,3.119235064707e+03,3.119235060830e+03,-1.243e-09,
RANS_SA_WD_0.01-20_NN_Drift_Second,SA,68,bdf2_level,Momentum_y,3.275320846738e+02,3.275320846338e+02,-1.220e-10,
RANS_SA_WD_0.01-20_NN_Drift_Second,SA,68,bdf2_level,Energy,5.616358237631e+04,5.616358237529e+04,-1.810e-11,
RANS_SA_WD_0.01-20_NN_Drift_Second,SA,68,bdf2_level,Nu_Tilde,1.588963005838e-03,1.588962905239e-03,-6.331e-08,
RANS_SA_WD_0.01-20_NN_Drift_Second,SA,69,state,Density,3.136378599921e+04,3.136378599842e+04,-2.508e-11,4.107e-11
RANS_SA_WD_0.01-20_NN_Drift_Second,SA,69,state,Momentum_x,3.119235064676e+03,3.119235060800e+03,-1.242e-09,1.327e-09
RANS_SA_WD_0.01-20_NN_Drift_Second,SA,69,state,Momentum_y,3.275320835676e+02,3.275320835123e+02,-1.688e-10,-1.466e-08
RANS_SA_WD_0.01-20_NN_Drift_Second,SA,69,state,Energy,5.616358237631e+04,5.616358237525e+04,-1.890e-11,5.614e-11
RANS_SA_WD_0.01-20_NN_Drift_Second,SA,69,state,Nu_Tilde,1.588962933175e-03,1.588962814540e-03,-7.466e-08,-6.212e-07
RANS_SA_WD_0.01-20_NN_Drift_Second,SA,78,bdf2_level,Density,3.136378599841e+04,3.136378599774e+04,-2.128e-11,
RANS_SA_WD_0.01-20_NN_Drift_Second,SA,78,bdf2_level,Momentum_x,3.119235060348e+03,3.119235064874e+03,1.451e-09,
RANS_SA_WD_0.01-20_NN_Drift_Second,SA,78,bdf2_level,Momentum_y,3.275320829403e+02,3.275320801606e+02,-8.487e-09,
RANS_SA_WD_0.01-20_NN_Drift_Second,SA,78,bdf2_level,Energy,5.616358237522e+04,5.616358237309e+04,-3.806e-11,
RANS_SA_WD_0.01-20_NN_Drift_Second,SA,78,bdf2_level,Nu_Tilde,1.588962206997e-03,1.588962185684e-03,-1.341e-08,
RANS_SA_WD_0.01-20_NN_Drift_Second,SA,79,state,Density,3.136378599841e+04,3.136378599771e+04,-2.224e-11,-2.532e-11
RANS_SA_WD_0.01-20_NN_Drift_Second,SA,79,state,Momentum_x,3.119235060262e+03,3.119235064776e+03,1.447e-09,-1.415e-09
RANS_SA_WD_0.01-20_NN_Drift_Second,SA,79,state,Momentum_y,3.275320833961e+02,3.275320806082e+02,-8.512e-09,-5.236e-10
RANS_SA_WD_0.01-20_NN_Drift_Second,SA,79,state,Energy,5.616358237523e+04,5.616358237301e+04,-3.942e-11,-1.925e-11
RANS_SA_WD_0.01-20_NN_Drift_Second,SA,79,state,Nu_Tilde,1.588962159442e-03,1.588962132822e-03,-1.675e-08,-4.869e-07
RANS_SA_WD_0.01-20_NN_Drift_Second,SA,88,bdf2_level,Density,3.136378599770e+04,3.136378599702e+04,-2.150e-11,
RANS_SA_WD_0.01-20_NN_Drift_Second,SA,88,bdf2_level,Momentum_x,3.119235064032e+03,3.119235062311e+03,-5.516e-10,
RANS_SA_WD_0.01-20_NN_Drift_Second,SA,88,bdf2_level,Momentum_y,3.275320768142e+02,3.275320809136e+02,1.252e-08,
RANS_SA_WD_0.01-20_NN_Drift_Second,SA,88,bdf2_level,Energy,5.616358237297e+04,5.616358237201e+04,-1.712e-11,
RANS_SA_WD_0.01-20_NN_Drift_Second,SA,88,bdf2_level,Nu_Tilde,1.588962238259e-03,1.588962350849e-03,7.086e-08,
RANS_SA_WD_0.01-20_NN_Drift_Second,SA,89,state,Density,3.136378599770e+04,3.136378599702e+04,-2.155e-11,-2.275e-11
RANS_SA_WD_0.01-20_NN_Drift_Second,SA,89,state,Momentum_x,3.119235063945e+03,3.119235062206e+03,-5.576e-10,1.181e-09
RANS_SA_WD_0.01-20_NN_Drift_Second,SA,89,state,Momentum_y,3.275320762087e+02,3.275320803011e+02,1.249e-08,-2.194e-08
RANS_SA_WD_0.01-20_NN_Drift_Second,SA,89,state,Energy,5.616358237297e+04,5.616358237201e+04,-1.713e-11,-4.012e-11
RANS_SA_WD_0.01-20_NN_Drift_Second,SA,89,state,Nu_Tilde,1.588962270163e-03,1.588962384078e-03,7.169e-08,6.968e-08
RANS_SA_WD_0.01-20_NN_Drift_Second,SA,98,bdf2_level,Density,3.136378599702e+04,3.136378599598e+04,-3.309e-11,
RANS_SA_WD_0.01-20_NN_Drift_Second,SA,98,bdf2_level,Momentum_x,3.119235061440e+03,3.119235055182e+03,-2.006e-09,
RANS_SA_WD_0.01-20_NN_Drift_Second,SA,98,bdf2_level,Momentum_y,3.275320806250e+02,3.275320844217e+02,1.159e-08,
RANS_SA_WD_0.01-20_NN_Drift_Second,SA,98,bdf2_level,Energy,5.616358237201e+04,5.616358237047e+04,-2.735e-11,
RANS_SA_WD_0.01-20_NN_Drift_Second,SA,98,bdf2_level,Nu_Tilde,1.588962157845e-03,1.588963879725e-03,1.084e-06,
RANS_SA_WD_0.01-20_NN_Drift_Second,SA,99,state,Density,3.136378599702e+04,3.136378599603e+04,-3.177e-11,-2.154e-11
RANS_SA_WD_0.01-20_NN_Drift_Second,SA,99,state,Momentum_x,3.119235061371e+03,3.119235055163e+03,-1.990e-09,-8.253e-10
RANS_SA_WD_0.01-20_NN_Drift_Second,SA,99,state,Momentum_y,3.275320804067e+02,3.275320841889e+02,1.155e-08,1.282e-08
RANS_SA_WD_0.01-20_NN_Drift_Second,SA,99,state,Energy,5.616358237201e+04,5.616358237057e+04,-2.560e-11,-1.716e-11
RANS_SA_WD_0.01-20_NN_Drift_Second,SA,99,state,Nu_Tilde,1.588962111460e-03,1.588963792464e-03,1.058e-06,-9.988e-08
RANS_SA_WD_0.01-20_NN_Drift_Second,SA,108,bdf2_level,Density,3.136378599605e+04,3.136378599633e+04,8.933e-12,
RANS_SA_WD_0.01-20_NN_Drift_Second,SA,108,bdf2_level,Momentum_x,3.119235054318e+03,3.119235053236e+03,-3.471e-10,
RANS_SA_WD_0.01-20_NN_Drift_Second,SA,108,bdf2_level,Momentum_y,3.275320822389e+02,3.275320820228e+02,-6.599e-10,
RANS_SA_WD_0.01-20_NN_Drift_Second,SA,108,bdf2_level,Energy,5.616358237062e+04,5.616358236999e+04,-1.116e-11,
RANS_SA_WD_0.01-20_NN_Drift_Second,SA,108,bdf2_level,Nu_Tilde,1.588963402866e-03,1.588963028695e-03,-2.355e-07,
RANS_SA_WD_0.01-20_NN_Drift_Second,SA,109,state,Density,3.136378599605e+04,3.136378599632e+04,8.814e-12,-3.107e-11
RANS_SA_WD_0.01-20_NN_Drift_Second,SA,109,state,Momentum_x,3.119235054200e+03,3.119235053095e+03,-3.542e-10,-2.299e-09
RANS_SA_WD_0.01-20_NN_Drift_Second,SA,109,state,Momentum_y,3.275320821813e+02,3.275320819535e+02,-6.954e-10,5.418e-09
RANS_SA_WD_0.01-20_NN_Drift_Second,SA,109,state,Energy,5.616358237062e+04,5.616358237000e+04,-1.106e-11,-2.472e-11
RANS_SA_WD_0.01-20_NN_Drift_Second,SA,109,state,Nu_Tilde,1.588963369082e-03,1.588963004621e-03,-2.294e-07,7.915e-07
RANS_SA_WD_0.01-20_NN_Drift_Second,SA,118,bdf2_level,Density,3.136378599632e+04,3.136378599633e+04,2.183e-13,
RANS_SA_WD_0.01-20_NN_Drift_Second,SA,118,bdf2_level,Momentum_x,3.119235052255e+03,3.119235048829e+03,-1.099e-09,
RANS_SA_WD_0.01-20_NN_Drift_Second,SA,118,bdf2_level,Momentum_y,3.275320836003e+02,3.275320821603e+02,-4.396e-09,
RANS_SA_WD_0.01-20_NN_Drift_Second,SA,118,bdf2_level,Energy,5.616358237000e+04,5.616358236892e+04,-1.917e-11,
RANS_SA_WD_0.01-20_NN_Drift_Second,SA,118,bdf2_level,Nu_Tilde,1.588962655034e-03,1.588962931766e-03,1.742e-07,
RANS_SA_WD_0.01-20_NN_Drift_Second,SA,119,state,Density,3.136378599632e+04,3.136378599635e+04,9.341e-13,8.751e-12
RANS_SA_WD_0.01-20_NN_Drift_Second,SA,119,state,Momentum_x,3.119235052205e+03,3.119235048790e+03,-1.095e-09,-6.394e-10
RANS_SA_WD_0.01-20_NN_Drift_Second,SA,119,state,Momentum_y,3.275320834187e+02,3.275320819931e+02,-4.353e-09,3.778e-09
RANS_SA_WD_0.01-20_NN_Drift_Second,SA,119,state,Energy,5.616358237000e+04,5.616358236898e+04,-1.818e-11,-1.103e-11
RANS_SA_WD_0.01-20_NN_Drift_Second,SA,119,state,Nu_Tilde,1.588962670094e-03,1.588962923498e-03,1.595e-07,-4.399e-07
RANS_SA_WD_0.01-20_NN_Drift_Second,SA,128,bdf2_level,Density,3.136378599636e+04,3.136378599590e+04,-1.459e-11,
RANS_SA_WD_0.01-20_NN_Drift_Second,SA,128,bdf2_level,Momentum_x,3.119235048043e+03,3.119235048382e+03,1.088e-10,
RANS_SA_WD_0.01-20_NN_Drift_Second,SA,128,bdf2_level,Momentum_y,3.275320782700e+02,3.275320786827e+02,1.260e-09,
RANS_SA_WD_0.01-20_NN_Drift_Second,SA,128,bdf2_level,Energy,5.616358236901e+04,5.616358236881e+04,-3.542e-12,
RANS_SA_WD_0.01-20_NN_Drift_Second,SA,128,bdf2_level,Nu_Tilde,1.588962882457e-03,1.588963683240e-03,5.040e-07,
RANS_SA_WD_0.01-20_NN_Drift_Second,SA,129,state,Density,3.136378599636e+04,3.136378599592e+04,-1.419e-11,1.279e-12
RANS_SA_WD_0.01-20_NN_Drift_Second,SA,129,state,Momentum_x,3.119235047970e+03,3.119235048270e+03,9.621e-11,-1.358e-09
RANS_SA_WD_0.01-20_NN_Drift_Second,SA,129,state,Momentum_y,3.275320773976e+02,3.275320778172e+02,1.281e-09,-1.838e-08
RANS_SA_WD_0.01-20_NN_Drift_Second,SA,129,state,Energy,5.616358236901e+04,5.616358236883e+04,-3.064e-12,-1.769e-11
RANS_SA_WD_0.01-20_NN_Drift_Second,SA,129,state,Nu_Tilde,1.588962898922e-03,1.588963701486e-03,5.051e-07,1.440e-07
RANS_SA_WD_0.01-20_NN_Drift_Second,SA,138,bdf2_level,Density,3.136378599593e+04,3.136378599634e+04,1.307e-11,
RANS_SA_WD_0.01-20_NN_Drift_Second,SA,138,bdf2_level,Momentum_x,3.119235047827e+03,3.119235046452e+03,-4.410e-10,
RANS_SA_WD_0.01-20_NN_Drift_Second,SA,138,bdf2_level,Momentum_y,3.275320719595e+02,3.275320701144e+02,-5.633e-09,
RANS_SA_WD_0.01-20_NN_Drift_Second,SA,138,bdf2_level,Energy,5.616358236887e+04,5.616358236971e+04,1.501e-11,
RANS_SA_WD_0.01-20_NN_Drift_Second,SA,138,bdf2_level,Nu_Tilde,1.588963655718e-03,1.588962553373e-03,-6.938e-07,
RANS_SA_WD_0.01-20_NN_Drift_Second,SA,139,state,Density,3.136378599593e+04,3.136378599631e+04,1.208e-11,-1.370e-11
RANS_SA_WD_0.01-20_NN_Drift_Second,SA,139,state,Momentum_x,3.119235047779e+03,3.119235046403e+03,-4.412e-10,-6.113e-11
RANS_SA_WD_0.01-20_NN_Drift_Second,SA,139,state,Momentum_y,3.275320717401e+02,3.275320698805e+02,-5.677e-09,-1.727e-08
RANS_SA_WD_0.01-20_NN_Drift_Second,SA,139,state,Energy,5.616358236887e+04,5.616358236964e+04,1.359e-11,-2.366e-12
RANS_SA_WD_0.01-20_NN_Drift_Second,SA,139,state,Nu_Tilde,1.588963599711e-03,1.588962478636e-03,-7.055e-07,4.410e-07
RANS_SA_WD_0.01-20_NN_Drift_Second,SA,148,bdf2_level,Density,3.136378599632e+04,3.136378599586e+04,-1.478e-11,
RANS_SA_WD_0.01-20_NN_Drift_Second,SA,148,bdf2_level,Momentum_x,3.119235045696e+03,3.119235041811e+03,-1.246e-09,
RANS_SA_WD_0.01-20_NN_Drift_Second,SA,148,bdf2_level,Momentum_y,3.275320671024e+02,3.275320656552e+02,-4.419e-09,
RANS_SA_WD_0.01-20_NN_Drift_Second,SA,148,bdf2_level,Energy,5.616358236967e+04,5.616358236924e+04,-7.657e-12,
RANS_SA_WD_0.01-20_NN_Drift_Second,SA,148,bdf2_level,Nu_Tilde,1.588962100702e-03,1.588963217947e-03,7.031e-07,
RANS_SA_WD_0.01-20_NN_Drift_Second,SA,149,state,Density,3.136378599633e+04,3.136378599585e+04,-1.521e-11,1.257e-11
RANS_SA_WD_0.01-20_NN_Drift_Second,SA,149,state,Momentum_x,3.119235045619e+03,3.119235041714e+03,-1.252e-09,-6.925e-10
RANS_SA_WD_0.01-20_NN_Drift_Second,SA,149,state,Momentum_y,3.275320668308e+02,3.275320653948e+02,-4.384e-09,-1.499e-08
RANS_SA_WD_0.01-20_NN_Drift_Second,SA,149,state,Energy,5.616358236968e+04,5.616358236920e+04,-8.462e-12,1.433e-11
RANS_SA_WD_0.01-20_NN_Drift_Second,SA,149,state,Nu_Tilde,1.588962080789e-03,1.588963216277e-03,7.146e-07,-9.559e-07
RANS_SA_WD_0.01-20_NN_Drift_Second,SA,158,bdf2_level,Density,3.136378599588e+04,3.136378599590e+04,5.975e-13,
RANS_SA_WD_0.01-20_NN_Drift_Second,SA,158,bdf2_level,Momentum_x,3.119235041032e+03,3.119235037769e+03,-1.046e-09,
RANS_SA_WD_0.01-20_NN_Drift_Second,SA,158,bdf2_level,Momentum_y,3.275320636509e+02,3.275320617186e+02,-5.900e-09,
RANS_SA_WD_0.01-20_NN_Drift_Second,SA,158,bdf2_level,Energy,5.616358236928e+04,5.616358236915e+04,-2.299e-12,
RANS_SA_WD_0.01-20_NN_Drift_Second,SA,158,bdf2_level,Nu_Tilde,1.588962876683e-03,1.588963282281e-03,2.553e-07,
RANS_SA_WD_0.01-20_NN_Drift_Second,SA,159,state,Density,3.136378599589e+04,3.136378599595e+04,1.920e-12,-1.400e-11
RANS_SA_WD_0.01-20_NN_Drift_Second,SA,159,state,Momentum_x,3.119235040947e+03,3.119235037679e+03,-1.048e-09,-1.498e-09
RANS_SA_WD_0.01-20_NN_Drift_Second,SA,159,state,Momentum_y,3.275320635058e+02,3.275320615997e+02,-5.819e-09,-1.015e-08
RANS_SA_WD_0.01-20_NN_Drift_Second,SA,159,state,Energy,5.616358236929e+04,5.616358236927e+04,-3.814e-13,-6.848e-12
RANS_SA_WD_0.01-20_NN_Drift_Second,SA,159,state,Nu_Tilde,1.588962805461e-03,1.588963188286e-03,2.409e-07,4.561e-07
RANS_SA_WD_0.01-20_NN_Drift_Second,SA,168,bdf2_level,Density,3.136378599598e+04,3.136378599382e+04,-6.881e-11,
RANS_SA_WD_0.01-20_NN_Drift_Second,SA,168,bdf2_level,Momentum_x,3.119235036975e+03,3.119235027708e+03,-2.971e-09,
RANS_SA_WD_0.01-20_NN_Drift_Second,SA,168,bdf2_level,Momentum_y,3.275320605555e+02,3.275320620654e+02,4.610e-09,
RANS_SA_WD_0.01-20_NN_Drift_Second,SA,168,bdf2_level,Energy,5.616358236936e+04,5.616358236652e+04,-5.056e-11,
RANS_SA_WD_0.01-20_NN_Drift_Second,SA,168,bdf2_level,Nu_Tilde,1.588962994001e-03,1.588965093586e-03,1.321e-06,
RANS_SA_WD_0.01-20_NN_Drift_Second,SA,169,state,Density,3.136378599598e+04,3.136378599384e+04,-6.825e-11,2.947e-12
RANS_SA_WD_0.01-20_NN_Drift_Second,SA,169,state,Momentum_x,3.119235036908e+03,3.119235027641e+03,-2.971e-09,-1.295e-09
RANS_SA_WD_0.01-20_NN_Drift_Second,SA,169,state,Momentum_y,3.275320605695e+02,3.275320620722e+02,4.588e-09,-8.965e-09
RANS_SA_WD_0.01-20_NN_Drift_Second,SA,169,state,Energy,5.616358236935e+04,5.616358236656e+04,-4.973e-11,1.075e-12
RANS_SA_WD_0.01-20_NN_Drift_Second,SA,169,state,Nu_Tilde,1.588963008732e-03,1.588965085899e-03,1.307e-06,1.279e-07
RANS_SA_WD_0.01-20_NN_Drift_Second,SA,178,bdf2_level,Density,3.136378599376e+04,3.136378599396e+04,6.198e-12,
RANS_SA_WD_0.01-20_NN_Drift_Second,SA,178,bdf2_level,Momentum_x,3.119235027043e+03,3.119235034308e+03,2.329e-09,
RANS_SA_WD_0.01-20_NN_Drift_Second,SA,178,bdf2_level,Momentum_y,3.275320617769e+02,3.275320637221e+02,5.939e-09,
RANS_SA_WD_0.01-20_NN_Drift_Second,SA,178,bdf2_level,Energy,5.616358236636e+04,5.616358236621e+04,-2.730e-12,
RANS_SA_WD_0.01-20_NN_Drift_Second,SA,178,bdf2_level,Nu_Tilde,1.588964709073e-03,1.588964867770e-03,9.987e-08,
RANS_SA_WD_0.01-20_NN_Drift_Second,SA,179,state,Density,3.136378599374e+04,3.136378599394e+04,6.255e-12,-7.130e-11
RANS_SA_WD_0.01-20_NN_Drift_Second,SA,179,state,Momentum_x,3.119235026956e+03,3.119235034195e+03,2.321e-09,-3.191e-09
RANS_SA_WD_0.01-20_NN_Drift_Second,SA,179,state,Momentum_y,3.275320616178e+02,3.275320635582e+02,5.924e-09,3.201e-09
RANS_SA_WD_0.01-20_NN_Drift_Second,SA,179,state,Energy,5.616358236631e+04,5.616358236615e+04,-2.839e-12,-5.416e-11
RANS_SA_WD_0.01-20_NN_Drift_Second,SA,179,state,Nu_Tilde,1.588964642368e-03,1.588964822174e-03,1.132e-07,1.028e-06
RANS_SA_WD_0.01-20_NN_Drift_Second,SA,188,bdf2_level,Density,3.136378599369e+04,3.136378599229e+04,-4.467e-11,
RANS_SA_WD_0.01-20_NN_Drift_Second,SA,188,bdf2_level,Momentum_x,3.119235033261e+03,3.119235037232e+03,1.273e-09,
RANS_SA_WD_0.01-20_NN_Drift_Second,SA,188,bdf2_level,Momentum_y,3.275320598154e+02,3.275320626104e+02,8.533e-09,
RANS_SA_WD_0.01-20_NN_Drift_Second,SA,188,bdf2_level,Energy,5.616358236550e+04,5.616358236412e+04,-2.459e-11,
RANS_SA_WD_0.01-20_NN_Drift_Second,SA,188,bdf2_level,Nu_Tilde,1.588964055107e-03,1.588963108719e-03,-5.956e-07,
RANS_SA_WD_0.01-20_NN_Drift_Second,SA,189,state,Density,3.136378599365e+04,3.136378599225e+04,-4.463e-11,-2.892e-12
RANS_SA_WD_0.01-20_NN_Drift_Second,SA,189,state,Momentum_x,3.119235033157e+03,3.119235037156e+03,1.282e-09,1.988e-09
RANS_SA_WD_0.01-20_NN_Drift_Second,SA,189,state,Momentum_y,3.275320592903e+02,3.275320620790e+02,8.515e-09,-7.106e-09
RANS_SA_WD_0.01-20_NN_Drift_Second,SA,189,state,Energy,5.616358236540e+04,5.616358236403e+04,-2.432e-11,-1.624e-11
RANS_SA_WD_0.01-20_NN_Drift_Second,SA,189,state,Nu_Tilde,1.588963983004e-03,1.588963053083e-03,-5.852e-07,-4.150e-07
RANS_SA_WD_0.01-20_NN_Drift_Second,SA,198,bdf2_level,Density,3.136378599184e+04,3.136378599172e+04,-3.693e-12,
RANS_SA_WD_0.01-20_NN_Drift_Second,SA,198,bdf2_level,Momentum_x,3.119235036124e+03,3.119235039227e+03,9.946e-10,
RANS_SA_WD_0.01-20_NN_Drift_Second,SA,198,bdf2_level,Momentum_y,3.275320607914e+02,3.275320630626e+02,6.934e-09,
RANS_SA_WD_0.01-20_NN_Drift_Second,SA,198,bdf2_level,Energy,5.616358236296e+04,5.616358236192e+04,-1.851e-11,
RANS_SA_WD_0.01-20_NN_Drift_Second,SA,198,bdf2_level,Nu_Tilde,1.588962955204e-03,1.588962059794e-03,-5.635e-07,
RANS_SA_WD_0.01-20_NN_Drift_Second,SA,199,state,Density,3.136378599178e+04,3.136378599166e+04,-3.846e-12,-5.962e-11
RANS_SA_WD_0.01-20_NN_Drift_Second,SA,199,state,Momentum_x,3.119235035963e+03,3.119235039030e+03,9.831e-10,8.995e-10
RANS_SA_WD_0.01-20_NN_Drift_Second,SA,199,state,Momentum_y,3.275320607253e+02,3.275320630044e+02,6.958e-09,4.381e-09
RANS_SA_WD_0.01-20_NN_Drift_Second,SA,199,state,Energy,5.616358236282e+04,5.616358236175e+04,-1.900e-11,-4.600e-11
RANS_SA_WD_0.01-20_NN_Drift_Second,SA,199,state,Nu_Tilde,1.588962960244e-03,1.588962066432e-03,-5.625e-07,-6.437e-07
RANS_SA_WD_0.01-20_NN_Drift_Second,SA,208,bdf2_level,Density,3.136378599116e+04,3.136378599136e+04,6.279e-12,
RANS_SA_WD_0.01-20_NN_Drift_Second,SA,208,bdf2_level,Momentum_x,3.119235037268e+03,3.119235039121e+03,5.938e-10,
RANS_SA_WD_0.01-20_NN_Drift_Second,SA,208,bdf2_level,Momentum_y,3.275320605208e+02,3.275320597542e+02,-2.341e-09,
RANS_SA_WD_0.01-20_NN_Drift_Second,SA,208,bdf2_level,Energy,5.616358236044e+04,5.616358236009e+04,-6.182e-12,
RANS_SA_WD_0.01-20_NN_Drift_Second,SA,208,bdf2_level,Nu_Tilde,1.588961925296e-03,1.588962161559e-03,1.487e-07,
RANS_SA_WD_0.01-20_NN_Drift_Second,SA,209,state,Density,3.136378599111e+04,3.136378599133e+04,7.162e-12,-2.161e-11
RANS_SA_WD_0.01-20_NN_Drift_Second,SA,209,state,Momentum_x,3.119235037101e+03,3.119235038939e+03,5.891e-10,3.648e-10
RANS_SA_WD_0.01-20_NN_Drift_Second,SA,209,state,Momentum_y,3.275320604307e+02,3.275320596442e+02,-2.401e-09,-8.995e-10
RANS_SA_WD_0.01-20_NN_Drift_Second,SA,209,state,Energy,5.616358236030e+04,5.616358236002e+04,-4.936e-12,-4.490e-11
RANS_SA_WD_0.01-20_NN_Drift_Second,SA,209,state,Nu_Tilde,1.588961893907e-03,1.588962115640e-03,1.395e-07,-6.711e-07
RANS_SA_WD_0.01-20_NN_Drift_Second,SA,218,bdf2_level,Density,3.136378599092e+04,3.136378598919e+04,-5.539e-11,
RANS_SA_WD_0.01-20_NN_Drift_Second,SA,218,bdf2_level,Momentum_x,3.119235037652e+03,3.119235033614e+03,-1.294e-09,
RANS_SA_WD_0.01-20_NN_Drift_Second,SA,218,bdf2_level,Momentum_y,3.275320588317e+02,3.275320595171e+02,2.093e-09,
RANS_SA_WD_0.01-20_NN_Drift_Second,SA,218,bdf2_level,Energy,5.616358235896e+04,5.616358235669e+04,-4.050e-11,
RANS_SA_WD_0.01-20_NN_Drift_Second,SA,218,bdf2_level,Nu_Tilde,1.588961862264e-03,1.588962768853e-03,5.706e-07,
RANS_SA_WD_0.01-20_NN_Drift_Second,SA,219,state,Density,3.136378599089e+04,3.136378598915e+04,-5.537e-11,-6.954e-12
RANS_SA_WD_0.01-20_NN_Drift_Second,SA,219,state,Momentum_x,3.119235037498e+03,3.119235033461e+03,-1.294e-09,1.273e-10
RANS_SA_WD_0.01-20_NN_Drift_Second,SA,219,state,Momentum_y,3.275320585862e+02,3.275320593015e+02,2.184e-09,-5.632e-09
RANS_SA_WD_0.01-20_NN_Drift_Second,SA,219,state,Energy,5.616358235887e+04,5.616358235660e+04,-4.039e-11,-2.534e-11
RANS_SA_WD_0.01-20_NN_Drift_Second,SA,219,state,Nu_Tilde,1.588961812113e-03,1.588962718705e-03,5.706e-07,-5.148e-08
RANS_SA_WD_0.01-20_NN_Drift_Second,SA,228,bdf2_level,Density,3.136378598899e+04,3.136378598896e+04,-8.754e-13,
RANS_SA_WD_0.01-20_NN_Drift_Second,SA,228,bdf2_level,Momentum_x,3.119235032294e+03,3.119235023667e+03,-2.766e-09,
RANS_SA_WD_0.01-20_NN_Drift_Second,SA,228,bdf2_level,Momentum_y,3.275320600336e+02,3.275320571806e+02,-8.711e-09,
RANS_SA_WD_0.01-20_NN_Drift_Second,SA,228,bdf2_level,Energy,5.616358235619e+04,5.616358235542e+04,-1.373e-11,
RANS_SA_WD_0.01-20_NN_Drift_Second,SA,228,bdf2_level,Nu_Tilde,1.588962129791e-03,1.588963485566e-03,8.532e-07,
RANS_SA_WD_0.01-20_NN_Drift_Second,SA,229,state,Density,3.136378598899e+04,3.136378598897e+04,-6.080e-13,-6.052e-11
RANS_SA_WD_0.01-20_NN_Drift_Second,SA,229,state,Momentum_x,3.119235032199e+03,3.119235023582e+03,-2.763e-09,-1.699e-09
RANS_SA_WD_0.01-20_NN_Drift_Second,SA,229,state,Momentum_y,3.275320600831e+02,3.275320572132e+02,-8.762e-09,4.570e-09
RANS_SA_WD_0.01-20_NN_Drift_Second,SA,229,state,Energy,5.616358235619e+04,5.616358235546e+04,-1.302e-11,-4.771e-11
RANS_SA_WD_0.01-20_NN_Drift_Second,SA,229,state,Nu_Tilde,1.588962069230e-03,1.588963431564e-03,8.574e-07,1.618e-07
RANS_SA_WD_0.01-20_NN_Drift_Second,SA,238,bdf2_level,Density,3.136378598920e+04,3.136378598860e+04,-1.896e-11,
RANS_SA_WD_0.01-20_NN_Drift_Second,SA,238,bdf2_level,Momentum_x,3.119235023076e+03,3.119235021298e+03,-5.699e-10,
RANS_SA_WD_0.01-20_NN_Drift_Second,SA,238,bdf2_level,Momentum_y,3.275320554019e+02,3.275320544740e+02,-2.833e-09,
RANS_SA_WD_0.01-20_NN_Drift_Second,SA,238,bdf2_level,Energy,5.616358235607e+04,5.616358235571e+04,-6.249e-12,
RANS_SA_WD_0.01-20_NN_Drift_Second,SA,238,bdf2_level,Nu_Tilde,1.588963174986e-03,1.588963583502e-03,2.571e-07,
RANS_SA_WD_0.01-20_NN_Drift_Second,SA,239,state,Density,3.136378598924e+04,3.136378598865e+04,-1.909e-11,8.141e-12
RANS_SA_WD_0.01-20_NN_Drift_Second,SA,239,state,Momentum_x,3.119235023033e+03,3.119235021189e+03,-5.913e-10,-2.939e-09
RANS_SA_WD_0.01-20_NN_Drift_Second,SA,239,state,Momentum_y,3.275320551973e+02,3.275320542747e+02,-2.817e-09,-1.492e-08
RANS_SA_WD_0.01-20_NN_Drift_Second,SA,239,state,Energy,5.616358235619e+04,5.616358235582e+04,-6.572e-12,-1.205e-14
RANS_SA_WD_0.01-20_NN_Drift_Second,SA,239,state,Nu_Tilde,1.588963175148e-03,1.588963585929e-03,2.585e-07,6.960e-07
RANS_SA_WD_0.01-20_NN_Drift_Second,SA,248,bdf2_level,Density,3.136378598930e+04,3.136378598875e+04,-1.754e-11,
RANS_SA_WD_0.01-20_NN_Drift_Second,SA,248,bdf2_level,Momentum_x,3.119235020831e+03,3.119235017463e+03,-1.080e-09,
RANS_SA_WD_0.01-20_NN_Drift_Second,SA,248,bdf2_level,Momentum_y,3.275320550445e+02,3.275320545942e+02,-1.375e-09,
RANS_SA_WD_0.01-20_NN_Drift_Second,SA,248,bdf2_level,Energy,5.616358235751e+04,5.616358235707e+04,-7.955e-12,
RANS_SA_WD_0.01-20_NN_Drift_Second,SA,248,bdf2_level,Nu_Tilde,1.588963394467e-03,1.588964840389e-03,9.100e-07,
RANS_SA_WD_0.01-20_NN_Drift_Second,SA,249,state,Density,3.136378598939e+04,3.136378598879e+04,-1.915e-11,4.775e-12
RANS_SA_WD_0.01-20_NN_Drift_Second,SA,249,state,Momentum_x,3.119235020793e+03,3.119235017357e+03,-1.101e-09,-7.182e-10
RANS_SA_WD_0.01-20_NN_Drift_Second,SA,249,state,Momentum_y,3.275320552973e+02,3.275320548896e+02,-1.245e-09,3.053e-10
RANS_SA_WD_0.01-20_NN_Drift_Second,SA,249,state,Energy,5.616358235776e+04,5.616358235720e+04,-1.002e-11,2.793e-11
RANS_SA_WD_0.01-20_NN_Drift_Second,SA,249,state,Nu_Tilde,1.588963367344e-03,1.588964832528e-03,9.221e-07,1.210e-07
RANS_SA_WD_0.01-20_NN_Drift_Second,SA,258,bdf2_level,Density,3.136378598982e+04,3.136378598976e+04,-1.856e-12,
RANS_SA_WD_0.01-20_NN_Drift_Second,SA,258,bdf2_level,Momentum_x,3.119235017255e+03,3.119235021835e+03,1.468e-09,
RANS_SA_WD_0.01-20_NN_Drift_Second,SA,258,bdf2_level,Momentum_y,3.275320564188e+02,3.275320569526e+02,1.630e-09,
RANS_SA_WD_0.01-20_NN_Drift_Second,SA,258,bdf2_level,Energy,5.616358235986e+04,5.616358235953e+04,-5.808e-12,
RANS_SA_WD_0.01-20_NN_Drift_Second,SA,258,bdf2_level,Nu_Tilde,1.588964336897e-03,1.588962529141e-03,-1.138e-06,
RANS_SA_WD_0.01-20_NN_Drift_Second,SA,259,state,Density,3.136378598996e+04,3.136378598991e+04,-1.611e-12,1.802e-11
RANS_SA_WD_0.01-20_NN_Drift_Second,SA,259,state,Momentum_x,3.119235017244e+03,3.119235021848e+03,1.476e-09,-1.138e-09
RANS_SA_WD_0.01-20_NN_Drift_Second,SA,259,state,Momentum_y,3.275320567011e+02,3.275320572615e+02,1.711e-09,4.286e-09
RANS_SA_WD_0.01-20_NN_Drift_Second,SA,259,state,Energy,5.616358236021e+04,5.616358235991e+04,-5.341e-12,4.360e-11
RANS_SA_WD_0.01-20_NN_Drift_Second,SA,259,state,Nu_Tilde,1.588964239341e-03,1.588962425528e-03,-1.142e-06,5.488e-07
RANS_SA_WD_0.01-20_NN_Drift_Second,SA,268,bdf2_level,Density,3.136378599129e+04,3.136378599038e+04,-2.885e-11,
RANS_SA_WD_0.01-20_NN_Drift_Second,SA,268,bdf2_level,Momentum_x,3.119235021714e+03,3.119235015448e+03,-2.009e-09,
RANS_SA_WD_0.01-20_NN_Drift_Second,SA,268,bdf2_level,Momentum_y,3.275320607724e+02,3.275320600730e+02,-2.135e-09,
RANS_SA_WD_0.01-20_NN_Drift_Second,SA,268,bdf2_level,Energy,5.616358236345e+04,5.616358236156e+04,-3.377e-11,
RANS_SA_WD_0.01-20_NN_Drift_Second,SA,268,bdf2_level,Nu_Tilde,1.588961748803e-03,1.588963635950e-03,1.188e-06,
RANS_SA_WD_0.01-20_NN_Drift_Second,SA,269,state,Density,3.136378599145e+04,3.136378599058e+04,-2.786e-11,4.760e-11
RANS_SA_WD_0.01-20_NN_Drift_Second,SA,269,state,Momentum_x,3.119235021709e+03,3.119235015512e+03,-1.987e-09,1.431e-09
RANS_SA_WD_0.01-20_NN_Drift_Second,SA,269,state,Momentum_y,3.275320606385e+02,3.275320599222e+02,-2.187e-09,1.202e-08
RANS_SA_WD_0.01-20_NN_Drift_Second,SA,269,state,Energy,5.616358236388e+04,5.616358236207e+04,-3.231e-11,6.534e-11
RANS_SA_WD_0.01-20_NN_Drift_Second,SA,269,state,Nu_Tilde,1.588961711920e-03,1.588963566079e-03,1.167e-06,-1.591e-06
RANS_SA_WD_0.01-20_NN_Drift_Second,SA,278,bdf2_level,Density,3.136378599219e+04,3.136378599268e+04,1.570e-11,
RANS_SA_WD_0.01-20_NN_Drift_Second,SA,278,bdf2_level,Momentum_x,3.119235015633e+03,3.119235016489e+03,2.744e-10,
RANS_SA_WD_0.01-20_NN_Drift_Second,SA,278,bdf2_level,Momentum_y,3.275320581772e+02,3.275320592872e+02,3.389e-09,
RANS_SA_WD_0.01-20_NN_Drift_Second,SA,278,bdf2_level,Energy,5.616358236620e+04,5.616358236720e+04,1.786e-11,
RANS_SA_WD_0.01-20_NN_Drift_Second,SA,278,bdf2_level,Nu_Tilde,1.588963125378e-03,1.588962091331e-03,-6.508e-07,
RANS_SA_WD_0.01-20_NN_Drift_Second,SA,279,state,Density,3.136378599238e+04,3.136378599290e+04,1.671e-11,2.954e-11
RANS_SA_WD_0.01-20_NN_Drift_Second,SA,279,state,Momentum_x,3.119235015646e+03,3.119235016536e+03,2.852e-10,-1.943e-09
RANS_SA_WD_0.01-20_NN_Drift_Second,SA,279,state,Momentum_y,3.275320580628e+02,3.275320591645e+02,3.364e-09,-7.864e-09
RANS_SA_WD_0.01-20_NN_Drift_Second,SA,279,state,Energy,5.616358236668e+04,5.616358236775e+04,1.906e-11,4.984e-11
RANS_SA_WD_0.01-20_NN_Drift_Second,SA,279,state,Nu_Tilde,1.588963060964e-03,1.588961995999e-03,-6.702e-07,8.490e-07
RANS_SA_WD_0.01-20_NN_Drift_Second,SA,288,bdf2_level,Density,3.136378599466e+04,3.136378599385e+04,-2.588e-11,
RANS_SA_WD_0.01-20_NN_Drift_Second,SA,288,bdf2_level,Momentum_x,3.119235016815e+03,3.119235011661e+03,-1.652e-09,
RANS_SA_WD_0.01-20_NN_Drift_Second,SA,288,bdf2_level,Momentum_y,3.275320616728e+02,3.275320629292e+02,3.836e-09,
RANS_SA_WD_0.01-20_NN_Drift_Second,SA,288,bdf2_level,Energy,5.616358237225e+04,5.616358237132e+04,-1.663e-11,
RANS_SA_WD_0.01-20_NN_Drift_Second,SA,288,bdf2_level,Nu_Tilde,1.588961612384e-03,1.588962014276e-03,2.529e-07,
RANS_SA_WD_0.01-20_NN_Drift_Second,SA,289,state,Density,3.136378599486e+04,3.136378599405e+04,-2.601e-11,7.917e-11
RANS_SA_WD_0.01-20_NN_Drift_Second,SA,289,state,Momentum_x,3.119235016840e+03,3.119235011681e+03,-1.654e-09,3.827e-10
RANS_SA_WD_0.01-20_NN_Drift_Second,SA,289,state,Momentum_y,3.275320621916e+02,3.275320634679e+02,3.897e-09,1.261e-08
RANS_SA_WD_0.01-20_NN_Drift_Second,SA,289,state,Energy,5.616358237276e+04,5.616358237181e+04,-1.692e-11,1.084e-10
RANS_SA_WD_0.01-20_NN_Drift_Second,SA,289,state,Nu_Tilde,1.588961594244e-03,1.588961960170e-03,2.303e-07,-9.231e-07
RANS_SA_WD_0.01-20_NN_Drift_Second,SA,298,bdf2_level,Density,3.136378599587e+04,3.136378599592e+04,1.490e-12,
RANS_SA_WD_0.01-20_NN_Drift_Second,SA,298,bdf2_level,Momentum_x,3.119235011925e+03,3.119235011598e+03,-1.046e-10,
RANS_SA_WD_0.01-20_NN_Drift_Second,SA,298,bdf2_level,Momentum_y,3.275320675114e+02,3.275320657193e+02,-5.472e-09,
RANS_SA_WD_0.01-20_NN_Drift_Second,SA,298,bdf2_level,Energy,5.616358237651e+04,5.616358237539e+04,-2.007e-11,
RANS_SA_WD_0.01-20_NN_Drift_Second,SA,298,bdf2_level,Nu_Tilde,1.588962063644e-03,1.588961703508e-03,-2.266e-07,
RANS_SA_WD_0.01-20_NN_Drift_Second,SA,299,state,Density,3.136378599608e+04,3.136378599611e+04,1.081e-12,3.886e-11
RANS_SA_WD_0.01-20_NN_Drift_Second,SA,299,state,Momentum_x,3.119235011958e+03,3.119235011640e+03,-1.021e-10,-1.565e-09
RANS_SA_WD_0.01-20_NN_Drift_Second,SA,299,state,Momentum_y,3.275320680466e+02,3.275320662656e+02,-5.438e-09,1.788e-08
RANS_SA_WD_0.01-20_NN_Drift_Second,SA,299,state,Energy,5.616358237705e+04,5.616358237588e+04,-2.069e-11,7.622e-11
RANS_SA_WD_0.01-20_NN_Drift_Second,SA,299,state,Nu_Tilde,1.588962102291e-03,1.588961755248e-03,-2.184e-07,3.197e-07
RANS_SA_WD_0.01-20_NN_Drift_Second,SA,308,bdf2_level,Density,3.136378599798e+04,3.136378599866e+04,2.153e-11,
RANS_SA_WD_0.01-20_NN_Drift_Second,SA,308,bdf2_level,Momentum_x,3.119235012133e+03,3.119235008386e+03,-1.201e-09,
RANS_SA_WD_0.01-20_NN_Drift_Second,SA,308,bdf2_level,Momentum_y,3.275320679147e+02,3.275320721805e+02,1.302e-08,
RANS_SA_WD_0.01-20_NN_Drift_Second,SA,308,bdf2_level,Energy,5.616358238071e+04,5.616358238164e+04,1.663e-11,
RANS_SA_WD_0.01-20_NN_Drift_Second,SA,308,bdf2_level,Nu_Tilde,1.588962121539e-03,1.588961937769e-03,-1.157e-07,
RANS_SA_WD_0.01-20_NN_Drift_Second,SA,309,state,Density,3.136378599819e+04,3.136378599889e+04,2.225e-11,6.724e-11
RANS_SA_WD_0.01-20_NN_Drift_Second,SA,309,state,Momentum_x,3.119235012191e+03,3.119235008431e+03,-1.205e-09,7.439e-11
RANS_SA_WD_0.01-20_NN_Drift_Second,SA,309,state,Momentum_y,3.275320677874e+02,3.275320720374e+02,1.298e-08,-7.913e-10
RANS_SA_WD_0.01-20_NN_Drift_Second,SA,309,state,Energy,5.616358238125e+04,5.616358238223e+04,1.750e-11,7.482e-11
RANS_SA_WD_0.01-20_NN_Drift_Second,SA,309,state,Nu_Tilde,1.588962145923e-03,1.588961996531e-03,-9.402e-08,2.746e-08
RANS_SA_WD_0.01-20_NN_Drift_Second,SA,318,bdf2_level,Density,3.136378600078e+04,3.136378600043e+04,-1.123e-11,
RANS_SA_WD_0.01-20_NN_Drift_Second,SA,318,bdf2_level,Momentum_x,3.119235008957e+03,3.119235007536e+03,-4.557e-10,
RANS_SA_WD_0.01-20_NN_Drift_Second,SA,318,bdf2_level,Momentum_y,3.275320713197e+02,3.275320672762e+02,-1.235e-08,
RANS_SA_WD_0.01-20_NN_Drift_Second,SA,318,bdf2_level,Energy,5.616358238714e+04,5.616358238550e+04,-2.914e-11,
RANS_SA_WD_0.01-20_NN_Drift_Second,SA,318,bdf2_level,Nu_Tilde,1.588961735761e-03,1.588962339092e-03,3.797e-07,
RANS_SA_WD_0.01-20_NN_Drift_Second,SA,319,state,Density,3.136378600099e+04,3.136378600064e+04,-1.102e-11,8.913e-11
RANS_SA_WD_0.01-20_NN_Drift_Second,SA,319,state,Momentum_x,3.119235009056e+03,3.119235007663e+03,-4.465e-10,-1.005e-09
RANS_SA_WD_0.01-20_NN_Drift_Second,SA,319,state,Momentum_y,3.275320706690e+02,3.275320665876e+02,-1.246e-08,8.798e-09
RANS_SA_WD_0.01-20_NN_Drift_Second,SA,319,state,Energy,5.616358238768e+04,5.616358238606e+04,-2.872e-11,1.145e-10
RANS_SA_WD_0.01-20_NN_Drift_Second,SA,319,state,Nu_Tilde,1.588961687256e-03,1.588962276535e-03,3.709e-07,-2.887e-07
RANS_SA_WD_0.01-20_NN_Drift_Second,SA,328,bdf2_level,Density,3.136378600250e+04,3.136378600248e+04,-6.206e-13,
RANS_SA_WD_0.01-20_NN_Drift_Second,SA,328,bdf2_level,Momentum_x,3.119235009101e+03,3.119235014590e+03,1.760e-09,
RANS_SA_WD_0.01-20_NN_Drift_Second,SA,328,bdf2_level,Momentum_y,3.275320711876e+02,3.275320715027e+02,9.619e-10,
RANS_SA_WD_0.01-20_NN_Drift_Second,SA,328,bdf2_level,Energy,5.616358239093e+04,5.616358239201e+04,1.929e-11,
RANS_SA_WD_0.01-20_NN_Drift_Second,SA,328,bdf2_level,Nu_Tilde,1.588961895602e-03,1.588961446688e-03,-2.825e-07,
RANS_SA_WD_0.01-20_NN_Drift_Second,SA,329,state,Density,3.136378600270e+04,3.136378600266e+04,-1.322e-12,5.478e-11
RANS_SA_WD_0.01-20_NN_Drift_Second,SA,329,state,Momentum_x,3.119235009262e+03,3.119235014807e+03,1.778e-09,6.603e-11
RANS_SA_WD_0.01-20_NN_Drift_Second,SA,329,state,Momentum_y,3.275320722295e+02,3.275320725619e+02,1.015e-09,4.765e-09
RANS_SA_WD_0.01-20_NN_Drift_Second,SA,329,state,Energy,5.616358239146e+04,5.616358239248e+04,1.811e-11,6.740e-11
RANS_SA_WD_0.01-20_NN_Drift_Second,SA,329,state,Nu_Tilde,1.588961838084e-03,1.588961378166e-03,-2.894e-07,9.492e-08
RANS_SA_WD_0.01-20_NN_Drift_Second,SA,338,bdf2_level,Density,3.136378600447e+04,3.136378600513e+04,2.096e-11,
RANS_SA_WD_0.01-20_NN_Drift_Second,SA,338,bdf2_level,Momentum_x,3.119235016029e+03,3.119235018519e+03,7.984e-10,
RANS_SA_WD_0.01-20_NN_Drift_Second,SA,338,bdf2_level,Momentum_y,3.275320810952e+02,3.275320791031e+02,-6.082e-09,
RANS_SA_WD_0.01-20_NN_Drift_Second,SA,338,bdf2_level,Energy,5.616358239723e+04,5.616358239872e+04,2.642e-11,
RANS_SA_WD_0.01-20_NN_Drift_Second,SA,338,bdf2_level,Nu_Tilde,1.588960860269e-03,1.588958156948e-03,-1.701e-06,
RANS_SA_WD_0.01-20_NN_Drift_Second,SA,339,state,Density,3.136378600467e+04,3.136378600535e+04,2.159e-11,6.277e-11
RANS_SA_WD_0.01-20_NN_Drift_Second,SA,339,state,Momentum_x,3.119235016142e+03,3.119235018643e+03,8.018e-10,2.206e-09
RANS_SA_WD_0.01-20_NN_Drift_Second,SA,339,state,Momentum_y,3.275320815298e+02,3.275320795243e+02,-6.123e-09,2.840e-08
RANS_SA_WD_0.01-20_NN_Drift_Second,SA,339,state,Energy,5.616358239776e+04,5.616358239927e+04,2.686e-11,1.121e-10
RANS_SA_WD_0.01-20_NN_Drift_Second,SA,339,state,Nu_Tilde,1.588960816578e-03,1.588958121270e-03,-1.696e-06,-6.429e-07
RANS_SA_WD_0.01-20_NN_Drift_Second,SA,348,bdf2_level,Density,3.136378600712e+04,3.136378600614e+04,-3.120e-11,
RANS_SA_WD_0.01-20_NN_Drift_Second,SA,348,bdf2_level,Momentum_x,3.119235019620e+03,3.119235018839e+03,-2.506e-10,
RANS_SA_WD_0.01-20_NN_Drift_Second,SA,348,bdf2_level,Momentum_y,3.275320808130e+02,3.275320815321e+02,2.195e-09,
RANS_SA_WD_0.01-20_NN_Drift_Second,SA,348,bdf2_level,Energy,5.616358240393e+04,5.616358240213e+04,-3.207e-11,
RANS_SA_WD_0.01-20_NN_Drift_Second,SA,348,bdf2_level,Nu_Tilde,1.588958113634e-03,1.588960447067e-03,1.469e-06,
RANS_SA_WD_0.01-20_NN_Drift_Second,SA,349,state,Density,3.136378600731e+04,3.136378600633e+04,-3.134e-11,8.420e-11
RANS_SA_WD_0.01-20_NN_Drift_Second,SA,349,state,Momentum_x,3.119235019744e+03,3.119235018988e+03,-2.423e-10,1.155e-09
RANS_SA_WD_0.01-20_NN_Drift_Second,SA,349,state,Momentum_y,3.275320810999e+02,3.275320818162e+02,2.187e-09,-1.313e-09
RANS_SA_WD_0.01-20_NN_Drift_Second,SA,349,state,Energy,5.616358240443e+04,5.616358240262e+04,-3.228e-11,1.189e-10
RANS_SA_WD_0.01-20_NN_Drift_Second,SA,349,state,Nu_Tilde,1.588958124057e-03,1.588960458501e-03,1.469e-06,-1.695e-06
RANS_SA_WD_0.01-20_NN_Drift_Second,SA,358,bdf2_level,Density,3.136378600794e+04,3.136378600648e+04,-4.671e-11,
RANS_SA_WD_0.01-20_NN_Drift_Second,SA,358,bdf2_level,Momentum_x,3.119235020332e+03,3.119235014664e+03,-1.817e-09,
RANS_SA_WD_0.01-20_NN_Drift_Second,SA,358,bdf2_level,Momentum_y,3.275320783224e+02,3.275320766478e+02,-5.113e-09,
RANS_SA_WD_0.01-20_NN_Drift_Second,SA,358,bdf2_level,Energy,5.616358240689e+04,5.616358240496e+04,-3.449e-11,
RANS_SA_WD_0.01-20_NN_Drift_Second,SA,358,bdf2_level,Nu_Tilde,1.588960182360e-03,1.588960502947e-03,2.018e-07,
RANS_SA_WD_0.01-20_NN_Drift_Second,SA,359,state,Density,3.136378600811e+04,3.136378600664e+04,-4.668e-11,2.533e-11
RANS_SA_WD_0.01-20_NN_Drift_Second,SA,359,state,Momentum_x,3.119235020476e+03,3.119235014813e+03,-1.815e-09,2.346e-10
RANS_SA_WD_0.01-20_NN_Drift_Second,SA,359,state,Momentum_y,3.275320777517e+02,3.275320760514e+02,-5.191e-09,-1.022e-08
RANS_SA_WD_0.01-20_NN_Drift_Second,SA,359,state,Energy,5.616358240733e+04,5.616358240540e+04,-3.438e-11,5.156e-11
RANS_SA_WD_0.01-20_NN_Drift_Second,SA,359,state,Nu_Tilde,1.588960143362e-03,1.588960465571e-03,2.028e-07,1.271e-06
RANS_SA_WD_0.01-20_NN_Drift_Second,SA,368,bdf2_level,Density,3.136378600792e+04,3.136378600863e+04,2.262e-11,
RANS_SA_WD_0.01-20_NN_Drift_Second,SA,368,bdf2_level,Momentum_x,3.119235016273e+03,3.119235017103e+03,2.661e-10,
RANS_SA_WD_0.01-20_NN_Drift_Second,SA,368,bdf2_level,Momentum_y,3.275320783910e+02,3.275320810792e+02,8.207e-09,
RANS_SA_WD_0.01-20_NN_Drift_Second,SA,368,bdf2_level,Energy,5.616358240882e+04,5.616358240908e+04,4.645e-12,
RANS_SA_WD_0.01-20_NN_Drift_Second,SA,368,bdf2_level,Nu_Tilde,1.588960173676e-03,1.588958648534e-03,-9.598e-07,
RANS_SA_WD_0.01-20_NN_Drift_Second,SA,369,state,Density,3.136378600804e+04,3.136378600875e+04,2.275e-11,-2.306e-12
RANS_SA_WD_0.01-20_NN_Drift_Second,SA,369,state,Momentum_x,3.119235016398e+03,3.119235017238e+03,2.692e-10,-1.307e-09
RANS_SA_WD_0.01-20_NN_Drift_Second,SA,369,state,Momentum_y,3.275320788689e+02,3.275320815519e+02,8.192e-09,3.411e-09
RANS_SA_WD_0.01-20_NN_Drift_Second,SA,369,state,Energy,5.616358240913e+04,5.616358240940e+04,4.819e-12,3.202e-11
RANS_SA_WD_0.01-20_NN_Drift_Second,SA,369,state,Nu_Tilde,1.588960121439e-03,1.588958592022e-03,-9.625e-07,-1.380e-08
RANS_SA_WD_0.01-20_NN_Drift_Second,SA,378,bdf2_level,Density,3.136378600944e+04,3.136378600865e+04,-2.541e-11,
RANS_SA_WD_0.01-20_NN_Drift_Second,SA,378,bdf2_level,Momentum_x,3.119235018119e+03,3.119235013325e+03,-1.537e-09,
RANS_SA_WD_0.01-20_NN_Drift_Second,SA,378,bdf2_level,Momentum_y,3.275320836854e+02,3.275320815605e+02,-6.488e-09,
RANS_SA_WD_0.01-20_NN_Drift_Second,SA,378,bdf2_level,Energy,5.616358241133e+04,5.616358241006e+04,-2.265e-11,
RANS_SA_WD_0.01-20_NN_Drift_Second,SA,378,bdf2_level,Nu_Tilde,1.588958360764e-03,1.588959167540e-03,5.077e-07,
RANS_SA_WD_0.01-20_NN_Drift_Second,SA,379,state,Density,3.136378600948e+04,3.136378600870e+04,-2.493e-11,4.601e-11
RANS_SA_WD_0.01-20_NN_Drift_Second,SA,379,state,Momentum_x,3.119235018195e+03,3.119235013356e+03,-1.551e-09,5.760e-10
RANS_SA_WD_0.01-20_NN_Drift_Second,SA,379,state,Momentum_y,3.275320837489e+02,3.275320816285e+02,-6.474e-09,1.490e-08
RANS_SA_WD_0.01-20_NN_Drift_Second,SA,379,state,Energy,5.616358241144e+04,5.616358241021e+04,-2.198e-11,4.121e-11
RANS_SA_WD_0.01-20_NN_Drift_Second,SA,379,state,Nu_Tilde,1.588958360764e-03,1.588959160663e-03,5.034e-07,-1.108e-06
RANS_SA_WD_0.01-20_NN_Drift_Second,SA,388,bdf2_level,Density,3.136378600860e+04,3.136378600759e+04,-3.226e-11,
RANS_SA_WD_0.01-20_NN_Drift_Second,SA,388,bdf2_level,Momentum_x,3.119235013931e+03,3.119235010378e+03,-1.139e-09,
RANS_SA_WD_0.01-20_NN_Drift_Second,SA,388,bdf2_level,Momentum_y,3.275320832773e+02,3.275320841871e+02,2.778e-09,
RANS_SA_WD_0.01-20_NN_Drift_Second,SA,388,bdf2_level,Energy,5.616358241013e+04,5.616358241050e+04,6.531e-12,
RANS_SA_WD_0.01-20_NN_Drift_Second,SA,388,bdf2_level,Nu_Tilde,1.588959060299e-03,1.588960318770e-03,7.920e-07,
RANS_SA_WD_0.01-20_NN_Drift_Second,SA,389,state,Density,3.136378600854e+04,3.136378600754e+04,-3.178e-11,-3.005e-11
RANS_SA_WD_0.01-20_NN_Drift_Second,SA,389,state,Momentum_x,3.119235013987e+03,3.119235010427e+03,-1.141e-09,-1.349e-09
RANS_SA_WD_0.01-20_NN_Drift_Second,SA,389,state,Momentum_y,3.275320835485e+02,3.275320844541e+02,2.765e-09,-6.119e-10
RANS_SA_WD_0.01-20_NN_Drift_Second,SA,389,state,Energy,5.616358241000e+04,5.616358241038e+04,6.876e-12,-2.575e-11
RANS_SA_WD_0.01-20_NN_Drift_Second,SA,389,state,Nu_Tilde,1.588959040219e-03,1.588960285868e-03,7.839e-07,4.276e-07
RANS_SA_WD_0.01-20_NN_Drift_Second,SA,398,bdf2_level,Density,3.136378600655e+04,3.136378600753e+04,3.129e-11,
RANS_SA_WD_0.01-20_NN_Drift_Second,SA,398,bdf2_level,Momentum_x,3.119235011203e+03,3.119235010282e+03,-2.952e-10,
RANS_SA_WD_0.01-20_NN_Drift_Second,SA,398,bdf2_level,Momentum_y,3.275320885242e+02,3.275320906205e+02,6.400e-09,
RANS_SA_WD_0.01-20_NN_Drift_Second,SA,398,bdf2_level,Energy,5.616358240806e+04,5.616358240900e+04,1.667e-11,
RANS_SA_WD_0.01-20_NN_Drift_Second,SA,398,bdf2_level,Nu_Tilde,1.588959930765e-03,1.588958770196e-03,-7.304e-07,
RANS_SA_WD_0.01-20_NN_Drift_Second,SA,399,state,Density,3.136378600640e+04,3.136378600739e+04,3.166e-11,-6.825e-11
RANS_SA_WD_0.01-20_NN_Drift_Second,SA,399,state,Momentum_x,3.119235011264e+03,3.119235010361e+03,-2.896e-10,-8.729e-10
RANS_SA_WD_0.01-20_NN_Drift_Second,SA,399,state,Momentum_y,3.275320890669e+02,3.275320911525e+02,6.368e-09,1.685e-08
RANS_SA_WD_0.01-20_NN_Drift_Second,SA,399,state,Energy,5.616358240768e+04,5.616358240865e+04,1.721e-11,-4.119e-11
RANS_SA_WD_0.01-20_NN_Drift_Second,SA,399,state,Nu_Tilde,1.588959895578e-03,1.588958752030e-03,-7.197e-07,5.383e-07
RANS_SA_WD_0.01-20_NN_Drift_Seed2_Second,SA,8,bdf2_level,Density,3.136378599932e+04,3.136378599935e+04,9.607e-13,
RANS_SA_WD_0.01-20_NN_Drift_Seed2_Second,SA,8,bdf2_level,Momentum_x,3.119235069001e+03,3.119235073051e+03,1.298e-09,
RANS_SA_WD_0.01-20_NN_Drift_Seed2_Second,SA,8,bdf2_level,Momentum_y,3.275320982967e+02,3.275320988456e+02,1.676e-09,
RANS_SA_WD_0.01-20_NN_Drift_Seed2_Second,SA,8,bdf2_level,Energy,5.616358237638e+04,5.616358237607e+04,-5.631e-12,
RANS_SA_WD_0.01-20_NN_Drift_Seed2_Second,SA,8,bdf2_level,Nu_Tilde,1.588962734081e-03,1.588962145644e-03,-3.703e-07,
RANS_SA_WD_0.01-20_NN_Drift_Seed2_Second,SA,9,state,Density,3.136378599932e+04,3.136378599935e+04,9.608e-13,
RANS_SA_WD_0.01-20_NN_Drift_Seed2_Second,SA,9,state,Momentum_x,3.119235069001e+03,3.119235073051e+03,1.298e-09,
RANS_SA_WD_0.01-20_NN_Drift_Seed2_Second,SA,9,state,Momentum_y,3.275320982967e+02,3.275320988456e+02,1.676e-09,
RANS_SA_WD_0.01-20_NN_Drift_Seed2_Second,SA,9,state,Energy,5.616358237638e+04,5.616358237607e+04,-5.632e-12,
RANS_SA_WD_0.01-20_NN_Drift_Seed2_Second,SA,9,state,Nu_Tilde,1.588962734081e-03,1.588962145644e-03,-3.703e-07,
RANS_SA_WD_0.01-20_NN_Drift_Seed2_Second,SA,18,bdf2_level,Density,3.136378599935e+04,3.136378599977e+04,1.358e-11,
RANS_SA_WD_0.01-20_NN_Drift_Seed2_Second,SA,18,bdf2_level,Momentum_x,3.119235072535e+03,3.119235075849e+03,1.062e-09,
RANS_SA_WD_0.01-20_NN_Drift_Seed2_Second,SA,18,bdf2_level,Momentum_y,3.275320970519e+02,3.275320953869e+02,-5.084e-09,
RANS_SA_WD_0.01-20_NN_Drift_Seed2_Second,SA,18,bdf2_level,Energy,5.616358237607e+04,5.616358237673e+04,1.172e-11,
RANS_SA_WD_0.01-20_NN_Drift_Seed2_Second,SA,18,bdf2_level,Nu_Tilde,1.588962228945e-03,1.588961819044e-03,-2.580e-07,
RANS_SA_WD_0.01-20_NN_Drift_Seed2_Second,SA,19,state,Density,3.136378599935e+04,3.136378599978e+04,1.390e-11,9.871e-13
RANS_SA_WD_0.01-20_NN_Drift_Seed2_Second,SA,19,state,Momentum_x,3.119235072467e+03,3.119235075788e+03,1.065e-09,1.111e-09
RANS_SA_WD_0.01-20_NN_Drift_Seed2_Second,SA,19,state,Momentum_y,3.275320968233e+02,3.275320951628e+02,-5.070e-09,-4.498e-09
RANS_SA_WD_0.01-20_NN_Drift_Seed2_Second,SA,19,state,Energy,5.616358237607e+04,5.616358237675e+04,1.213e-11,-5.595e-12
RANS_SA_WD_0.01-20_NN_Drift_Seed2_Second,SA,19,state,Nu_Tilde,1.588962212258e-03,1.588961785505e-03,-2.686e-07,-3.284e-07
RANS_SA_WD_0.01-20_NN_Drift_Seed2_Second,SA,28,bdf2_level,Density,3.136378599979e+04,3.136378599774e+04,-6.543e-11,
RANS_SA_WD_0.01-20_NN_Drift_Seed2_Second,SA,28,bdf2_level,Momentum_x,3.119235075013e+03,3.119235066568e+03,-2.708e-09,
RANS_SA_WD_0.01-20_NN_Drift_Seed2_Second,SA,28,bdf2_level,Momentum_y,3.275320963784e+02,3.275320960540e+02,-9.906e-10,
RANS_SA_WD_0.01-20_NN_Drift_Seed2_Second,SA,28,bdf2_level,Energy,5.616358237676e+04,5.616358237416e+04,-4.640e-11,
RANS_SA_WD_0.01-20_NN_Drift_Seed2_Second,SA,28,bdf2_level,Nu_Tilde,1.588961573615e-03,1.588963129661e-03,9.793e-07,
RANS_SA_WD_0.01-20_NN_Drift_Seed2_Second,SA,29,state,Density,3.136378599979e+04,3.136378599776e+04,-6.462e-11,1.408e-11
RANS_SA_WD_0.01-20_NN_Drift_Seed2_Second,SA,29,state,Momentum_x,3.119235074918e+03,3.119235066482e+03,-2.705e-09,7.858e-10
RANS_SA_WD_0.01-20_NN_Drift_Seed2_Second,SA,29,state,Momentum_y,3.275320963455e+02,3.275320960424e+02,-9.255e-10,-1.459e-09
RANS_SA_WD_0.01-20_NN_Drift_Seed2_Second,SA,29,state,Energy,5.616358237676e+04,5.616358237422e+04,-4.531e-11,1.237e-11
RANS_SA_WD_0.01-20_NN_Drift_Seed2_Second,SA,29,state,Nu_Tilde,1.588961572523e-03,1.588963107498e-03,9.660e-07,-4.026e-07
RANS_SA_WD_0.01-20_NN_Drift_Seed2_Second,SA,38,bdf2_level,Density,3.136378599778e+04,3.136378599827e+04,1.587e-11,
RANS_SA_WD_0.01-20_NN_Drift_Seed2_Second,SA,38,bdf2_level,Momentum_x,3.119235065544e+03,3.119235076365e+03,3.469e-09,
RANS_SA_WD_0.01-20_NN_Drift_Seed2_Second,SA,38,bdf2_level,Momentum_y,3.275320956081e+02,3.275320995924e+02,1.216e-08,
RANS_SA_WD_0.01-20_NN_Drift_Seed2_Second,SA,38,bdf2_level,Energy,5.616358237425e+04,5.616358237528e+04,1.830e-11,
RANS_SA_WD_0.01-20_NN_Drift_Seed2_Second,SA,38,bdf2_level,Nu_Tilde,1.588963388640e-03,1.588961172643e-03,-1.395e-06,
RANS_SA_WD_0.01-20_NN_Drift_Seed2_Second,SA,39,state,Density,3.136378599778e+04,3.136378599829e+04,1.633e-11,-6.422e-11
RANS_SA_WD_0.01-20_NN_Drift_Seed2_Second,SA,39,state,Momentum_x,3.119235065440e+03,3.119235076274e+03,3.473e-09,-3.039e-09
RANS_SA_WD_0.01-20_NN_Drift_Seed2_Second,SA,39,state,Momentum_y,3.275320959686e+02,3.275320999776e+02,1.224e-08,-1.151e-09
RANS_SA_WD_0.01-20_NN_Drift_Seed2_Second,SA,39,state,Energy,5.616358237425e+04,5.616358237531e+04,1.894e-11,-4.481e-11
RANS_SA_WD_0.01-20_NN_Drift_Seed2_Second,SA,39,state,Nu_Tilde,1.588963406393e-03,1.588961194031e-03,-1.392e-06,1.154e-06
RANS_SA_WD_0.01-20_NN_Drift_Seed2_Second,SA,48,bdf2_level,Density,3.136378599830e+04,3.136378599857e+04,8.689e-12,
RANS_SA_WD_0.01-20_NN_Drift_Seed2_Second,SA,48,bdf2_level,Momentum_x,3.119235075260e+03,3.119235070573e+03,-1.503e-09,
RANS_SA_WD_0.01-20_NN_Drift_Seed2_Second,SA,48,bdf2_level,Momentum_y,3.275321003685e+02,3.275321012009e+02,2.541e-09,
RANS_SA_WD_0.01-20_NN_Drift_Seed2_Second,SA,48,bdf2_level,Energy,5.616358237533e+04,5.616358237519e+04,-2.400e-12,
RANS_SA_WD_0.01-20_NN_Drift_Seed2_Second,SA,48,bdf2_level,Nu_Tilde,1.588960826509e-03,1.588962243272e-03,8.916e-07,
RANS_SA_WD_0.01-20_NN_Drift_Seed2_Second,SA,49,state,Density,3.136378599830e+04,3.136378599859e+04,9.269e-12,1.656e-11
RANS_SA_WD_0.01-20_NN_Drift_Seed2_Second,SA,49,state,Momentum_x,3.119235075147e+03,3.119235070478e+03,-1.497e-09,3.112e-09
RANS_SA_WD_0.01-20_NN_Drift_Seed2_Second,SA,49,state,Momentum_y,3.275321001378e+02,3.275321009831e+02,2.581e-09,1.273e-08
RANS_SA_WD_0.01-20_NN_Drift_Seed2_Second,SA,49,state,Energy,5.616358237533e+04,5.616358237524e+04,-1.653e-12,1.924e-11
RANS_SA_WD_0.01-20_NN_Drift_Seed2_Second,SA,49,state,Nu_Tilde,1.588960785719e-03,1.588962190807e-03,8.843e-07,-1.649e-06
RANS_SA_WD_0.01-20_NN_Drift_Seed2_Second,SA,58,bdf2_level,Density,3.136378599860e+04,3.136378599735e+04,-3.959e-11,
RANS_SA_WD_0.01-20_NN_Drift_Seed2_Second,SA,58,bdf2_level,Momentum_x,3.119235069655e+03,3.119235068235e+03,-4.551e-10,
RANS_SA_WD_0.01-20_NN_Drift_Seed2_Second,SA,58,bdf2_level,Momentum_y,3.275321026072e+02,3.275321037532e+02,3.499e-09,
RANS_SA_WD_0.01-20_NN_Drift_Seed2_Second,SA,58,bdf2_level,Energy,5.616358237526e+04,5.616358237310e+04,-3.843e-11,
RANS_SA_WD_0.01-20_NN_Drift_Seed2_Second,SA,58,bdf2_level,Nu_Tilde,1.588961762966e-03,1.588961638848e-03,-7.811e-08,
RANS_SA_WD_0.01-20_NN_Drift_Seed2_Second,SA,59,state,Density,3.136378599860e+04,3.136378599734e+04,-4.009e-11,9.593e-12
RANS_SA_WD_0.01-20_NN_Drift_Seed2_Second,SA,59,state,Momentum_x,3.119235069568e+03,3.119235068123e+03,-4.632e-10,-1.789e-09
RANS_SA_WD_0.01-20_NN_Drift_Seed2_Second,SA,59,state,Momentum_y,3.275321028118e+02,3.275321039379e+02,3.438e-09,8.164e-09
RANS_SA_WD_0.01-20_NN_Drift_Seed2_Second,SA,59,state,Energy,5.616358237526e+04,5.616358237306e+04,-3.911e-11,-1.259e-12
RANS_SA_WD_0.01-20_NN_Drift_Seed2_Second,SA,59,state,Nu_Tilde,1.588961719362e-03,1.588961589719e-03,-8.159e-08,5.876e-07
RANS_SA_WD_0.01-20_NN_Drift_Seed2_Second,SA,68,bdf2_level,Density,3.136378599733e+04,3.136378599733e+04,5.800e-16,
RANS_SA_WD_0.01-20_NN_Drift_Seed2_Second,SA,68,bdf2_level,Momentum_x,3.119235066800e+03,3.119235069866e+03,9.831e-10,
RANS_SA_WD_0.01-20_NN_Drift_Seed2_Second,SA,68,bdf2_level,Momentum_y,3.275321063439e+02,3.275321104648e+02,1.258e-08,
RANS_SA_WD_0.01-20_NN_Drift_Seed2_Second,SA,68,bdf2_level,Energy,5.616358237304e+04,5.616358237357e+04,9.420e-12,
RANS_SA_WD_0.01-20_NN_Drift_Seed2_Second,SA,68,bdf2_level,Nu_Tilde,1.588961200022e-03,1.588960877777e-03,-2.028e-07,
RANS_SA_WD_0.01-20_NN_Drift_Seed2_Second,SA,69,state,Density,3.136378599733e+04,3.136378599737e+04,1.187e-12,-4.030e-11
RANS_SA_WD_0.01-20_NN_Drift_Seed2_Second,SA,69,state,Momentum_x,3.119235066634e+03,3.119235069685e+03,9.780e-10,-9.404e-10
RANS_SA_WD_0.01-20_NN_Drift_Seed2_Second,SA,69,state,Momentum_y,3.275321067645e+02,3.275321108935e+02,1.261e-08,1.207e-08
RANS_SA_WD_0.01-20_NN_Drift_Seed2_Second,SA,69,state,Energy,5.616358237304e+04,5.616358237367e+04,1.110e-11,-3.945e-11
RANS_SA_WD_0.01-20_NN_Drift_Seed2_Second,SA,69,state,Nu_Tilde,1.588961145891e-03,1.588960818092e-03,-2.063e-07,-3.609e-07
RANS_SA_WD_0.01-20_NN_Drift_Seed2_Second,SA,78,bdf2_level,Density,3.136378599739e+04,3.136378599758e+04,5.942e-12,
RANS_SA_WD_0.01-20_NN_Drift_Seed2_Second,SA,78,bdf2_level,Momentum_x,3.119235068723e+03,3.119235068122e+03,-1.926e-10,
RANS_SA_WD_0.01-20_NN_Drift_Seed2_Second,SA,78,bdf2_level,Momentum_y,3.275321096155e+02,3.275321072884e+02,-7.105e-09,
RANS_SA_WD_0.01-20_NN_Drift_Seed2_Second,SA,78,bdf2_level,Energy,5.616358237371e+04,5.616358237514e+04,2.544e-11,
RANS_SA_WD_0.01-20_NN_Drift_Seed2_Second,SA,78,bdf2_level,Nu_Tilde,1.588960384393e-03,1.588960236691e-03,-9.296e-08,
RANS_SA_WD_0.01-20_NN_Drift_Seed2_Second,SA,79,state,Density,3.136378599739e+04,3.136378599760e+04,6.622e-12,1.815e-12
RANS_SA_WD_0.01-20_NN_Drift_Seed2_Second,SA,79,state,Momentum_x,3.119235068636e+03,3.119235068085e+03,-1.768e-10,6.419e-10
RANS_SA_WD_0.01-20_NN_Drift_Seed2_Second,SA,79,state,Momentum_y,3.275321090663e+02,3.275321067337e+02,-7.122e-09,7.027e-09
RANS_SA_WD_0.01-20_NN_Drift_Seed2_Second,SA,79,state,Energy,5.616358237371e+04,5.616358237520e+04,2.649e-11,1.192e-11
RANS_SA_WD_0.01-20_NN_Drift_Seed2_Second,SA,79,state,Nu_Tilde,1.588960338172e-03,1.588960216964e-03,-7.628e-08,-5.083e-07
RANS_SA_WD_0.01-20_NN_Drift_Seed2_Second,SA,88,bdf2_level,Density,3.136378599761e+04,3.136378599878e+04,3.752e-11,
RANS_SA_WD_0.01-20_NN_Drift_Seed2_Second,SA,88,bdf2_level,Momentum_x,3.119235067436e+03,3.119235063425e+03,-1.286e-09,
RANS_SA_WD_0.01-20_NN_Drift_Seed2_Second,SA,88,bdf2_level,Momentum_y,3.275321089794e+02,3.275321090233e+02,1.342e-10,
RANS_SA_WD_0.01-20_NN_Drift_Seed2_Second,SA,88,bdf2_level,Energy,5.616358237523e+04,5.616358237524e+04,1.145e-13,
RANS_SA_WD_0.01-20_NN_Drift_Seed2_Second,SA,88,bdf2_level,Nu_Tilde,1.588959780148e-03,1.588960195735e-03,2.615e-07,
RANS_SA_WD_0.01-20_NN_Drift_Seed2_Second,SA,89,state,Density,3.136378599761e+04,3.136378599882e+04,3.856e-11,6.990e-12
RANS_SA_WD_0.01-20_NN_Drift_Seed2_Second,SA,89,state,Momentum_x,3.119235067352e+03,3.119235063340e+03,-1.286e-09,-4.118e-10
RANS_SA_WD_0.01-20_NN_Drift_Seed2_Second,SA,89,state,Momentum_y,3.275321096051e+02,3.275321096857e+02,2.459e-10,1.645e-09
RANS_SA_WD_0.01-20_NN_Drift_Seed2_Second,SA,89,state,Energy,5.616358237523e+04,5.616358237532e+04,1.565e-12,2.702e-11
RANS_SA_WD_0.01-20_NN_Drift_Seed2_Second,SA,89,state,Nu_Tilde,1.588959742741e-03,1.588960183711e-03,2.775e-07,-3.747e-07
RANS_SA_WD_0.01-20_NN_Drift_Seed2_Second,SA,98,bdf2_level,Density,3.136378599883e+04,3.136378599879e+04,-1.507e-12,
RANS_SA_WD_0.01-20_NN_Drift_Seed2_Second,SA,98,bdf2_level,Momentum_x,3.119235062352e+03,3.119235063307e+03,3.063e-10,
RANS_SA_WD_0.01-20_NN_Drift_Seed2_Second,SA,98,bdf2_level,Momentum_y,3.275321114787e+02,3.275321150379e+02,1.087e-08,
RANS_SA_WD_0.01-20_NN_Drift_Seed2_Second,SA,98,bdf2_level,Energy,5.616358237536e+04,5.616358237607e+04,1.259e-11,
RANS_SA_WD_0.01-20_NN_Drift_Seed2_Second,SA,98,bdf2_level,Nu_Tilde,1.588960199592e-03,1.588960508773e-03,1.946e-07,
RANS_SA_WD_0.01-20_NN_Drift_Seed2_Second,SA,99,state,Density,3.136378599883e+04,3.136378599881e+04,-8.733e-13,3.905e-11
RANS_SA_WD_0.01-20_NN_Drift_Seed2_Second,SA,99,state,Momentum_x,3.119235062242e+03,3.119235063186e+03,3.028e-10,-1.638e-09
RANS_SA_WD_0.01-20_NN_Drift_Seed2_Second,SA,99,state,Momentum_y,3.275321115501e+02,3.275321150867e+02,1.080e-08,5.938e-09
RANS_SA_WD_0.01-20_NN_Drift_Seed2_Second,SA,99,state,Energy,5.616358237536e+04,5.616358237611e+04,1.335e-11,2.317e-12
RANS_SA_WD_0.01-20_NN_Drift_Seed2_Second,SA,99,state,Nu_Tilde,1.588960199386e-03,1.588960520122e-03,2.019e-07,2.874e-07
RANS_SA_WD_0.01-20_NN_Drift_Seed2_Second,SA,108,bdf2_level,Density,3.136378599882e+04,3.136378599898e+04,5.339e-12,
RANS_SA_WD_0.01-20_NN_Drift_Seed2_Second,SA,108,bdf2_level,Momentum_x,3.119235062413e+03,3.119235067808e+03,1.730e-09,
RANS_SA_WD_0.01-20_NN_Drift_Seed2_Second,SA,108,bdf2_level,Momentum_y,3.275321177091e+02,3.275321212167e+02,1.071e-08,
RANS_SA_WD_0.01-20_NN_Drift_Seed2_Second,SA,108,bdf2_level,Energy,5.616358237613e+04,5.616358237581e+04,-5.751e-12,
RANS_SA_WD_0.01-20_NN_Drift_Seed2_Second,SA,108,bdf2_level,Nu_Tilde,1.588960437346e-03,1.588958487657e-03,-1.227e-06,
RANS_SA_WD_0.01-20_NN_Drift_Seed2_Second,SA,109,state,Density,3.136378599882e+04,3.136378599901e+04,6.346e-12,-5.780e-13
RANS_SA_WD_0.01-20_NN_Drift_Seed2_Second,SA,109,state,Momentum_x,3.119235062318e+03,3.119235067754e+03,1.743e-09,2.426e-11
RANS_SA_WD_0.01-20_NN_Drift_Seed2_Second,SA,109,state,Momentum_y,3.275321179981e+02,3.275321214826e+02,1.064e-08,1.969e-08
RANS_SA_WD_0.01-20_NN_Drift_Seed2_Second,SA,109,state,Energy,5.616358237613e+04,5.616358237588e+04,-4.424e-12,1.372e-11
RANS_SA_WD_0.01-20_NN_Drift_Seed2_Second,SA,109,state,Nu_Tilde,1.588960439754e-03,1.588958484999e-03,-1.230e-06,1.513e-07
RANS_SA_WD_0.01-20_NN_Drift_Seed2_Second,SA,118,bdf2_level,Density,3.136378599903e+04,3.136378599744e+04,-5.090e-11,
RANS_SA_WD_0.01-20_NN_Drift_Seed2_Second,SA,118,bdf2_level,Momentum_x,3.119235067132e+03,3.119235066313e+03,-2.623e-10,
RANS_SA_WD_0.01-20_NN_Drift_Seed2_Second,SA,118,bdf2_level,Momentum_y,3.275321162879e+02,3.275321173696e+02,3.303e-09,
RANS_SA_WD_0.01-20_NN_Drift_Seed2_Second,SA,118,bdf2_level,Energy,5.616358237592e+04,5.616358237383e+04,-3.731e-11,
RANS_SA_WD_0.01-20_NN_Drift_Seed2_Second,SA,118,bdf2_level,Nu_Tilde,1.588959203561e-03,1.588959932600e-03,4.588e-07,
RANS_SA_WD_0.01-20_NN_Drift_Seed2_Second,SA,119,state,Density,3.136378599903e+04,3.136378599740e+04,-5.219e-11,6.978e-12
RANS_SA_WD_0.01-20_NN_Drift_Seed2_Second,SA,119,state,Momentum_x,3.119235067094e+03,3.119235066313e+03,-2.505e-10,1.531e-09
RANS_SA_WD_0.01-20_NN_Drift_Seed2_Second,SA,119,state,Momentum_y,3.275321151687e+02,3.275321162085e+02,3.175e-09,-8.638e-09
RANS_SA_WD_0.01-20_NN_Drift_Seed2_Second,SA,119,state,Energy,5.616358237592e+04,5.616358237372e+04,-3.913e-11,-3.689e-12
RANS_SA_WD_0.01-20_NN_Drift_Seed2_Second,SA,119,state,Nu_Tilde,1.588959456804e-03,1.588960169787e-03,4.487e-07,-6.186e-07
RANS_SA_WD_0.01-20_NN_Drift_Seed2_Second,SA,128,bdf2_level,Density,3.136378599738e+04,3.136378599850e+04,3.554e-11,
RANS_SA_WD_0.01-20_NN_Drift_Seed2_Second,SA,128,bdf2_level,Momentum_x,3.119235065256e+03,3.119235066590e+03,4.277e-10,
RANS_SA_WD_0.01-20_NN_Drift_Seed2_Second,SA,128,bdf2_level,Momentum_y,3.275321116661e+02,3.275321149462e+02,1.001e-08,
RANS_SA_WD_0.01-20_NN_Drift_Seed2_Second,SA,128,bdf2_level,Energy,5.616358237368e+04,5.616358237532e+04,2.932e-11,
RANS_SA_WD_0.01-20_NN_Drift_Seed2_Second,SA,128,bdf2_level,Nu_Tilde,1.588961295037e-03,1.588960920578e-03,-2.357e-07,
RANS_SA_WD_0.01-20_NN_Drift_Seed2_Second,SA,129,state,Density,3.136378599738e+04,3.136378599848e+04,3.502e-11,-5.270e-11
RANS_SA_WD_0.01-20_NN_Drift_Seed2_Second,SA,129,state,Momentum_x,3.119235065146e+03,3.119235066482e+03,4.284e-10,-6.246e-10
RANS_SA_WD_0.01-20_NN_Drift_Seed2_Second,SA,129,state,Momentum_y,3.275321109877e+02,3.275321142626e+02,9.999e-09,-1.277e-08
RANS_SA_WD_0.01-20_NN_Drift_Seed2_Second,SA,129,state,Energy,5.616358237368e+04,5.616358237529e+04,2.864e-11,-3.998e-11
RANS_SA_WD_0.01-20_NN_Drift_Seed2_Second,SA,129,state,Nu_Tilde,1.588961439950e-03,1.588961050032e-03,-2.454e-07,1.248e-06
RANS_SA_WD_0.01-20_NN_Drift_Seed2_Second,SA,138,bdf2_level,Density,3.136378599847e+04,3.136378599787e+04,-1.918e-11,
RANS_SA_WD_0.01-20_NN_Drift_Seed2_Second,SA,138,bdf2_level,Momentum_x,3.119235065707e+03,3.119235067935e+03,7.141e-10,
RANS_SA_WD_0.01-20_NN_Drift_Seed2_Second,SA,138,bdf2_level,Momentum_y,3.275321172761e+02,3.275321191433e+02,5.701e-09,
RANS_SA_WD_0.01-20_NN_Drift_Seed2_Second,SA,138,bdf2_level,Energy,5.616358237528e+04,5.616358237541e+04,2.313e-12,
RANS_SA_WD_0.01-20_NN_Drift_Seed2_Second,SA,138,bdf2_level,Nu_Tilde,1.588960951162e-03,1.588961051298e-03,6.302e-08,
RANS_SA_WD_0.01-20_NN_Drift_Seed2_Second,SA,139,state,Density,3.136378599848e+04,3.136378599784e+04,-2.028e-11,3.487e-11
RANS_SA_WD_0.01-20_NN_Drift_Seed2_Second,SA,139,state,Momentum_x,3.119235065621e+03,3.119235067852e+03,7.149e-10,1.525e-10
RANS_SA_WD_0.01-20_NN_Drift_Seed2_Second,SA,139,state,Momentum_y,3.275321173716e+02,3.275321192426e+02,5.712e-09,1.949e-08
RANS_SA_WD_0.01-20_NN_Drift_Seed2_Second,SA,139,state,Energy,5.616358237528e+04,5.616358237533e+04,7.677e-13,2.859e-11
RANS_SA_WD_0.01-20_NN_Drift_Seed2_Second,SA,139,state,Nu_Tilde,1.588960870683e-03,1.588960962482e-03,5.777e-08,-3.583e-07
RANS_SA_WD_0.01-20_NN_Drift_Seed2_Second,SA,148,bdf2_level,Density,3.136378599782e+04,3.136378599737e+04,-1.438e-11,
RANS_SA_WD_0.01-20_NN_Drift_Seed2_Second,SA,148,bdf2_level,Momentum_x,3.119235066885e+03,3.119235065478e+03,-4.510e-10,
RANS_SA_WD_0.01-20_NN_Drift_Seed2_Second,SA,148,bdf2_level,Momentum_y,3.275321195153e+02,3.275321231901e+02,1.122e-08,
RANS_SA_WD_0.01-20_NN_Drift_Seed2_Second,SA,148,bdf2_level,Energy,5.616358237529e+04,5.616358237385e+04,-2.557e-11,
RANS_SA_WD_0.01-20_NN_Drift_Seed2_Second,SA,148,bdf2_level,Nu_Tilde,1.588960699935e-03,1.588960299814e-03,-2.518e-07,
RANS_SA_WD_0.01-20_NN_Drift_Seed2_Second,SA,149,state,Density,3.136378599782e+04,3.136378599732e+04,-1.581e-11,-2.087e-11
RANS_SA_WD_0.01-20_NN_Drift_Seed2_Second,SA,149,state,Momentum_x,3.119235066776e+03,3.119235065305e+03,-4.717e-10,3.702e-10
RANS_SA_WD_0.01-20_NN_Drift_Seed2_Second,SA,149,state,Momentum_y,3.275321195538e+02,3.275321232156e+02,1.118e-08,6.663e-09
RANS_SA_WD_0.01-20_NN_Drift_Seed2_Second,SA,149,state,Energy,5.616358237529e+04,5.616358237375e+04,-2.742e-11,5.765e-14
RANS_SA_WD_0.01-20_NN_Drift_Seed2_Second,SA,149,state,Nu_Tilde,1.588960718811e-03,1.588960345280e-03,-2.351e-07,-9.558e-08
RANS_SA_WD_0.01-20_NN_Drift_Seed2_Second,SA,158,bdf2_level,Density,3.136378599730e+04,3.136378599668e+04,-1.985e-11,
RANS_SA_WD_0.01-20_NN_Drift_Seed2_Second,SA,158,bdf2_level,Momentum_x,3.119235064398e+03,3.119235063877e+03,-1.669e-10,
RANS_SA_WD_0.01-20_NN_Drift_Seed2_Second,SA,158,bdf2_level,Momentum_y,3.275321267909e+02,3.275321231610e+02,-1.108e-08,
RANS_SA_WD_0.01-20_NN_Drift_Seed2_Second,SA,158,bdf2_level,Energy,5.616358237370e+04,5.616358237224e+04,-2.590e-11,
RANS_SA_WD_0.01-20_NN_Drift_Seed2_Second,SA,158,bdf2_level,Nu_Tilde,1.588960075862e-03,1.588959885885e-03,-1.196e-07,
RANS_SA_WD_0.01-20_NN_Drift_Seed2_Second,SA,159,state,Density,3.136378599730e+04,3.136378599668e+04,-1.976e-11,-1.649e-11
RANS_SA_WD_0.01-20_NN_Drift_Seed2_Second,SA,159,state,Momentum_x,3.119235064292e+03,3.119235063748e+03,-1.744e-10,-7.964e-10
RANS_SA_WD_0.01-20_NN_Drift_Seed2_Second,SA,159,state,Momentum_y,3.275321271091e+02,3.275321234187e+02,-1.127e-08,2.307e-08
RANS_SA_WD_0.01-20_NN_Drift_Seed2_Second,SA,159,state,Energy,5.616358237370e+04,5.616358237225e+04,-2.581e-11,-2.828e-11
RANS_SA_WD_0.01-20_NN_Drift_Seed2_Second,SA,159,state,Nu_Tilde,1.588959978108e-03,1.588959782997e-03,-1.228e-07,-4.662e-07
RANS_SA_WD_0.01-20_NN_Drift_Seed2_Second,SA,168,bdf2_level,Density,3.136378599669e+04,3.136378599756e+04,2.769e-11,
RANS_SA_WD_0.01-20_NN_Drift_Seed2_Second,SA,168,bdf2_level,Momentum_x,3.119235062947e+03,3.119235064518e+03,5.035e-10,
RANS_SA_WD_0.01-20_NN_Drift_Seed2_Second,SA,168,bdf2_level,Momentum_y,3.275321207849e+02,3.275321233961e+02,7.972e-09,
RANS_SA_WD_0.01-20_NN_Drift_Seed2_Second,SA,168,bdf2_level,Energy,5.616358237226e+04,5.616358237429e+04,3.604e-11,
RANS_SA_WD_0.01-20_NN_Drift_Seed2_Second,SA,168,bdf2_level,Nu_Tilde,1.588959396109e-03,1.588959666210e-03,1.700e-07,
RANS_SA_WD_0.01-20_NN_Drift_Seed2_Second,SA,169,state,Density,3.136378599669e+04,3.136378599758e+04,2.832e-11,-1.954e-11
RANS_SA_WD_0.01-20_NN_Drift_Seed2_Second,SA,169,state,Momentum_x,3.119235062862e+03,3.119235064434e+03,5.039e-10,-4.584e-10
RANS_SA_WD_0.01-20_NN_Drift_Seed2_Second,SA,169,state,Momentum_y,3.275321205199e+02,3.275321230756e+02,7.803e-09,-2.012e-08
RANS_SA_WD_0.01-20_NN_Drift_Seed2_Second,SA,169,state,Energy,5.616358237227e+04,5.616358237434e+04,3.694e-11,-2.550e-11
RANS_SA_WD_0.01-20_NN_Drift_Seed2_Second,SA,169,state,Nu_Tilde,1.588959432324e-03,1.588959699139e-03,1.679e-07,-3.435e-07
RANS_SA_WD_0.01-20_NN_Drift_Seed2_Second,SA,178,bdf2_level,Density,3.136378599758e+04,3.136378599496e+04,-8.369e-11,
RANS_SA_WD_0.01-20_NN_Drift_Seed2_Second,SA,178,bdf2_level,Momentum_x,3.119235063459e+03,3.119235060071e+03,-1.086e-09,
RANS_SA_WD_0.01-20_NN_Drift_Seed2_Second,SA,178,bdf2_level,Momentum_y,3.275321213084e+02,3.275321192244e+02,-6.363e-09,
RANS_SA_WD_0.01-20_NN_Drift_Seed2_Second,SA,178,bdf2_level,Energy,5.616358237435e+04,5.616358236902e+04,-9.484e-11,
RANS_SA_WD_0.01-20_NN_Drift_Seed2_Second,SA,178,bdf2_level,Nu_Tilde,1.588959955097e-03,1.588959409635e-03,-3.433e-07,
RANS_SA_WD_0.01-20_NN_Drift_Seed2_Second,SA,179,state,Density,3.136378599758e+04,3.136378599494e+04,-8.414e-11,2.835e-11
RANS_SA_WD_0.01-20_NN_Drift_Seed2_Second,SA,179,state,Momentum_x,3.119235063350e+03,3.119235059964e+03,-1.086e-09,1.565e-10
RANS_SA_WD_0.01-20_NN_Drift_Seed2_Second,SA,179,state,Momentum_y,3.275321214228e+02,3.275321193603e+02,-6.297e-09,2.756e-09
RANS_SA_WD_0.01-20_NN_Drift_Seed2_Second,SA,179,state,Energy,5.616358237434e+04,5.616358236898e+04,-9.544e-11,3.696e-11
RANS_SA_WD_0.01-20_NN_Drift_Seed2_Second,SA,179,state,Nu_Tilde,1.588959952764e-03,1.588959412875e-03,-3.398e-07,3.275e-07
RANS_SA_WD_0.01-20_NN_Drift_Seed2_Second,SA,188,bdf2_level,Density,3.136378599486e+04,3.136378599639e+04,4.878e-11,
RANS_SA_WD_0.01-20_NN_Drift_Seed2_Second,SA,188,bdf2_level,Momentum_x,3.119235059023e+03,3.119235059037e+03,4.657e-12,
RANS_SA_WD_0.01-20_NN_Drift_Seed2_Second,SA,188,bdf2_level,Momentum_y,3.275321158154e+02,3.275321189297e+02,9.509e-09,
RANS_SA_WD_0.01-20_NN_Drift_Seed2_Second,SA,188,bdf2_level,Energy,5.616358236878e+04,5.616358237221e+04,6.111e-11,
RANS_SA_WD_0.01-20_NN_Drift_Seed2_Second,SA,188,bdf2_level,Nu_Tilde,1.588958846459e-03,1.588958855331e-03,5.584e-09,
RANS_SA_WD_0.01-20_NN_Drift_Seed2_Second,SA,189,state,Density,3.136378599485e+04,3.136378599639e+04,4.908e-11,-8.709e-11
RANS_SA_WD_0.01-20_NN_Drift_Seed2_Second,SA,189,state,Momentum_x,3.119235058921e+03,3.119235058916e+03,-1.581e-12,-1.420e-09
RANS_SA_WD_0.01-20_NN_Drift_Seed2_Second,SA,189,state,Momentum_y,3.275321148436e+02,3.275321179639e+02,9.527e-09,-2.009e-08
RANS_SA_WD_0.01-20_NN_Drift_Seed2_Second,SA,189,state,Energy,5.616358236874e+04,5.616358237220e+04,6.159e-11,-9.967e-11
RANS_SA_WD_0.01-20_NN_Drift_Seed2_Second,SA,189,state,Nu_Tilde,1.588958744063e-03,1.588958744724e-03,4.160e-10,-7.607e-07
RANS_SA_WD_0.01-20_NN_Drift_Seed2_Second,SA,198,bdf2_level,Density,3.136378599618e+04,3.136378599662e+04,1.421e-11,
RANS_SA_WD_0.01-20_NN_Drift_Seed2_Second,SA,198,bdf2_level,Momentum_x,3.119235057967e+03,3.119235057947e+03,-6.348e-12,
RANS_SA_WD_0.01-20_NN_Drift_Seed2_Second,SA,198,bdf2_level,Momentum_y,3.275321173244e+02,3.275321158780e+02,-4.416e-09,
RANS_SA_WD_0.01-20_NN_Drift_Seed2_Second,SA,198,bdf2_level,Energy,5.616358237166e+04,5.616358237101e+04,-1.153e-11,
RANS_SA_WD_0.01-20_NN_Drift_Seed2_Second,SA,198,bdf2_level,Nu_Tilde,1.588958467413e-03,1.588958702533e-03,1.480e-07,
RANS_SA_WD_0.01-20_NN_Drift_Seed2_Second,SA,199,state,Density,3.136378599614e+04,3.136378599655e+04,1.290e-11,4.125e-11
RANS_SA_WD_0.01-20_NN_Drift_Seed2_Second,SA,199,state,Momentum_x,3.119235057832e+03,3.119235057811e+03,-6.926e-12,-3.489e-10
RANS_SA_WD_0.01-20_NN_Drift_Seed2_Second,SA,199,state,Momentum_y,3.275321176612e+02,3.275321162403e+02,-4.338e-09,8.602e-09
RANS_SA_WD_0.01-20_NN_Drift_Seed2_Second,SA,199,state,Energy,5.616358237157e+04,5.616358237080e+04,-1.357e-11,5.027e-11
RANS_SA_WD_0.01-20_NN_Drift_Seed2_Second,SA,199,state,Nu_Tilde,1.588958496930e-03,1.588958710897e-03,1.347e-07,-1.555e-07
RANS_SA_WD_0.01-20_NN_Drift_Seed2_Second,SA,208,bdf2_level,Density,3.136378599612e+04,3.136378599466e+04,-4.648e-11,
RANS_SA_WD_0.01-20_NN_Drift_Seed2_Second,SA,208,bdf2_level,Momentum_x,3.119235056518e+03,3.119235051910e+03,-1.477e-09,
RANS_SA_WD_0.01-20_NN_Drift_Seed2_Second,SA,208,bdf2_level,Momentum_y,3.275321170290e+02,3.275321138917e+02,-9.578e-09,
RANS_SA_WD_0.01-20_NN_Drift_Seed2_Second,SA,208,bdf2_level,Energy,5.616358236969e+04,5.616358236701e+04,-4.769e-11,
RANS_SA_WD_0.01-20_NN_Drift_Seed2_Second,SA,208,bdf2_level,Nu_Tilde,1.588958794567e-03,1.588958725343e-03,-4.357e-08,
RANS_SA_WD_0.01-20_NN_Drift_Seed2_Second,SA,209,state,Density,3.136378599606e+04,3.136378599461e+04,-4.653e-11,-2.455e-12
RANS_SA_WD_0.01-20_NN_Drift_Seed2_Second,SA,209,state,Momentum_x,3.119235056357e+03,3.119235051689e+03,-1.497e-09,-4.728e-10
RANS_SA_WD_0.01-20_NN_Drift_Seed2_Second,SA,209,state,Momentum_y,3.275321168896e+02,3.275321138029e+02,-9.424e-09,-2.356e-09
RANS_SA_WD_0.01-20_NN_Drift_Seed2_Second,SA,209,state,Energy,5.616358236955e+04,5.616358236686e+04,-4.777e-11,-3.595e-11
RANS_SA_WD_0.01-20_NN_Drift_Seed2_Second,SA,209,state,Nu_Tilde,1.588958795835e-03,1.588958723446e-03,-4.556e-08,1.881e-07
RANS_SA_WD_0.01-20_NN_Drift_Seed2_Second,SA,218,bdf2_level,Density,3.136378599406e+04,3.136378599459e+04,1.697e-11,
RANS_SA_WD_0.01-20_NN_Drift_Seed2_Second,SA,218,bdf2_level,Momentum_x,3.119235050340e+03,3.119235047513e+03,-9.066e-10,
RANS_SA_WD_0.01-20_NN_Drift_Seed2_Second,SA,218,bdf2_level,Momentum_y,3.275321158193e+02,3.275321156327e+02,-5.697e-10,
RANS_SA_WD_0.01-20_NN_Drift_Seed2_Second,SA,218,bdf2_level,Energy,5.616358236545e+04,5.616358236614e+04,1.220e-11,
RANS_SA_WD_0.01-20_NN_Drift_Seed2_Second,SA,218,bdf2_level,Nu_Tilde,1.588958871684e-03,1.588958912166e-03,2.548e-08,
RANS_SA_WD_0.01-20_NN_Drift_Seed2_Second,SA,219,state,Density,3.136378599400e+04,3.136378599451e+04,1.644e-11,-6.589e-11
RANS_SA_WD_0.01-20_NN_Drift_Seed2_Second,SA,219,state,Momentum_x,3.119235050216e+03,3.119235047409e+03,-8.999e-10,-1.969e-09
RANS_SA_WD_0.01-20_NN_Drift_Seed2_Second,SA,219,state,Momentum_y,3.275321166495e+02,3.275321164793e+02,-5.198e-10,-7.329e-10
RANS_SA_WD_0.01-20_NN_Drift_Seed2_Second,SA,219,state,Energy,5.616358236529e+04,5.616358236593e+04,1.141e-11,-7.582e-11
RANS_SA_WD_0.01-20_NN_Drift_Seed2_Second,SA,219,state,Nu_Tilde,1.588958879424e-03,1.588958920858e-03,2.608e-08,5.261e-08
RANS_SA_WD_0.01-20_NN_Drift_Seed2_Second,SA,228,bdf2_level,Density,3.136378599400e+04,3.136378599381e+04,-6.067e-12,
RANS_SA_WD_0.01-20_NN_Drift_Seed2_Second,SA,228,bdf2_level,Momentum_x,3.119235045770e+03,3.119235042429e+03,-1.071e-09,
RANS_SA_WD_0.01-20_NN_Drift_Seed2_Second,SA,228,bdf2_level,Momentum_y,3.275321185154e+02,3.275321197993e+02,3.920e-09,
RANS_SA_WD_0.01-20_NN_Drift_Seed2_Second,SA,228,bdf2_level,Energy,5.616358236460e+04,5.616358236339e+04,-2.155e-11,
RANS_SA_WD_0.01-20_NN_Drift_Seed2_Second,SA,228,bdf2_level,Nu_Tilde,1.588958707555e-03,1.588959841623e-03,7.137e-07,
RANS_SA_WD_0.01-20_NN_Drift_Seed2_Second,SA,229,state,Density,3.136378599396e+04,3.136378599377e+04,-5.959e-12,-1.268e-12
RANS_SA_WD_0.01-20_NN_Drift_Seed2_Second,SA,229,state,Momentum_x,3.119235045573e+03,3.119235042258e+03,-1.063e-09,-1.488e-09
RANS_SA_WD_0.01-20_NN_Drift_Seed2_Second,SA,229,state,Momentum_y,3.275321185404e+02,3.275321198414e+02,3.972e-09,5.773e-09
RANS_SA_WD_0.01-20_NN_Drift_Seed2_Second,SA,229,state,Energy,5.616358236449e+04,5.616358236328e+04,-2.157e-11,-1.426e-11
RANS_SA_WD_0.01-20_NN_Drift_Seed2_Second,SA,229,state,Nu_Tilde,1.588958668374e-03,1.588959782232e-03,7.010e-07,-1.328e-07
RANS_SA_WD_0.01-20_NN_Drift_Seed2_Second,SA,238,bdf2_level,Density,3.136378599356e+04,3.136378599272e+04,-2.675e-11,
RANS_SA_WD_0.01-20_NN_Drift_Seed2_Second,SA,238,bdf2_level,Momentum_x,3.119235040916e+03,3.119235048699e+03,2.495e-09,
RANS_SA_WD_0.01-20_NN_Drift_Seed2_Second,SA,238,bdf2_level,Momentum_y,3.275321208439e+02,3.275321213631e+02,1.585e-09,
RANS_SA_WD_0.01-20_NN_Drift_Seed2_Second,SA,238,bdf2_level,Energy,5.616358236273e+04,5.616358236218e+04,-9.721e-12,
RANS_SA_WD_0.01-20_NN_Drift_Seed2_Second,SA,238,bdf2_level,Nu_Tilde,1.588959468573e-03,1.588957262921e-03,-1.388e-06,
RANS_SA_WD_0.01-20_NN_Drift_Seed2_Second,SA,239,state,Density,3.136378599357e+04,3.136378599270e+04,-2.763e-11,-1.255e-11
RANS_SA_WD_0.01-20_NN_Drift_Seed2_Second,SA,239,state,Momentum_x,3.119235040810e+03,3.119235048605e+03,2.499e-09,-1.527e-09
RANS_SA_WD_0.01-20_NN_Drift_Seed2_Second,SA,239,state,Momentum_y,3.275321206569e+02,3.275321211821e+02,1.604e-09,6.462e-09
RANS_SA_WD_0.01-20_NN_Drift_Seed2_Second,SA,239,state,Energy,5.616358236273e+04,5.616358236211e+04,-1.100e-11,-3.128e-11
RANS_SA_WD_0.01-20_NN_Drift_Seed2_Second,SA,239,state,Nu_Tilde,1.588959437103e-03,1.588957220507e-03,-1.395e-06,4.838e-07
RANS_SA_WD_0.01-20_NN_Drift_Seed2_Second,SA,248,bdf2_level,Density,3.136378599298e+04,3.136378599196e+04,-3.227e-11,
RANS_SA_WD_0.01-20_NN_Drift_Seed2_Second,SA,248,bdf2_level,Momentum_x,3.119235048179e+03,3.119235042708e+03,-1.754e-09,
RANS_SA_WD_0.01-20_NN_Drift_Seed2_Second,SA,248,bdf2_level,Momentum_y,3.275321156393e+02,3.275321155866e+02,-1.610e-10,
RANS_SA_WD_0.01-20_NN_Drift_Seed2_Second,SA,248,bdf2_level,Energy,5.616358236282e+04,5.616358236089e+04,-3.452e-11,
RANS_SA_WD_0.01-20_NN_Drift_Seed2_Second,SA,248,bdf2_level,Nu_Tilde,1.588957234760e-03,1.588959679514e-03,1.539e-06,
RANS_SA_WD_0.01-20_NN_Drift_Seed2_Second,SA,249,state,Density,3.136378599304e+04,3.136378599201e+04,-3.292e-11,-1.672e-11
RANS_SA_WD_0.01-20_NN_Drift_Seed2_Second,SA,249,state,Momentum_x,3.119235048155e+03,3.119235042701e+03,-1.749e-09,2.355e-09
RANS_SA_WD_0.01-20_NN_Drift_Seed2_Second,SA,249,state,Momentum_y,3.275321146668e+02,3.275321146014e+02,-1.997e-10,-1.829e-08
RANS_SA_WD_0.01-20_NN_Drift_Seed2_Second,SA,249,state,Energy,5.616358236299e+04,5.616358236101e+04,-3.528e-11,4.582e-12
RANS_SA_WD_0.01-20_NN_Drift_Seed2_Second,SA,249,state,Nu_Tilde,1.588957292778e-03,1.588959678534e-03,1.501e-06,-1.350e-06
RANS_SA_WD_0.01-20_NN_Drift_Seed2_Second,SA,258,bdf2_level,Density,3.136378599285e+04,3.136378599299e+04,4.693e-12,
RANS_SA_WD_0.01-20_NN_Drift_Seed2_Second,SA,258,bdf2_level,Momentum_x,3.119235042320e+03,3.119235045262e+03,9.431e-10,
RANS_SA_WD_0.01-20_NN_Drift_Seed2_Second,SA,258,bdf2_level,Momentum_y,3.275321156192e+02,3.275321166249e+02,3.071e-09,
RANS_SA_WD_0.01-20_NN_Drift_Seed2_Second,SA,258,bdf2_level,Energy,5.616358236316e+04,5.616358236111e+04,-3.657e-11,
RANS_SA_WD_0.01-20_NN_Drift_Seed2_Second,SA,258,bdf2_level,Nu_Tilde,1.588959866742e-03,1.588960045006e-03,1.122e-07,
RANS_SA_WD_0.01-20_NN_Drift_Seed2_Second,SA,259,state,Density,3.136378599297e+04,3.136378599317e+04,6.534e-12,-2.297e-12
RANS_SA_WD_0.01-20_NN_Drift_Seed2_Second,SA,259,state,Momentum_x,3.119235042279e+03,3.119235045274e+03,9.602e-10,-1.884e-09
RANS_SA_WD_0.01-20_NN_Drift_Seed2_Second,SA,259,state,Momentum_y,3.275321164138e+02,3.275321174221e+02,3.078e-09,5.334e-09
RANS_SA_WD_0.01-20_NN_Drift_Seed2_Second,SA,259,state,Energy,5.616358236347e+04,5.616358236157e+04,-3.397e-11,8.652e-12
RANS_SA_WD_0.01-20_NN_Drift_Seed2_Second,SA,259,state,Nu_Tilde,1.588959868395e-03,1.588960047133e-03,1.125e-07,1.621e-06
RANS_SA_WD_0.01-20_NN_Drift_Seed2_Second,SA,268,bdf2_level,Density,3.136378599447e+04,3.136378599337e+04,-3.483e-11,
RANS_SA_WD_0.01-20_NN_Drift_Seed2_Second,SA,268,bdf2_level,Momentum_x,3.119235044915e+03,3.119235050594e+03,1.821e-09,
RANS_SA_WD_0.01-20_NN_Drift_Seed2_Second,SA,268,bdf2_level,Momentum_y,3.275321216449e+02,3.275321216566e+02,3.573e-11,
RANS_SA_WD_0.01-20_NN_Drift_Seed2_Second,SA,268,bdf2_level,Energy,5.616358236487e+04,5.616358236319e+04,-2.996e-11,
RANS_SA_WD_0.01-20_NN_Drift_Seed2_Second,SA,268,bdf2_level,Nu_Tilde,1.588959821127e-03,1.588959219990e-03,-3.783e-07,
RANS_SA_WD_0.01-20_NN_Drift_Seed2_Second,SA,269,state,Density,3.136378599462e+04,3.136378599354e+04,-3.428e-11,5.259e-11
RANS_SA_WD_0.01-20_NN_Drift_Seed2_Second,SA,269,state,Momentum_x,3.119235044892e+03,3.119235050534e+03,1.809e-09,8.378e-10
RANS_SA_WD_0.01-20_NN_Drift_Seed2_Second,SA,269,state,Momentum_y,3.275321215803e+02,3.275321216301e+02,1.521e-10,1.577e-08
RANS_SA_WD_0.01-20_NN_Drift_Seed2_Second,SA,269,state,Energy,5.616358236526e+04,5.616358236361e+04,-2.940e-11,3.187e-11
RANS_SA_WD_0.01-20_NN_Drift_Seed2_Second,SA,269,state,Nu_Tilde,1.588959779433e-03,1.588959152210e-03,-3.947e-07,-5.599e-08
RANS_SA_WD_0.01-20_NN_Drift_Seed2_Second,SA,278,bdf2_level,Density,3.136378599493e+04,3.136378599379e+04,-3.659e-11,
RANS_SA_WD_0.01-20_NN_Drift_Seed2_Second,SA,278,bdf2_level,Momentum_x,3.119235050452e+03,3.119235055760e+03,1.702e-09,
RANS_SA_WD_0.01-20_NN_Drift_Seed2_Second,SA,278,bdf2_level,Momentum_y,3.275321220704e+02,3.275321209391e+02,-3.454e-09,
RANS_SA_WD_0.01-20_NN_Drift_Seed2_Second,SA,278,bdf2_level,Energy,5.616358236716e+04,5.616358236612e+04,-1.852e-11,
RANS_SA_WD_0.01-20_NN_Drift_Seed2_Second,SA,278,bdf2_level,Nu_Tilde,1.588958553326e-03,1.588957866500e-03,-4.322e-07,
RANS_SA_WD_0.01-20_NN_Drift_Seed2_Second,SA,279,state,Density,3.136378599508e+04,3.136378599391e+04,-3.718e-11,1.473e-11
RANS_SA_WD_0.01-20_NN_Drift_Seed2_Second,SA,279,state,Momentum_x,3.119235050452e+03,3.119235055778e+03,1.707e-09,1.782e-09
RANS_SA_WD_0.01-20_NN_Drift_Seed2_Second,SA,279,state,Momentum_y,3.275321219050e+02,3.275321207692e+02,-3.468e-09,9.915e-10
RANS_SA_WD_0.01-20_NN_Drift_Seed2_Second,SA,279,state,Energy,5.616358236753e+04,5.616358236644e+04,-1.941e-11,4.033e-11
RANS_SA_WD_0.01-20_NN_Drift_Seed2_Second,SA,279,state,Nu_Tilde,1.588958482707e-03,1.588957777715e-03,-4.437e-07,-8.161e-07
RANS_SA_WD_0.01-20_NN_Drift_Seed2_Second,SA,288,bdf2_level,Density,3.136378599507e+04,3.136378599693e+04,5.938e-11,
RANS_SA_WD_0.01-20_NN_Drift_Seed2_Second,SA,288,bdf2_level,Momentum_x,3.119235055505e+03,3.119235055123e+03,-1.226e-10,
RANS_SA_WD_0.01-20_NN_Drift_Seed2_Second,SA,288,bdf2_level,Momentum_y,3.275321199261e+02,3.275321241045e+02,1.276e-08,
RANS_SA_WD_0.01-20_NN_Drift_Seed2_Second,SA,288,bdf2_level,Energy,5.616358236938e+04,5.616358237072e+04,2.394e-11,
RANS_SA_WD_0.01-20_NN_Drift_Seed2_Second,SA,288,bdf2_level,Nu_Tilde,1.588957356846e-03,1.588957652921e-03,1.863e-07,
RANS_SA_WD_0.01-20_NN_Drift_Seed2_Second,SA,289,state,Density,3.136378599518e+04,3.136378599702e+04,5.870e-11,3.106e-12
RANS_SA_WD_0.01-20_NN_Drift_Seed2_Second,SA,289,state,Momentum_x,3.119235055426e+03,3.119235055063e+03,-1.163e-10,1.595e-09
RANS_SA_WD_0.01-20_NN_Drift_Seed2_Second,SA,289,state,Momentum_y,3.275321201856e+02,3.275321243588e+02,1.274e-08,-5.250e-09
RANS_SA_WD_0.01-20_NN_Drift_Seed2_Second,SA,289,state,Energy,5.616358236965e+04,5.616358237094e+04,2.306e-11,3.772e-11
RANS_SA_WD_0.01-20_NN_Drift_Seed2_Second,SA,289,state,Nu_Tilde,1.588957334873e-03,1.588957635837e-03,1.894e-07,-7.224e-07
RANS_SA_WD_0.01-20_NN_Drift_Seed2_Second,SA,298,bdf2_level,Density,3.136378599771e+04,3.136378599518e+04,-8.058e-11,
RANS_SA_WD_0.01-20_NN_Drift_Seed2_Second,SA,298,bdf2_level,Momentum_x,3.119235054249e+03,3.119235046198e+03,-2.581e-09,
RANS_SA_WD_0.01-20_NN_Drift_Seed2_Second,SA,298,bdf2_level,Momentum_y,3.275321220377e+02,3.275321228699e+02,2.541e-09,
RANS_SA_WD_0.01-20_NN_Drift_Seed2_Second,SA,298,bdf2_level,Energy,5.616358237267e+04,5.616358236972e+04,-5.257e-11,
RANS_SA_WD_0.01-20_NN_Drift_Seed2_Second,SA,298,bdf2_level,Nu_Tilde,1.588957458780e-03,1.588958910192e-03,9.134e-07,
RANS_SA_WD_0.01-20_NN_Drift_Seed2_Second,SA,299,state,Density,3.136378599775e+04,3.136378599523e+04,-8.032e-11,8.208e-11
RANS_SA_WD_0.01-20_NN_Drift_Seed2_Second,SA,299,state,Momentum_x,3.119235054127e+03,3.119235046130e+03,-2.564e-09,-4.164e-10
RANS_SA_WD_0.01-20_NN_Drift_Seed2_Second,SA,299,state,Momentum_y,3.275321215902e+02,3.275321224497e+02,2.624e-09,4.288e-09
RANS_SA_WD_0.01-20_NN_Drift_Seed2_Second,SA,299,state,Energy,5.616358237279e+04,5.616358236986e+04,-5.213e-11,5.590e-11
RANS_SA_WD_0.01-20_NN_Drift_Seed2_Second,SA,299,state,Nu_Tilde,1.588957435556e-03,1.588958869436e-03,9.024e-07,6.336e-08
RANS_SA_WD_0.01-20_NN_Drift_Seed2_Second,SA,308,bdf2_level,Density,3.136378599538e+04,3.136378599526e+04,-3.821e-12,
RANS_SA_WD_0.01-20_NN_Drift_Seed2_Second,SA,308,bdf2_level,Momentum_x,3.119235045155e+03,3.119235046056e+03,2.889e-10,
RANS_SA_WD_0.01-20_NN_Drift_Seed2_Second,SA,308,bdf2_level,Momentum_y,3.275321228089e+02,3.275321235388e+02,2.229e-09,
RANS_SA_WD_0.01-20_NN_Drift_Seed2_Second,SA,308,bdf2_level,Energy,5.616358237020e+04,5.616358236932e+04,-1.557e-11,
RANS_SA_WD_0.01-20_NN_Drift_Seed2_Second,SA,308,bdf2_level,Nu_Tilde,1.588958528552e-03,1.588958270558e-03,-1.624e-07,
RANS_SA_WD_0.01-20_NN_Drift_Seed2_Second,SA,309,state,Density,3.136378599536e+04,3.136378599522e+04,-4.554e-12,-7.616e-11
RANS_SA_WD_0.01-20_NN_Drift_Seed2_Second,SA,309,state,Momentum_x,3.119235045047e+03,3.119235045913e+03,2.776e-10,-2.911e-09
RANS_SA_WD_0.01-20_NN_Drift_Seed2_Second,SA,309,state,Momentum_y,3.275321226173e+02,3.275321233434e+02,2.217e-09,3.136e-09
RANS_SA_WD_0.01-20_NN_Drift_Seed2_Second,SA,309,state,Energy,5.616358237016e+04,5.616358236923e+04,-1.661e-11,-4.682e-11
RANS_SA_WD_0.01-20_NN_Drift_Seed2_Second,SA,309,state,Nu_Tilde,1.588958464955e-03,1.588958197590e-03,-1.683e-07,6.478e-07
RANS_SA_WD_0.01-20_NN_Drift_Seed2_Second,SA,318,bdf2_level,Density,3.136378599489e+04,3.136378599552e+04,2.018e-11,
RANS_SA_WD_0.01-20_NN_Drift_Seed2_Second,SA,318,bdf2_level,Momentum_x,3.119235044849e+03,3.119235047717e+03,9.195e-10,
RANS_SA_WD_0.01-20_NN_Drift_Seed2_Second,SA,318,bdf2_level,Momentum_y,3.275321195387e+02,3.275321193777e+02,-4.915e-10,
RANS_SA_WD_0.01-20_NN_Drift_Seed2_Second,SA,318,bdf2_level,Energy,5.616358236835e+04,5.616358236948e+04,2.020e-11,
RANS_SA_WD_0.01-20_NN_Drift_Seed2_Second,SA,318,bdf2_level,Nu_Tilde,1.588957391758e-03,1.588956592374e-03,-5.031e-07,
RANS_SA_WD_0.01-20_NN_Drift_Seed2_Second,SA,319,state,Density,3.136378599483e+04,3.136378599544e+04,1.927e-11,-1.696e-11
RANS_SA_WD_0.01-20_NN_Drift_Seed2_Second,SA,319,state,Momentum_x,3.119235044745e+03,3.119235047568e+03,9.049e-10,-9.689e-11
RANS_SA_WD_0.01-20_NN_Drift_Seed2_Second,SA,319,state,Momentum_y,3.275321191211e+02,3.275321189944e+02,-3.868e-10,-1.067e-08
RANS_SA_WD_0.01-20_NN_Drift_Seed2_Second,SA,319,state,Energy,5.616358236821e+04,5.616358236927e+04,1.884e-11,-3.470e-11
RANS_SA_WD_0.01-20_NN_Drift_Seed2_Second,SA,319,state,Nu_Tilde,1.588957316028e-03,1.588956509052e-03,-5.079e-07,-7.231e-07
RANS_SA_WD_0.01-20_NN_Drift_Seed2_Second,SA,328,bdf2_level,Density,3.136378599487e+04,3.136378599451e+04,-1.153e-11,
RANS_SA_WD_0.01-20_NN_Drift_Seed2_Second,SA,328,bdf2_level,Momentum_x,3.119235046857e+03,3.119235041959e+03,-1.570e-09,
RANS_SA_WD_0.01-20_NN_Drift_Seed2_Second,SA,328,bdf2_level,Momentum_y,3.275321174651e+02,3.275321209033e+02,1.050e-08,
RANS_SA_WD_0.01-20_NN_Drift_Seed2_Second,SA,328,bdf2_level,Energy,5.616358236782e+04,5.616358236680e+04,-1.806e-11,
RANS_SA_WD_0.01-20_NN_Drift_Seed2_Second,SA,328,bdf2_level,Nu_Tilde,1.588956344083e-03,1.588957031257e-03,4.325e-07,
RANS_SA_WD_0.01-20_NN_Drift_Seed2_Second,SA,329,state,Density,3.136378599481e+04,3.136378599446e+04,-1.104e-11,-8.378e-13
RANS_SA_WD_0.01-20_NN_Drift_Seed2_Second,SA,329,state,Momentum_x,3.119235046780e+03,3.119235041923e+03,-1.557e-09,6.523e-10
RANS_SA_WD_0.01-20_NN_Drift_Seed2_Second,SA,329,state,Momentum_y,3.275321171592e+02,3.275321206421e+02,1.063e-08,-5.990e-09
RANS_SA_WD_0.01-20_NN_Drift_Seed2_Second,SA,329,state,Energy,5.616358236766e+04,5.616358236668e+04,-1.740e-11,-9.812e-12
RANS_SA_WD_0.01-20_NN_Drift_Seed2_Second,SA,329,state,Nu_Tilde,1.588956357023e-03,1.588957016920e-03,4.153e-07,-6.035e-07
RANS_SA_WD_0.01-20_NN_Drift_Seed2_Second,SA,338,bdf2_level,Density,3.136378599397e+04,3.136378599287e+04,-3.515e-11,
RANS_SA_WD_0.01-20_NN_Drift_Seed2_Second,SA,338,bdf2_level,Momentum_x,3.119235041109e+03,3.119235038576e+03,-8.122e-10,
RANS_SA_WD_0.01-20_NN_Drift_Seed2_Second,SA,338,bdf2_level,Momentum_y,3.275321233115e+02,3.275321249680e+02,5.058e-09,
RANS_SA_WD_0.01-20_NN_Drift_Seed2_Second,SA,338,bdf2_level,Energy,5.616358236547e+04,5.616358236433e+04,-2.031e-11,
RANS_SA_WD_0.01-20_NN_Drift_Seed2_Second,SA,338,bdf2_level,Nu_Tilde,1.588956648292e-03,1.588958199252e-03,9.761e-07,
RANS_SA_WD_0.01-20_NN_Drift_Seed2_Second,SA,339,state,Density,3.136378599393e+04,3.136378599280e+04,-3.612e-11,-2.796e-11
RANS_SA_WD_0.01-20_NN_Drift_Seed2_Second,SA,339,state,Momentum_x,3.119235041029e+03,3.119235038459e+03,-8.242e-10,-1.844e-09
RANS_SA_WD_0.01-20_NN_Drift_Seed2_Second,SA,339,state,Momentum_y,3.275321237533e+02,3.275321254148e+02,5.073e-09,2.013e-08
RANS_SA_WD_0.01-20_NN_Drift_Seed2_Second,SA,339,state,Energy,5.616358236536e+04,5.616358236413e+04,-2.199e-11,-4.088e-11
RANS_SA_WD_0.01-20_NN_Drift_Seed2_Second,SA,339,state,Nu_Tilde,1.588956616967e-03,1.588958188535e-03,9.891e-07,1.636e-07
RANS_SA_WD_0.01-20_NN_Drift_Seed2_Second,SA,348,bdf2_level,Density,3.136378599256e+04,3.136378599309e+04,1.666e-11,
RANS_SA_WD_0.01-20_NN_Drift_Seed2_Second,SA,348,bdf2_level,Momentum_x,3.119235038258e+03,3.119235041909e+03,1.171e-09,
RANS_SA_WD_0.01-20_NN_Drift_Seed2_Second,SA,348,bdf2_level,Momentum_y,3.275321241583e+02,3.275321248231e+02,2.030e-09,
RANS_SA_WD_0.01-20_NN_Drift_Seed2_Second,SA,348,bdf2_level,Energy,5.616358236360e+04,5.616358236352e+04,-1.290e-12,
RANS_SA_WD_0.01-20_NN_Drift_Seed2_Second,SA,348,bdf2_level,Nu_Tilde,1.588958247003e-03,1.588956379832e-03,-1.175e-06,
RANS_SA_WD_0.01-20_NN_Drift_Seed2_Second,SA,349,state,Density,3.136378599256e+04,3.136378599309e+04,1.682e-11,-4.359e-11
RANS_SA_WD_0.01-20_NN_Drift_Seed2_Second,SA,349,state,Momentum_x,3.119235038279e+03,3.119235041937e+03,1.173e-09,-8.818e-10
RANS_SA_WD_0.01-20_NN_Drift_Seed2_Second,SA,349,state,Momentum_y,3.275321239602e+02,3.275321246436e+02,2.086e-09,6.317e-10
RANS_SA_WD_0.01-20_NN_Drift_Seed2_Second,SA,349,state,Energy,5.616358236360e+04,5.616358236354e+04,-1.092e-12,-3.145e-11
RANS_SA_WD_0.01-20_NN_Drift_Seed2_Second,SA,349,state,Nu_Tilde,1.588958240933e-03,1.588956371614e-03,-1.176e-06,1.022e-06
RANS_SA_WD_0.01-20_NN_Drift_Seed2_Second,SA,358,bdf2_level,Density,3.136378599325e+04,3.136378599216e+04,-3.495e-11,
RANS_SA_WD_0.01-20_NN_Drift_Seed2_Second,SA,358,bdf2_level,Momentum_x,3.119235042430e+03,3.119235037428e+03,-1.603e-09,
RANS_SA_WD_0.01-20_NN_Drift_Seed2_Second,SA,358,bdf2_level,Momentum_y,3.275321223305e+02,3.275321226495e+02,9.739e-10,
RANS_SA_WD_0.01-20_NN_Drift_Seed2_Second,SA,358,bdf2_level,Energy,5.616358236405e+04,5.616358236372e+04,-5.872e-12,
RANS_SA_WD_0.01-20_NN_Drift_Seed2_Second,SA,358,bdf2_level,Nu_Tilde,1.588956140992e-03,1.588957808157e-03,1.049e-06,
RANS_SA_WD_0.01-20_NN_Drift_Seed2_Second,SA,359,state,Density,3.136378599329e+04,3.136378599221e+04,-3.445e-11,2.332e-11
RANS_SA_WD_0.01-20_NN_Drift_Seed2_Second,SA,359,state,Momentum_x,3.119235042497e+03,3.119235037505e+03,-1.600e-09,1.352e-09
RANS_SA_WD_0.01-20_NN_Drift_Seed2_Second,SA,359,state,Momentum_y,3.275321219352e+02,3.275321223008e+02,1.116e-09,-6.182e-09
RANS_SA_WD_0.01-20_NN_Drift_Seed2_Second,SA,359,state,Energy,5.616358236416e+04,5.616358236387e+04,-5.143e-12,9.978e-12
RANS_SA_WD_0.01-20_NN_Drift_Seed2_Second,SA,359,state,Nu_Tilde,1.588956121987e-03,1.588957775303e-03,1.041e-06,-1.334e-06
RANS_SA_WD_0.01-20_NN_Drift_Seed2_Second,SA,368,bdf2_level,Density,3.136378599272e+04,3.136378599068e+04,-6.525e-11,
RANS_SA_WD_0.01-20_NN_Drift_Seed2_Second,SA,368,bdf2_level,Momentum_x,3.119235038010e+03,3.119235032419e+03,-1.793e-09,
RANS_SA_WD_0.01-20_NN_Drift_Seed2_Second,SA,368,bdf2_level,Momentum_y,3.275321200027e+02,3.275321226789e+02,8.171e-09,
RANS_SA_WD_0.01-20_NN_Drift_Seed2_Second,SA,368,bdf2_level,Energy,5.616358236528e+04,5.616358236297e+04,-4.113e-11,
RANS_SA_WD_0.01-20_NN_Drift_Seed2_Second,SA,368,bdf2_level,Nu_Tilde,1.588957555735e-03,1.588957221954e-03,-2.101e-07,
RANS_SA_WD_0.01-20_NN_Drift_Seed2_Second,SA,369,state,Density,3.136378599279e+04,3.136378599076e+04,-6.484e-11,-1.591e-11
RANS_SA_WD_0.01-20_NN_Drift_Seed2_Second,SA,369,state,Momentum_x,3.119235038056e+03,3.119235032444e+03,-1.799e-09,-1.424e-09
RANS_SA_WD_0.01-20_NN_Drift_Seed2_Second,SA,369,state,Momentum_y,3.275321198100e+02,3.275321225179e+02,8.268e-09,-6.489e-09
RANS_SA_WD_0.01-20_NN_Drift_Seed2_Second,SA,369,state,Energy,5.616358236548e+04,5.616358236321e+04,-4.029e-11,2.348e-11
RANS_SA_WD_0.01-20_NN_Drift_Seed2_Second,SA,369,state,Nu_Tilde,1.588957541805e-03,1.588957201948e-03,-2.139e-07,8.936e-07
RANS_SA_WD_0.01-20_NN_Drift_Seed2_Second,SA,378,bdf2_level,Density,3.136378599150e+04,3.136378599224e+04,2.353e-11,
RANS_SA_WD_0.01-20_NN_Drift_Seed2_Second,SA,378,bdf2_level,Momentum_x,3.119235032822e+03,3.119235039012e+03,1.984e-09,
RANS_SA_WD_0.01-20_NN_Drift_Seed2_Second,SA,378,bdf2_level,Momentum_y,3.275321231238e+02,3.275321234978e+02,1.142e-09,
RANS_SA_WD_0.01-20_NN_Drift_Seed2_Second,SA,378,bdf2_level,Energy,5.616358236523e+04,5.616358236327e+04,-3.485e-11,
RANS_SA_WD_0.01-20_NN_Drift_Seed2_Second,SA,378,bdf2_level,Nu_Tilde,1.588957470723e-03,1.588956910358e-03,-3.527e-07,
RANS_SA_WD_0.01-20_NN_Drift_Seed2_Second,SA,379,state,Density,3.136378599159e+04,3.136378599232e+04,2.315e-11,-3.829e-11
RANS_SA_WD_0.01-20_NN_Drift_Seed2_Second,SA,379,state,Momentum_x,3.119235032857e+03,3.119235039049e+03,1.985e-09,-1.667e-09
RANS_SA_WD_0.01-20_NN_Drift_Seed2_Second,SA,379,state,Momentum_y,3.275321227776e+02,3.275321231328e+02,1.084e-09,9.060e-09
RANS_SA_WD_0.01-20_NN_Drift_Seed2_Second,SA,379,state,Energy,5.616358236547e+04,5.616358236349e+04,-3.519e-11,-8.382e-14
RANS_SA_WD_0.01-20_NN_Drift_Seed2_Second,SA,379,state,Nu_Tilde,1.588957517249e-03,1.588956933081e-03,-3.676e-07,-1.545e-08
RANS_SA_WD_0.01-20_NN_Drift_Seed2_Second,SA,388,bdf2_level,Density,3.136378599318e+04,3.136378599347e+04,9.104e-12,
RANS_SA_WD_0.01-20_NN_Drift_Seed2_Second,SA,388,bdf2_level,Momentum_x,3.119235039682e+03,3.119235051454e+03,3.774e-09,
RANS_SA_WD_0.01-20_NN_Drift_Seed2_Second,SA,388,bdf2_level,Momentum_y,3.275321222119e+02,3.275321256186e+02,1.040e-08,
RANS_SA_WD_0.01-20_NN_Drift_Seed2_Second,SA,388,bdf2_level,Energy,5.616358236581e+04,5.616358236749e+04,3.002e-11,
RANS_SA_WD_0.01-20_NN_Drift_Seed2_Second,SA,388,bdf2_level,Nu_Tilde,1.588956981244e-03,1.588955321423e-03,-1.045e-06,
RANS_SA_WD_0.01-20_NN_Drift_Seed2_Second,SA,389,state,Density,3.136378599328e+04,3.136378599361e+04,1.049e-11,5.388e-11
RANS_SA_WD_0.01-20_NN_Drift_Seed2_Second,SA,389,state,Momentum_x,3.119235039740e+03,3.119235051543e+03,3.784e-09,2.207e-09
RANS_SA_WD_0.01-20_NN_Drift_Seed2_Second,SA,389,state,Momentum_y,3.275321220724e+02,3.275321254965e+02,1.045e-08,-2.153e-09
RANS_SA_WD_0.01-20_NN_Drift_Seed2_Second,SA,389,state,Energy,5.616358236608e+04,5.616358236788e+04,3.204e-11,1.079e-11
RANS_SA_WD_0.01-20_NN_Drift_Seed2_Second,SA,389,state,Nu_Tilde,1.588956965231e-03,1.588955257849e-03,-1.075e-06,-3.474e-07
RANS_SA_WD_0.01-20_NN_Drift_Seed2_Second,SA,398,bdf2_level,Density,3.136378599458e+04,3.136378599483e+04,7.820e-12,
RANS_SA_WD_0.01-20_NN_Drift_Seed2_Second,SA,398,bdf2_level,Momentum_x,3.119235051850e+03,3.119235051386e+03,-1.487e-10,
RANS_SA_WD_0.01-20_NN_Drift_Seed2_Second,SA,398,bdf2_level,Momentum_y,3.275321249556e+02,3.275321238932e+02,-3.244e-09,
RANS_SA_WD_0.01-20_NN_Drift_Seed2_Second,SA,398,bdf2_level,Energy,5.616358237045e+04,5.616358236970e+04,-1.335e-11,
RANS_SA_WD_0.01-20_NN_Drift_Seed2_Second,SA,398,bdf2_level,Nu_Tilde,1.588955362192e-03,1.588956537052e-03,7.394e-07,
RANS_SA_WD_0.01-20_NN_Drift_Seed2_Second,SA,399,state,Density,3.136378599469e+04,3.136378599490e+04,6.504e-12,4.503e-11
RANS_SA_WD_0.01-20_NN_Drift_Seed2_Second,SA,399,state,Momentum_x,3.119235051870e+03,3.119235051395e+03,-1.523e-10,3.889e-09
RANS_SA_WD_0.01-20_NN_Drift_Seed2_Second,SA,399,state,Momentum_y,3.275321253454e+02,3.275321242833e+02,-3.243e-09,9.993e-09
RANS_SA_WD_0.01-20_NN_Drift_Seed2_Second,SA,399,state,Energy,5.616358237074e+04,5.616358236988e+04,-1.527e-11,8.306e-11
RANS_SA_WD_0.01-20_NN_Drift_Seed2_Second,SA,399,state,Nu_Tilde,1.588955375348e-03,1.588956545162e-03,7.362e-07,-1.001e-06
RANS_SA_WD_0.05-0.10_ConsGalerkinProj_OneShot_Second,SA,198,bdf2_level,Density,3.136378599932e+04,3.136378599932e+04,-9.163e-15,
RANS_SA_WD_0.05-0.10_ConsGalerkinProj_OneShot_Second,SA,198,bdf2_level,Momentum_x,3.119235069001e+03,3.119235069003e+03,6.753e-13,
RANS_SA_WD_0.05-0.10_ConsGalerkinProj_OneShot_Second,SA,198,bdf2_level,Momentum_y,3.275320982970e+02,3.275320982898e+02,-2.204e-11,
RANS_SA_WD_0.05-0.10_ConsGalerkinProj_OneShot_Second,SA,198,bdf2_level,Energy,5.616358237639e+04,5.616358237639e+04,-1.295e-14,
RANS_SA_WD_0.05-0.10_ConsGalerkinProj_OneShot_Second,SA,198,bdf2_level,Nu_Tilde,1.588962734081e-03,1.588962734076e-03,-3.471e-12,
RANS_SA_WD_0.05-0.10_ConsGalerkinProj_OneShot_Second,SA,199,state,Density,3.136378599932e+04,3.136378599932e+04,-1.067e-14,
RANS_SA_WD_0.05-0.10_ConsGalerkinProj_OneShot_Second,SA,199,state,Momentum_x,3.119235069001e+03,3.119235069003e+03,6.769e-13,
RANS_SA_WD_0.05-0.10_ConsGalerkinProj_OneShot_Second,SA,199,state,Momentum_y,3.275320982970e+02,3.275320982898e+02,-2.204e-11,
RANS_SA_WD_0.05-0.10_ConsGalerkinProj_OneShot_Second,SA,199,state,Energy,5.616358237639e+04,5.616358237639e+04,-1.373e-14,
RANS_SA_WD_0.05-0.10_ConsGalerkinProj_OneShot_Second,SA,199,state,Nu_Tilde,1.588962734081e-03,1.588962734076e-03,-3.471e-12,
RANS_SA_WD_0.05-0.10_ConsGalerkinProj_OneShot_Second,SA,398,bdf2_level,Density,3.136378599933e+04,3.136378599932e+04,-2.336e-13,
RANS_SA_WD_0.05-0.10_ConsGalerkinProj_OneShot_Second,SA,398,bdf2_level,Momentum_x,3.119235070271e+03,3.119235070275e+03,1.232e-12,
RANS_SA_WD_0.05-0.10_ConsGalerkinProj_OneShot_Second,SA,398,bdf2_level,Momentum_y,3.275320682254e+02,3.275320682376e+02,3.711e-11,
RANS_SA_WD_0.05-0.10_ConsGalerkinProj_OneShot_Second,SA,398,bdf2_level,Energy,5.616358237640e+04,5.616358237639e+04,-2.967e-13,
RANS_SA_WD_0.05-0.10_ConsGalerkinProj_OneShot_Second,SA,398,bdf2_level,Nu_Tilde,1.588963325202e-03,1.588963325190e-03,-7.467e-12,
RANS_SA_WD_0.05-0.10_ConsGalerkinProj_OneShot_Second,SA,399,state,Density,3.136378599933e+04,3.136378599932e+04,-2.348e-13,3.671e-13
RANS_SA_WD_0.05-0.10_ConsGalerkinProj_OneShot_Second,SA,399,state,Momentum_x,3.119235070283e+03,3.119235070287e+03,1.228e-12,4.109e-10
RANS_SA_WD_0.05-0.10_ConsGalerkinProj_OneShot_Second,SA,399,state,Momentum_y,3.275320680513e+02,3.275320680635e+02,3.711e-11,-9.234e-08
RANS_SA_WD_0.05-0.10_ConsGalerkinProj_OneShot_Second,SA,399,state,Energy,5.616358237640e+04,5.616358237639e+04,-2.973e-13,2.428e-13
RANS_SA_WD_0.05-0.10_ConsGalerkinProj_OneShot_Second,SA,399,state,Nu_Tilde,1.588963327630e-03,1.588963327618e-03,-7.463e-12,3.735e-07
RANS_SA_WD_0.10-0.15_ConsGalerkinProj_OneShot_SF2_Second,SA,198,bdf2_level,Density,3.136378599932e+04,3.136378599932e+04,2.714e-14,
RANS_SA_WD_0.10-0.15_ConsGalerkinProj_OneShot_SF2_Second,SA,198,bdf2_level,Momentum_x,3.119235069001e+03,3.119235068994e+03,-2.328e-12,
RANS_SA_WD_0.10-0.15_ConsGalerkinProj_OneShot_SF2_Second,SA,198,bdf2_level,Momentum_y,3.275320982970e+02,3.275320982993e+02,7.106e-12,
RANS_SA_WD_0.10-0.15_ConsGalerkinProj_OneShot_SF2_Second,SA,198,bdf2_level,Energy,5.616358237639e+04,5.616358237639e+04,1.166e-14,
RANS_SA_WD_0.10-0.15_ConsGalerkinProj_OneShot_SF2_Second,SA,198,bdf2_level,Nu_Tilde,1.588962734081e-03,1.588962734081e-03,-1.410e-13,
RANS_SA_WD_0.10-0.15_ConsGalerkinProj_OneShot_SF2_Second,SA,199,state,Density,3.136378599932e+04,3.136378599932e+04,2.610e-14,
RANS_SA_WD_0.10-0.15_ConsGalerkinProj_OneShot_SF2_Second,SA,199,state,Momentum_x,3.119235069001e+03,3.119235068994e+03,-2.329e-12,
RANS_SA_WD_0.10-0.15_ConsGalerkinProj_OneShot_SF2_Second,SA,199,state,Momentum_y,3.275320982970e+02,3.275320982993e+02,7.106e-12,
RANS_SA_WD_0.10-0.15_ConsGalerkinProj_OneShot_SF2_Second,SA,199,state,Energy,5.616358237639e+04,5.616358237639e+04,1.218e-14,
RANS_SA_WD_0.10-0.15_ConsGalerkinProj_OneShot_SF2_Second,SA,199,state,Nu_Tilde,1.588962734081e-03,1.588962734081e-03,-1.400e-13,
RANS_SA_WD_0.10-0.15_ConsGalerkinProj_OneShot_SF2_Second,SA,398,bdf2_level,Density,3.136378599933e+04,3.136378599932e+04,-9.767e-14,
RANS_SA_WD_0.10-0.15_ConsGalerkinProj_OneShot_SF2_Second,SA,398,bdf2_level,Momentum_x,3.119235070311e+03,3.119235070308e+03,-1.070e-12,
RANS_SA_WD_0.10-0.15_ConsGalerkinProj_OneShot_SF2_Second,SA,398,bdf2_level,Momentum_y,3.275320564620e+02,3.275320564646e+02,8.042e-12,
RANS_SA_WD_0.10-0.15_ConsGalerkinProj_OneShot_SF2_Second,SA,398,bdf2_level,Energy,5.616358237637e+04,5.616358237637e+04,-1.295e-13,
RANS_SA_WD_0.10-0.15_ConsGalerkinProj_OneShot_SF2_Second,SA,398,bdf2_level,Nu_Tilde,1.588963492443e-03,1.588963492441e-03,-1.337e-12,
RANS_SA_WD_0.10-0.15_ConsGalerkinProj_OneShot_SF2_Second,SA,399,state,Density,3.136378599933e+04,3.136378599932e+04,-9.883e-14,2.298e-13
RANS_SA_WD_0.10-0.15_ConsGalerkinProj_OneShot_SF2_Second,SA,399,state,Momentum_x,3.119235070322e+03,3.119235070318e+03,-1.068e-12,4.233e-10
RANS_SA_WD_0.10-0.15_ConsGalerkinProj_OneShot_SF2_Second,SA,399,state,Momentum_y,3.275320562353e+02,3.275320562380e+02,8.044e-12,-1.284e-07
RANS_SA_WD_0.10-0.15_ConsGalerkinProj_OneShot_SF2_Second,SA,399,state,Energy,5.616358237637e+04,5.616358237637e+04,-1.314e-13,-2.675e-13
RANS_SA_WD_0.10-0.15_ConsGalerkinProj_OneShot_SF2_Second,SA,399,state,Nu_Tilde,1.588963496890e-03,1.588963496888e-03,-1.335e-12,4.801e-07
RANS_SA_WD_0.10-0.15_ConsGalerkinProj_OneShot_Second,SA,198,bdf2_level,Density,3.136378599932e+04,3.136378599932e+04,1.276e-14,
RANS_SA_WD_0.10-0.15_ConsGalerkinProj_OneShot_Second,SA,198,bdf2_level,Momentum_x,3.119235069001e+03,3.119235068998e+03,-1.008e-12,
RANS_SA_WD_0.10-0.15_ConsGalerkinProj_OneShot_Second,SA,198,bdf2_level,Momentum_y,3.275320982970e+02,3.275320982972e+02,5.897e-13,
RANS_SA_WD_0.10-0.15_ConsGalerkinProj_OneShot_Second,SA,198,bdf2_level,Energy,5.616358237639e+04,5.616358237639e+04,1.684e-15,
RANS_SA_WD_0.10-0.15_ConsGalerkinProj_OneShot_Second,SA,198,bdf2_level,Nu_Tilde,1.588962734081e-03,1.588962734081e-03,-6.114e-14,
RANS_SA_WD_0.10-0.15_ConsGalerkinProj_OneShot_Second,SA,199,state,Density,3.136378599932e+04,3.136378599932e+04,1.206e-14,
RANS_SA_WD_0.10-0.15_ConsGalerkinProj_OneShot_Second,SA,199,state,Momentum_x,3.119235069001e+03,3.119235068998e+03,-1.008e-12,
RANS_SA_WD_0.10-0.15_ConsGalerkinProj_OneShot_Second,SA,199,state,Momentum_y,3.275320982970e+02,3.275320982972e+02,5.868e-13,
RANS_SA_WD_0.10-0.15_ConsGalerkinProj_OneShot_Second,SA,199,state,Energy,5.616358237639e+04,5.616358237639e+04,1.166e-15,
RANS_SA_WD_0.10-0.15_ConsGalerkinProj_OneShot_Second,SA,199,state,Nu_Tilde,1.588962734081e-03,1.588962734081e-03,-6.045e-14,
RANS_SA_WD_0.10-0.15_ConsGalerkinProj_OneShot_Second,SA,398,bdf2_level,Density,3.136378599933e+04,3.136378599933e+04,-8.236e-15,
RANS_SA_WD_0.10-0.15_ConsGalerkinProj_OneShot_Second,SA,398,bdf2_level,Momentum_x,3.119235069080e+03,3.119235069079e+03,-3.168e-13,
RANS_SA_WD_0.10-0.15_ConsGalerkinProj_OneShot_Second,SA,398,bdf2_level,Momentum_y,3.275320778477e+02,3.275320778486e+02,2.632e-12,
RANS_SA_WD_0.10-0.15_ConsGalerkinProj_OneShot_Second,SA,398,bdf2_level,Energy,5.616358237636e+04,5.616358237636e+04,-1.671e-14,
RANS_SA_WD_0.10-0.15_ConsGalerkinProj_OneShot_Second,SA,398,bdf2_level,Nu_Tilde,1.588962676127e-03,1.588962676126e-03,-2.530e-13,
RANS_SA_WD_0.10-0.15_ConsGalerkinProj_OneShot_Second,SA,399,state,Density,3.136378599933e+04,3.136378599933e+04,-9.859e-15,3.036e-13
RANS_SA_WD_0.10-0.15_ConsGalerkinProj_OneShot_Second,SA,399,state,Momentum_x,3.119235069083e+03,3.119235069082e+03,-3.171e-13,2.630e-11
RANS_SA_WD_0.10-0.15_ConsGalerkinProj_OneShot_Second,SA,399,state,Momentum_y,3.275320777299e+02,3.275320777308e+02,2.631e-12,-6.279e-08
RANS_SA_WD_0.10-0.15_ConsGalerkinProj_OneShot_Second,SA,399,state,Energy,5.616358237636e+04,5.616358237636e+04,-1.451e-14,-5.023e-13
RANS_SA_WD_0.10-0.15_ConsGalerkinProj_OneShot_Second,SA,399,state,Nu_Tilde,1.588962676279e-03,1.588962676279e-03,-2.506e-13,-3.638e-08
RANS_SA_WD_0.20-0.25_ConsGalerkinProj_OneShot_Long_Second,SA,398,bdf2_level,Density,3.136378599932e+04,3.136378599932e+04,2.320e-16,
RANS_SA_WD_0.20-0.25_ConsGalerkinProj_OneShot_Long_Second,SA,398,bdf2_level,Momentum_x,3.119235069001e+03,3.119235069001e+03,1.749e-15,
RANS_SA_WD_0.20-0.25_ConsGalerkinProj_OneShot_Long_Second,SA,398,bdf2_level,Momentum_y,3.275320982970e+02,3.275320982970e+02,-2.430e-15,
RANS_SA_WD_0.20-0.25_ConsGalerkinProj_OneShot_Long_Second,SA,398,bdf2_level,Energy,5.616358237639e+04,5.616358237639e+04,1.295e-16,
RANS_SA_WD_0.20-0.25_ConsGalerkinProj_OneShot_Long_Second,SA,398,bdf2_level,Nu_Tilde,1.588962734082e-03,1.588962734082e-03,6.005e-15,
RANS_SA_WD_0.20-0.25_ConsGalerkinProj_OneShot_Long_Second,SA,399,state,Density,3.136378599932e+04,3.136378599932e+04,9.279e-16,
RANS_SA_WD_0.20-0.25_ConsGalerkinProj_OneShot_Long_Second,SA,399,state,Momentum_x,3.119235069001e+03,3.119235069001e+03,8.747e-16,
RANS_SA_WD_0.20-0.25_ConsGalerkinProj_OneShot_Long_Second,SA,399,state,Momentum_y,3.275320982970e+02,3.275320982970e+02,1.736e-16,
RANS_SA_WD_0.20-0.25_ConsGalerkinProj_OneShot_Long_Second,SA,399,state,Energy,5.616358237639e+04,5.616358237639e+04,-3.886e-16,
RANS_SA_WD_0.20-0.25_ConsGalerkinProj_OneShot_Long_Second,SA,399,state,Nu_Tilde,1.588962734082e-03,1.588962734082e-03,5.868e-15,
RANS_SA_WD_0.20-0.25_ConsGalerkinProj_OneShot_Long_Second,SA,798,bdf2_level,Density,3.136378599915e+04,3.136378599915e+04,2.552e-15,
RANS_SA_WD_0.20-0.25_ConsGalerkinProj_OneShot_Long_Second,SA,798,bdf2_level,Momentum_x,3.119235070546e+03,3.119235070546e+03,1.312e-15,
RANS_SA_WD_0.20-0.25_ConsGalerkinProj_OneShot_Long_Second,SA,798,bdf2_level,Momentum_y,3.275321081738e+02,3.275321081738e+02,2.256e-15,
RANS_SA_WD_0.20-0.25_ConsGalerkinProj_OneShot_Long_Second,SA,798,bdf2_level,Energy,5.616358237605e+04,5.616358237605e+04,1.295e-15,
RANS_SA_WD_0.20-0.25_ConsGalerkinProj_OneShot_Long_Second,SA,798,bdf2_level,Nu_Tilde,1.588962321736e-03,1.588962321736e-03,-3.002e-15,
RANS_SA_WD_0.20-0.25_ConsGalerkinProj_OneShot_Long_Second,SA,799,state,Density,3.136378599916e+04,3.136378599916e+04,5.800e-16,-5.174e-12
RANS_SA_WD_0.20-0.25_ConsGalerkinProj_OneShot_Long_Second,SA,799,state,Momentum_x,3.119235070542e+03,3.119235070542e+03,3.207e-15,4.940e-10
RANS_SA_WD_0.20-0.25_ConsGalerkinProj_OneShot_Long_Second,SA,799,state,Momentum_y,3.275321081914e+02,3.275321081914e+02,-6.942e-16,3.021e-08
RANS_SA_WD_0.20-0.25_ConsGalerkinProj_OneShot_Long_Second,SA,799,state,Energy,5.616358237606e+04,5.616358237606e+04,1.166e-15,-5.794e-12
RANS_SA_WD_0.20-0.25_ConsGalerkinProj_OneShot_Long_Second,SA,799,state,Nu_Tilde,1.588962321118e-03,1.588962321118e-03,1.365e-16,-2.599e-07
RANS_SA_WD_0.20-0.25_ConsGalerkinProj_OneShot_Second,SA,198,bdf2_level,Density,3.136378599932e+04,3.136378599932e+04,5.104e-15,
RANS_SA_WD_0.20-0.25_ConsGalerkinProj_OneShot_Second,SA,198,bdf2_level,Momentum_x,3.119235069001e+03,3.119235069001e+03,8.747e-16,
RANS_SA_WD_0.20-0.25_ConsGalerkinProj_OneShot_Second,SA,198,bdf2_level,Momentum_y,3.275320982970e+02,3.275320982970e+02,1.388e-15,
RANS_SA_WD_0.20-0.25_ConsGalerkinProj_OneShot_Second,SA,198,bdf2_level,Energy,5.616358237639e+04,5.616358237639e+04,9.068e-16,
RANS_SA_WD_0.20-0.25_ConsGalerkinProj_OneShot_Second,SA,198,bdf2_level,Nu_Tilde,1.588962734081e-03,1.588962734081e-03,4.094e-15,
RANS_SA_WD_0.20-0.25_ConsGalerkinProj_OneShot_Second,SA,199,state,Density,3.136378599932e+04,3.136378599932e+04,4.408e-15,
RANS_SA_WD_0.20-0.25_ConsGalerkinProj_OneShot_Second,SA,199,state,Momentum_x,3.119235069001e+03,3.119235069001e+03,1.021e-15,
RANS_SA_WD_0.20-0.25_ConsGalerkinProj_OneShot_Second,SA,199,state,Momentum_y,3.275320982970e+02,3.275320982970e+02,-1.215e-15,
RANS_SA_WD_0.20-0.25_ConsGalerkinProj_OneShot_Second,SA,199,state,Energy,5.616358237639e+04,5.616358237639e+04,-1.295e-16,
RANS_SA_WD_0.20-0.25_ConsGalerkinProj_OneShot_Second,SA,199,state,Nu_Tilde,1.588962734081e-03,1.588962734081e-03,4.094e-15,
RANS_SA_WD_0.20-0.25_ConsGalerkinProj_OneShot_Second,SA,398,bdf2_level,Density,3.136378599930e+04,3.136378599930e+04,-2.552e-15,
RANS_SA_WD_0.20-0.25_ConsGalerkinProj_OneShot_Second,SA,398,bdf2_level,Momentum_x,3.119235070243e+03,3.119235070243e+03,1.458e-15,
RANS_SA_WD_0.20-0.25_ConsGalerkinProj_OneShot_Second,SA,398,bdf2_level,Momentum_y,3.275321118281e+02,3.275321118281e+02,-2.777e-15,
RANS_SA_WD_0.20-0.25_ConsGalerkinProj_OneShot_Second,SA,398,bdf2_level,Energy,5.616358237647e+04,5.616358237647e+04,-1.295e-16,
RANS_SA_WD_0.20-0.25_ConsGalerkinProj_OneShot_Second,SA,398,bdf2_level,Nu_Tilde,1.588962600985e-03,1.588962600985e-03,3.958e-15,
RANS_SA_WD_0.20-0.25_ConsGalerkinProj_OneShot_Second,SA,399,state,Density,3.136378599930e+04,3.136378599930e+04,-3.480e-16,-7.258e-13
RANS_SA_WD_0.20-0.25_ConsGalerkinProj_OneShot_Second,SA,399,state,Momentum_x,3.119235070246e+03,3.119235070246e+03,8.747e-16,3.992e-10
RANS_SA_WD_0.20-0.25_ConsGalerkinProj_OneShot_Second,SA,399,state,Momentum_y,3.275321119162e+02,3.275321119162e+02,-2.256e-15,4.158e-08
RANS_SA_WD_0.20-0.25_ConsGalerkinProj_OneShot_Second,SA,399,state,Energy,5.616358237647e+04,5.616358237647e+04,-1.166e-15,1.474e-12
RANS_SA_WD_0.20-0.25_ConsGalerkinProj_OneShot_Second,SA,399,state,Nu_Tilde,1.588962599445e-03,1.588962599445e-03,4.640e-15,-8.473e-08
RANS_SST_WD_0.01-20_ConsGalerkinProj_Drift_Second,SST,8,bdf2_level,Density,3.136275210391e+04,3.136275210391e+04,5.104e-15,
RANS_SST_WD_0.01-20_ConsGalerkinProj_Drift_Second,SST,8,bdf2_level,Momentum_x,3.119893596723e+03,3.119893596702e+03,-6.861e-12,
RANS_SST_WD_0.01-20_ConsGalerkinProj_Drift_Second,SST,8,bdf2_level,Momentum_y,3.275980003774e+02,3.275980003895e+02,3.700e-11,
RANS_SST_WD_0.01-20_ConsGalerkinProj_Drift_Second,SST,8,bdf2_level,Energy,5.616224493386e+04,5.616224493386e+04,-3.498e-15,
RANS_SST_WD_0.01-20_ConsGalerkinProj_Drift_Second,SST,8,bdf2_level,Turb_Kin_Energy,1.765437529570e-03,1.765437573619e-03,2.495e-08,
RANS_SST_WD_0.01-20_ConsGalerkinProj_Drift_Second,SST,8,bdf2_level,Omega,1.174433230647e+04,1.174433230758e+04,9.444e-11,
RANS_SST_WD_0.01-20_ConsGalerkinProj_Drift_Second,SST,9,state,Density,3.136275210391e+04,3.136275210391e+04,4.176e-15,
RANS_SST_WD_0.01-20_ConsGalerkinProj_Drift_Second,SST,9,state,Momentum_x,3.119893596723e+03,3.119893596702e+03,-6.861e-12,
RANS_SST_WD_0.01-20_ConsGalerkinProj_Drift_Second,SST,9,state,Momentum_y,3.275980003777e+02,3.275980003898e+02,3.700e-11,
RANS_SST_WD_0.01-20_ConsGalerkinProj_Drift_Second,SST,9,state,Energy,5.616224493386e+04,5.616224493386e+04,-3.498e-15,
RANS_SST_WD_0.01-20_ConsGalerkinProj_Drift_Second,SST,9,state,Turb_Kin_Energy,1.765437529562e-03,1.765437573611e-03,2.495e-08,
RANS_SST_WD_0.01-20_ConsGalerkinProj_Drift_Second,SST,9,state,Omega,1.174433230647e+04,1.174433230758e+04,9.445e-11,
RANS_SST_WD_0.01-20_ConsGalerkinProj_Drift_Second,SST,18,bdf2_level,Density,3.136275210391e+04,3.136275210390e+04,-3.465e-13,
RANS_SST_WD_0.01-20_ConsGalerkinProj_Drift_Second,SST,18,bdf2_level,Momentum_x,3.119893596155e+03,3.119893596172e+03,5.375e-12,
RANS_SST_WD_0.01-20_ConsGalerkinProj_Drift_Second,SST,18,bdf2_level,Momentum_y,3.275980009941e+02,3.275980009896e+02,-1.384e-11,
RANS_SST_WD_0.01-20_ConsGalerkinProj_Drift_Second,SST,18,bdf2_level,Energy,5.616224493386e+04,5.616224493384e+04,-3.985e-13,
RANS_SST_WD_0.01-20_ConsGalerkinProj_Drift_Second,SST,18,bdf2_level,Turb_Kin_Energy,1.765436186517e-03,1.765436239756e-03,3.016e-08,
RANS_SST_WD_0.01-20_ConsGalerkinProj_Drift_Second,SST,18,bdf2_level,Omega,1.174433299402e+04,1.174433300317e+04,7.784e-10,
RANS_SST_WD_0.01-20_ConsGalerkinProj_Drift_Second,SST,19,state,Density,3.136275210391e+04,3.136275210390e+04,-3.487e-13,1.433e-13
RANS_SST_WD_0.01-20_ConsGalerkinProj_Drift_Second,SST,19,state,Momentum_x,3.119893596085e+03,3.119893596103e+03,5.712e-12,-2.047e-10
RANS_SST_WD_0.01-20_ConsGalerkinProj_Drift_Second,SST,19,state,Momentum_y,3.275980009739e+02,3.275980009694e+02,-1.375e-11,1.820e-09
RANS_SST_WD_0.01-20_ConsGalerkinProj_Drift_Second,SST,19,state,Energy,5.616224493386e+04,5.616224493384e+04,-4.036e-13,1.568e-14
RANS_SST_WD_0.01-20_ConsGalerkinProj_Drift_Second,SST,19,state,Turb_Kin_Energy,1.765435753975e-03,1.765435807197e-03,3.015e-08,-1.006e-06
RANS_SST_WD_0.01-20_ConsGalerkinProj_Drift_Second,SST,19,state,Omega,1.174433301453e+04,1.174433302368e+04,7.797e-10,6.029e-08
RANS_SST_WD_0.01-20_ConsGalerkinProj_Drift_Second,SST,28,bdf2_level,Density,3.136275210390e+04,3.136275210389e+04,-3.949e-13,
RANS_SST_WD_0.01-20_ConsGalerkinProj_Drift_Second,SST,28,bdf2_level,Momentum_x,3.119893595491e+03,3.119893595487e+03,-1.346e-12,
RANS_SST_WD_0.01-20_ConsGalerkinProj_Drift_Second,SST,28,bdf2_level,Momentum_y,3.275979970968e+02,3.275979971125e+02,4.808e-11,
RANS_SST_WD_0.01-20_ConsGalerkinProj_Drift_Second,SST,28,bdf2_level,Energy,5.616224493384e+04,5.616224493381e+04,-5.135e-13,
RANS_SST_WD_0.01-20_ConsGalerkinProj_Drift_Second,SST,28,bdf2_level,Turb_Kin_Energy,1.765432956906e-03,1.765432965526e-03,4.882e-09,
RANS_SST_WD_0.01-20_ConsGalerkinProj_Drift_Second,SST,28,bdf2_level,Omega,1.174433341199e+04,1.174433341655e+04,3.885e-10,
RANS_SST_WD_0.01-20_ConsGalerkinProj_Drift_Second,SST,29,state,Density,3.136275210391e+04,3.136275210389e+04,-4.091e-13,-1.511e-13
RANS_SST_WD_0.01-20_ConsGalerkinProj_Drift_Second,SST,29,state,Momentum_x,3.119893595426e+03,3.119893595421e+03,-1.577e-12,-2.111e-10
RANS_SST_WD_0.01-20_ConsGalerkinProj_Drift_Second,SST,29,state,Momentum_y,3.275979967615e+02,3.275979967773e+02,4.816e-11,-1.286e-08
RANS_SST_WD_0.01-20_ConsGalerkinProj_Drift_Second,SST,29,state,Energy,5.616224493384e+04,5.616224493381e+04,-5.211e-13,-3.854e-13
RANS_SST_WD_0.01-20_ConsGalerkinProj_Drift_Second,SST,29,state,Turb_Kin_Energy,1.765432613603e-03,1.765432623026e-03,5.338e-09,-1.779e-06
RANS_SST_WD_0.01-20_ConsGalerkinProj_Drift_Second,SST,29,state,Omega,1.174433342590e+04,1.174433343053e+04,3.945e-10,3.503e-08
RANS_SST_WD_0.01-20_ConsGalerkinProj_Drift_Second,SST,38,bdf2_level,Density,3.136275210390e+04,3.136275210389e+04,-2.130e-13,
RANS_SST_WD_0.01-20_ConsGalerkinProj_Drift_Second,SST,38,bdf2_level,Momentum_x,3.119893594580e+03,3.119893594577e+03,-1.131e-12,
RANS_SST_WD_0.01-20_ConsGalerkinProj_Drift_Second,SST,38,bdf2_level,Momentum_y,3.275979937239e+02,3.275979937245e+02,1.648e-12,
RANS_SST_WD_0.01-20_ConsGalerkinProj_Drift_Second,SST,38,bdf2_level,Energy,5.616224493381e+04,5.616224493380e+04,-2.578e-13,
RANS_SST_WD_0.01-20_ConsGalerkinProj_Drift_Second,SST,38,bdf2_level,Turb_Kin_Energy,1.765430949641e-03,1.765431002594e-03,2.999e-08,
RANS_SST_WD_0.01-20_ConsGalerkinProj_Drift_Second,SST,38,bdf2_level,Omega,1.174433372651e+04,1.174433373709e+04,9.007e-10,
RANS_SST_WD_0.01-20_ConsGalerkinProj_Drift_Second,SST,39,state,Density,3.136275210390e+04,3.136275210389e+04,-2.122e-13,-2.113e-13
RANS_SST_WD_0.01-20_ConsGalerkinProj_Drift_Second,SST,39,state,Momentum_x,3.119893594478e+03,3.119893594477e+03,-2.420e-13,-3.040e-10
RANS_SST_WD_0.01-20_ConsGalerkinProj_Drift_Second,SST,39,state,Momentum_y,3.275979935383e+02,3.275979935392e+02,2.485e-12,-9.839e-09
RANS_SST_WD_0.01-20_ConsGalerkinProj_Drift_Second,SST,39,state,Energy,5.616224493381e+04,5.616224493380e+04,-2.373e-13,-5.191e-13
RANS_SST_WD_0.01-20_ConsGalerkinProj_Drift_Second,SST,39,state,Turb_Kin_Energy,1.765431010049e-03,1.765431062770e-03,2.986e-08,-9.083e-07
RANS_SST_WD_0.01-20_ConsGalerkinProj_Drift_Second,SST,39,state,Omega,1.174433378646e+04,1.174433379706e+04,9.028e-10,3.070e-08
RANS_SST_WD_0.01-20_ConsGalerkinProj_Drift_Second,SST,48,bdf2_level,Density,3.136275210390e+04,3.136275210389e+04,-2.855e-13,
RANS_SST_WD_0.01-20_ConsGalerkinProj_Drift_Second,SST,48,bdf2_level,Momentum_x,3.119893593552e+03,3.119893593544e+03,-2.568e-12,
RANS_SST_WD_0.01-20_ConsGalerkinProj_Drift_Second,SST,48,bdf2_level,Momentum_y,3.275979924310e+02,3.275979924321e+02,3.188e-12,
RANS_SST_WD_0.01-20_ConsGalerkinProj_Drift_Second,SST,48,bdf2_level,Energy,5.616224493380e+04,5.616224493378e+04,-3.594e-13,
RANS_SST_WD_0.01-20_ConsGalerkinProj_Drift_Second,SST,48,bdf2_level,Turb_Kin_Energy,1.765433464959e-03,1.765433497103e-03,1.821e-08,
RANS_SST_WD_0.01-20_ConsGalerkinProj_Drift_Second,SST,48,bdf2_level,Omega,1.174433446413e+04,1.174433446829e+04,3.537e-10,
RANS_SST_WD_0.01-20_ConsGalerkinProj_Drift_Second,SST,49,state,Density,3.136275210390e+04,3.136275210389e+04,-2.778e-13,2.088e-15
RANS_SST_WD_0.01-20_ConsGalerkinProj_Drift_Second,SST,49,state,Momentum_x,3.119893593447e+03,3.119893593441e+03,-2.133e-12,-3.303e-10
RANS_SST_WD_0.01-20_ConsGalerkinProj_Drift_Second,SST,49,state,Momentum_y,3.275979922269e+02,3.275979922284e+02,4.400e-12,-4.003e-09
RANS_SST_WD_0.01-20_ConsGalerkinProj_Drift_Second,SST,49,state,Energy,5.616224493380e+04,5.616224493378e+04,-3.567e-13,-2.364e-13
RANS_SST_WD_0.01-20_ConsGalerkinProj_Drift_Second,SST,49,state,Turb_Kin_Energy,1.765433669479e-03,1.765433701721e-03,1.826e-08,1.506e-06
RANS_SST_WD_0.01-20_ConsGalerkinProj_Drift_Second,SST,49,state,Omega,1.174433453919e+04,1.174433454342e+04,3.598e-10,6.409e-08
RANS_SST_WD_0.01-20_ConsGalerkinProj_Drift_Second,SST,58,bdf2_level,Density,3.136275210390e+04,3.136275210389e+04,-1.905e-13,
RANS_SST_WD_0.01-20_ConsGalerkinProj_Drift_Second,SST,58,bdf2_level,Momentum_x,3.119893592326e+03,3.119893592367e+03,1.327e-11,
RANS_SST_WD_0.01-20_ConsGalerkinProj_Drift_Second,SST,58,bdf2_level,Momentum_y,3.275979934052e+02,3.275979933998e+02,-1.645e-11,
RANS_SST_WD_0.01-20_ConsGalerkinProj_Drift_Second,SST,58,bdf2_level,Energy,5.616224493377e+04,5.616224493376e+04,-2.210e-13,
RANS_SST_WD_0.01-20_ConsGalerkinProj_Drift_Second,SST,58,bdf2_level,Turb_Kin_Energy,1.765434087159e-03,1.765434092389e-03,2.963e-09,
RANS_SST_WD_0.01-20_ConsGalerkinProj_Drift_Second,SST,58,bdf2_level,Omega,1.174433500548e+04,1.174433501040e+04,4.190e-10,
RANS_SST_WD_0.01-20_ConsGalerkinProj_Drift_Second,SST,59,state,Density,3.136275210390e+04,3.136275210389e+04,-2.065e-13,-8.062e-14
RANS_SST_WD_0.01-20_ConsGalerkinProj_Drift_Second,SST,59,state,Momentum_x,3.119893592176e+03,3.119893592218e+03,1.352e-11,-4.075e-10
RANS_SST_WD_0.01-20_ConsGalerkinProj_Drift_Second,SST,59,state,Momentum_y,3.275979939153e+02,3.275979939094e+02,-1.795e-11,5.154e-09
RANS_SST_WD_0.01-20_ConsGalerkinProj_Drift_Second,SST,59,state,Energy,5.616224493377e+04,5.616224493376e+04,-2.313e-13,-3.881e-13
RANS_SST_WD_0.01-20_ConsGalerkinProj_Drift_Second,SST,59,state,Turb_Kin_Energy,1.765434064405e-03,1.765434069322e-03,2.785e-09,2.237e-07
RANS_SST_WD_0.01-20_ConsGalerkinProj_Drift_Second,SST,59,state,Omega,1.174433503929e+04,1.174433504413e+04,4.123e-10,4.258e-08
RANS_SST_WD_0.01-20_ConsGalerkinProj_Drift_Second,SST,68,bdf2_level,Density,3.136275210390e+04,3.136275210389e+04,-3.130e-13,
RANS_SST_WD_0.01-20_ConsGalerkinProj_Drift_Second,SST,68,bdf2_level,Momentum_x,3.119893591207e+03,3.119893591235e+03,8.757e-12,
RANS_SST_WD_0.01-20_ConsGalerkinProj_Drift_Second,SST,68,bdf2_level,Momentum_y,3.275979919384e+02,3.275979919488e+02,3.173e-11,
RANS_SST_WD_0.01-20_ConsGalerkinProj_Drift_Second,SST,68,bdf2_level,Energy,5.616224493376e+04,5.616224493374e+04,-3.561e-13,
RANS_SST_WD_0.01-20_ConsGalerkinProj_Drift_Second,SST,68,bdf2_level,Turb_Kin_Energy,1.765432617783e-03,1.765432633751e-03,9.045e-09,
RANS_SST_WD_0.01-20_ConsGalerkinProj_Drift_Second,SST,68,bdf2_level,Omega,1.174433509998e+04,1.174433509397e+04,-5.119e-10,
RANS_SST_WD_0.01-20_ConsGalerkinProj_Drift_Second,SST,69,state,Density,3.136275210390e+04,3.136275210389e+04,-3.250e-13,3.665e-14
RANS_SST_WD_0.01-20_ConsGalerkinProj_Drift_Second,SST,69,state,Momentum_x,3.119893591133e+03,3.119893591160e+03,8.660e-12,-3.343e-10
RANS_SST_WD_0.01-20_ConsGalerkinProj_Drift_Second,SST,69,state,Momentum_y,3.275979908828e+02,3.275979908927e+02,3.010e-11,-9.257e-09
RANS_SST_WD_0.01-20_ConsGalerkinProj_Drift_Second,SST,69,state,Energy,5.616224493376e+04,5.616224493374e+04,-3.657e-13,-1.943e-13
RANS_SST_WD_0.01-20_ConsGalerkinProj_Drift_Second,SST,69,state,Turb_Kin_Energy,1.765432286756e-03,1.765432303309e-03,9.376e-09,-1.007e-06
RANS_SST_WD_0.01-20_ConsGalerkinProj_Drift_Second,SST,69,state,Omega,1.174433508764e+04,1.174433508169e+04,-5.063e-10,4.117e-09
RANS_SST_WD_0.01-20_ConsGalerkinProj_Drift_Second,SST,78,bdf2_level,Density,3.136275210389e+04,3.136275210389e+04,-2.197e-13,
RANS_SST_WD_0.01-20_ConsGalerkinProj_Drift_Second,SST,78,bdf2_level,Momentum_x,3.119893590518e+03,3.119893590524e+03,1.939e-12,
RANS_SST_WD_0.01-20_ConsGalerkinProj_Drift_Second,SST,78,bdf2_level,Momentum_y,3.275979929427e+02,3.275979929364e+02,-1.919e-11,
RANS_SST_WD_0.01-20_ConsGalerkinProj_Drift_Second,SST,78,bdf2_level,Energy,5.616224493374e+04,5.616224493373e+04,-2.481e-13,
RANS_SST_WD_0.01-20_ConsGalerkinProj_Drift_Second,SST,78,bdf2_level,Turb_Kin_Energy,1.765430674346e-03,1.765430713950e-03,2.243e-08,
RANS_SST_WD_0.01-20_ConsGalerkinProj_Drift_Second,SST,78,bdf2_level,Omega,1.174433529444e+04,1.174433531384e+04,1.652e-09,
RANS_SST_WD_0.01-20_ConsGalerkinProj_Drift_Second,SST,79,state,Density,3.136275210389e+04,3.136275210389e+04,-2.137e-13,-6.995e-14
RANS_SST_WD_0.01-20_ConsGalerkinProj_Drift_Second,SST,79,state,Momentum_x,3.119893590401e+03,3.119893590408e+03,2.085e-12,-2.345e-10
RANS_SST_WD_0.01-20_ConsGalerkinProj_Drift_Second,SST,79,state,Momentum_y,3.275979934565e+02,3.275979934504e+02,-1.862e-11,7.856e-09
RANS_SST_WD_0.01-20_ConsGalerkinProj_Drift_Second,SST,79,state,Energy,5.616224493374e+04,5.616224493373e+04,-2.256e-13,-3.478e-13
RANS_SST_WD_0.01-20_ConsGalerkinProj_Drift_Second,SST,79,state,Turb_Kin_Energy,1.765430594048e-03,1.765430634781e-03,2.307e-08,-9.588e-07
RANS_SST_WD_0.01-20_ConsGalerkinProj_Drift_Second,SST,79,state,Omega,1.174433535608e+04,1.174433537573e+04,1.673e-09,2.286e-08
RANS_SST_WD_0.01-20_ConsGalerkinProj_Drift_Second,SST,88,bdf2_level,Density,3.136275210390e+04,3.136275210389e+04,-3.012e-13,
RANS_SST_WD_0.01-20_ConsGalerkinProj_Drift_Second,SST,88,bdf2_level,Momentum_x,3.119893589431e+03,3.119893589437e+03,1.675e-12,
RANS_SST_WD_0.01-20_ConsGalerkinProj_Drift_Second,SST,88,bdf2_level,Momentum_y,3.275979878993e+02,3.275979879020e+02,8.243e-12,
RANS_SST_WD_0.01-20_ConsGalerkinProj_Drift_Second,SST,88,bdf2_level,Energy,5.616224493373e+04,5.616224493371e+04,-3.852e-13,
RANS_SST_WD_0.01-20_ConsGalerkinProj_Drift_Second,SST,88,bdf2_level,Turb_Kin_Energy,1.765431465095e-03,1.765431465069e-03,-1.513e-11,
RANS_SST_WD_0.01-20_ConsGalerkinProj_Drift_Second,SST,88,bdf2_level,Omega,1.174433582775e+04,1.174433583123e+04,2.960e-10,
RANS_SST_WD_0.01-20_ConsGalerkinProj_Drift_Second,SST,89,state,Density,3.136275210390e+04,3.136275210389e+04,-2.985e-13,5.150e-14
RANS_SST_WD_0.01-20_ConsGalerkinProj_Drift_Second,SST,89,state,Momentum_x,3.119893589334e+03,3.119893589340e+03,1.982e-12,-3.420e-10
RANS_SST_WD_0.01-20_ConsGalerkinProj_Drift_Second,SST,89,state,Momentum_y,3.275979875351e+02,3.275979875380e+02,8.773e-12,-1.808e-08
RANS_SST_WD_0.01-20_ConsGalerkinProj_Drift_Second,SST,89,state,Energy,5.616224493373e+04,5.616224493371e+04,-3.840e-13,-2.103e-13
RANS_SST_WD_0.01-20_ConsGalerkinProj_Drift_Second,SST,89,state,Turb_Kin_Energy,1.765431669231e-03,1.765431669375e-03,8.145e-11,6.090e-07
RANS_SST_WD_0.01-20_ConsGalerkinProj_Drift_Second,SST,89,state,Omega,1.174433588911e+04,1.174433589267e+04,3.025e-10,4.539e-08
RANS_SST_WD_0.01-20_ConsGalerkinProj_Drift_Second,SST,98,bdf2_level,Density,3.136275210390e+04,3.136275210389e+04,-1.923e-13,
RANS_SST_WD_0.01-20_ConsGalerkinProj_Drift_Second,SST,98,bdf2_level,Momentum_x,3.119893588417e+03,3.119893588424e+03,2.328e-12,
RANS_SST_WD_0.01-20_ConsGalerkinProj_Drift_Second,SST,98,bdf2_level,Momentum_y,3.275979906328e+02,3.275979906348e+02,5.937e-12,
RANS_SST_WD_0.01-20_ConsGalerkinProj_Drift_Second,SST,98,bdf2_level,Energy,5.616224493371e+04,5.616224493370e+04,-2.252e-13,
RANS_SST_WD_0.01-20_ConsGalerkinProj_Drift_Second,SST,98,bdf2_level,Turb_Kin_Energy,1.765427144126e-03,1.765427173122e-03,1.642e-08,
RANS_SST_WD_0.01-20_ConsGalerkinProj_Drift_Second,SST,98,bdf2_level,Omega,1.174433551011e+04,1.174433552619e+04,1.370e-09,
RANS_SST_WD_0.01-20_ConsGalerkinProj_Drift_Second,SST,99,state,Density,3.136275210390e+04,3.136275210389e+04,-1.894e-13,-3.364e-15
RANS_SST_WD_0.01-20_ConsGalerkinProj_Drift_Second,SST,99,state,Momentum_x,3.119893588315e+03,3.119893588321e+03,1.880e-12,-3.268e-10
RANS_SST_WD_0.01-20_ConsGalerkinProj_Drift_Second,SST,99,state,Momentum_y,3.275979906343e+02,3.275979906365e+02,6.571e-12,9.460e-09
RANS_SST_WD_0.01-20_ConsGalerkinProj_Drift_Second,SST,99,state,Energy,5.616224493371e+04,5.616224493370e+04,-2.318e-13,-3.631e-13
RANS_SST_WD_0.01-20_ConsGalerkinProj_Drift_Second,SST,99,state,Turb_Kin_Energy,1.765426717882e-03,1.765426748197e-03,1.717e-08,-2.805e-06
RANS_SST_WD_0.01-20_ConsGalerkinProj_Drift_Second,SST,99,state,Omega,1.174433551167e+04,1.174433552788e+04,1.380e-09,-3.214e-08
RANS_SST_WD_0.01-20_ConsGalerkinProj_Drift_Second,SST,108,bdf2_level,Density,3.136275210390e+04,3.136275210389e+04,-3.447e-13,
RANS_SST_WD_0.01-20_ConsGalerkinProj_Drift_Second,SST,108,bdf2_level,Momentum_x,3.119893587238e+03,3.119893587242e+03,1.349e-12,
RANS_SST_WD_0.01-20_ConsGalerkinProj_Drift_Second,SST,108,bdf2_level,Momentum_y,3.275979921930e+02,3.275979921880e+02,-1.517e-11,
RANS_SST_WD_0.01-20_ConsGalerkinProj_Drift_Second,SST,108,bdf2_level,Energy,5.616224493370e+04,5.616224493367e+04,-4.591e-13,
RANS_SST_WD_0.01-20_ConsGalerkinProj_Drift_Second,SST,108,bdf2_level,Turb_Kin_Energy,1.765426443200e-03,1.765426482541e-03,2.228e-08,
RANS_SST_WD_0.01-20_ConsGalerkinProj_Drift_Second,SST,108,bdf2_level,Omega,1.174433580646e+04,1.174433580397e+04,-2.127e-10,
RANS_SST_WD_0.01-20_ConsGalerkinProj_Drift_Second,SST,109,state,Density,3.136275210390e+04,3.136275210389e+04,-3.529e-13,1.180e-13
RANS_SST_WD_0.01-20_ConsGalerkinProj_Drift_Second,SST,109,state,Momentum_x,3.119893587083e+03,3.119893587087e+03,1.445e-12,-3.949e-10
RANS_SST_WD_0.01-20_ConsGalerkinProj_Drift_Second,SST,109,state,Momentum_y,3.275979922547e+02,3.275979922495e+02,-1.594e-11,4.946e-09
RANS_SST_WD_0.01-20_ConsGalerkinProj_Drift_Second,SST,109,state,Energy,5.616224493370e+04,5.616224493367e+04,-4.625e-13,-2.199e-13
RANS_SST_WD_0.01-20_ConsGalerkinProj_Drift_Second,SST,109,state,Turb_Kin_Energy,1.765426511309e-03,1.765426550222e-03,2.204e-08,-1.170e-07
RANS_SST_WD_0.01-20_ConsGalerkinProj_Drift_Second,SST,109,state,Omega,1.174433584527e+04,1.174433584250e+04,-2.361e-10,2.841e-08
RANS_SST_WD_0.01-20_ConsGalerkinProj_Drift_Second,SST,118,bdf2_level,Density,3.136275210390e+04,3.136275210388e+04,-3.387e-13,
RANS_SST_WD_0.01-20_ConsGalerkinProj_Drift_Second,SST,118,bdf2_level,Momentum_x,3.119893585922e+03,3.119893585930e+03,2.829e-12,
RANS_SST_WD_0.01-20_ConsGalerkinProj_Drift_Second,SST,118,bdf2_level,Momentum_y,3.275979970943e+02,3.275979971160e+02,6.633e-11,
RANS_SST_WD_0.01-20_ConsGalerkinProj_Drift_Second,SST,118,bdf2_level,Energy,5.616224493367e+04,5.616224493365e+04,-3.947e-13,
RANS_SST_WD_0.01-20_ConsGalerkinProj_Drift_Second,SST,118,bdf2_level,Turb_Kin_Energy,1.765424850953e-03,1.765424883276e-03,1.831e-08,
RANS_SST_WD_0.01-20_ConsGalerkinProj_Drift_Second,SST,118,bdf2_level,Omega,1.174433570854e+04,1.174433570892e+04,3.258e-11,
RANS_SST_WD_0.01-20_ConsGalerkinProj_Drift_Second,SST,119,state,Density,3.136275210390e+04,3.136275210389e+04,-3.338e-13,-1.344e-13
RANS_SST_WD_0.01-20_ConsGalerkinProj_Drift_Second,SST,119,state,Momentum_x,3.119893585803e+03,3.119893585813e+03,3.271e-12,-4.101e-10
RANS_SST_WD_0.01-20_ConsGalerkinProj_Drift_Second,SST,119,state,Momentum_y,3.275979977034e+02,3.275979977247e+02,6.513e-11,1.663e-08
RANS_SST_WD_0.01-20_ConsGalerkinProj_Drift_Second,SST,119,state,Energy,5.616224493367e+04,5.616224493365e+04,-3.801e-13,-5.369e-13
RANS_SST_WD_0.01-20_ConsGalerkinProj_Drift_Second,SST,119,state,Turb_Kin_Energy,1.765424519061e-03,1.765424551068e-03,1.813e-08,-1.128e-06
RANS_SST_WD_0.01-20_ConsGalerkinProj_Drift_Second,SST,119,state,Omega,1.174433569974e+04,1.174433570012e+04,3.199e-11,-1.239e-08
RANS_SST_WD_0.01-20_ConsGalerkinProj_Drift_Second,SST,128,bdf2_level,Density,3.136275210389e+04,3.136275210388e+04,-2.158e-13,
RANS_SST_WD_0.01-20_ConsGalerkinProj_Drift_Second,SST,128,bdf2_level,Momentum_x,3.119893584876e+03,3.119893584890e+03,4.610e-12,
RANS_SST_WD_0.01-20_ConsGalerkinProj_Drift_Second,SST,128,bdf2_level,Momentum_y,3.275979961913e+02,3.275979961938e+02,7.626e-12,
RANS_SST_WD_0.01-20_ConsGalerkinProj_Drift_Second,SST,128,bdf2_level,Energy,5.616224493364e+04,5.616224493363e+04,-2.477e-13,
RANS_SST_WD_0.01-20_ConsGalerkinProj_Drift_Second,SST,128,bdf2_level,Turb_Kin_Energy,1.765420112946e-03,1.765420113218e-03,1.539e-10,
RANS_SST_WD_0.01-20_ConsGalerkinProj_Drift_Second,SST,128,bdf2_level,Omega,1.174433568592e+04,1.174433569968e+04,1.172e-09,
RANS_SST_WD_0.01-20_ConsGalerkinProj_Drift_Second,SST,129,state,Density,3.136275210389e+04,3.136275210389e+04,-2.093e-13,-1.262e-13
RANS_SST_WD_0.01-20_ConsGalerkinProj_Drift_Second,SST,129,state,Momentum_x,3.119893584783e+03,3.119893584798e+03,5.022e-12,-3.271e-10
RANS_SST_WD_0.01-20_ConsGalerkinProj_Drift_Second,SST,129,state,Momentum_y,3.275979958617e+02,3.275979958643e+02,8.057e-12,-5.622e-09
RANS_SST_WD_0.01-20_ConsGalerkinProj_Drift_Second,SST,129,state,Energy,5.616224493364e+04,5.616224493363e+04,-2.340e-13,-4.410e-13
RANS_SST_WD_0.01-20_ConsGalerkinProj_Drift_Second,SST,129,state,Turb_Kin_Energy,1.765419805005e-03,1.765419805262e-03,1.460e-10,-2.670e-06
RANS_SST_WD_0.01-20_ConsGalerkinProj_Drift_Second,SST,129,state,Omega,1.174433572107e+04,1.174433573499e+04,1.185e-09,1.816e-09
RANS_SST_WD_0.01-20_ConsGalerkinProj_Drift_Second,SST,138,bdf2_level,Density,3.136275210390e+04,3.136275210389e+04,-3.634e-13,
RANS_SST_WD_0.01-20_ConsGalerkinProj_Drift_Second,SST,138,bdf2_level,Momentum_x,3.119893584010e+03,3.119893583986e+03,-7.616e-12,
RANS_SST_WD_0.01-20_ConsGalerkinProj_Drift_Second,SST,138,bdf2_level,Momentum_y,3.275979945186e+02,3.275979945277e+02,2.768e-11,
RANS_SST_WD_0.01-20_ConsGalerkinProj_Drift_Second,SST,138,bdf2_level,Energy,5.616224493365e+04,5.616224493362e+04,-4.828e-13,
RANS_SST_WD_0.01-20_ConsGalerkinProj_Drift_Second,SST,138,bdf2_level,Turb_Kin_Energy,1.765420587553e-03,1.765420616544e-03,1.642e-08,
RANS_SST_WD_0.01-20_ConsGalerkinProj_Drift_Second,SST,138,bdf2_level,Omega,1.174433587811e+04,1.174433587985e+04,1.479e-10,
RANS_SST_WD_0.01-20_ConsGalerkinProj_Drift_Second,SST,139,state,Density,3.136275210390e+04,3.136275210389e+04,-3.696e-13,2.787e-13
RANS_SST_WD_0.01-20_ConsGalerkinProj_Drift_Second,SST,139,state,Momentum_x,3.119893583908e+03,3.119893583879e+03,-9.489e-12,-2.803e-10
RANS_SST_WD_0.01-20_ConsGalerkinProj_Drift_Second,SST,139,state,Momentum_y,3.275979944567e+02,3.275979944662e+02,2.904e-11,-4.289e-09
RANS_SST_WD_0.01-20_ConsGalerkinProj_Drift_Second,SST,139,state,Energy,5.616224493365e+04,5.616224493362e+04,-4.988e-13,1.058e-13
RANS_SST_WD_0.01-20_ConsGalerkinProj_Drift_Second,SST,139,state,Turb_Kin_Energy,1.765420673187e-03,1.765420701805e-03,1.621e-08,4.918e-07
RANS_SST_WD_0.01-20_ConsGalerkinProj_Drift_Second,SST,139,state,Omega,1.174433590478e+04,1.174433590646e+04,1.426e-10,1.564e-08
RANS_SST_WD_0.01-20_ConsGalerkinProj_Drift_Second,SST,148,bdf2_level,Density,3.136275210392e+04,3.136275210392e+04,-1.268e-13,
RANS_SST_WD_0.01-20_ConsGalerkinProj_Drift_Second,SST,148,bdf2_level,Momentum_x,3.119893582747e+03,3.119893582754e+03,2.247e-12,
RANS_SST_WD_0.01-20_ConsGalerkinProj_Drift_Second,SST,148,bdf2_level,Momentum_y,3.275979959773e+02,3.275979959772e+02,-1.881e-13,
RANS_SST_WD_0.01-20_ConsGalerkinProj_Drift_Second,SST,148,bdf2_level,Energy,5.616224493368e+04,5.616224493367e+04,-1.831e-13,
RANS_SST_WD_0.01-20_ConsGalerkinProj_Drift_Second,SST,148,bdf2_level,Turb_Kin_Energy,1.765420347114e-03,1.765420358307e-03,6.340e-09,
RANS_SST_WD_0.01-20_ConsGalerkinProj_Drift_Second,SST,148,bdf2_level,Omega,1.174433604121e+04,1.174433603504e+04,-5.253e-10,
RANS_SST_WD_0.01-20_ConsGalerkinProj_Drift_Second,SST,149,state,Density,3.136275210392e+04,3.136275210392e+04,-1.288e-13,7.482e-13
RANS_SST_WD_0.01-20_ConsGalerkinProj_Drift_Second,SST,149,state,Momentum_x,3.119893582613e+03,3.119893582624e+03,3.459e-12,-4.152e-10
RANS_SST_WD_0.01-20_ConsGalerkinProj_Drift_Second,SST,149,state,Momentum_y,3.275979957523e+02,3.275979957527e+02,1.325e-12,3.955e-09
RANS_SST_WD_0.01-20_ConsGalerkinProj_Drift_Second,SST,149,state,Energy,5.616224493369e+04,5.616224493368e+04,-1.816e-13,7.589e-13
RANS_SST_WD_0.01-20_ConsGalerkinProj_Drift_Second,SST,149,state,Turb_Kin_Energy,1.765420320805e-03,1.765420333262e-03,7.056e-09,-1.996e-07
RANS_SST_WD_0.01-20_ConsGalerkinProj_Drift_Second,SST,149,state,Omega,1.174433603982e+04,1.174433603375e+04,-5.175e-10,1.150e-08
RANS_SST_WD_0.01-20_ConsGalerkinProj_Drift_Second,SST,158,bdf2_level,Density,3.136275210396e+04,3.136275210396e+04,-2.656e-13,
RANS_SST_WD_0.01-20_ConsGalerkinProj_Drift_Second,SST,158,bdf2_level,Momentum_x,3.119893581560e+03,3.119893581539e+03,-6.450e-12,
RANS_SST_WD_0.01-20_ConsGalerkinProj_Drift_Second,SST,158,bdf2_level,Momentum_y,3.275979976224e+02,3.275979976249e+02,7.421e-12,
RANS_SST_WD_0.01-20_ConsGalerkinProj_Drift_Second,SST,158,bdf2_level,Energy,5.616224493378e+04,5.616224493376e+04,-3.305e-13,
RANS_SST_WD_0.01-20_ConsGalerkinProj_Drift_Second,SST,158,bdf2_level,Turb_Kin_Energy,1.765420167775e-03,1.765420225943e-03,3.295e-08,
RANS_SST_WD_0.01-20_ConsGalerkinProj_Drift_Second,SST,158,bdf2_level,Omega,1.174433691370e+04,1.174433693890e+04,2.145e-09,
RANS_SST_WD_0.01-20_ConsGalerkinProj_Drift_Second,SST,159,state,Density,3.136275210397e+04,3.136275210396e+04,-2.682e-13,1.415e-12
RANS_SST_WD_0.01-20_ConsGalerkinProj_Drift_Second,SST,159,state,Momentum_x,3.119893581428e+03,3.119893581410e+03,-5.967e-12,-3.798e-10
RANS_SST_WD_0.01-20_ConsGalerkinProj_Drift_Second,SST,159,state,Momentum_y,3.275979979366e+02,3.275979979392e+02,8.088e-12,6.668e-09
RANS_SST_WD_0.01-20_ConsGalerkinProj_Drift_Second,SST,159,state,Energy,5.616224493378e+04,5.616224493377e+04,-3.349e-13,1.626e-12
RANS_SST_WD_0.01-20_ConsGalerkinProj_Drift_Second,SST,159,state,Turb_Kin_Energy,1.765420034547e-03,1.765420091228e-03,3.211e-08,-1.621e-07
RANS_SST_WD_0.01-20_ConsGalerkinProj_Drift_Second,SST,159,state,Omega,1.174433695130e+04,1.174433697615e+04,2.115e-09,7.761e-08
RANS_SST_WD_0.01-20_ConsGalerkinProj_Drift_Second,SST,168,bdf2_level,Density,3.136275210398e+04,3.136275210398e+04,-1.351e-13,
RANS_SST_WD_0.01-20_ConsGalerkinProj_Drift_Second,SST,168,bdf2_level,Momentum_x,3.119893580356e+03,3.119893580352e+03,-1.114e-12,
RANS_SST_WD_0.01-20_ConsGalerkinProj_Drift_Second,SST,168,bdf2_level,Momentum_y,3.275980019849e+02,3.275980019880e+02,9.400e-12,
RANS_SST_WD_0.01-20_ConsGalerkinProj_Drift_Second,SST,168,bdf2_level,Energy,5.616224493380e+04,5.616224493379e+04,-1.670e-13,
RANS_SST_WD_0.01-20_ConsGalerkinProj_Drift_Second,SST,168,bdf2_level,Turb_Kin_Energy,1.765418520478e-03,1.765418593512e-03,4.137e-08,
RANS_SST_WD_0.01-20_ConsGalerkinProj_Drift_Second,SST,168,bdf2_level,Omega,1.174433651864e+04,1.174433653171e+04,1.113e-09,
RANS_SST_WD_0.01-20_ConsGalerkinProj_Drift_Second,SST,169,state,Density,3.136275210398e+04,3.136275210398e+04,-1.271e-13,3.996e-13
RANS_SST_WD_0.01-20_ConsGalerkinProj_Drift_Second,SST,169,state,Momentum_x,3.119893580257e+03,3.119893580254e+03,-8.498e-13,-3.754e-10
RANS_SST_WD_0.01-20_ConsGalerkinProj_Drift_Second,SST,169,state,Momentum_y,3.275980023255e+02,3.275980023290e+02,1.055e-11,1.340e-08
RANS_SST_WD_0.01-20_ConsGalerkinProj_Drift_Second,SST,169,state,Energy,5.616224493380e+04,5.616224493379e+04,-1.634e-13,2.132e-13
RANS_SST_WD_0.01-20_ConsGalerkinProj_Drift_Second,SST,169,state,Turb_Kin_Energy,1.765418200626e-03,1.765418275386e-03,4.235e-08,-1.039e-06
RANS_SST_WD_0.01-20_ConsGalerkinProj_Drift_Second,SST,169,state,Omega,1.174433649240e+04,1.174433650571e+04,1.134e-09,-3.907e-08
RANS_SST_WD_0.01-20_ConsGalerkinProj_Drift_Second,SST,178,bdf2_level,Density,3.136275210392e+04,3.136275210391e+04,-4.179e-13,
RANS_SST_WD_0.01-20_ConsGalerkinProj_Drift_Second,SST,178,bdf2_level,Momentum_x,3.119893579369e+03,3.119893579391e+03,7.094e-12,
RANS_SST_WD_0.01-20_ConsGalerkinProj_Drift_Second,SST,178,bdf2_level,Momentum_y,3.275980026929e+02,3.275980026942e+02,3.812e-12,
RANS_SST_WD_0.01-20_ConsGalerkinProj_Drift_Second,SST,178,bdf2_level,Energy,5.616224493363e+04,5.616224493360e+04,-5.062e-13,
RANS_SST_WD_0.01-20_ConsGalerkinProj_Drift_Second,SST,178,bdf2_level,Turb_Kin_Energy,1.765418515275e-03,1.765418505618e-03,-5.470e-09,
RANS_SST_WD_0.01-20_ConsGalerkinProj_Drift_Second,SST,178,bdf2_level,Omega,1.174433695599e+04,1.174433695458e+04,-1.200e-10,
RANS_SST_WD_0.01-20_ConsGalerkinProj_Drift_Second,SST,179,state,Density,3.136275210391e+04,3.136275210390e+04,-4.193e-13,-2.248e-12
RANS_SST_WD_0.01-20_ConsGalerkinProj_Drift_Second,SST,179,state,Momentum_x,3.119893579243e+03,3.119893579264e+03,6.705e-12,-3.249e-10
RANS_SST_WD_0.01-20_ConsGalerkinProj_Drift_Second,SST,179,state,Momentum_y,3.275980027618e+02,3.275980027629e+02,3.278e-12,1.332e-09
RANS_SST_WD_0.01-20_ConsGalerkinProj_Drift_Second,SST,179,state,Energy,5.616224493359e+04,5.616224493357e+04,-5.058e-13,-3.609e-12
RANS_SST_WD_0.01-20_ConsGalerkinProj_Drift_Second,SST,179,state,Turb_Kin_Energy,1.765418954910e-03,1.765418945640e-03,-5.251e-09,4.273e-07
RANS_SST_WD_0.01-20_ConsGalerkinProj_Drift_Second,SST,179,state,Omega,1.174433704616e+04,1.174433704484e+04,-1.123e-10,4.715e-08
RANS_SST_WD_0.01-20_ConsGalerkinProj_Drift_Second,SST,188,bdf2_level,Density,3.136275210373e+04,3.136275210372e+04,-3.082e-13,
RANS_SST_WD_0.01-20_ConsGalerkinProj_Drift_Second,SST,188,bdf2_level,Momentum_x,3.119893577983e+03,3.119893578001e+03,5.833e-12,
RANS_SST_WD_0.01-20_ConsGalerkinProj_Drift_Second,SST,188,bdf2_level,Momentum_y,3.275980025924e+02,3.275980026030e+02,3.247e-11,
RANS_SST_WD_0.01-20_ConsGalerkinProj_Drift_Second,SST,188,bdf2_level,Energy,5.616224493311e+04,5.616224493309e+04,-4.065e-13,
RANS_SST_WD_0.01-20_ConsGalerkinProj_Drift_Second,SST,188,bdf2_level,Turb_Kin_Energy,1.765420205982e-03,1.765420149871e-03,-3.178e-08,
RANS_SST_WD_0.01-20_ConsGalerkinProj_Drift_Second,SST,188,bdf2_level,Omega,1.174433749625e+04,1.174433749131e+04,-4.211e-10,
RANS_SST_WD_0.01-20_ConsGalerkinProj_Drift_Second,SST,189,state,Density,3.136275210371e+04,3.136275210370e+04,-3.074e-13,-6.479e-12
RANS_SST_WD_0.01-20_ConsGalerkinProj_Drift_Second,SST,189,state,Momentum_x,3.119893577835e+03,3.119893577852e+03,5.324e-12,-4.513e-10
RANS_SST_WD_0.01-20_ConsGalerkinProj_Drift_Second,SST,189,state,Momentum_y,3.275980025299e+02,3.275980025405e+02,3.223e-11,-7.079e-10
RANS_SST_WD_0.01-20_ConsGalerkinProj_Drift_Second,SST,189,state,Energy,5.616224493305e+04,5.616224493303e+04,-4.128e-13,-9.708e-12
RANS_SST_WD_0.01-20_ConsGalerkinProj_Drift_Second,SST,189,state,Turb_Kin_Energy,1.765420114538e-03,1.765420061908e-03,-2.981e-08,6.569e-07
RANS_SST_WD_0.01-20_ConsGalerkinProj_Drift_Second,SST,189,state,Omega,1.174433751402e+04,1.174433750957e+04,-3.792e-10,3.984e-08
RANS_SST_WD_0.01-20_ConsGalerkinProj_Drift_Second,SST,198,bdf2_level,Density,3.136275210344e+04,3.136275210343e+04,-4.450e-13,
RANS_SST_WD_0.01-20_ConsGalerkinProj_Drift_Second,SST,198,bdf2_level,Momentum_x,3.119893576539e+03,3.119893576531e+03,-2.641e-12,
RANS_SST_WD_0.01-20_ConsGalerkinProj_Drift_Second,SST,198,bdf2_level,Momentum_y,3.275980052409e+02,3.275980052346e+02,-1.927e-11,
RANS_SST_WD_0.01-20_ConsGalerkinProj_Drift_Second,SST,198,bdf2_level,Energy,5.616224493234e+04,5.616224493230e+04,-5.502e-13,
RANS_SST_WD_0.01-20_ConsGalerkinProj_Drift_Second,SST,198,bdf2_level,Turb_Kin_Energy,1.765416944585e-03,1.765416986636e-03,2.382e-08,
RANS_SST_WD_0.01-20_ConsGalerkinProj_Drift_Second,SST,198,bdf2_level,Omega,1.174433719495e+04,1.174433719888e+04,3.354e-10,
RANS_SST_WD_0.01-20_ConsGalerkinProj_Drift_Second,SST,199,state,Density,3.136275210341e+04,3.136275210340e+04,-4.538e-13,-9.499e-12
RANS_SST_WD_0.01-20_ConsGalerkinProj_Drift_Second,SST,199,state,Momentum_x,3.119893576367e+03,3.119893576351e+03,-5.289e-12,-4.705e-10
RANS_SST_WD_0.01-20_ConsGalerkinProj_Drift_Second,SST,199,state,Momentum_y,3.275980054903e+02,3.275980054844e+02,-1.817e-11,9.037e-09
RANS_SST_WD_0.01-20_ConsGalerkinProj_Drift_Second,SST,199,state,Energy,5.616224493225e+04,5.616224493222e+04,-5.678e-13,-1.421e-11
RANS_SST_WD_0.01-20_ConsGalerkinProj_Drift_Second,SST,199,state,Turb_Kin_Energy,1.765416625078e-03,1.765416667629e-03,2.410e-08,-1.977e-06
RANS_SST_WD_0.01-20_ConsGalerkinProj_Drift_Second,SST,199,state,Omega,1.174433717187e+04,1.174433717586e+04,3.400e-10,-2.913e-08
RANS_SST_WD_0.01-20_ConsGalerkinProj_Drift_Second,SST,208,bdf2_level,Density,3.136275210311e+04,3.136275210310e+04,-4.041e-13,
RANS_SST_WD_0.01-20_ConsGalerkinProj_Drift_Second,SST,208,bdf2_level,Momentum_x,3.119893574431e+03,3.119893574341e+03,-2.888e-11,
RANS_SST_WD_0.01-20_ConsGalerkinProj_Drift_Second,SST,208,bdf2_level,Momentum_y,3.275980066383e+02,3.275980066598e+02,6.560e-11,
RANS_SST_WD_0.01-20_ConsGalerkinProj_Drift_Second,SST,208,bdf2_level,Energy,5.616224493146e+04,5.616224493143e+04,-6.745e-13,
RANS_SST_WD_0.01-20_ConsGalerkinProj_Drift_Second,SST,208,bdf2_level,Turb_Kin_Energy,1.765417419066e-03,1.765417460959e-03,2.373e-08,
RANS_SST_WD_0.01-20_ConsGalerkinProj_Drift_Second,SST,208,bdf2_level,Omega,1.174433936647e+04,1.174433937270e+04,5.306e-10,
RANS_SST_WD_0.01-20_ConsGalerkinProj_Drift_Second,SST,209,state,Density,3.136275210308e+04,3.136275210307e+04,-3.504e-13,-1.039e-11
RANS_SST_WD_0.01-20_ConsGalerkinProj_Drift_Second,SST,209,state,Momentum_x,3.119893574228e+03,3.119893574211e+03,-5.599e-12,-6.857e-10
RANS_SST_WD_0.01-20_ConsGalerkinProj_Drift_Second,SST,209,state,Momentum_y,3.275980069417e+02,3.275980069582e+02,5.043e-11,4.430e-09
RANS_SST_WD_0.01-20_ConsGalerkinProj_Drift_Second,SST,209,state,Energy,5.616224493138e+04,5.616224493136e+04,-4.621e-13,-1.542e-11
RANS_SST_WD_0.01-20_ConsGalerkinProj_Drift_Second,SST,209,state,Turb_Kin_Energy,1.765417567275e-03,1.765417606520e-03,2.223e-08,5.337e-07
RANS_SST_WD_0.01-20_ConsGalerkinProj_Drift_Second,SST,209,state,Omega,1.174433932479e+04,1.174433933083e+04,5.147e-10,1.833e-07
RANS_SST_WD_0.01-20_ConsGalerkinProj_Drift_Second,SST,218,bdf2_level,Density,3.136275210285e+04,3.136275210285e+04,-1.689e-13,
RANS_SST_WD_0.01-20_ConsGalerkinProj_Drift_Second,SST,218,bdf2_level,Momentum_x,3.119893572742e+03,3.119893572724e+03,-5.851e-12,
RANS_SST_WD_0.01-20_ConsGalerkinProj_Drift_Second,SST,218,bdf2_level,Momentum_y,3.275980088482e+02,3.275980088489e+02,1.900e-12,
RANS_SST_WD_0.01-20_ConsGalerkinProj_Drift_Second,SST,218,bdf2_level,Energy,5.616224493077e+04,5.616224493076e+04,-2.158e-13,
RANS_SST_WD_0.01-20_ConsGalerkinProj_Drift_Second,SST,218,bdf2_level,Turb_Kin_Energy,1.765419986876e-03,1.765420052445e-03,3.714e-08,
RANS_SST_WD_0.01-20_ConsGalerkinProj_Drift_Second,SST,218,bdf2_level,Omega,1.174433814432e+04,1.174433814420e+04,-1.018e-11,
RANS_SST_WD_0.01-20_ConsGalerkinProj_Drift_Second,SST,219,state,Density,3.136275210283e+04,3.136275210283e+04,-1.636e-13,-8.007e-12
RANS_SST_WD_0.01-20_ConsGalerkinProj_Drift_Second,SST,219,state,Momentum_x,3.119893572543e+03,3.119893572526e+03,-5.242e-12,-5.402e-10
RANS_SST_WD_0.01-20_ConsGalerkinProj_Drift_Second,SST,219,state,Momentum_y,3.275980088758e+02,3.275980088754e+02,-1.128e-12,5.904e-09
RANS_SST_WD_0.01-20_ConsGalerkinProj_Drift_Second,SST,219,state,Energy,5.616224493072e+04,5.616224493071e+04,-2.083e-13,-1.184e-11
RANS_SST_WD_0.01-20_ConsGalerkinProj_Drift_Second,SST,219,state,Turb_Kin_Energy,1.765419601818e-03,1.765419665186e-03,3.589e-08,1.152e-06
RANS_SST_WD_0.01-20_ConsGalerkinProj_Drift_Second,SST,219,state,Omega,1.174433805662e+04,1.174433805596e+04,-5.687e-11,-1.080e-07
RANS_SST_WD_0.01-20_ConsGalerkinProj_Drift_Second,SST,228,bdf2_level,Density,3.136275210274e+04,3.136275210273e+04,-2.291e-13,
RANS_SST_WD_0.01-20_ConsGalerkinProj_Drift_Second,SST,228,bdf2_level,Momentum_x,3.119893570959e+03,3.119893570966e+03,2.212e-12,
RANS_SST_WD_0.01-20_ConsGalerkinProj_Drift_Second,SST,228,bdf2_level,Momentum_y,3.275980147139e+02,3.275980147216e+02,2.350e-11,
RANS_SST_WD_0.01-20_ConsGalerkinProj_Drift_Second,SST,228,bdf2_level,Energy,5.616224493046e+04,5.616224493045e+04,-2.945e-13,
RANS_SST_WD_0.01-20_ConsGalerkinProj_Drift_Second,SST,228,bdf2_level,Turb_Kin_Energy,1.765414045879e-03,1.765414038771e-03,-4.026e-09,
RANS_SST_WD_0.01-20_ConsGalerkinProj_Drift_Second,SST,228,bdf2_level,Omega,1.174433770852e+04,1.174433770903e+04,4.389e-11,
RANS_SST_WD_0.01-20_ConsGalerkinProj_Drift_Second,SST,229,state,Density,3.136275210274e+04,3.136275210273e+04,-2.242e-13,-2.943e-12
RANS_SST_WD_0.01-20_ConsGalerkinProj_Drift_Second,SST,229,state,Momentum_x,3.119893570816e+03,3.119893570825e+03,2.883e-12,-5.534e-10
RANS_SST_WD_0.01-20_ConsGalerkinProj_Drift_Second,SST,229,state,Momentum_y,3.275980147966e+02,3.275980148045e+02,2.413e-11,1.807e-08
RANS_SST_WD_0.01-20_ConsGalerkinProj_Drift_Second,SST,229,state,Energy,5.616224493046e+04,5.616224493045e+04,-2.775e-13,-4.592e-12
RANS_SST_WD_0.01-20_ConsGalerkinProj_Drift_Second,SST,229,state,Turb_Kin_Energy,1.765413073586e-03,1.765413068981e-03,-2.609e-09,-3.698e-06
RANS_SST_WD_0.01-20_ConsGalerkinProj_Drift_Second,SST,229,state,Omega,1.174433765447e+04,1.174433765524e+04,6.485e-11,-3.424e-08
RANS_SST_WD_0.01-20_ConsGalerkinProj_Drift_Second,SST,238,bdf2_level,Density,3.136275210283e+04,3.136275210282e+04,-2.720e-13,
RANS_SST_WD_0.01-20_ConsGalerkinProj_Drift_Second,SST,238,bdf2_level,Momentum_x,3.119893569846e+03,3.119893569826e+03,-6.646e-12,
RANS_SST_WD_0.01-20_ConsGalerkinProj_Drift_Second,SST,238,bdf2_level,Momentum_y,3.275980111470e+02,3.275980111644e+02,5.304e-11,
RANS_SST_WD_0.01-20_ConsGalerkinProj_Drift_Second,SST,238,bdf2_level,Energy,5.616224493068e+04,5.616224493066e+04,-4.026e-13,
RANS_SST_WD_0.01-20_ConsGalerkinProj_Drift_Second,SST,238,bdf2_level,Turb_Kin_Energy,1.765410787498e-03,1.765410823157e-03,2.020e-08,
RANS_SST_WD_0.01-20_ConsGalerkinProj_Drift_Second,SST,238,bdf2_level,Omega,1.174433780973e+04,1.174433780954e+04,-1.602e-11,
RANS_SST_WD_0.01-20_ConsGalerkinProj_Drift_Second,SST,239,state,Density,3.136275210285e+04,3.136275210284e+04,-2.719e-13,3.493e-12
RANS_SST_WD_0.01-20_ConsGalerkinProj_Drift_Second,SST,239,state,Momentum_x,3.119893569759e+03,3.119893569739e+03,-6.455e-12,-3.389e-10
RANS_SST_WD_0.01-20_ConsGalerkinProj_Drift_Second,SST,239,state,Momentum_y,3.275980114693e+02,3.275980114865e+02,5.272e-11,-1.016e-08
RANS_SST_WD_0.01-20_ConsGalerkinProj_Drift_Second,SST,239,state,Energy,5.616224493074e+04,5.616224493071e+04,-3.918e-13,4.870e-12
RANS_SST_WD_0.01-20_ConsGalerkinProj_Drift_Second,SST,239,state,Turb_Kin_Energy,1.765411282612e-03,1.765411318371e-03,2.026e-08,-1.014e-06
RANS_SST_WD_0.01-20_ConsGalerkinProj_Drift_Second,SST,239,state,Omega,1.174433790326e+04,1.174433790306e+04,-1.700e-11,2.118e-08
RANS_SST_WD_0.01-20_ConsGalerkinProj_Drift_Second,SST,248,bdf2_level,Density,3.136275210315e+04,3.136275210314e+04,-2.036e-13,
RANS_SST_WD_0.01-20_ConsGalerkinProj_Drift_Second,SST,248,bdf2_level,Momentum_x,3.119893568787e+03,3.119893568806e+03,6.137e-12,
RANS_SST_WD_0.01-20_ConsGalerkinProj_Drift_Second,SST,248,bdf2_level,Momentum_y,3.275980160100e+02,3.275980160060e+02,-1.220e-11,
RANS_SST_WD_0.01-20_ConsGalerkinProj_Drift_Second,SST,248,bdf2_level,Energy,5.616224493150e+04,5.616224493148e+04,-2.119e-13,
RANS_SST_WD_0.01-20_ConsGalerkinProj_Drift_Second,SST,248,bdf2_level,Turb_Kin_Energy,1.765411949474e-03,1.765412011258e-03,3.500e-08,
RANS_SST_WD_0.01-20_ConsGalerkinProj_Drift_Second,SST,248,bdf2_level,Omega,1.174433801745e+04,1.174433804039e+04,1.953e-09,
RANS_SST_WD_0.01-20_ConsGalerkinProj_Drift_Second,SST,249,state,Density,3.136275210320e+04,3.136275210319e+04,-1.904e-13,1.102e-11
RANS_SST_WD_0.01-20_ConsGalerkinProj_Drift_Second,SST,249,state,Momentum_x,3.119893568664e+03,3.119893568682e+03,5.532e-12,-3.508e-10
RANS_SST_WD_0.01-20_ConsGalerkinProj_Drift_Second,SST,249,state,Momentum_y,3.275980166019e+02,3.275980165978e+02,-1.257e-11,1.567e-08
RANS_SST_WD_0.01-20_ConsGalerkinProj_Drift_Second,SST,249,state,Energy,5.616224493162e+04,5.616224493161e+04,-1.902e-13,1.568e-11
RANS_SST_WD_0.01-20_ConsGalerkinProj_Drift_Second,SST,249,state,Turb_Kin_Energy,1.765411764595e-03,1.765411826267e-03,3.493e-08,2.730e-07
RANS_SST_WD_0.01-20_ConsGalerkinProj_Drift_Second,SST,249,state,Omega,1.174433800698e+04,1.174433802994e+04,1.955e-09,8.831e-09
RANS_SST_WD_0.01-20_ConsGalerkinProj_Drift_Second,SST,258,bdf2_level,Density,3.136275210373e+04,3.136275210372e+04,-2.569e-13,
RANS_SST_WD_0.01-20_ConsGalerkinProj_Drift_Second,SST,258,bdf2_level,Momentum_x,3.119893568028e+03,3.119893568043e+03,4.872e-12,
RANS_SST_WD_0.01-20_ConsGalerkinProj_Drift_Second,SST,258,bdf2_level,Momentum_y,3.275980219847e+02,3.275980219799e+02,-1.478e-11,
RANS_SST_WD_0.01-20_ConsGalerkinProj_Drift_Second,SST,258,bdf2_level,Energy,5.616224493298e+04,5.616224493297e+04,-2.938e-13,
RANS_SST_WD_0.01-20_ConsGalerkinProj_Drift_Second,SST,258,bdf2_level,Turb_Kin_Energy,1.765410447295e-03,1.765410517866e-03,3.997e-08,
RANS_SST_WD_0.01-20_ConsGalerkinProj_Drift_Second,SST,258,bdf2_level,Omega,1.174433786149e+04,1.174433787414e+04,1.077e-09,
RANS_SST_WD_0.01-20_ConsGalerkinProj_Drift_Second,SST,259,state,Density,3.136275210380e+04,3.136275210379e+04,-2.625e-13,1.930e-11
RANS_SST_WD_0.01-20_ConsGalerkinProj_Drift_Second,SST,259,state,Momentum_x,3.119893567944e+03,3.119893567948e+03,1.455e-12,-2.309e-10
RANS_SST_WD_0.01-20_ConsGalerkinProj_Drift_Second,SST,259,state,Momentum_y,3.275980224906e+02,3.275980224871e+02,-1.063e-11,1.798e-08
RANS_SST_WD_0.01-20_ConsGalerkinProj_Drift_Second,SST,259,state,Energy,5.616224493317e+04,5.616224493315e+04,-3.055e-13,2.769e-11
RANS_SST_WD_0.01-20_ConsGalerkinProj_Drift_Second,SST,259,state,Turb_Kin_Energy,1.765409953357e-03,1.765410022847e-03,3.936e-08,-1.026e-06
RANS_SST_WD_0.01-20_ConsGalerkinProj_Drift_Second,SST,259,state,Omega,1.174433781272e+04,1.174433782519e+04,1.062e-09,-1.654e-08
RANS_SST_WD_0.01-20_ConsGalerkinProj_Drift_Second,SST,268,bdf2_level,Density,3.136275210455e+04,3.136275210454e+04,-2.899e-13,
RANS_SST_WD_0.01-20_ConsGalerkinProj_Drift_Second,SST,268,bdf2_level,Momentum_x,3.119893567078e+03,3.119893567082e+03,1.234e-12,
RANS_SST_WD_0.01-20_ConsGalerkinProj_Drift_Second,SST,268,bdf2_level,Momentum_y,3.275980260557e+02,3.275980260555e+02,-8.020e-13,
RANS_SST_WD_0.01-20_ConsGalerkinProj_Drift_Second,SST,268,bdf2_level,Energy,5.616224493511e+04,5.616224493509e+04,-3.205e-13,
RANS_SST_WD_0.01-20_ConsGalerkinProj_Drift_Second,SST,268,bdf2_level,Turb_Kin_Energy,1.765405496200e-03,1.765405566074e-03,3.958e-08,
RANS_SST_WD_0.01-20_ConsGalerkinProj_Drift_Second,SST,268,bdf2_level,Omega,1.174433780265e+04,1.174433781116e+04,7.249e-10,
RANS_SST_WD_0.01-20_ConsGalerkinProj_Drift_Second,SST,269,state,Density,3.136275210465e+04,3.136275210464e+04,-2.706e-13,2.704e-11
RANS_SST_WD_0.01-20_ConsGalerkinProj_Drift_Second,SST,269,state,Momentum_x,3.119893566999e+03,3.119893567005e+03,1.875e-12,-3.029e-10
RANS_SST_WD_0.01-20_ConsGalerkinProj_Drift_Second,SST,269,state,Momentum_y,3.275980258429e+02,3.275980258424e+02,-1.473e-12,1.023e-08
RANS_SST_WD_0.01-20_ConsGalerkinProj_Drift_Second,SST,269,state,Energy,5.616224493536e+04,5.616224493534e+04,-3.003e-13,3.890e-11
RANS_SST_WD_0.01-20_ConsGalerkinProj_Drift_Second,SST,269,state,Turb_Kin_Energy,1.765405161364e-03,1.765405231315e-03,3.962e-08,-2.714e-06
RANS_SST_WD_0.01-20_ConsGalerkinProj_Drift_Second,SST,269,state,Omega,1.174433782010e+04,1.174433782864e+04,7.273e-10,6.283e-10
RANS_SST_WD_0.01-20_ConsGalerkinProj_Drift_Second,SST,278,bdf2_level,Density,3.136275210557e+04,3.136275210557e+04,-1.359e-13,
RANS_SST_WD_0.01-20_ConsGalerkinProj_Drift_Second,SST,278,bdf2_level,Momentum_x,3.119893566651e+03,3.119893566667e+03,5.202e-12,
RANS_SST_WD_0.01-20_ConsGalerkinProj_Drift_Second,SST,278,bdf2_level,Momentum_y,3.275980258177e+02,3.275980258429e+02,7.710e-11,
RANS_SST_WD_0.01-20_ConsGalerkinProj_Drift_Second,SST,278,bdf2_level,Energy,5.616224493774e+04,5.616224493773e+04,-1.753e-13,
RANS_SST_WD_0.01-20_ConsGalerkinProj_Drift_Second,SST,278,bdf2_level,Turb_Kin_Energy,1.765403620408e-03,1.765403605689e-03,-8.337e-09,
RANS_SST_WD_0.01-20_ConsGalerkinProj_Drift_Second,SST,278,bdf2_level,Omega,1.174433755746e+04,1.174433756448e+04,5.977e-10,
RANS_SST_WD_0.01-20_ConsGalerkinProj_Drift_Second,SST,279,state,Density,3.136275210568e+04,3.136275210568e+04,-1.434e-13,3.298e-11
RANS_SST_WD_0.01-20_ConsGalerkinProj_Drift_Second,SST,279,state,Momentum_x,3.119893566627e+03,3.119893566644e+03,5.183e-12,-1.190e-10
RANS_SST_WD_0.01-20_ConsGalerkinProj_Drift_Second,SST,279,state,Momentum_y,3.275980262128e+02,3.275980262383e+02,7.775e-11,1.129e-09
RANS_SST_WD_0.01-20_ConsGalerkinProj_Drift_Second,SST,279,state,Energy,5.616224493803e+04,5.616224493802e+04,-1.806e-13,4.757e-11
RANS_SST_WD_0.01-20_ConsGalerkinProj_Drift_Second,SST,279,state,Turb_Kin_Energy,1.765403363494e-03,1.765403350220e-03,-7.519e-09,-1.018e-06
RANS_SST_WD_0.01-20_ConsGalerkinProj_Drift_Second,SST,279,state,Omega,1.174433753872e+04,1.174433754572e+04,5.968e-10,-2.396e-08
RANS_SST_WD_0.01-20_ConsGalerkinProj_Drift_Second,SST,288,bdf2_level,Density,3.136275210670e+04,3.136275210669e+04,-2.392e-13,
RANS_SST_WD_0.01-20_ConsGalerkinProj_Drift_Second,SST,288,bdf2_level,Momentum_x,3.119893566550e+03,3.119893566533e+03,-5.314e-12,
RANS_SST_WD_0.01-20_ConsGalerkinProj_Drift_Second,SST,288,bdf2_level,Momentum_y,3.275980313167e+02,3.275980313203e+02,1.117e-11,
RANS_SST_WD_0.01-20_ConsGalerkinProj_Drift_Second,SST,288,bdf2_level,Energy,5.616224494066e+04,5.616224494064e+04,-2.918e-13,
RANS_SST_WD_0.01-20_ConsGalerkinProj_Drift_Second,SST,288,bdf2_level,Turb_Kin_Energy,1.765402871846e-03,1.765402933561e-03,3.496e-08,
RANS_SST_WD_0.01-20_ConsGalerkinProj_Drift_Second,SST,288,bdf2_level,Omega,1.174433784670e+04,1.174433785274e+04,5.144e-10,
RANS_SST_WD_0.01-20_ConsGalerkinProj_Drift_Second,SST,289,state,Density,3.136275210681e+04,3.136275210680e+04,-2.399e-13,3.601e-11
RANS_SST_WD_0.01-20_ConsGalerkinProj_Drift_Second,SST,289,state,Momentum_x,3.119893566527e+03,3.119893566511e+03,-5.012e-12,-3.226e-11
RANS_SST_WD_0.01-20_ConsGalerkinProj_Drift_Second,SST,289,state,Momentum_y,3.275980318205e+02,3.275980318240e+02,1.067e-11,1.712e-08
RANS_SST_WD_0.01-20_ConsGalerkinProj_Drift_Second,SST,289,state,Energy,5.616224494096e+04,5.616224494094e+04,-3.041e-13,5.214e-11
RANS_SST_WD_0.01-20_ConsGalerkinProj_Drift_Second,SST,289,state,Turb_Kin_Energy,1.765403058161e-03,1.765403118869e-03,3.439e-08,-1.730e-07
RANS_SST_WD_0.01-20_ConsGalerkinProj_Drift_Second,SST,289,state,Omega,1.174433791295e+04,1.174433791871e+04,4.909e-10,3.186e-08
RANS_SST_WD_0.01-20_ConsGalerkinProj_Drift_Second,SST,298,bdf2_level,Density,3.136275210781e+04,3.136275210780e+04,-2.559e-13,
RANS_SST_WD_0.01-20_ConsGalerkinProj_Drift_Second,SST,298,bdf2_level,Momentum_x,3.119893566507e+03,3.119893566521e+03,4.403e-12,
RANS_SST_WD_0.01-20_ConsGalerkinProj_Drift_Second,SST,298,bdf2_level,Momentum_y,3.275980380047e+02,3.275980380168e+02,3.710e-11,
RANS_SST_WD_0.01-20_ConsGalerkinProj_Drift_Second,SST,298,bdf2_level,Energy,5.616224494356e+04,5.616224494354e+04,-3.200e-13,
RANS_SST_WD_0.01-20_ConsGalerkinProj_Drift_Second,SST,298,bdf2_level,Turb_Kin_Energy,1.765405367669e-03,1.765405391772e-03,1.365e-08,
RANS_SST_WD_0.01-20_ConsGalerkinProj_Drift_Second,SST,298,bdf2_level,Omega,1.174433847511e+04,1.174433846325e+04,-1.010e-09,
RANS_SST_WD_0.01-20_ConsGalerkinProj_Drift_Second,SST,299,state,Density,3.136275210791e+04,3.136275210791e+04,-2.620e-13,3.515e-11
RANS_SST_WD_0.01-20_ConsGalerkinProj_Drift_Second,SST,299,state,Momentum_x,3.119893566510e+03,3.119893566524e+03,4.661e-12,-5.451e-12
RANS_SST_WD_0.01-20_ConsGalerkinProj_Drift_Second,SST,299,state,Momentum_y,3.275980384981e+02,3.275980385100e+02,3.627e-11,2.038e-08
RANS_SST_WD_0.01-20_ConsGalerkinProj_Drift_Second,SST,299,state,Energy,5.616224494384e+04,5.616224494382e+04,-3.221e-13,5.140e-11
RANS_SST_WD_0.01-20_ConsGalerkinProj_Drift_Second,SST,299,state,Turb_Kin_Energy,1.765405615883e-03,1.765405639686e-03,1.348e-08,1.449e-06
RANS_SST_WD_0.01-20_ConsGalerkinProj_Drift_Second,SST,299,state,Omega,1.174433853372e+04,1.174433852168e+04,-1.025e-09,5.286e-08
RANS_SST_WD_0.01-20_ConsGalerkinProj_Drift_Second,SST,308,bdf2_level,Density,3.136275210880e+04,3.136275210879e+04,-3.326e-13,
RANS_SST_WD_0.01-20_ConsGalerkinProj_Drift_Second,SST,308,bdf2_level,Momentum_x,3.119893566759e+03,3.119893566793e+03,1.073e-11,
RANS_SST_WD_0.01-20_ConsGalerkinProj_Drift_Second,SST,308,bdf2_level,Momentum_y,3.275980414125e+02,3.275980414083e+02,-1.262e-11,
RANS_SST_WD_0.01-20_ConsGalerkinProj_Drift_Second,SST,308,bdf2_level,Energy,5.616224494618e+04,5.616224494616e+04,-3.634e-13,
RANS_SST_WD_0.01-20_ConsGalerkinProj_Drift_Second,SST,308,bdf2_level,Turb_Kin_Energy,1.765407252474e-03,1.765407216362e-03,-2.046e-08,
RANS_SST_WD_0.01-20_ConsGalerkinProj_Drift_Second,SST,308,bdf2_level,Omega,1.174433854837e+04,1.174433855897e+04,9.026e-10,
RANS_SST_WD_0.01-20_ConsGalerkinProj_Drift_Second,SST,309,state,Density,3.136275210889e+04,3.136275210888e+04,-3.270e-13,3.106e-11
RANS_SST_WD_0.01-20_ConsGalerkinProj_Drift_Second,SST,309,state,Momentum_x,3.119893566785e+03,3.119893566818e+03,1.060e-11,8.829e-11
RANS_SST_WD_0.01-20_ConsGalerkinProj_Drift_Second,SST,309,state,Momentum_y,3.275980415413e+02,3.275980415372e+02,-1.254e-11,9.289e-09
RANS_SST_WD_0.01-20_ConsGalerkinProj_Drift_Second,SST,309,state,Energy,5.616224494642e+04,5.616224494640e+04,-3.627e-13,4.593e-11
RANS_SST_WD_0.01-20_ConsGalerkinProj_Drift_Second,SST,309,state,Turb_Kin_Energy,1.765407329271e-03,1.765407293771e-03,-2.011e-08,9.705e-07
RANS_SST_WD_0.01-20_ConsGalerkinProj_Drift_Second,SST,309,state,Omega,1.174433854798e+04,1.174433855871e+04,9.130e-10,1.215e-09
RANS_SST_WD_0.01-20_ConsGalerkinProj_Drift_Second,SST,318,bdf2_level,Density,3.136275210958e+04,3.136275210957e+04,-3.330e-13,
RANS_SST_WD_0.01-20_ConsGalerkinProj_Drift_Second,SST,318,bdf2_level,Momentum_x,3.119893566888e+03,3.119893566905e+03,5.642e-12,
RANS_SST_WD_0.01-20_ConsGalerkinProj_Drift_Second,SST,318,bdf2_level,Momentum_y,3.275980408268e+02,3.275980408242e+02,-8.014e-12,
RANS_SST_WD_0.01-20_ConsGalerkinProj_Drift_Second,SST,318,bdf2_level,Energy,5.616224494829e+04,5.616224494827e+04,-3.966e-13,
RANS_SST_WD_0.01-20_ConsGalerkinProj_Drift_Second,SST,318,bdf2_level,Turb_Kin_Energy,1.765401424754e-03,1.765401422119e-03,-1.493e-09,
RANS_SST_WD_0.01-20_ConsGalerkinProj_Drift_Second,SST,318,bdf2_level,Omega,1.174433802025e+04,1.174433800947e+04,-9.176e-10,
RANS_SST_WD_0.01-20_ConsGalerkinProj_Drift_Second,SST,319,state,Density,3.136275210965e+04,3.136275210964e+04,-3.320e-13,2.423e-11
RANS_SST_WD_0.01-20_ConsGalerkinProj_Drift_Second,SST,319,state,Momentum_x,3.119893566913e+03,3.119893566928e+03,5.011e-12,4.078e-11
RANS_SST_WD_0.01-20_ConsGalerkinProj_Drift_Second,SST,319,state,Momentum_y,3.275980404894e+02,3.275980404877e+02,-5.242e-12,-3.211e-09
RANS_SST_WD_0.01-20_ConsGalerkinProj_Drift_Second,SST,319,state,Energy,5.616224494847e+04,5.616224494844e+04,-4.025e-13,3.639e-11
RANS_SST_WD_0.01-20_ConsGalerkinProj_Drift_Second,SST,319,state,Turb_Kin_Energy,1.765400683928e-03,1.765400681444e-03,-1.407e-09,-3.764e-06
RANS_SST_WD_0.01-20_ConsGalerkinProj_Drift_Second,SST,319,state,Omega,1.174433797671e+04,1.174433796599e+04,-9.134e-10,-4.864e-08
RANS_SST_WD_0.01-20_ConsGalerkinProj_Drift_Second,SST,328,bdf2_level,Density,3.136275211010e+04,3.136275211009e+04,-1.601e-13,
RANS_SST_WD_0.01-20_ConsGalerkinProj_Drift_Second,SST,328,bdf2_level,Momentum_x,3.119893567334e+03,3.119893567297e+03,-1.167e-11,
RANS_SST_WD_0.01-20_ConsGalerkinProj_Drift_Second,SST,328,bdf2_level,Momentum_y,3.275980464622e+02,3.275980464662e+02,1.206e-11,
RANS_SST_WD_0.01-20_ConsGalerkinProj_Drift_Second,SST,328,bdf2_level,Energy,5.616224494970e+04,5.616224494969e+04,-2.512e-13,
RANS_SST_WD_0.01-20_ConsGalerkinProj_Drift_Second,SST,328,bdf2_level,Turb_Kin_Energy,1.765400819454e-03,1.765400887928e-03,3.879e-08,
RANS_SST_WD_0.01-20_ConsGalerkinProj_Drift_Second,SST,328,bdf2_level,Omega,1.174433844421e+04,1.174433846477e+04,1.751e-09,
RANS_SST_WD_0.01-20_ConsGalerkinProj_Drift_Second,SST,329,state,Density,3.136275211013e+04,3.136275211013e+04,-1.702e-13,1.544e-11
RANS_SST_WD_0.01-20_ConsGalerkinProj_Drift_Second,SST,329,state,Momentum_x,3.119893567366e+03,3.119893567330e+03,-1.156e-11,1.453e-10
RANS_SST_WD_0.01-20_ConsGalerkinProj_Drift_Second,SST,329,state,Momentum_y,3.275980479583e+02,3.275980479624e+02,1.256e-11,2.280e-08
RANS_SST_WD_0.01-20_ConsGalerkinProj_Drift_Second,SST,329,state,Energy,5.616224494981e+04,5.616224494979e+04,-2.610e-13,2.387e-11
RANS_SST_WD_0.01-20_ConsGalerkinProj_Drift_Second,SST,329,state,Turb_Kin_Energy,1.765401173007e-03,1.765401242784e-03,3.952e-08,2.770e-07
RANS_SST_WD_0.01-20_ConsGalerkinProj_Drift_Second,SST,329,state,Omega,1.174433851125e+04,1.174433853208e+04,1.773e-09,4.551e-08
RANS_SST_WD_0.01-20_ConsGalerkinProj_Drift_Second,SST,338,bdf2_level,Density,3.136275211031e+04,3.136275211030e+04,-3.610e-13,
RANS_SST_WD_0.01-20_ConsGalerkinProj_Drift_Second,SST,338,bdf2_level,Momentum_x,3.119893567025e+03,3.119893567013e+03,-4.098e-12,
RANS_SST_WD_0.01-20_ConsGalerkinProj_Drift_Second,SST,338,bdf2_level,Momentum_y,3.275980553637e+02,3.275980553644e+02,1.968e-12,
RANS_SST_WD_0.01-20_ConsGalerkinProj_Drift_Second,SST,338,bdf2_level,Energy,5.616224495034e+04,5.616224495031e+04,-4.880e-13,
RANS_SST_WD_0.01-20_ConsGalerkinProj_Drift_Second,SST,338,bdf2_level,Turb_Kin_Energy,1.765399349646e-03,1.765399372087e-03,1.271e-08,
RANS_SST_WD_0.01-20_ConsGalerkinProj_Drift_Second,SST,338,bdf2_level,Omega,1.174433850521e+04,1.174433852081e+04,1.328e-09,
RANS_SST_WD_0.01-20_ConsGalerkinProj_Drift_Second,SST,339,state,Density,3.136275211031e+04,3.136275211030e+04,-3.631e-13,5.742e-12
RANS_SST_WD_0.01-20_ConsGalerkinProj_Drift_Second,SST,339,state,Momentum_x,3.119893566956e+03,3.119893566943e+03,-4.157e-12,-1.314e-10
RANS_SST_WD_0.01-20_ConsGalerkinProj_Drift_Second,SST,339,state,Momentum_y,3.275980558904e+02,3.275980558909e+02,1.552e-12,2.421e-08
RANS_SST_WD_0.01-20_ConsGalerkinProj_Drift_Second,SST,339,state,Energy,5.616224495036e+04,5.616224495033e+04,-4.878e-13,9.840e-12
RANS_SST_WD_0.01-20_ConsGalerkinProj_Drift_Second,SST,339,state,Turb_Kin_Energy,1.765398863998e-03,1.765398887064e-03,1.307e-08,-1.308e-06
RANS_SST_WD_0.01-20_ConsGalerkinProj_Drift_Second,SST,339,state,Omega,1.174433848867e+04,1.174433850432e+04,1.332e-09,-1.922e-09
RANS_SST_WD_0.01-20_ConsGalerkinProj_Drift_Second,SST,348,bdf2_level,Density,3.136275211020e+04,3.136275211019e+04,-3.511e-13,
RANS_SST_WD_0.01-20_ConsGalerkinProj_Drift_Second,SST,348,bdf2_level,Momentum_x,3.119893566128e+03,3.119893566105e+03,-7.572e-12,
RANS_SST_WD_0.01-20_ConsGalerkinProj_Drift_Second,SST,348,bdf2_level,Momentum_y,3.275980589954e+02,3.275980589893e+02,-1.873e-11,
RANS_SST_WD_0.01-20_ConsGalerkinProj_Drift_Second,SST,348,bdf2_level,Energy,5.616224495014e+04,5.616224495011e+04,-4.696e-13,
RANS_SST_WD_0.01-20_ConsGalerkinProj_Drift_Second,SST,348,bdf2_level,Turb_Kin_Energy,1.765398380850e-03,1.765398428123e-03,2.678e-08,
RANS_SST_WD_0.01-20_ConsGalerkinProj_Drift_Second,SST,348,bdf2_level,Omega,1.174433890331e+04,1.174433890682e+04,2.983e-10,
RANS_SST_WD_0.01-20_ConsGalerkinProj_Drift_Second,SST,349,state,Density,3.136275211017e+04,3.136275211016e+04,-3.312e-13,-4.484e-12
RANS_SST_WD_0.01-20_ConsGalerkinProj_Drift_Second,SST,349,state,Momentum_x,3.119893566042e+03,3.119893566021e+03,-6.919e-12,-2.928e-10
RANS_SST_WD_0.01-20_ConsGalerkinProj_Drift_Second,SST,349,state,Momentum_y,3.275980595781e+02,3.275980595721e+02,-1.820e-11,1.126e-08
RANS_SST_WD_0.01-20_ConsGalerkinProj_Drift_Second,SST,349,state,Energy,5.616224495008e+04,5.616224495005e+04,-4.445e-13,-5.011e-12
RANS_SST_WD_0.01-20_ConsGalerkinProj_Drift_Second,SST,349,state,Turb_Kin_Energy,1.765398513913e-03,1.765398561450e-03,2.693e-08,-1.983e-07
RANS_SST_WD_0.01-20_ConsGalerkinProj_Drift_Second,SST,349,state,Omega,1.174433895956e+04,1.174433896300e+04,2.933e-10,4.009e-08
RANS_SST_WD_0.01-20_ConsGalerkinProj_Drift_Second,SST,358,bdf2_level,Density,3.136275210978e+04,3.136275210978e+04,-1.116e-13,
RANS_SST_WD_0.01-20_ConsGalerkinProj_Drift_Second,SST,358,bdf2_level,Momentum_x,3.119893565111e+03,3.119893565108e+03,-8.006e-13,
RANS_SST_WD_0.01-20_ConsGalerkinProj_Drift_Second,SST,358,bdf2_level,Momentum_y,3.275980574507e+02,3.275980574664e+02,4.789e-11,
RANS_SST_WD_0.01-20_ConsGalerkinProj_Drift_Second,SST,358,bdf2_level,Energy,5.616224494914e+04,5.616224494913e+04,-1.581e-13,
RANS_SST_WD_0.01-20_ConsGalerkinProj_Drift_Second,SST,358,bdf2_level,Turb_Kin_Energy,1.765397923841e-03,1.765397918059e-03,-3.275e-09,
RANS_SST_WD_0.01-20_ConsGalerkinProj_Drift_Second,SST,358,bdf2_level,Omega,1.174433912624e+04,1.174433912617e+04,-5.281e-12,
RANS_SST_WD_0.01-20_ConsGalerkinProj_Drift_Second,SST,359,state,Density,3.136275210973e+04,3.136275210972e+04,-1.230e-13,-1.415e-11
RANS_SST_WD_0.01-20_ConsGalerkinProj_Drift_Second,SST,359,state,Momentum_x,3.119893564982e+03,3.119893564980e+03,-8.315e-13,-3.398e-10
RANS_SST_WD_0.01-20_ConsGalerkinProj_Drift_Second,SST,359,state,Momentum_y,3.275980569148e+02,3.275980569306e+02,4.827e-11,-8.130e-09
RANS_SST_WD_0.01-20_ConsGalerkinProj_Drift_Second,SST,359,state,Energy,5.616224494900e+04,5.616224494899e+04,-1.606e-13,-1.915e-11
RANS_SST_WD_0.01-20_ConsGalerkinProj_Drift_Second,SST,359,state,Turb_Kin_Energy,1.765397722092e-03,1.765397717506e-03,-2.598e-09,-4.485e-07
RANS_SST_WD_0.01-20_ConsGalerkinProj_Drift_Second,SST,359,state,Omega,1.174433916555e+04,1.174433916572e+04,1.400e-11,1.754e-08
RANS_SST_WD_0.01-20_ConsGalerkinProj_Drift_Second,SST,368,bdf2_level,Density,3.136275210909e+04,3.136275210909e+04,-2.212e-13,
RANS_SST_WD_0.01-20_ConsGalerkinProj_Drift_Second,SST,368,bdf2_level,Momentum_x,3.119893564111e+03,3.119893564142e+03,9.916e-12,
RANS_SST_WD_0.01-20_ConsGalerkinProj_Drift_Second,SST,368,bdf2_level,Momentum_y,3.275980600850e+02,3.275980600840e+02,-2.955e-12,
RANS_SST_WD_0.01-20_ConsGalerkinProj_Drift_Second,SST,368,bdf2_level,Energy,5.616224494743e+04,5.616224494741e+04,-2.665e-13,
RANS_SST_WD_0.01-20_ConsGalerkinProj_Drift_Second,SST,368,bdf2_level,Turb_Kin_Energy,1.765395986417e-03,1.765396031894e-03,2.576e-08,
RANS_SST_WD_0.01-20_ConsGalerkinProj_Drift_Second,SST,368,bdf2_level,Omega,1.174433890375e+04,1.174433890941e+04,4.820e-10,
RANS_SST_WD_0.01-20_ConsGalerkinProj_Drift_Second,SST,369,state,Density,3.136275210901e+04,3.136275210901e+04,-2.219e-13,-2.284e-11
RANS_SST_WD_0.01-20_ConsGalerkinProj_Drift_Second,SST,369,state,Momentum_x,3.119893563995e+03,3.119893564026e+03,9.751e-12,-3.163e-10
RANS_SST_WD_0.01-20_ConsGalerkinProj_Drift_Second,SST,369,state,Momentum_y,3.275980604545e+02,3.275980604532e+02,-3.927e-12,1.080e-08
RANS_SST_WD_0.01-20_ConsGalerkinProj_Drift_Second,SST,369,state,Energy,5.616224494722e+04,5.616224494720e+04,-2.686e-13,-3.174e-11
RANS_SST_WD_0.01-20_ConsGalerkinProj_Drift_Second,SST,369,state,Turb_Kin_Energy,1.765395663147e-03,1.765395709798e-03,2.643e-08,-1.166e-06
RANS_SST_WD_0.01-20_ConsGalerkinProj_Drift_Second,SST,369,state,Omega,1.174433889895e+04,1.174433890479e+04,4.969e-10,-2.270e-08
RANS_SST_WD_0.01-20_ConsGalerkinProj_Drift_Second,SST,378,bdf2_level,Density,3.136275210816e+04,3.136275210816e+04,1.160e-15,
RANS_SST_WD_0.01-20_ConsGalerkinProj_Drift_Second,SST,378,bdf2_level,Momentum_x,3.119893562913e+03,3.119893562879e+03,-1.096e-11,
RANS_SST_WD_0.01-20_ConsGalerkinProj_Drift_Second,SST,378,bdf2_level,Momentum_y,3.275980618916e+02,3.275980618919e+02,1.092e-12,
RANS_SST_WD_0.01-20_ConsGalerkinProj_Drift_Second,SST,378,bdf2_level,Energy,5.616224494510e+04,5.616224494509e+04,-9.509e-14,
RANS_SST_WD_0.01-20_ConsGalerkinProj_Drift_Second,SST,378,bdf2_level,Turb_Kin_Energy,1.765393605943e-03,1.765393602160e-03,-2.142e-09,
RANS_SST_WD_0.01-20_ConsGalerkinProj_Drift_Second,SST,378,bdf2_level,Omega,1.174433912808e+04,1.174433913175e+04,3.128e-10,
RANS_SST_WD_0.01-20_ConsGalerkinProj_Drift_Second,SST,379,state,Density,3.136275210806e+04,3.136275210806e+04,1.740e-15,-3.037e-11
RANS_SST_WD_0.01-20_ConsGalerkinProj_Drift_Second,SST,379,state,Momentum_x,3.119893562784e+03,3.119893562746e+03,-1.205e-11,-3.883e-10
RANS_SST_WD_0.01-20_ConsGalerkinProj_Drift_Second,SST,379,state,Momentum_y,3.275980613447e+02,3.275980613453e+02,1.893e-12,2.718e-09
RANS_SST_WD_0.01-20_ConsGalerkinProj_Drift_Second,SST,379,state,Energy,5.616224494484e+04,5.616224494483e+04,-1.093e-13,-4.236e-11
RANS_SST_WD_0.01-20_ConsGalerkinProj_Drift_Second,SST,379,state,Turb_Kin_Energy,1.765393292190e-03,1.765393287789e-03,-2.493e-09,-1.343e-06
RANS_SST_WD_0.01-20_ConsGalerkinProj_Drift_Second,SST,379,state,Omega,1.174433910707e+04,1.174433911066e+04,3.059e-10,1.772e-08
RANS_SST_WD_0.01-20_ConsGalerkinProj_Drift_Second,SST,388,bdf2_level,Density,3.136275210708e+04,3.136275210707e+04,-2.452e-13,
RANS_SST_WD_0.01-20_ConsGalerkinProj_Drift_Second,SST,388,bdf2_level,Momentum_x,3.119893561858e+03,3.119893561893e+03,1.127e-11,
RANS_SST_WD_0.01-20_ConsGalerkinProj_Drift_Second,SST,388,bdf2_level,Momentum_y,3.275980624605e+02,3.275980624676e+02,2.191e-11,
RANS_SST_WD_0.01-20_ConsGalerkinProj_Drift_Second,SST,388,bdf2_level,Energy,5.616224494238e+04,5.616224494237e+04,-2.642e-13,
RANS_SST_WD_0.01-20_ConsGalerkinProj_Drift_Second,SST,388,bdf2_level,Turb_Kin_Energy,1.765393098439e-03,1.765393086610e-03,-6.700e-09,
RANS_SST_WD_0.01-20_ConsGalerkinProj_Drift_Second,SST,388,bdf2_level,Omega,1.174433925192e+04,1.174433924221e+04,-8.266e-10,
RANS_SST_WD_0.01-20_ConsGalerkinProj_Drift_Second,SST,389,state,Density,3.136275210696e+04,3.136275210696e+04,-2.436e-13,-3.494e-11
RANS_SST_WD_0.01-20_ConsGalerkinProj_Drift_Second,SST,389,state,Momentum_x,3.119893561781e+03,3.119893561815e+03,1.095e-11,-3.215e-10
RANS_SST_WD_0.01-20_ConsGalerkinProj_Drift_Second,SST,389,state,Momentum_y,3.275980627967e+02,3.275980628036e+02,2.106e-11,4.432e-09
RANS_SST_WD_0.01-20_ConsGalerkinProj_Drift_Second,SST,389,state,Energy,5.616224494210e+04,5.616224494209e+04,-2.649e-13,-4.876e-11
RANS_SST_WD_0.01-20_ConsGalerkinProj_Drift_Second,SST,389,state,Turb_Kin_Energy,1.765393002707e-03,1.765392990073e-03,-7.156e-09,-1.640e-07
RANS_SST_WD_0.01-20_ConsGalerkinProj_Drift_Second,SST,389,state,Omega,1.174433925561e+04,1.174433924578e+04,-8.366e-10,1.265e-08
RANS_SST_WD_0.01-20_ConsGalerkinProj_Drift_Second,SST,398,bdf2_level,Density,3.136275210594e+04,3.136275210593e+04,-2.479e-13,
RANS_SST_WD_0.01-20_ConsGalerkinProj_Drift_Second,SST,398,bdf2_level,Momentum_x,3.119893561598e+03,3.119893561590e+03,-2.587e-12,
RANS_SST_WD_0.01-20_ConsGalerkinProj_Drift_Second,SST,398,bdf2_level,Momentum_y,3.275980670238e+02,3.275980670203e+02,-1.063e-11,
RANS_SST_WD_0.01-20_ConsGalerkinProj_Drift_Second,SST,398,bdf2_level,Energy,5.616224493958e+04,5.616224493956e+04,-3.213e-13,
RANS_SST_WD_0.01-20_ConsGalerkinProj_Drift_Second,SST,398,bdf2_level,Turb_Kin_Energy,1.765391714566e-03,1.765391752027e-03,2.122e-08,
RANS_SST_WD_0.01-20_ConsGalerkinProj_Drift_Second,SST,398,bdf2_level,Omega,1.174433897630e+04,1.174433898770e+04,9.706e-10,
RANS_SST_WD_0.01-20_ConsGalerkinProj_Drift_Second,SST,399,state,Density,3.136275210583e+04,3.136275210582e+04,-2.537e-13,-3.609e-11
RANS_SST_WD_0.01-20_ConsGalerkinProj_Drift_Second,SST,399,state,Momentum_x,3.119893561569e+03,3.119893561561e+03,-2.695e-12,-6.793e-11
RANS_SST_WD_0.01-20_ConsGalerkinProj_Drift_Second,SST,399,state,Momentum_y,3.275980675555e+02,3.275980675527e+02,-8.676e-12,1.453e-08
RANS_SST_WD_0.01-20_ConsGalerkinProj_Drift_Second,SST,399,state,Energy,5.616224493931e+04,5.616224493929e+04,-3.280e-13,-4.976e-11
RANS_SST_WD_0.01-20_ConsGalerkinProj_Drift_Second,SST,399,state,Turb_Kin_Energy,1.765391575632e-03,1.765391612614e-03,2.095e-08,-8.084e-07
RANS_SST_WD_0.01-20_ConsGalerkinProj_Drift_Second,SST,399,state,Omega,1.174433897221e+04,1.174433898356e+04,9.663e-10,-2.413e-08
RANS_SST_WD_0.01-20_ConsGalerkinProj_Drift_Seed2_Second,SST,8,bdf2_level,Density,3.136275210391e+04,3.136275210391e+04,5.220e-15,
RANS_SST_WD_0.01-20_ConsGalerkinProj_Drift_Seed2_Second,SST,8,bdf2_level,Momentum_x,3.119893596723e+03,3.119893596717e+03,-2.084e-12,
RANS_SST_WD_0.01-20_ConsGalerkinProj_Drift_Seed2_Second,SST,8,bdf2_level,Momentum_y,3.275980003774e+02,3.275980004017e+02,7.418e-11,
RANS_SST_WD_0.01-20_ConsGalerkinProj_Drift_Seed2_Second,SST,8,bdf2_level,Energy,5.616224493386e+04,5.616224493386e+04,-2.591e-15,
RANS_SST_WD_0.01-20_ConsGalerkinProj_Drift_Seed2_Second,SST,8,bdf2_level,Turb_Kin_Energy,1.765437529570e-03,1.765437529676e-03,5.983e-11,
RANS_SST_WD_0.01-20_ConsGalerkinProj_Drift_Seed2_Second,SST,8,bdf2_level,Omega,1.174433230647e+04,1.174433229794e+04,-7.269e-10,
RANS_SST_WD_0.01-20_ConsGalerkinProj_Drift_Seed2_Second,SST,9,state,Density,3.136275210391e+04,3.136275210391e+04,4.292e-15,
RANS_SST_WD_0.01-20_ConsGalerkinProj_Drift_Seed2_Second,SST,9,state,Momentum_x,3.119893596723e+03,3.119893596717e+03,-2.089e-12,
RANS_SST_WD_0.01-20_ConsGalerkinProj_Drift_Seed2_Second,SST,9,state,Momentum_y,3.275980003777e+02,3.275980004020e+02,7.417e-11,
RANS_SST_WD_0.01-20_ConsGalerkinProj_Drift_Seed2_Second,SST,9,state,Energy,5.616224493386e+04,5.616224493386e+04,-3.887e-15,
RANS_SST_WD_0.01-20_ConsGalerkinProj_Drift_Seed2_Second,SST,9,state,Turb_Kin_Energy,1.765437529562e-03,1.765437529667e-03,5.983e-11,
RANS_SST_WD_0.01-20_ConsGalerkinProj_Drift_Seed2_Second,SST,9,state,Omega,1.174433230647e+04,1.174433229793e+04,-7.269e-10,
RANS_SST_WD_0.01-20_ConsGalerkinProj_Drift_Seed2_Second,SST,18,bdf2_level,Density,3.136275210391e+04,3.136275210390e+04,-4.396e-13,
RANS_SST_WD_0.01-20_ConsGalerkinProj_Drift_Seed2_Second,SST,18,bdf2_level,Momentum_x,3.119893596130e+03,3.119893596126e+03,-1.351e-12,
RANS_SST_WD_0.01-20_ConsGalerkinProj_Drift_Seed2_Second,SST,18,bdf2_level,Momentum_y,3.275979989076e+02,3.275979989068e+02,-2.279e-12,
RANS_SST_WD_0.01-20_ConsGalerkinProj_Drift_Seed2_Second,SST,18,bdf2_level,Energy,5.616224493386e+04,5.616224493383e+04,-5.604e-13,
RANS_SST_WD_0.01-20_ConsGalerkinProj_Drift_Seed2_Second,SST,18,bdf2_level,Turb_Kin_Energy,1.765436684082e-03,1.765436720644e-03,2.071e-08,
RANS_SST_WD_0.01-20_ConsGalerkinProj_Drift_Seed2_Second,SST,18,bdf2_level,Omega,1.174433323210e+04,1.174433324249e+04,8.847e-10,
RANS_SST_WD_0.01-20_ConsGalerkinProj_Drift_Seed2_Second,SST,19,state,Density,3.136275210391e+04,3.136275210390e+04,-4.358e-13,1.488e-13
RANS_SST_WD_0.01-20_ConsGalerkinProj_Drift_Seed2_Second,SST,19,state,Momentum_x,3.119893596048e+03,3.119893596040e+03,-2.456e-12,-2.166e-10
RANS_SST_WD_0.01-20_ConsGalerkinProj_Drift_Seed2_Second,SST,19,state,Momentum_y,3.275979988025e+02,3.275979988017e+02,-2.421e-12,-4.808e-09
RANS_SST_WD_0.01-20_ConsGalerkinProj_Drift_Seed2_Second,SST,19,state,Energy,5.616224493386e+04,5.616224493383e+04,-5.629e-13,2.293e-14
RANS_SST_WD_0.01-20_ConsGalerkinProj_Drift_Seed2_Second,SST,19,state,Turb_Kin_Energy,1.765436630468e-03,1.765436667552e-03,2.101e-08,-5.093e-07
RANS_SST_WD_0.01-20_ConsGalerkinProj_Drift_Seed2_Second,SST,19,state,Omega,1.174433333444e+04,1.174433334493e+04,8.932e-10,8.753e-08
RANS_SST_WD_0.01-20_ConsGalerkinProj_Drift_Seed2_Second,SST,28,bdf2_level,Density,3.136275210390e+04,3.136275210389e+04,-1.980e-13,
RANS_SST_WD_0.01-20_ConsGalerkinProj_Drift_Seed2_Second,SST,28,bdf2_level,Momentum_x,3.119893595251e+03,3.119893595264e+03,4.199e-12,
RANS_SST_WD_0.01-20_ConsGalerkinProj_Drift_Seed2_Second,SST,28,bdf2_level,Momentum_y,3.275980022993e+02,3.275980022928e+02,-1.978e-11,
RANS_SST_WD_0.01-20_ConsGalerkinProj_Drift_Seed2_Second,SST,28,bdf2_level,Energy,5.616224493383e+04,5.616224493382e+04,-2.213e-13,
RANS_SST_WD_0.01-20_ConsGalerkinProj_Drift_Seed2_Second,SST,28,bdf2_level,Turb_Kin_Energy,1.765436971445e-03,1.765437006245e-03,1.971e-08,
RANS_SST_WD_0.01-20_ConsGalerkinProj_Drift_Seed2_Second,SST,28,bdf2_level,Omega,1.174433400043e+04,1.174433401753e+04,1.456e-09,
RANS_SST_WD_0.01-20_ConsGalerkinProj_Drift_Seed2_Second,SST,29,state,Density,3.136275210390e+04,3.136275210389e+04,-2.091e-13,-2.678e-13
RANS_SST_WD_0.01-20_ConsGalerkinProj_Drift_Seed2_Second,SST,29,state,Momentum_x,3.119893595150e+03,3.119893595161e+03,3.468e-12,-2.876e-10
RANS_SST_WD_0.01-20_ConsGalerkinProj_Drift_Seed2_Second,SST,29,state,Momentum_y,3.275980025082e+02,3.275980025019e+02,-1.922e-11,1.131e-08
RANS_SST_WD_0.01-20_ConsGalerkinProj_Drift_Seed2_Second,SST,29,state,Energy,5.616224493383e+04,5.616224493382e+04,-2.386e-13,-5.378e-13
RANS_SST_WD_0.01-20_ConsGalerkinProj_Drift_Seed2_Second,SST,29,state,Turb_Kin_Energy,1.765437040491e-03,1.765437074874e-03,1.948e-08,2.323e-07
RANS_SST_WD_0.01-20_ConsGalerkinProj_Drift_Seed2_Second,SST,29,state,Omega,1.174433405505e+04,1.174433407202e+04,1.446e-09,6.136e-08
RANS_SST_WD_0.01-20_ConsGalerkinProj_Drift_Seed2_Second,SST,38,bdf2_level,Density,3.136275210390e+04,3.136275210389e+04,-1.942e-13,
RANS_SST_WD_0.01-20_ConsGalerkinProj_Drift_Seed2_Second,SST,38,bdf2_level,Momentum_x,3.119893594165e+03,3.119893594140e+03,-8.069e-12,
RANS_SST_WD_0.01-20_ConsGalerkinProj_Drift_Seed2_Second,SST,38,bdf2_level,Momentum_y,3.275980047962e+02,3.275980047914e+02,-1.471e-11,
RANS_SST_WD_0.01-20_ConsGalerkinProj_Drift_Seed2_Second,SST,38,bdf2_level,Energy,5.616224493382e+04,5.616224493380e+04,-2.785e-13,
RANS_SST_WD_0.01-20_ConsGalerkinProj_Drift_Seed2_Second,SST,38,bdf2_level,Turb_Kin_Energy,1.765436396728e-03,1.765436426749e-03,1.700e-08,
RANS_SST_WD_0.01-20_ConsGalerkinProj_Drift_Seed2_Second,SST,38,bdf2_level,Omega,1.174433420891e+04,1.174433420730e+04,-1.370e-10,
RANS_SST_WD_0.01-20_ConsGalerkinProj_Drift_Seed2_Second,SST,39,state,Density,3.136275210390e+04,3.136275210389e+04,-1.935e-13,-4.315e-14
RANS_SST_WD_0.01-20_ConsGalerkinProj_Drift_Seed2_Second,SST,39,state,Momentum_x,3.119893594051e+03,3.119893594030e+03,-6.614e-12,-3.526e-10
RANS_SST_WD_0.01-20_ConsGalerkinProj_Drift_Seed2_Second,SST,39,state,Momentum_y,3.275980049223e+02,3.275980049175e+02,-1.466e-11,7.369e-09
RANS_SST_WD_0.01-20_ConsGalerkinProj_Drift_Seed2_Second,SST,39,state,Energy,5.616224493382e+04,5.616224493380e+04,-2.550e-13,-2.697e-13
RANS_SST_WD_0.01-20_ConsGalerkinProj_Drift_Seed2_Second,SST,39,state,Turb_Kin_Energy,1.765436088540e-03,1.765436119518e-03,1.755e-08,-5.392e-07
RANS_SST_WD_0.01-20_ConsGalerkinProj_Drift_Seed2_Second,SST,39,state,Omega,1.174433419050e+04,1.174433418887e+04,-1.388e-10,1.153e-08
RANS_SST_WD_0.01-20_ConsGalerkinProj_Drift_Seed2_Second,SST,48,bdf2_level,Density,3.136275210390e+04,3.136275210390e+04,-1.181e-13,
RANS_SST_WD_0.01-20_ConsGalerkinProj_Drift_Seed2_Second,SST,48,bdf2_level,Momentum_x,3.119893592865e+03,3.119893592869e+03,1.317e-12,
RANS_SST_WD_0.01-20_ConsGalerkinProj_Drift_Seed2_Second,SST,48,bdf2_level,Momentum_y,3.275980046450e+02,3.275980046679e+02,6.991e-11,
RANS_SST_WD_0.01-20_ConsGalerkinProj_Drift_Seed2_Second,SST,48,bdf2_level,Energy,5.616224493380e+04,5.616224493379e+04,-2.000e-13,
RANS_SST_WD_0.01-20_ConsGalerkinProj_Drift_Seed2_Second,SST,48,bdf2_level,Turb_Kin_Energy,1.765432467892e-03,1.765432445045e-03,-1.294e-08,
RANS_SST_WD_0.01-20_ConsGalerkinProj_Drift_Seed2_Second,SST,48,bdf2_level,Omega,1.174433411563e+04,1.174433412479e+04,7.798e-10,
RANS_SST_WD_0.01-20_ConsGalerkinProj_Drift_Seed2_Second,SST,49,state,Density,3.136275210390e+04,3.136275210390e+04,-1.111e-13,2.448e-14
RANS_SST_WD_0.01-20_ConsGalerkinProj_Drift_Seed2_Second,SST,49,state,Momentum_x,3.119893592716e+03,3.119893592721e+03,1.690e-12,-4.277e-10
RANS_SST_WD_0.01-20_ConsGalerkinProj_Drift_Seed2_Second,SST,49,state,Momentum_y,3.275980046884e+02,3.275980047110e+02,6.877e-11,-7.138e-10
RANS_SST_WD_0.01-20_ConsGalerkinProj_Drift_Seed2_Second,SST,49,state,Energy,5.616224493380e+04,5.616224493379e+04,-1.796e-13,-2.511e-13
RANS_SST_WD_0.01-20_ConsGalerkinProj_Drift_Seed2_Second,SST,49,state,Turb_Kin_Energy,1.765432503784e-03,1.765432480158e-03,-1.338e-08,-2.031e-06
RANS_SST_WD_0.01-20_ConsGalerkinProj_Drift_Seed2_Second,SST,49,state,Omega,1.174433418823e+04,1.174433419737e+04,7.783e-10,-1.929e-10
RANS_SST_WD_0.01-20_ConsGalerkinProj_Drift_Seed2_Second,SST,58,bdf2_level,Density,3.136275210390e+04,3.136275210389e+04,-3.836e-13,
RANS_SST_WD_0.01-20_ConsGalerkinProj_Drift_Seed2_Second,SST,58,bdf2_level,Momentum_x,3.119893591701e+03,3.119893591717e+03,5.252e-12,
RANS_SST_WD_0.01-20_ConsGalerkinProj_Drift_Seed2_Second,SST,58,bdf2_level,Momentum_y,3.275980084372e+02,3.275980084478e+02,3.233e-11,
RANS_SST_WD_0.01-20_ConsGalerkinProj_Drift_Seed2_Second,SST,58,bdf2_level,Energy,5.616224493379e+04,5.616224493377e+04,-4.545e-13,
RANS_SST_WD_0.01-20_ConsGalerkinProj_Drift_Seed2_Second,SST,58,bdf2_level,Turb_Kin_Energy,1.765433051327e-03,1.765433054628e-03,1.870e-09,
RANS_SST_WD_0.01-20_ConsGalerkinProj_Drift_Seed2_Second,SST,58,bdf2_level,Omega,1.174433439115e+04,1.174433440158e+04,8.885e-10,
RANS_SST_WD_0.01-20_ConsGalerkinProj_Drift_Seed2_Second,SST,59,state,Density,3.136275210391e+04,3.136275210389e+04,-3.962e-13,1.297e-13
RANS_SST_WD_0.01-20_ConsGalerkinProj_Drift_Seed2_Second,SST,59,state,Momentum_x,3.119893591593e+03,3.119893591607e+03,4.606e-12,-3.601e-10
RANS_SST_WD_0.01-20_ConsGalerkinProj_Drift_Seed2_Second,SST,59,state,Momentum_y,3.275980087640e+02,3.275980087745e+02,3.214e-11,1.244e-08
RANS_SST_WD_0.01-20_ConsGalerkinProj_Drift_Seed2_Second,SST,59,state,Energy,5.616224493379e+04,5.616224493377e+04,-4.613e-13,-1.748e-13
RANS_SST_WD_0.01-20_ConsGalerkinProj_Drift_Seed2_Second,SST,59,state,Turb_Kin_Energy,1.765432788407e-03,1.765432791569e-03,1.791e-09,1.612e-07
RANS_SST_WD_0.01-20_ConsGalerkinProj_Drift_Seed2_Second,SST,59,state,Omega,1.174433437092e+04,1.174433438134e+04,8.866e-10,1.556e-08
RANS_SST_WD_0.01-20_ConsGalerkinProj_Drift_Seed2_Second,SST,68,bdf2_level,Density,3.136275210390e+04,3.136275210389e+04,-2.482e-13,
RANS_SST_WD_0.01-20_ConsGalerkinProj_Drift_Seed2_Second,SST,68,bdf2_level,Momentum_x,3.119893590127e+03,3.119893590110e+03,-5.493e-12,
RANS_SST_WD_0.01-20_ConsGalerkinProj_Drift_Seed2_Second,SST,68,bdf2_level,Momentum_y,3.275980124738e+02,3.275980124920e+02,5.568e-11,
RANS_SST_WD_0.01-20_ConsGalerkinProj_Drift_Seed2_Second,SST,68,bdf2_level,Energy,5.616224493376e+04,5.616224493375e+04,-3.377e-13,
RANS_SST_WD_0.01-20_ConsGalerkinProj_Drift_Seed2_Second,SST,68,bdf2_level,Turb_Kin_Energy,1.765427923765e-03,1.765428001821e-03,4.421e-08,
RANS_SST_WD_0.01-20_ConsGalerkinProj_Drift_Seed2_Second,SST,68,bdf2_level,Omega,1.174433422999e+04,1.174433423385e+04,3.289e-10,
RANS_SST_WD_0.01-20_ConsGalerkinProj_Drift_Seed2_Second,SST,69,state,Density,3.136275210390e+04,3.136275210389e+04,-2.454e-13,-1.293e-13
RANS_SST_WD_0.01-20_ConsGalerkinProj_Drift_Seed2_Second,SST,69,state,Momentum_x,3.119893589943e+03,3.119893589927e+03,-5.039e-12,-5.287e-10
RANS_SST_WD_0.01-20_ConsGalerkinProj_Drift_Seed2_Second,SST,69,state,Momentum_y,3.275980130505e+02,3.275980130685e+02,5.493e-11,1.308e-08
RANS_SST_WD_0.01-20_ConsGalerkinProj_Drift_Seed2_Second,SST,69,state,Energy,5.616224493376e+04,5.616224493375e+04,-3.293e-13,-4.819e-13
RANS_SST_WD_0.01-20_ConsGalerkinProj_Drift_Seed2_Second,SST,69,state,Turb_Kin_Energy,1.765427313316e-03,1.765427391144e-03,4.408e-08,-3.101e-06
RANS_SST_WD_0.01-20_ConsGalerkinProj_Drift_Seed2_Second,SST,69,state,Omega,1.174433422741e+04,1.174433423119e+04,3.214e-10,-1.222e-08
RANS_SST_WD_0.01-20_ConsGalerkinProj_Drift_Seed2_Second,SST,78,bdf2_level,Density,3.136275210390e+04,3.136275210389e+04,-3.398e-13,
RANS_SST_WD_0.01-20_ConsGalerkinProj_Drift_Seed2_Second,SST,78,bdf2_level,Momentum_x,3.119893588754e+03,3.119893588754e+03,-4.664e-15,
RANS_SST_WD_0.01-20_ConsGalerkinProj_Drift_Seed2_Second,SST,78,bdf2_level,Momentum_y,3.275980127792e+02,3.275980127658e+02,-4.069e-11,
RANS_SST_WD_0.01-20_ConsGalerkinProj_Drift_Seed2_Second,SST,78,bdf2_level,Energy,5.616224493375e+04,5.616224493372e+04,-4.157e-13,
RANS_SST_WD_0.01-20_ConsGalerkinProj_Drift_Seed2_Second,SST,78,bdf2_level,Turb_Kin_Energy,1.765426616617e-03,1.765426657662e-03,2.325e-08,
RANS_SST_WD_0.01-20_ConsGalerkinProj_Drift_Seed2_Second,SST,78,bdf2_level,Omega,1.174433483636e+04,1.174433483697e+04,5.179e-11,
RANS_SST_WD_0.01-20_ConsGalerkinProj_Drift_Seed2_Second,SST,79,state,Density,3.136275210390e+04,3.136275210389e+04,-3.399e-13,2.738e-14
RANS_SST_WD_0.01-20_ConsGalerkinProj_Drift_Seed2_Second,SST,79,state,Momentum_x,3.119893588622e+03,3.119893588621e+03,-5.236e-13,-4.233e-10
RANS_SST_WD_0.01-20_ConsGalerkinProj_Drift_Seed2_Second,SST,79,state,Momentum_y,3.275980123256e+02,3.275980123126e+02,-3.971e-11,-2.213e-09
RANS_SST_WD_0.01-20_ConsGalerkinProj_Drift_Seed2_Second,SST,79,state,Energy,5.616224493375e+04,5.616224493372e+04,-4.309e-13,-3.169e-13
RANS_SST_WD_0.01-20_ConsGalerkinProj_Drift_Seed2_Second,SST,79,state,Turb_Kin_Energy,1.765426926473e-03,1.765426966255e-03,2.253e-08,-2.191e-07
RANS_SST_WD_0.01-20_ConsGalerkinProj_Drift_Seed2_Second,SST,79,state,Omega,1.174433492716e+04,1.174433492767e+04,4.338e-11,5.958e-08
RANS_SST_WD_0.01-20_ConsGalerkinProj_Drift_Seed2_Second,SST,88,bdf2_level,Density,3.136275210390e+04,3.136275210389e+04,-2.891e-13,
RANS_SST_WD_0.01-20_ConsGalerkinProj_Drift_Seed2_Second,SST,88,bdf2_level,Momentum_x,3.119893587757e+03,3.119893587777e+03,6.283e-12,
RANS_SST_WD_0.01-20_ConsGalerkinProj_Drift_Seed2_Second,SST,88,bdf2_level,Momentum_y,3.275980181074e+02,3.275980181280e+02,6.292e-11,
RANS_SST_WD_0.01-20_ConsGalerkinProj_Drift_Seed2_Second,SST,88,bdf2_level,Energy,5.616224493372e+04,5.616224493370e+04,-3.270e-13,
RANS_SST_WD_0.01-20_ConsGalerkinProj_Drift_Seed2_Second,SST,88,bdf2_level,Turb_Kin_Energy,1.765426132848e-03,1.765426136016e-03,1.794e-09,
RANS_SST_WD_0.01-20_ConsGalerkinProj_Drift_Seed2_Second,SST,88,bdf2_level,Omega,1.174433494280e+04,1.174433494788e+04,4.324e-10,
RANS_SST_WD_0.01-20_ConsGalerkinProj_Drift_Seed2_Second,SST,89,state,Density,3.136275210390e+04,3.136275210389e+04,-3.010e-13,-6.542e-14
RANS_SST_WD_0.01-20_ConsGalerkinProj_Drift_Seed2_Second,SST,89,state,Momentum_x,3.119893587642e+03,3.119893587657e+03,4.926e-12,-3.143e-10
RANS_SST_WD_0.01-20_ConsGalerkinProj_Drift_Seed2_Second,SST,89,state,Momentum_y,3.275980188213e+02,3.275980188422e+02,6.365e-11,1.983e-08
RANS_SST_WD_0.01-20_ConsGalerkinProj_Drift_Seed2_Second,SST,89,state,Energy,5.616224493372e+04,5.616224493370e+04,-3.407e-13,-4.258e-13
RANS_SST_WD_0.01-20_ConsGalerkinProj_Drift_Seed2_Second,SST,89,state,Turb_Kin_Energy,1.765425453011e-03,1.765425456321e-03,1.875e-09,-8.346e-07
RANS_SST_WD_0.01-20_ConsGalerkinProj_Drift_Seed2_Second,SST,89,state,Omega,1.174433489640e+04,1.174433490139e+04,4.250e-10,-2.619e-09
RANS_SST_WD_0.01-20_ConsGalerkinProj_Drift_Seed2_Second,SST,98,bdf2_level,Density,3.136275210390e+04,3.136275210389e+04,-3.526e-13,
RANS_SST_WD_0.01-20_ConsGalerkinProj_Drift_Seed2_Second,SST,98,bdf2_level,Momentum_x,3.119893586446e+03,3.119893586456e+03,3.247e-12,
RANS_SST_WD_0.01-20_ConsGalerkinProj_Drift_Seed2_Second,SST,98,bdf2_level,Momentum_y,3.275980217257e+02,3.275980217266e+02,2.684e-12,
RANS_SST_WD_0.01-20_ConsGalerkinProj_Drift_Seed2_Second,SST,98,bdf2_level,Energy,5.616224493371e+04,5.616224493368e+04,-4.436e-13,
RANS_SST_WD_0.01-20_ConsGalerkinProj_Drift_Seed2_Second,SST,98,bdf2_level,Turb_Kin_Energy,1.765425218457e-03,1.765425224782e-03,3.582e-09,
RANS_SST_WD_0.01-20_ConsGalerkinProj_Drift_Seed2_Second,SST,98,bdf2_level,Omega,1.174433545344e+04,1.174433545948e+04,5.143e-10,
RANS_SST_WD_0.01-20_ConsGalerkinProj_Drift_Seed2_Second,SST,99,state,Density,3.136275210390e+04,3.136275210389e+04,-3.517e-13,-5.649e-14
RANS_SST_WD_0.01-20_ConsGalerkinProj_Drift_Seed2_Second,SST,99,state,Momentum_x,3.119893586306e+03,3.119893586315e+03,2.720e-12,-4.282e-10
RANS_SST_WD_0.01-20_ConsGalerkinProj_Drift_Seed2_Second,SST,99,state,Momentum_y,3.275980217408e+02,3.275980217408e+02,-2.100e-13,8.912e-09
RANS_SST_WD_0.01-20_ConsGalerkinProj_Drift_Seed2_Second,SST,99,state,Energy,5.616224493371e+04,5.616224493368e+04,-4.567e-13,-3.021e-13
RANS_SST_WD_0.01-20_ConsGalerkinProj_Drift_Seed2_Second,SST,99,state,Turb_Kin_Energy,1.765425582789e-03,1.765425588821e-03,3.417e-09,7.351e-08
RANS_SST_WD_0.01-20_ConsGalerkinProj_Drift_Seed2_Second,SST,99,state,Omega,1.174433553818e+04,1.174433554416e+04,5.094e-10,5.465e-08
RANS_SST_WD_0.01-20_ConsGalerkinProj_Drift_Seed2_Second,SST,108,bdf2_level,Density,3.136275210389e+04,3.136275210388e+04,-3.293e-13,
RANS_SST_WD_0.01-20_ConsGalerkinProj_Drift_Seed2_Second,SST,108,bdf2_level,Momentum_x,3.119893585233e+03,3.119893585242e+03,2.878e-12,
RANS_SST_WD_0.01-20_ConsGalerkinProj_Drift_Seed2_Second,SST,108,bdf2_level,Momentum_y,3.275980273825e+02,3.275980273938e+02,3.454e-11,
RANS_SST_WD_0.01-20_ConsGalerkinProj_Drift_Seed2_Second,SST,108,bdf2_level,Energy,5.616224493368e+04,5.616224493366e+04,-4.014e-13,
RANS_SST_WD_0.01-20_ConsGalerkinProj_Drift_Seed2_Second,SST,108,bdf2_level,Turb_Kin_Energy,1.765424586415e-03,1.765424642503e-03,3.177e-08,
RANS_SST_WD_0.01-20_ConsGalerkinProj_Drift_Seed2_Second,SST,108,bdf2_level,Omega,1.174433528925e+04,1.174433529803e+04,7.480e-10,
RANS_SST_WD_0.01-20_ConsGalerkinProj_Drift_Seed2_Second,SST,109,state,Density,3.136275210389e+04,3.136275210388e+04,-3.321e-13,-1.233e-13
RANS_SST_WD_0.01-20_ConsGalerkinProj_Drift_Seed2_Second,SST,109,state,Momentum_x,3.119893585105e+03,3.119893585110e+03,1.672e-12,-3.850e-10
RANS_SST_WD_0.01-20_ConsGalerkinProj_Drift_Seed2_Second,SST,109,state,Momentum_y,3.275980281347e+02,3.275980281461e+02,3.476e-11,1.952e-08
RANS_SST_WD_0.01-20_ConsGalerkinProj_Drift_Seed2_Second,SST,109,state,Energy,5.616224493368e+04,5.616224493366e+04,-4.192e-13,-4.830e-13
RANS_SST_WD_0.01-20_ConsGalerkinProj_Drift_Seed2_Second,SST,109,state,Turb_Kin_Energy,1.765424037379e-03,1.765424094959e-03,3.262e-08,-8.754e-07
RANS_SST_WD_0.01-20_ConsGalerkinProj_Drift_Seed2_Second,SST,109,state,Omega,1.174433522428e+04,1.174433523352e+04,7.871e-10,-2.673e-08
RANS_SST_WD_0.01-20_ConsGalerkinProj_Drift_Seed2_Second,SST,118,bdf2_level,Density,3.136275210389e+04,3.136275210388e+04,-3.530e-13,
RANS_SST_WD_0.01-20_ConsGalerkinProj_Drift_Seed2_Second,SST,118,bdf2_level,Momentum_x,3.119893584312e+03,3.119893584389e+03,2.459e-11,
RANS_SST_WD_0.01-20_ConsGalerkinProj_Drift_Seed2_Second,SST,118,bdf2_level,Momentum_y,3.275980261752e+02,3.275980261899e+02,4.508e-11,
RANS_SST_WD_0.01-20_ConsGalerkinProj_Drift_Seed2_Second,SST,118,bdf2_level,Energy,5.616224493366e+04,5.616224493364e+04,-4.135e-13,
RANS_SST_WD_0.01-20_ConsGalerkinProj_Drift_Seed2_Second,SST,118,bdf2_level,Turb_Kin_Energy,1.765463358602e-03,1.765463464589e-03,6.003e-08,
RANS_SST_WD_0.01-20_ConsGalerkinProj_Drift_Seed2_Second,SST,118,bdf2_level,Omega,1.174434944339e+04,1.174434943589e+04,-6.385e-10,
RANS_SST_WD_0.01-20_ConsGalerkinProj_Drift_Seed2_Second,SST,119,state,Density,3.136275210390e+04,3.136275210389e+04,-2.763e-13,3.248e-14
RANS_SST_WD_0.01-20_ConsGalerkinProj_Drift_Seed2_Second,SST,119,state,Momentum_x,3.119893584194e+03,3.119893584227e+03,1.039e-11,-2.919e-10
RANS_SST_WD_0.01-20_ConsGalerkinProj_Drift_Seed2_Second,SST,119,state,Momentum_y,3.275980253849e+02,3.275980253899e+02,1.530e-11,-8.394e-09
RANS_SST_WD_0.01-20_ConsGalerkinProj_Drift_Seed2_Second,SST,119,state,Energy,5.616224493366e+04,5.616224493364e+04,-4.113e-13,-3.397e-13
RANS_SST_WD_0.01-20_ConsGalerkinProj_Drift_Seed2_Second,SST,119,state,Turb_Kin_Energy,1.765460700849e-03,1.765460755921e-03,3.119e-08,2.077e-05
RANS_SST_WD_0.01-20_ConsGalerkinProj_Drift_Seed2_Second,SST,119,state,Omega,1.174434838512e+04,1.174434836911e+04,-1.363e-09,1.121e-06
RANS_SST_WD_0.01-20_ConsGalerkinProj_Drift_Seed2_Second,SST,128,bdf2_level,Density,3.136275210390e+04,3.136275210389e+04,-1.676e-13,
RANS_SST_WD_0.01-20_ConsGalerkinProj_Drift_Seed2_Second,SST,128,bdf2_level,Momentum_x,3.119893582990e+03,3.119893582991e+03,3.988e-13,
RANS_SST_WD_0.01-20_ConsGalerkinProj_Drift_Seed2_Second,SST,128,bdf2_level,Momentum_y,3.275980271999e+02,3.275980271988e+02,-3.383e-12,
RANS_SST_WD_0.01-20_ConsGalerkinProj_Drift_Seed2_Second,SST,128,bdf2_level,Energy,5.616224493364e+04,5.616224493363e+04,-2.367e-13,
RANS_SST_WD_0.01-20_ConsGalerkinProj_Drift_Seed2_Second,SST,128,bdf2_level,Turb_Kin_Energy,1.765451085716e-03,1.765451067639e-03,-1.024e-08,
RANS_SST_WD_0.01-20_ConsGalerkinProj_Drift_Seed2_Second,SST,128,bdf2_level,Omega,1.174434181708e+04,1.174434181500e+04,-1.775e-10,
RANS_SST_WD_0.01-20_ConsGalerkinProj_Drift_Seed2_Second,SST,129,state,Density,3.136275210390e+04,3.136275210389e+04,-1.725e-13,4.651e-14
RANS_SST_WD_0.01-20_ConsGalerkinProj_Drift_Seed2_Second,SST,129,state,Momentum_x,3.119893582848e+03,3.119893582849e+03,4.692e-13,-4.316e-10
RANS_SST_WD_0.01-20_ConsGalerkinProj_Drift_Seed2_Second,SST,129,state,Momentum_y,3.275980282887e+02,3.275980282872e+02,-4.602e-12,8.864e-09
RANS_SST_WD_0.01-20_ConsGalerkinProj_Drift_Seed2_Second,SST,129,state,Energy,5.616224493364e+04,5.616224493363e+04,-2.379e-13,-3.563e-13
RANS_SST_WD_0.01-20_ConsGalerkinProj_Drift_Seed2_Second,SST,129,state,Turb_Kin_Energy,1.765449991294e-03,1.765449976250e-03,-8.522e-09,-6.066e-06
RANS_SST_WD_0.01-20_ConsGalerkinProj_Drift_Seed2_Second,SST,129,state,Omega,1.174434145051e+04,1.174434144787e+04,-2.252e-10,-5.905e-07
RANS_SST_WD_0.01-20_ConsGalerkinProj_Drift_Seed2_Second,SST,138,bdf2_level,Density,3.136275210390e+04,3.136275210390e+04,-9.349e-14,
RANS_SST_WD_0.01-20_ConsGalerkinProj_Drift_Seed2_Second,SST,138,bdf2_level,Momentum_x,3.119893581424e+03,3.119893581418e+03,-1.610e-12,
RANS_SST_WD_0.01-20_ConsGalerkinProj_Drift_Seed2_Second,SST,138,bdf2_level,Momentum_y,3.275980350043e+02,3.275980349955e+02,-2.705e-11,
RANS_SST_WD_0.01-20_ConsGalerkinProj_Drift_Seed2_Second,SST,138,bdf2_level,Energy,5.616224493363e+04,5.616224493362e+04,-1.140e-13,
RANS_SST_WD_0.01-20_ConsGalerkinProj_Drift_Seed2_Second,SST,138,bdf2_level,Turb_Kin_Energy,1.765437477169e-03,1.765437490195e-03,7.378e-09,
RANS_SST_WD_0.01-20_ConsGalerkinProj_Drift_Seed2_Second,SST,138,bdf2_level,Omega,1.174433895034e+04,1.174433896251e+04,1.037e-09,
RANS_SST_WD_0.01-20_ConsGalerkinProj_Drift_Seed2_Second,SST,139,state,Density,3.136275210390e+04,3.136275210390e+04,-1.011e-13,5.939e-14
RANS_SST_WD_0.01-20_ConsGalerkinProj_Drift_Seed2_Second,SST,139,state,Momentum_x,3.119893581240e+03,3.119893581233e+03,-2.102e-12,-5.154e-10
RANS_SST_WD_0.01-20_ConsGalerkinProj_Drift_Seed2_Second,SST,139,state,Momentum_y,3.275980350621e+02,3.275980350536e+02,-2.597e-11,2.068e-08
RANS_SST_WD_0.01-20_ConsGalerkinProj_Drift_Seed2_Second,SST,139,state,Energy,5.616224493363e+04,5.616224493362e+04,-1.253e-13,-2.332e-13
RANS_SST_WD_0.01-20_ConsGalerkinProj_Drift_Seed2_Second,SST,139,state,Turb_Kin_Energy,1.765437321837e-03,1.765437334834e-03,7.362e-09,-7.176e-06
RANS_SST_WD_0.01-20_ConsGalerkinProj_Drift_Seed2_Second,SST,139,state,Omega,1.174433892357e+04,1.174433893584e+04,1.045e-09,-2.152e-07
RANS_SST_WD_0.01-20_ConsGalerkinProj_Drift_Seed2_Second,SST,148,bdf2_level,Density,3.136275210389e+04,3.136275210389e+04,-1.989e-13,
RANS_SST_WD_0.01-20_ConsGalerkinProj_Drift_Seed2_Second,SST,148,bdf2_level,Momentum_x,3.119893579572e+03,3.119893579572e+03,-2.850e-13,
RANS_SST_WD_0.01-20_ConsGalerkinProj_Drift_Seed2_Second,SST,148,bdf2_level,Momentum_y,3.275980363916e+02,3.275980364018e+02,3.099e-11,
RANS_SST_WD_0.01-20_ConsGalerkinProj_Drift_Seed2_Second,SST,148,bdf2_level,Energy,5.616224493360e+04,5.616224493358e+04,-2.245e-13,
RANS_SST_WD_0.01-20_ConsGalerkinProj_Drift_Seed2_Second,SST,148,bdf2_level,Turb_Kin_Energy,1.765435341574e-03,1.765435362993e-03,1.213e-08,
RANS_SST_WD_0.01-20_ConsGalerkinProj_Drift_Seed2_Second,SST,148,bdf2_level,Omega,1.174433894483e+04,1.174433893824e+04,-5.610e-10,
RANS_SST_WD_0.01-20_ConsGalerkinProj_Drift_Seed2_Second,SST,149,state,Density,3.136275210389e+04,3.136275210389e+04,-1.855e-13,-1.725e-13
RANS_SST_WD_0.01-20_ConsGalerkinProj_Drift_Seed2_Second,SST,149,state,Momentum_x,3.119893579389e+03,3.119893579390e+03,3.342e-13,-5.931e-10
RANS_SST_WD_0.01-20_ConsGalerkinProj_Drift_Seed2_Second,SST,149,state,Momentum_y,3.275980363492e+02,3.275980363590e+02,2.985e-11,3.929e-09
RANS_SST_WD_0.01-20_ConsGalerkinProj_Drift_Seed2_Second,SST,149,state,Energy,5.616224493359e+04,5.616224493358e+04,-2.182e-13,-5.783e-13
RANS_SST_WD_0.01-20_ConsGalerkinProj_Drift_Seed2_Second,SST,149,state,Turb_Kin_Energy,1.765434865057e-03,1.765434885906e-03,1.181e-08,-1.392e-06
RANS_SST_WD_0.01-20_ConsGalerkinProj_Drift_Seed2_Second,SST,149,state,Omega,1.174433890828e+04,1.174433890159e+04,-5.695e-10,-1.302e-09
RANS_SST_WD_0.01-20_ConsGalerkinProj_Drift_Seed2_Second,SST,158,bdf2_level,Density,3.136275210388e+04,3.136275210387e+04,-3.662e-13,
RANS_SST_WD_0.01-20_ConsGalerkinProj_Drift_Seed2_Second,SST,158,bdf2_level,Momentum_x,3.119893578004e+03,3.119893578022e+03,5.662e-12,
RANS_SST_WD_0.01-20_ConsGalerkinProj_Drift_Seed2_Second,SST,158,bdf2_level,Momentum_y,3.275980402651e+02,3.275980402695e+02,1.331e-11,
RANS_SST_WD_0.01-20_ConsGalerkinProj_Drift_Seed2_Second,SST,158,bdf2_level,Energy,5.616224493355e+04,5.616224493352e+04,-4.309e-13,
RANS_SST_WD_0.01-20_ConsGalerkinProj_Drift_Seed2_Second,SST,158,bdf2_level,Turb_Kin_Energy,1.765428516181e-03,1.765428564911e-03,2.760e-08,
RANS_SST_WD_0.01-20_ConsGalerkinProj_Drift_Seed2_Second,SST,158,bdf2_level,Omega,1.174433828874e+04,1.174433828914e+04,3.387e-11,
RANS_SST_WD_0.01-20_ConsGalerkinProj_Drift_Seed2_Second,SST,159,state,Density,3.136275210388e+04,3.136275210387e+04,-3.612e-13,-3.670e-13
RANS_SST_WD_0.01-20_ConsGalerkinProj_Drift_Seed2_Second,SST,159,state,Momentum_x,3.119893577853e+03,3.119893577876e+03,7.462e-12,-4.925e-10
RANS_SST_WD_0.01-20_ConsGalerkinProj_Drift_Seed2_Second,SST,159,state,Momentum_y,3.275980409787e+02,3.275980409829e+02,1.289e-11,1.413e-08
RANS_SST_WD_0.01-20_ConsGalerkinProj_Drift_Seed2_Second,SST,159,state,Energy,5.616224493354e+04,5.616224493352e+04,-4.226e-13,-8.964e-13
RANS_SST_WD_0.01-20_ConsGalerkinProj_Drift_Seed2_Second,SST,159,state,Turb_Kin_Energy,1.765427686195e-03,1.765427734806e-03,2.753e-08,-4.066e-06
RANS_SST_WD_0.01-20_ConsGalerkinProj_Drift_Seed2_Second,SST,159,state,Omega,1.174433825983e+04,1.174433826022e+04,3.325e-11,-5.521e-08
RANS_SST_WD_0.01-20_ConsGalerkinProj_Drift_Seed2_Second,SST,168,bdf2_level,Density,3.136275210387e+04,3.136275210387e+04,-1.453e-13,
RANS_SST_WD_0.01-20_ConsGalerkinProj_Drift_Seed2_Second,SST,168,bdf2_level,Momentum_x,3.119893576788e+03,3.119893576728e+03,-1.930e-11,
RANS_SST_WD_0.01-20_ConsGalerkinProj_Drift_Seed2_Second,SST,168,bdf2_level,Momentum_y,3.275980437856e+02,3.275980438004e+02,4.526e-11,
RANS_SST_WD_0.01-20_ConsGalerkinProj_Drift_Seed2_Second,SST,168,bdf2_level,Energy,5.616224493351e+04,5.616224493349e+04,-2.644e-13,
RANS_SST_WD_0.01-20_ConsGalerkinProj_Drift_Seed2_Second,SST,168,bdf2_level,Turb_Kin_Energy,1.765424354901e-03,1.765424436339e-03,4.613e-08,
RANS_SST_WD_0.01-20_ConsGalerkinProj_Drift_Seed2_Second,SST,168,bdf2_level,Omega,1.174433834382e+04,1.174433836216e+04,1.562e-09,
RANS_SST_WD_0.01-20_ConsGalerkinProj_Drift_Seed2_Second,SST,169,state,Density,3.136275210387e+04,3.136275210387e+04,-1.487e-13,-2.275e-13
RANS_SST_WD_0.01-20_ConsGalerkinProj_Drift_Seed2_Second,SST,169,state,Momentum_x,3.119893576679e+03,3.119893576619e+03,-1.916e-11,-3.762e-10
RANS_SST_WD_0.01-20_ConsGalerkinProj_Drift_Seed2_Second,SST,169,state,Momentum_y,3.275980436728e+02,3.275980436875e+02,4.475e-11,8.224e-09
RANS_SST_WD_0.01-20_ConsGalerkinProj_Drift_Seed2_Second,SST,169,state,Energy,5.616224493351e+04,5.616224493349e+04,-2.677e-13,-6.379e-13
RANS_SST_WD_0.01-20_ConsGalerkinProj_Drift_Seed2_Second,SST,169,state,Turb_Kin_Energy,1.765424554087e-03,1.765424635038e-03,4.585e-08,-1.774e-06
RANS_SST_WD_0.01-20_ConsGalerkinProj_Drift_Seed2_Second,SST,169,state,Omega,1.174433839707e+04,1.174433841535e+04,1.556e-09,1.169e-08
RANS_SST_WD_0.01-20_ConsGalerkinProj_Drift_Seed2_Second,SST,178,bdf2_level,Density,3.136275210388e+04,3.136275210388e+04,-2.035e-13,
RANS_SST_WD_0.01-20_ConsGalerkinProj_Drift_Seed2_Second,SST,178,bdf2_level,Momentum_x,3.119893575419e+03,3.119893575424e+03,1.469e-12,
RANS_SST_WD_0.01-20_ConsGalerkinProj_Drift_Seed2_Second,SST,178,bdf2_level,Momentum_y,3.275980427903e+02,3.275980427917e+02,4.101e-12,
RANS_SST_WD_0.01-20_ConsGalerkinProj_Drift_Seed2_Second,SST,178,bdf2_level,Energy,5.616224493351e+04,5.616224493349e+04,-2.658e-13,
RANS_SST_WD_0.01-20_ConsGalerkinProj_Drift_Seed2_Second,SST,178,bdf2_level,Turb_Kin_Energy,1.765425542389e-03,1.765425538406e-03,-2.256e-09,
RANS_SST_WD_0.01-20_ConsGalerkinProj_Drift_Seed2_Second,SST,178,bdf2_level,Omega,1.174433832643e+04,1.174433832700e+04,4.862e-11,
RANS_SST_WD_0.01-20_ConsGalerkinProj_Drift_Seed2_Second,SST,179,state,Density,3.136275210388e+04,3.136275210388e+04,-2.123e-13,3.168e-13
RANS_SST_WD_0.01-20_ConsGalerkinProj_Drift_Seed2_Second,SST,179,state,Momentum_x,3.119893575290e+03,3.119893575295e+03,1.423e-12,-4.451e-10
RANS_SST_WD_0.01-20_ConsGalerkinProj_Drift_Seed2_Second,SST,179,state,Momentum_y,3.275980428183e+02,3.275980428195e+02,3.772e-12,-2.608e-09
RANS_SST_WD_0.01-20_ConsGalerkinProj_Drift_Seed2_Second,SST,179,state,Energy,5.616224493351e+04,5.616224493349e+04,-2.723e-13,9.587e-15
RANS_SST_WD_0.01-20_ConsGalerkinProj_Drift_Seed2_Second,SST,179,state,Turb_Kin_Energy,1.765425423344e-03,1.765425419675e-03,-2.078e-09,4.924e-07
RANS_SST_WD_0.01-20_ConsGalerkinProj_Drift_Seed2_Second,SST,179,state,Omega,1.174433829719e+04,1.174433829775e+04,4.780e-11,-8.505e-09
RANS_SST_WD_0.01-20_ConsGalerkinProj_Drift_Seed2_Second,SST,188,bdf2_level,Density,3.136275210388e+04,3.136275210388e+04,-2.338e-13,
RANS_SST_WD_0.01-20_ConsGalerkinProj_Drift_Seed2_Second,SST,188,bdf2_level,Momentum_x,3.119893574034e+03,3.119893574038e+03,1.543e-12,
RANS_SST_WD_0.01-20_ConsGalerkinProj_Drift_Seed2_Second,SST,188,bdf2_level,Momentum_y,3.275980375759e+02,3.275980375789e+02,8.970e-12,
RANS_SST_WD_0.01-20_ConsGalerkinProj_Drift_Seed2_Second,SST,188,bdf2_level,Energy,5.616224493349e+04,5.616224493348e+04,-2.743e-13,
RANS_SST_WD_0.01-20_ConsGalerkinProj_Drift_Seed2_Second,SST,188,bdf2_level,Turb_Kin_Energy,1.765420753017e-03,1.765420792518e-03,2.237e-08,
RANS_SST_WD_0.01-20_ConsGalerkinProj_Drift_Seed2_Second,SST,188,bdf2_level,Omega,1.174433809203e+04,1.174433810337e+04,9.663e-10,
RANS_SST_WD_0.01-20_ConsGalerkinProj_Drift_Seed2_Second,SST,189,state,Density,3.136275210388e+04,3.136275210388e+04,-2.307e-13,-2.436e-15
RANS_SST_WD_0.01-20_ConsGalerkinProj_Drift_Seed2_Second,SST,189,state,Momentum_x,3.119893573904e+03,3.119893573909e+03,1.723e-12,-4.444e-10
RANS_SST_WD_0.01-20_ConsGalerkinProj_Drift_Seed2_Second,SST,189,state,Momentum_y,3.275980370267e+02,3.275980370296e+02,8.944e-12,-1.768e-08
RANS_SST_WD_0.01-20_ConsGalerkinProj_Drift_Seed2_Second,SST,189,state,Energy,5.616224493349e+04,5.616224493347e+04,-2.693e-13,-3.315e-13
RANS_SST_WD_0.01-20_ConsGalerkinProj_Drift_Seed2_Second,SST,189,state,Turb_Kin_Energy,1.765420206112e-03,1.765420245255e-03,2.217e-08,-2.955e-06
RANS_SST_WD_0.01-20_ConsGalerkinProj_Drift_Seed2_Second,SST,189,state,Omega,1.174433808050e+04,1.174433809175e+04,9.579e-10,-1.845e-08
RANS_SST_WD_0.01-20_ConsGalerkinProj_Drift_Seed2_Second,SST,198,bdf2_level,Density,3.136275210386e+04,3.136275210385e+04,-1.945e-13,
RANS_SST_WD_0.01-20_ConsGalerkinProj_Drift_Seed2_Second,SST,198,bdf2_level,Momentum_x,3.119893572967e+03,3.119893572981e+03,4.409e-12,
RANS_SST_WD_0.01-20_ConsGalerkinProj_Drift_Seed2_Second,SST,198,bdf2_level,Momentum_y,3.275980381157e+02,3.275980381234e+02,2.351e-11,
RANS_SST_WD_0.01-20_ConsGalerkinProj_Drift_Seed2_Second,SST,198,bdf2_level,Energy,5.616224493340e+04,5.616224493339e+04,-1.768e-13,
RANS_SST_WD_0.01-20_ConsGalerkinProj_Drift_Seed2_Second,SST,198,bdf2_level,Turb_Kin_Energy,1.765418361275e-03,1.765418392553e-03,1.772e-08,
RANS_SST_WD_0.01-20_ConsGalerkinProj_Drift_Seed2_Second,SST,198,bdf2_level,Omega,1.174433806922e+04,1.174433808510e+04,1.352e-09,
RANS_SST_WD_0.01-20_ConsGalerkinProj_Drift_Seed2_Second,SST,199,state,Density,3.136275210385e+04,3.136275210385e+04,-1.939e-13,-1.057e-12
RANS_SST_WD_0.01-20_ConsGalerkinProj_Drift_Seed2_Second,SST,199,state,Momentum_x,3.119893572839e+03,3.119893572856e+03,5.436e-12,-3.412e-10
RANS_SST_WD_0.01-20_ConsGalerkinProj_Drift_Seed2_Second,SST,199,state,Momentum_y,3.275980383627e+02,3.275980383705e+02,2.363e-11,4.078e-09
RANS_SST_WD_0.01-20_ConsGalerkinProj_Drift_Seed2_Second,SST,199,state,Energy,5.616224493339e+04,5.616224493338e+04,-1.723e-13,-1.828e-12
RANS_SST_WD_0.01-20_ConsGalerkinProj_Drift_Seed2_Second,SST,199,state,Turb_Kin_Energy,1.765418187440e-03,1.765418218991e-03,1.787e-08,-1.143e-06
RANS_SST_WD_0.01-20_ConsGalerkinProj_Drift_Seed2_Second,SST,199,state,Omega,1.174433808225e+04,1.174433809827e+04,1.364e-09,1.495e-10
RANS_SST_WD_0.01-20_ConsGalerkinProj_Drift_Seed2_Second,SST,208,bdf2_level,Density,3.136275210380e+04,3.136275210380e+04,-1.420e-13,
RANS_SST_WD_0.01-20_ConsGalerkinProj_Drift_Seed2_Second,SST,208,bdf2_level,Momentum_x,3.119893571746e+03,3.119893571741e+03,-1.633e-12,
RANS_SST_WD_0.01-20_ConsGalerkinProj_Drift_Seed2_Second,SST,208,bdf2_level,Momentum_y,3.275980439055e+02,3.275980439041e+02,-4.361e-12,
RANS_SST_WD_0.01-20_ConsGalerkinProj_Drift_Seed2_Second,SST,208,bdf2_level,Energy,5.616224493324e+04,5.616224493323e+04,-1.932e-13,
RANS_SST_WD_0.01-20_ConsGalerkinProj_Drift_Seed2_Second,SST,208,bdf2_level,Turb_Kin_Energy,1.765417489915e-03,1.765417484045e-03,-3.325e-09,
RANS_SST_WD_0.01-20_ConsGalerkinProj_Drift_Seed2_Second,SST,208,bdf2_level,Omega,1.174433840348e+04,1.174433840336e+04,-1.041e-11,
RANS_SST_WD_0.01-20_ConsGalerkinProj_Drift_Seed2_Second,SST,209,state,Density,3.136275210379e+04,3.136275210379e+04,-1.593e-13,-1.806e-12
RANS_SST_WD_0.01-20_ConsGalerkinProj_Drift_Seed2_Second,SST,209,state,Momentum_x,3.119893571610e+03,3.119893571604e+03,-2.083e-12,-3.938e-10
RANS_SST_WD_0.01-20_ConsGalerkinProj_Drift_Seed2_Second,SST,209,state,Momentum_y,3.275980439452e+02,3.275980439449e+02,-1.025e-12,1.704e-08
RANS_SST_WD_0.01-20_ConsGalerkinProj_Drift_Seed2_Second,SST,209,state,Energy,5.616224493323e+04,5.616224493321e+04,-2.237e-13,-2.884e-12
RANS_SST_WD_0.01-20_ConsGalerkinProj_Drift_Seed2_Second,SST,209,state,Turb_Kin_Energy,1.765417360200e-03,1.765417353278e-03,-3.921e-09,-4.686e-07
RANS_SST_WD_0.01-20_ConsGalerkinProj_Drift_Seed2_Second,SST,209,state,Omega,1.174433840718e+04,1.174433840681e+04,-3.140e-11,2.767e-08
RANS_SST_WD_0.01-20_ConsGalerkinProj_Drift_Seed2_Second,SST,218,bdf2_level,Density,3.136275210377e+04,3.136275210375e+04,-4.677e-13,
RANS_SST_WD_0.01-20_ConsGalerkinProj_Drift_Seed2_Second,SST,218,bdf2_level,Momentum_x,3.119893570463e+03,3.119893570495e+03,1.043e-11,
RANS_SST_WD_0.01-20_ConsGalerkinProj_Drift_Seed2_Second,SST,218,bdf2_level,Momentum_y,3.275980485359e+02,3.275980485455e+02,2.930e-11,
RANS_SST_WD_0.01-20_ConsGalerkinProj_Drift_Seed2_Second,SST,218,bdf2_level,Energy,5.616224493315e+04,5.616224493312e+04,-5.327e-13,
RANS_SST_WD_0.01-20_ConsGalerkinProj_Drift_Seed2_Second,SST,218,bdf2_level,Turb_Kin_Energy,1.765418653432e-03,1.765418660025e-03,3.734e-09,
RANS_SST_WD_0.01-20_ConsGalerkinProj_Drift_Seed2_Second,SST,218,bdf2_level,Omega,1.174433852628e+04,1.174433853105e+04,4.057e-10,
RANS_SST_WD_0.01-20_ConsGalerkinProj_Drift_Seed2_Second,SST,219,state,Density,3.136275210377e+04,3.136275210376e+04,-4.523e-13,-7.131e-13
RANS_SST_WD_0.01-20_ConsGalerkinProj_Drift_Seed2_Second,SST,219,state,Momentum_x,3.119893570352e+03,3.119893570379e+03,8.587e-12,-4.034e-10
RANS_SST_WD_0.01-20_ConsGalerkinProj_Drift_Seed2_Second,SST,219,state,Momentum_y,3.275980496285e+02,3.275980496386e+02,3.081e-11,1.735e-08
RANS_SST_WD_0.01-20_ConsGalerkinProj_Drift_Seed2_Second,SST,219,state,Energy,5.616224493315e+04,5.616224493312e+04,-5.295e-13,-1.328e-12
RANS_SST_WD_0.01-20_ConsGalerkinProj_Drift_Seed2_Second,SST,219,state,Turb_Kin_Energy,1.765418844843e-03,1.765418851955e-03,4.029e-09,8.410e-07
RANS_SST_WD_0.01-20_ConsGalerkinProj_Drift_Seed2_Second,SST,219,state,Omega,1.174433855408e+04,1.174433855881e+04,4.029e-10,1.251e-08
RANS_SST_WD_0.01-20_ConsGalerkinProj_Drift_Seed2_Second,SST,228,bdf2_level,Density,3.136275210386e+04,3.136275210385e+04,-2.323e-13,
RANS_SST_WD_0.01-20_ConsGalerkinProj_Drift_Seed2_Second,SST,228,bdf2_level,Momentum_x,3.119893568981e+03,3.119893568934e+03,-1.504e-11,
RANS_SST_WD_0.01-20_ConsGalerkinProj_Drift_Seed2_Second,SST,228,bdf2_level,Momentum_y,3.275980530454e+02,3.275980530609e+02,4.743e-11,
RANS_SST_WD_0.01-20_ConsGalerkinProj_Drift_Seed2_Second,SST,228,bdf2_level,Energy,5.616224493336e+04,5.616224493334e+04,-3.550e-13,
RANS_SST_WD_0.01-20_ConsGalerkinProj_Drift_Seed2_Second,SST,228,bdf2_level,Turb_Kin_Energy,1.765417940243e-03,1.765417987342e-03,2.668e-08,
RANS_SST_WD_0.01-20_ConsGalerkinProj_Drift_Seed2_Second,SST,228,bdf2_level,Omega,1.174433851516e+04,1.174433851953e+04,3.716e-10,
RANS_SST_WD_0.01-20_ConsGalerkinProj_Drift_Seed2_Second,SST,229,state,Density,3.136275210388e+04,3.136275210387e+04,-2.328e-13,3.423e-12
RANS_SST_WD_0.01-20_ConsGalerkinProj_Drift_Seed2_Second,SST,229,state,Momentum_x,3.119893568799e+03,3.119893568748e+03,-1.636e-11,-4.979e-10
RANS_SST_WD_0.01-20_ConsGalerkinProj_Drift_Seed2_Second,SST,229,state,Momentum_y,3.275980533954e+02,3.275980534110e+02,4.765e-11,1.150e-08
RANS_SST_WD_0.01-20_ConsGalerkinProj_Drift_Seed2_Second,SST,229,state,Energy,5.616224493342e+04,5.616224493340e+04,-3.608e-13,4.723e-12
RANS_SST_WD_0.01-20_ConsGalerkinProj_Drift_Seed2_Second,SST,229,state,Turb_Kin_Energy,1.765417597857e-03,1.765417643220e-03,2.570e-08,-7.063e-07
RANS_SST_WD_0.01-20_ConsGalerkinProj_Drift_Seed2_Second,SST,229,state,Omega,1.174433848081e+04,1.174433848475e+04,3.355e-10,-6.239e-09
RANS_SST_WD_0.01-20_ConsGalerkinProj_Drift_Seed2_Second,SST,238,bdf2_level,Density,3.136275210419e+04,3.136275210418e+04,-2.233e-13,
RANS_SST_WD_0.01-20_ConsGalerkinProj_Drift_Seed2_Second,SST,238,bdf2_level,Momentum_x,3.119893567507e+03,3.119893567514e+03,2.189e-12,
RANS_SST_WD_0.01-20_ConsGalerkinProj_Drift_Seed2_Second,SST,238,bdf2_level,Momentum_y,3.275980572031e+02,3.275980571900e+02,-3.997e-11,
RANS_SST_WD_0.01-20_ConsGalerkinProj_Drift_Seed2_Second,SST,238,bdf2_level,Energy,5.616224493419e+04,5.616224493417e+04,-3.152e-13,
RANS_SST_WD_0.01-20_ConsGalerkinProj_Drift_Seed2_Second,SST,238,bdf2_level,Turb_Kin_Energy,1.765417073145e-03,1.765417057733e-03,-8.730e-09,
RANS_SST_WD_0.01-20_ConsGalerkinProj_Drift_Seed2_Second,SST,238,bdf2_level,Omega,1.174433893499e+04,1.174433894163e+04,5.658e-10,
RANS_SST_WD_0.01-20_ConsGalerkinProj_Drift_Seed2_Second,SST,239,state,Density,3.136275210424e+04,3.136275210423e+04,-2.199e-13,1.135e-11
RANS_SST_WD_0.01-20_ConsGalerkinProj_Drift_Seed2_Second,SST,239,state,Momentum_x,3.119893567389e+03,3.119893567398e+03,2.671e-12,-4.517e-10
RANS_SST_WD_0.01-20_ConsGalerkinProj_Drift_Seed2_Second,SST,239,state,Momentum_y,3.275980569936e+02,3.275980569805e+02,-4.001e-11,1.098e-08
RANS_SST_WD_0.01-20_ConsGalerkinProj_Drift_Seed2_Second,SST,239,state,Energy,5.616224493431e+04,5.616224493429e+04,-3.152e-13,1.595e-11
RANS_SST_WD_0.01-20_ConsGalerkinProj_Drift_Seed2_Second,SST,239,state,Turb_Kin_Energy,1.765417047227e-03,1.765417031701e-03,-8.795e-09,-3.119e-07
RANS_SST_WD_0.01-20_ConsGalerkinProj_Drift_Seed2_Second,SST,239,state,Omega,1.174433900774e+04,1.174433901439e+04,5.661e-10,4.487e-08
RANS_SST_WD_0.01-20_ConsGalerkinProj_Drift_Seed2_Second,SST,248,bdf2_level,Density,3.136275210480e+04,3.136275210479e+04,-2.685e-13,
RANS_SST_WD_0.01-20_ConsGalerkinProj_Drift_Seed2_Second,SST,248,bdf2_level,Momentum_x,3.119893566682e+03,3.119893566708e+03,8.389e-12,
RANS_SST_WD_0.01-20_ConsGalerkinProj_Drift_Seed2_Second,SST,248,bdf2_level,Momentum_y,3.275980549983e+02,3.275980550221e+02,7.249e-11,
RANS_SST_WD_0.01-20_ConsGalerkinProj_Drift_Seed2_Second,SST,248,bdf2_level,Energy,5.616224493575e+04,5.616224493574e+04,-2.743e-13,
RANS_SST_WD_0.01-20_ConsGalerkinProj_Drift_Seed2_Second,SST,248,bdf2_level,Turb_Kin_Energy,1.765421148391e-03,1.765421163162e-03,8.367e-09,
RANS_SST_WD_0.01-20_ConsGalerkinProj_Drift_Seed2_Second,SST,248,bdf2_level,Omega,1.174433973524e+04,1.174433973252e+04,-2.322e-10,
RANS_SST_WD_0.01-20_ConsGalerkinProj_Drift_Seed2_Second,SST,249,state,Density,3.136275210488e+04,3.136275210487e+04,-2.707e-13,2.056e-11
RANS_SST_WD_0.01-20_ConsGalerkinProj_Drift_Seed2_Second,SST,249,state,Momentum_x,3.119893566584e+03,3.119893566612e+03,9.009e-12,-2.580e-10
RANS_SST_WD_0.01-20_ConsGalerkinProj_Drift_Seed2_Second,SST,249,state,Momentum_y,3.275980544508e+02,3.275980544739e+02,7.059e-11,-7.762e-09
RANS_SST_WD_0.01-20_ConsGalerkinProj_Drift_Seed2_Second,SST,249,state,Energy,5.616224493595e+04,5.616224493593e+04,-2.718e-13,2.916e-11
RANS_SST_WD_0.01-20_ConsGalerkinProj_Drift_Seed2_Second,SST,249,state,Turb_Kin_Energy,1.765421759215e-03,1.765421774373e-03,8.586e-09,2.669e-06
RANS_SST_WD_0.01-20_ConsGalerkinProj_Drift_Seed2_Second,SST,249,state,Omega,1.174433982083e+04,1.174433981811e+04,-2.321e-10,6.923e-08
RANS_SST_WD_0.01-20_ConsGalerkinProj_Drift_Seed2_Second,SST,258,bdf2_level,Density,3.136275210567e+04,3.136275210567e+04,-1.399e-13,
RANS_SST_WD_0.01-20_ConsGalerkinProj_Drift_Seed2_Second,SST,258,bdf2_level,Momentum_x,3.119893565710e+03,3.119893565678e+03,-1.032e-11,
RANS_SST_WD_0.01-20_ConsGalerkinProj_Drift_Seed2_Second,SST,258,bdf2_level,Momentum_y,3.275980587782e+02,3.275980587877e+02,2.910e-11,
RANS_SST_WD_0.01-20_ConsGalerkinProj_Drift_Seed2_Second,SST,258,bdf2_level,Energy,5.616224493797e+04,5.616224493796e+04,-2.461e-13,
RANS_SST_WD_0.01-20_ConsGalerkinProj_Drift_Seed2_Second,SST,258,bdf2_level,Turb_Kin_Energy,1.765422547246e-03,1.765422605964e-03,3.326e-08,
RANS_SST_WD_0.01-20_ConsGalerkinProj_Drift_Seed2_Second,SST,258,bdf2_level,Omega,1.174433959477e+04,1.174433961391e+04,1.630e-09,
RANS_SST_WD_0.01-20_ConsGalerkinProj_Drift_Seed2_Second,SST,259,state,Density,3.136275210577e+04,3.136275210577e+04,-1.358e-13,2.844e-11
RANS_SST_WD_0.01-20_ConsGalerkinProj_Drift_Seed2_Second,SST,259,state,Momentum_x,3.119893565599e+03,3.119893565568e+03,-9.925e-12,-3.158e-10
RANS_SST_WD_0.01-20_ConsGalerkinProj_Drift_Seed2_Second,SST,259,state,Momentum_y,3.275980597551e+02,3.275980597651e+02,3.053e-11,1.619e-08
RANS_SST_WD_0.01-20_ConsGalerkinProj_Drift_Seed2_Second,SST,259,state,Energy,5.616224493822e+04,5.616224493821e+04,-2.372e-13,4.044e-11
RANS_SST_WD_0.01-20_ConsGalerkinProj_Drift_Seed2_Second,SST,259,state,Turb_Kin_Energy,1.765422150895e-03,1.765422208673e-03,3.273e-08,2.219e-07
RANS_SST_WD_0.01-20_ConsGalerkinProj_Drift_Seed2_Second,SST,259,state,Omega,1.174433954337e+04,1.174433956247e+04,1.626e-09,-2.363e-08
RANS_SST_WD_0.01-20_ConsGalerkinProj_Drift_Seed2_Second,SST,268,bdf2_level,Density,3.136275210669e+04,3.136275210668e+04,-1.928e-13,
RANS_SST_WD_0.01-20_ConsGalerkinProj_Drift_Seed2_Second,SST,268,bdf2_level,Momentum_x,3.119893564606e+03,3.119893564612e+03,1.869e-12,
RANS_SST_WD_0.01-20_ConsGalerkinProj_Drift_Seed2_Second,SST,268,bdf2_level,Momentum_y,3.275980627208e+02,3.275980627277e+02,2.118e-11,
RANS_SST_WD_0.01-20_ConsGalerkinProj_Drift_Seed2_Second,SST,268,bdf2_level,Energy,5.616224494055e+04,5.616224494054e+04,-1.814e-13,
RANS_SST_WD_0.01-20_ConsGalerkinProj_Drift_Seed2_Second,SST,268,bdf2_level,Turb_Kin_Energy,1.765417080294e-03,1.765417154922e-03,4.227e-08,
RANS_SST_WD_0.01-20_ConsGalerkinProj_Drift_Seed2_Second,SST,268,bdf2_level,Omega,1.174433951365e+04,1.174433951936e+04,4.860e-10,
RANS_SST_WD_0.01-20_ConsGalerkinProj_Drift_Seed2_Second,SST,269,state,Density,3.136275210679e+04,3.136275210679e+04,-1.806e-13,3.260e-11
RANS_SST_WD_0.01-20_ConsGalerkinProj_Drift_Seed2_Second,SST,269,state,Momentum_x,3.119893564506e+03,3.119893564509e+03,1.079e-12,-3.502e-10
RANS_SST_WD_0.01-20_ConsGalerkinProj_Drift_Seed2_Second,SST,269,state,Momentum_y,3.275980629536e+02,3.275980629601e+02,1.976e-11,9.764e-09
RANS_SST_WD_0.01-20_ConsGalerkinProj_Drift_Seed2_Second,SST,269,state,Energy,5.616224494081e+04,5.616224494080e+04,-1.746e-13,4.614e-11
RANS_SST_WD_0.01-20_ConsGalerkinProj_Drift_Seed2_Second,SST,269,state,Turb_Kin_Energy,1.765416702570e-03,1.765416776260e-03,4.174e-08,-3.086e-06
RANS_SST_WD_0.01-20_ConsGalerkinProj_Drift_Seed2_Second,SST,269,state,Omega,1.174433955561e+04,1.174433956119e+04,4.751e-10,1.042e-09
RANS_SST_WD_0.01-20_ConsGalerkinProj_Drift_Seed2_Second,SST,278,bdf2_level,Density,3.136275210769e+04,3.136275210768e+04,-2.477e-13,
RANS_SST_WD_0.01-20_ConsGalerkinProj_Drift_Seed2_Second,SST,278,bdf2_level,Momentum_x,3.119893563742e+03,3.119893563748e+03,2.054e-12,
RANS_SST_WD_0.01-20_ConsGalerkinProj_Drift_Seed2_Second,SST,278,bdf2_level,Momentum_y,3.275980645209e+02,3.275980645188e+02,-6.425e-12,
RANS_SST_WD_0.01-20_ConsGalerkinProj_Drift_Seed2_Second,SST,278,bdf2_level,Energy,5.616224494307e+04,5.616224494305e+04,-3.468e-13,
RANS_SST_WD_0.01-20_ConsGalerkinProj_Drift_Seed2_Second,SST,278,bdf2_level,Turb_Kin_Energy,1.765414845469e-03,1.765414814299e-03,-1.766e-08,
RANS_SST_WD_0.01-20_ConsGalerkinProj_Drift_Seed2_Second,SST,278,bdf2_level,Omega,1.174433947001e+04,1.174433946941e+04,-5.040e-11,
RANS_SST_WD_0.01-20_ConsGalerkinProj_Drift_Seed2_Second,SST,279,state,Density,3.136275210778e+04,3.136275210777e+04,-2.428e-13,3.135e-11
RANS_SST_WD_0.01-20_ConsGalerkinProj_Drift_Seed2_Second,SST,279,state,Momentum_x,3.119893563671e+03,3.119893563678e+03,2.496e-12,-2.678e-10
RANS_SST_WD_0.01-20_ConsGalerkinProj_Drift_Seed2_Second,SST,279,state,Momentum_y,3.275980642032e+02,3.275980642008e+02,-7.333e-12,3.814e-09
RANS_SST_WD_0.01-20_ConsGalerkinProj_Drift_Seed2_Second,SST,279,state,Energy,5.616224494330e+04,5.616224494328e+04,-3.331e-13,4.437e-11
RANS_SST_WD_0.01-20_ConsGalerkinProj_Drift_Seed2_Second,SST,279,state,Turb_Kin_Energy,1.765414537001e-03,1.765414506246e-03,-1.742e-08,-1.227e-06
RANS_SST_WD_0.01-20_ConsGalerkinProj_Drift_Seed2_Second,SST,279,state,Omega,1.174433943859e+04,1.174433943790e+04,-5.898e-11,-9.964e-09
RANS_SST_WD_0.01-20_ConsGalerkinProj_Drift_Seed2_Second,SST,288,bdf2_level,Density,3.136275210849e+04,3.136275210848e+04,-4.004e-13,
RANS_SST_WD_0.01-20_ConsGalerkinProj_Drift_Seed2_Second,SST,288,bdf2_level,Momentum_x,3.119893563062e+03,3.119893563041e+03,-6.955e-12,
RANS_SST_WD_0.01-20_ConsGalerkinProj_Drift_Seed2_Second,SST,288,bdf2_level,Momentum_y,3.275980625764e+02,3.275980625892e+02,3.896e-11,
RANS_SST_WD_0.01-20_ConsGalerkinProj_Drift_Seed2_Second,SST,288,bdf2_level,Energy,5.616224494511e+04,5.616224494508e+04,-5.194e-13,
RANS_SST_WD_0.01-20_ConsGalerkinProj_Drift_Seed2_Second,SST,288,bdf2_level,Turb_Kin_Energy,1.765413021859e-03,1.765413067868e-03,2.606e-08,
RANS_SST_WD_0.01-20_ConsGalerkinProj_Drift_Seed2_Second,SST,288,bdf2_level,Omega,1.174433943024e+04,1.174433944028e+04,8.551e-10,
RANS_SST_WD_0.01-20_ConsGalerkinProj_Drift_Seed2_Second,SST,289,state,Density,3.136275210856e+04,3.136275210854e+04,-3.943e-13,2.484e-11
RANS_SST_WD_0.01-20_ConsGalerkinProj_Drift_Seed2_Second,SST,289,state,Momentum_x,3.119893562966e+03,3.119893562946e+03,-6.699e-12,-2.257e-10
RANS_SST_WD_0.01-20_ConsGalerkinProj_Drift_Seed2_Second,SST,289,state,Momentum_y,3.275980635319e+02,3.275980635449e+02,3.964e-11,-2.049e-09
RANS_SST_WD_0.01-20_ConsGalerkinProj_Drift_Seed2_Second,SST,289,state,Energy,5.616224494527e+04,5.616224494524e+04,-5.154e-13,3.509e-11
RANS_SST_WD_0.01-20_ConsGalerkinProj_Drift_Seed2_Second,SST,289,state,Turb_Kin_Energy,1.765413072727e-03,1.765413118989e-03,2.620e-08,-8.294e-07
RANS_SST_WD_0.01-20_ConsGalerkinProj_Drift_Seed2_Second,SST,289,state,Omega,1.174433946819e+04,1.174433947832e+04,8.632e-10,2.520e-09
RANS_SST_WD_0.01-20_ConsGalerkinProj_Drift_Seed2_Second,SST,298,bdf2_level,Density,3.136275210897e+04,3.136275210896e+04,-1.329e-13,
RANS_SST_WD_0.01-20_ConsGalerkinProj_Drift_Seed2_Second,SST,298,bdf2_level,Momentum_x,3.119893562222e+03,3.119893562229e+03,2.089e-12,
RANS_SST_WD_0.01-20_ConsGalerkinProj_Drift_Seed2_Second,SST,298,bdf2_level,Momentum_y,3.275980651957e+02,3.275980651969e+02,3.771e-12,
RANS_SST_WD_0.01-20_ConsGalerkinProj_Drift_Seed2_Second,SST,298,bdf2_level,Energy,5.616224494632e+04,5.616224494631e+04,-1.469e-13,
RANS_SST_WD_0.01-20_ConsGalerkinProj_Drift_Seed2_Second,SST,298,bdf2_level,Turb_Kin_Energy,1.765413920525e-03,1.765413937565e-03,9.652e-09,
RANS_SST_WD_0.01-20_ConsGalerkinProj_Drift_Seed2_Second,SST,298,bdf2_level,Omega,1.174434007733e+04,1.174434008338e+04,5.154e-10,
RANS_SST_WD_0.01-20_ConsGalerkinProj_Drift_Seed2_Second,SST,299,state,Density,3.136275210899e+04,3.136275210899e+04,-1.262e-13,1.397e-11
RANS_SST_WD_0.01-20_ConsGalerkinProj_Drift_Seed2_Second,SST,299,state,Momentum_x,3.119893562140e+03,3.119893562148e+03,2.531e-12,-2.648e-10
RANS_SST_WD_0.01-20_ConsGalerkinProj_Drift_Seed2_Second,SST,299,state,Momentum_y,3.275980652901e+02,3.275980652915e+02,4.169e-12,5.367e-09
RANS_SST_WD_0.01-20_ConsGalerkinProj_Drift_Seed2_Second,SST,299,state,Energy,5.616224494639e+04,5.616224494638e+04,-1.448e-13,1.988e-11
RANS_SST_WD_0.01-20_ConsGalerkinProj_Drift_Seed2_Second,SST,299,state,Turb_Kin_Energy,1.765414003177e-03,1.765414019887e-03,9.465e-09,5.270e-07
RANS_SST_WD_0.01-20_ConsGalerkinProj_Drift_Seed2_Second,SST,299,state,Omega,1.174434012186e+04,1.174434012783e+04,5.081e-10,5.566e-08
RANS_SST_WD_0.01-20_ConsGalerkinProj_Drift_Seed2_Second,SST,308,bdf2_level,Density,3.136275210905e+04,3.136275210903e+04,-3.298e-13,
RANS_SST_WD_0.01-20_ConsGalerkinProj_Drift_Seed2_Second,SST,308,bdf2_level,Momentum_x,3.119893561496e+03,3.119893561529e+03,1.070e-11,
RANS_SST_WD_0.01-20_ConsGalerkinProj_Drift_Seed2_Second,SST,308,bdf2_level,Momentum_y,3.275980701901e+02,3.275980701945e+02,1.339e-11,
RANS_SST_WD_0.01-20_ConsGalerkinProj_Drift_Seed2_Second,SST,308,bdf2_level,Energy,5.616224494654e+04,5.616224494652e+04,-3.507e-13,
RANS_SST_WD_0.01-20_ConsGalerkinProj_Drift_Seed2_Second,SST,308,bdf2_level,Turb_Kin_Energy,1.765411652593e-03,1.765411702422e-03,2.822e-08,
RANS_SST_WD_0.01-20_ConsGalerkinProj_Drift_Seed2_Second,SST,308,bdf2_level,Omega,1.174433956298e+04,1.174433957232e+04,7.954e-10,
RANS_SST_WD_0.01-20_ConsGalerkinProj_Drift_Seed2_Second,SST,309,state,Density,3.136275210903e+04,3.136275210902e+04,-3.413e-13,1.122e-12
RANS_SST_WD_0.01-20_ConsGalerkinProj_Drift_Seed2_Second,SST,309,state,Momentum_x,3.119893561427e+03,3.119893561459e+03,1.037e-11,-2.286e-10
RANS_SST_WD_0.01-20_ConsGalerkinProj_Drift_Seed2_Second,SST,309,state,Momentum_y,3.275980701573e+02,3.275980701610e+02,1.113e-11,1.486e-08
RANS_SST_WD_0.01-20_ConsGalerkinProj_Drift_Seed2_Second,SST,309,state,Energy,5.616224494650e+04,5.616224494648e+04,-3.621e-13,1.958e-12
RANS_SST_WD_0.01-20_ConsGalerkinProj_Drift_Seed2_Second,SST,309,state,Turb_Kin_Energy,1.765411080864e-03,1.765411130580e-03,2.816e-08,-1.655e-06
RANS_SST_WD_0.01-20_ConsGalerkinProj_Drift_Seed2_Second,SST,309,state,Omega,1.174433950357e+04,1.174433951264e+04,7.726e-10,-5.265e-08
RANS_SST_WD_0.01-20_ConsGalerkinProj_Drift_Seed2_Second,SST,318,bdf2_level,Density,3.136275210871e+04,3.136275210870e+04,-2.738e-13,
RANS_SST_WD_0.01-20_ConsGalerkinProj_Drift_Seed2_Second,SST,318,bdf2_level,Momentum_x,3.119893560943e+03,3.119893560948e+03,1.473e-12,
RANS_SST_WD_0.01-20_ConsGalerkinProj_Drift_Seed2_Second,SST,318,bdf2_level,Momentum_y,3.275980697993e+02,3.275980698131e+02,4.222e-11,
RANS_SST_WD_0.01-20_ConsGalerkinProj_Drift_Seed2_Second,SST,318,bdf2_level,Energy,5.616224494574e+04,5.616224494572e+04,-3.042e-13,
RANS_SST_WD_0.01-20_ConsGalerkinProj_Drift_Seed2_Second,SST,318,bdf2_level,Turb_Kin_Energy,1.765406742096e-03,1.765406796954e-03,3.107e-08,
RANS_SST_WD_0.01-20_ConsGalerkinProj_Drift_Seed2_Second,SST,318,bdf2_level,Omega,1.174433969072e+04,1.174433969852e+04,6.638e-10,
RANS_SST_WD_0.01-20_ConsGalerkinProj_Drift_Seed2_Second,SST,319,state,Density,3.136275210866e+04,3.136275210865e+04,-2.738e-13,-1.186e-11
RANS_SST_WD_0.01-20_ConsGalerkinProj_Drift_Seed2_Second,SST,319,state,Momentum_x,3.119893560905e+03,3.119893560911e+03,1.794e-12,-1.673e-10
RANS_SST_WD_0.01-20_ConsGalerkinProj_Drift_Seed2_Second,SST,319,state,Momentum_y,3.275980698708e+02,3.275980698857e+02,4.546e-11,-8.746e-10
RANS_SST_WD_0.01-20_ConsGalerkinProj_Drift_Seed2_Second,SST,319,state,Energy,5.616224494561e+04,5.616224494559e+04,-3.052e-13,-1.583e-11
RANS_SST_WD_0.01-20_ConsGalerkinProj_Drift_Seed2_Second,SST,319,state,Turb_Kin_Energy,1.765406302978e-03,1.765406356950e-03,3.057e-08,-2.706e-06
RANS_SST_WD_0.01-20_ConsGalerkinProj_Drift_Seed2_Second,SST,319,state,Omega,1.174433969798e+04,1.174433970535e+04,6.283e-10,1.655e-08
RANS_SST_WD_0.01-20_ConsGalerkinProj_Drift_Seed2_Second,SST,328,bdf2_level,Density,3.136275210807e+04,3.136275210806e+04,-2.351e-13,
RANS_SST_WD_0.01-20_ConsGalerkinProj_Drift_Seed2_Second,SST,328,bdf2_level,Momentum_x,3.119893561022e+03,3.119893561010e+03,-3.762e-12,
RANS_SST_WD_0.01-20_ConsGalerkinProj_Drift_Seed2_Second,SST,328,bdf2_level,Momentum_y,3.275980700991e+02,3.275980700927e+02,-1.957e-11,
RANS_SST_WD_0.01-20_ConsGalerkinProj_Drift_Seed2_Second,SST,328,bdf2_level,Energy,5.616224494420e+04,5.616224494417e+04,-3.793e-13,
RANS_SST_WD_0.01-20_ConsGalerkinProj_Drift_Seed2_Second,SST,328,bdf2_level,Turb_Kin_Energy,1.765407997005e-03,1.765408033363e-03,2.059e-08,
RANS_SST_WD_0.01-20_ConsGalerkinProj_Drift_Seed2_Second,SST,328,bdf2_level,Omega,1.174434349008e+04,1.174434349879e+04,7.415e-10,
RANS_SST_WD_0.01-20_ConsGalerkinProj_Drift_Seed2_Second,SST,329,state,Density,3.136275210800e+04,3.136275210799e+04,-2.570e-13,-2.104e-11
RANS_SST_WD_0.01-20_ConsGalerkinProj_Drift_Seed2_Second,SST,329,state,Momentum_x,3.119893561070e+03,3.119893561103e+03,1.081e-11,5.273e-11
RANS_SST_WD_0.01-20_ConsGalerkinProj_Drift_Seed2_Second,SST,329,state,Momentum_y,3.275980698853e+02,3.275980698770e+02,-2.512e-11,4.399e-11
RANS_SST_WD_0.01-20_ConsGalerkinProj_Drift_Seed2_Second,SST,329,state,Energy,5.616224494402e+04,5.616224494400e+04,-3.091e-13,-2.836e-11
RANS_SST_WD_0.01-20_ConsGalerkinProj_Drift_Seed2_Second,SST,329,state,Turb_Kin_Energy,1.765440987394e-03,1.765441072081e-03,4.797e-08,1.965e-05
RANS_SST_WD_0.01-20_ConsGalerkinProj_Drift_Seed2_Second,SST,329,state,Omega,1.174435332971e+04,1.174435333672e+04,5.968e-10,1.161e-06
RANS_SST_WD_0.01-20_ConsGalerkinProj_Drift_Seed2_Second,SST,338,bdf2_level,Density,3.136275210730e+04,3.136275210729e+04,-2.963e-13,
RANS_SST_WD_0.01-20_ConsGalerkinProj_Drift_Seed2_Second,SST,338,bdf2_level,Momentum_x,3.119893560705e+03,3.119893560709e+03,1.352e-12,
RANS_SST_WD_0.01-20_ConsGalerkinProj_Drift_Seed2_Second,SST,338,bdf2_level,Momentum_y,3.275980767527e+02,3.275980767578e+02,1.560e-11,
RANS_SST_WD_0.01-20_ConsGalerkinProj_Drift_Seed2_Second,SST,338,bdf2_level,Energy,5.616224494235e+04,5.616224494233e+04,-3.892e-13,
RANS_SST_WD_0.01-20_ConsGalerkinProj_Drift_Seed2_Second,SST,338,bdf2_level,Turb_Kin_Energy,1.765435806360e-03,1.765435842636e-03,2.055e-08,
RANS_SST_WD_0.01-20_ConsGalerkinProj_Drift_Seed2_Second,SST,338,bdf2_level,Omega,1.174434807576e+04,1.174434807813e+04,2.017e-10,
RANS_SST_WD_0.01-20_ConsGalerkinProj_Drift_Seed2_Second,SST,339,state,Density,3.136275210722e+04,3.136275210721e+04,-2.825e-13,-2.477e-11
RANS_SST_WD_0.01-20_ConsGalerkinProj_Drift_Seed2_Second,SST,339,state,Momentum_x,3.119893560631e+03,3.119893560640e+03,2.782e-12,-1.405e-10
RANS_SST_WD_0.01-20_ConsGalerkinProj_Drift_Seed2_Second,SST,339,state,Momentum_y,3.275980771198e+02,3.275980771242e+02,1.359e-11,2.208e-08
RANS_SST_WD_0.01-20_ConsGalerkinProj_Drift_Seed2_Second,SST,339,state,Energy,5.616224494217e+04,5.616224494215e+04,-3.585e-13,-3.295e-11
RANS_SST_WD_0.01-20_ConsGalerkinProj_Drift_Seed2_Second,SST,339,state,Turb_Kin_Energy,1.765434404986e-03,1.765434444633e-03,2.246e-08,-3.728e-06
RANS_SST_WD_0.01-20_ConsGalerkinProj_Drift_Seed2_Second,SST,339,state,Omega,1.174434741893e+04,1.174434741932e+04,3.280e-11,-5.033e-07
RANS_SST_WD_0.01-20_ConsGalerkinProj_Drift_Seed2_Second,SST,348,bdf2_level,Density,3.136275210658e+04,3.136275210657e+04,-1.742e-13,
RANS_SST_WD_0.01-20_ConsGalerkinProj_Drift_Seed2_Second,SST,348,bdf2_level,Momentum_x,3.119893560731e+03,3.119893560736e+03,1.491e-12,
RANS_SST_WD_0.01-20_ConsGalerkinProj_Drift_Seed2_Second,SST,348,bdf2_level,Momentum_y,3.275980791260e+02,3.275980791089e+02,-5.230e-11,
RANS_SST_WD_0.01-20_ConsGalerkinProj_Drift_Seed2_Second,SST,348,bdf2_level,Energy,5.616224494068e+04,5.616224494067e+04,-1.907e-13,
RANS_SST_WD_0.01-20_ConsGalerkinProj_Drift_Seed2_Second,SST,348,bdf2_level,Turb_Kin_Energy,1.765423066804e-03,1.765423094427e-03,1.565e-08,
RANS_SST_WD_0.01-20_ConsGalerkinProj_Drift_Seed2_Second,SST,348,bdf2_level,Omega,1.174434425825e+04,1.174434427753e+04,1.642e-09,
RANS_SST_WD_0.01-20_ConsGalerkinProj_Drift_Seed2_Second,SST,349,state,Density,3.136275210652e+04,3.136275210651e+04,-1.769e-13,-2.244e-11
RANS_SST_WD_0.01-20_ConsGalerkinProj_Drift_Seed2_Second,SST,349,state,Momentum_x,3.119893560796e+03,3.119893560800e+03,1.168e-12,5.286e-11
RANS_SST_WD_0.01-20_ConsGalerkinProj_Drift_Seed2_Second,SST,349,state,Momentum_y,3.275980804093e+02,3.275980803926e+02,-5.119e-11,1.004e-08
RANS_SST_WD_0.01-20_ConsGalerkinProj_Drift_Seed2_Second,SST,349,state,Energy,5.616224494054e+04,5.616224494053e+04,-2.017e-13,-2.903e-11
RANS_SST_WD_0.01-20_ConsGalerkinProj_Drift_Seed2_Second,SST,349,state,Turb_Kin_Energy,1.765420918393e-03,1.765420942355e-03,1.357e-08,-7.639e-06
RANS_SST_WD_0.01-20_ConsGalerkinProj_Drift_Seed2_Second,SST,349,state,Omega,1.174434391466e+04,1.174434393361e+04,1.614e-09,-2.984e-07
RANS_SST_WD_0.01-20_ConsGalerkinProj_Drift_Seed2_Second,SST,358,bdf2_level,Density,3.136275210605e+04,3.136275210604e+04,-2.656e-13,
RANS_SST_WD_0.01-20_ConsGalerkinProj_Drift_Seed2_Second,SST,358,bdf2_level,Momentum_x,3.119893561500e+03,3.119893561482e+03,-5.693e-12,
RANS_SST_WD_0.01-20_ConsGalerkinProj_Drift_Seed2_Second,SST,358,bdf2_level,Momentum_y,3.275980825294e+02,3.275980825448e+02,4.715e-11,
RANS_SST_WD_0.01-20_ConsGalerkinProj_Drift_Seed2_Second,SST,358,bdf2_level,Energy,5.616224493951e+04,5.616224493949e+04,-3.440e-13,
RANS_SST_WD_0.01-20_ConsGalerkinProj_Drift_Seed2_Second,SST,358,bdf2_level,Turb_Kin_Energy,1.765409873760e-03,1.765409937311e-03,3.600e-08,
RANS_SST_WD_0.01-20_ConsGalerkinProj_Drift_Seed2_Second,SST,358,bdf2_level,Omega,1.174434221178e+04,1.174434221154e+04,-2.030e-11,
RANS_SST_WD_0.01-20_ConsGalerkinProj_Drift_Seed2_Second,SST,359,state,Density,3.136275210601e+04,3.136275210600e+04,-2.639e-13,-1.633e-11
RANS_SST_WD_0.01-20_ConsGalerkinProj_Drift_Seed2_Second,SST,359,state,Momentum_x,3.119893561573e+03,3.119893561554e+03,-6.031e-12,2.489e-10
RANS_SST_WD_0.01-20_ConsGalerkinProj_Drift_Seed2_Second,SST,359,state,Momentum_y,3.275980823724e+02,3.275980823880e+02,4.762e-11,5.992e-09
RANS_SST_WD_0.01-20_ConsGalerkinProj_Drift_Seed2_Second,SST,359,state,Energy,5.616224493943e+04,5.616224493941e+04,-3.499e-13,-1.979e-11
RANS_SST_WD_0.01-20_ConsGalerkinProj_Drift_Seed2_Second,SST,359,state,Turb_Kin_Energy,1.765409403227e-03,1.765409465495e-03,3.527e-08,-6.523e-06
RANS_SST_WD_0.01-20_ConsGalerkinProj_Drift_Seed2_Second,SST,359,state,Omega,1.174434213513e+04,1.174434213476e+04,-3.200e-11,-1.515e-07
RANS_SST_WD_0.01-20_ConsGalerkinProj_Drift_Seed2_Second,SST,368,bdf2_level,Density,3.136275210572e+04,3.136275210572e+04,-1.605e-13,
RANS_SST_WD_0.01-20_ConsGalerkinProj_Drift_Seed2_Second,SST,368,bdf2_level,Momentum_x,3.119893562060e+03,3.119893562088e+03,9.108e-12,
RANS_SST_WD_0.01-20_ConsGalerkinProj_Drift_Seed2_Second,SST,368,bdf2_level,Momentum_y,3.275980862845e+02,3.275980862967e+02,3.746e-11,
RANS_SST_WD_0.01-20_ConsGalerkinProj_Drift_Seed2_Second,SST,368,bdf2_level,Energy,5.616224493888e+04,5.616224493887e+04,-1.869e-13,
RANS_SST_WD_0.01-20_ConsGalerkinProj_Drift_Seed2_Second,SST,368,bdf2_level,Turb_Kin_Energy,1.765406455597e-03,1.765406422193e-03,-1.892e-08,
RANS_SST_WD_0.01-20_ConsGalerkinProj_Drift_Seed2_Second,SST,368,bdf2_level,Omega,1.174434182894e+04,1.174434183680e+04,6.685e-10,
RANS_SST_WD_0.01-20_ConsGalerkinProj_Drift_Seed2_Second,SST,369,state,Density,3.136275210570e+04,3.136275210570e+04,-1.537e-13,-9.635e-12
RANS_SST_WD_0.01-20_ConsGalerkinProj_Drift_Seed2_Second,SST,369,state,Momentum_x,3.119893562106e+03,3.119893562131e+03,8.091e-12,1.709e-10
RANS_SST_WD_0.01-20_ConsGalerkinProj_Drift_Seed2_Second,SST,369,state,Momentum_y,3.275980866421e+02,3.275980866546e+02,3.818e-11,1.303e-08
RANS_SST_WD_0.01-20_ConsGalerkinProj_Drift_Seed2_Second,SST,369,state,Energy,5.616224493885e+04,5.616224493884e+04,-1.807e-13,-1.024e-11
RANS_SST_WD_0.01-20_ConsGalerkinProj_Drift_Seed2_Second,SST,369,state,Turb_Kin_Energy,1.765406376686e-03,1.765406343527e-03,-1.878e-08,-1.714e-06
RANS_SST_WD_0.01-20_ConsGalerkinProj_Drift_Seed2_Second,SST,369,state,Omega,1.174434184805e+04,1.174434185590e+04,6.685e-10,-2.444e-08
RANS_SST_WD_0.01-20_ConsGalerkinProj_Drift_Seed2_Second,SST,378,bdf2_level,Density,3.136275210558e+04,3.136275210557e+04,-2.663e-13,
RANS_SST_WD_0.01-20_ConsGalerkinProj_Drift_Seed2_Second,SST,378,bdf2_level,Momentum_x,3.119893562361e+03,3.119893562379e+03,6.059e-12,
RANS_SST_WD_0.01-20_ConsGalerkinProj_Drift_Seed2_Second,SST,378,bdf2_level,Momentum_y,3.275980892497e+02,3.275980892487e+02,-3.042e-12,
RANS_SST_WD_0.01-20_ConsGalerkinProj_Drift_Seed2_Second,SST,378,bdf2_level,Energy,5.616224493871e+04,5.616224493869e+04,-3.089e-13,
RANS_SST_WD_0.01-20_ConsGalerkinProj_Drift_Seed2_Second,SST,378,bdf2_level,Turb_Kin_Energy,1.765408034058e-03,1.765408050515e-03,9.321e-09,
RANS_SST_WD_0.01-20_ConsGalerkinProj_Drift_Seed2_Second,SST,378,bdf2_level,Omega,1.174434211734e+04,1.174434212220e+04,4.144e-10,
RANS_SST_WD_0.01-20_ConsGalerkinProj_Drift_Seed2_Second,SST,379,state,Density,3.136275210558e+04,3.136275210557e+04,-2.758e-13,-4.069e-12
RANS_SST_WD_0.01-20_ConsGalerkinProj_Drift_Seed2_Second,SST,379,state,Momentum_x,3.119893562378e+03,3.119893562394e+03,5.291e-12,8.706e-11
RANS_SST_WD_0.01-20_ConsGalerkinProj_Drift_Seed2_Second,SST,379,state,Momentum_y,3.275980893304e+02,3.275980893289e+02,-4.449e-12,8.206e-09
RANS_SST_WD_0.01-20_ConsGalerkinProj_Drift_Seed2_Second,SST,379,state,Energy,5.616224493871e+04,5.616224493869e+04,-3.258e-13,-2.524e-12
RANS_SST_WD_0.01-20_ConsGalerkinProj_Drift_Seed2_Second,SST,379,state,Turb_Kin_Energy,1.765408069212e-03,1.765408085547e-03,9.253e-09,9.587e-07
RANS_SST_WD_0.01-20_ConsGalerkinProj_Drift_Seed2_Second,SST,379,state,Omega,1.174434211989e+04,1.174434212477e+04,4.156e-10,2.315e-08
RANS_SST_WD_0.01-20_ConsGalerkinProj_Drift_Seed2_Second,SST,388,bdf2_level,Density,3.136275210556e+04,3.136275210555e+04,-2.914e-13,
RANS_SST_WD_0.01-20_ConsGalerkinProj_Drift_Seed2_Second,SST,388,bdf2_level,Momentum_x,3.119893562814e+03,3.119893562794e+03,-6.648e-12,
RANS_SST_WD_0.01-20_ConsGalerkinProj_Drift_Seed2_Second,SST,388,bdf2_level,Momentum_y,3.275980905374e+02,3.275980905444e+02,2.134e-11,
RANS_SST_WD_0.01-20_ConsGalerkinProj_Drift_Seed2_Second,SST,388,bdf2_level,Energy,5.616224493881e+04,5.616224493878e+04,-3.874e-13,
RANS_SST_WD_0.01-20_ConsGalerkinProj_Drift_Seed2_Second,SST,388,bdf2_level,Turb_Kin_Energy,1.765407285361e-03,1.765407346406e-03,3.458e-08,
RANS_SST_WD_0.01-20_ConsGalerkinProj_Drift_Seed2_Second,SST,388,bdf2_level,Omega,1.174434239335e+04,1.174434240758e+04,1.212e-09,
RANS_SST_WD_0.01-20_ConsGalerkinProj_Drift_Seed2_Second,SST,389,state,Density,3.136275210556e+04,3.136275210555e+04,-2.974e-13,-4.627e-13
RANS_SST_WD_0.01-20_ConsGalerkinProj_Drift_Seed2_Second,SST,389,state,Momentum_x,3.119893562846e+03,3.119893562822e+03,-7.672e-12,1.500e-10
RANS_SST_WD_0.01-20_ConsGalerkinProj_Drift_Seed2_Second,SST,389,state,Momentum_y,3.275980906234e+02,3.275980906307e+02,2.243e-11,3.947e-09
RANS_SST_WD_0.01-20_ConsGalerkinProj_Drift_Seed2_Second,SST,389,state,Energy,5.616224493883e+04,5.616224493881e+04,-3.989e-13,2.123e-12
RANS_SST_WD_0.01-20_ConsGalerkinProj_Drift_Seed2_Second,SST,389,state,Turb_Kin_Energy,1.765407394555e-03,1.765407455971e-03,3.479e-08,-3.822e-07
RANS_SST_WD_0.01-20_ConsGalerkinProj_Drift_Seed2_Second,SST,389,state,Omega,1.174434245090e+04,1.174434246509e+04,1.208e-09,2.819e-08
RANS_SST_WD_0.01-20_ConsGalerkinProj_Drift_Seed2_Second,SST,398,bdf2_level,Density,3.136275210561e+04,3.136275210560e+04,-2.994e-13,
RANS_SST_WD_0.01-20_ConsGalerkinProj_Drift_Seed2_Second,SST,398,bdf2_level,Momentum_x,3.119893562740e+03,3.119893562725e+03,-4.972e-12,
RANS_SST_WD_0.01-20_ConsGalerkinProj_Drift_Seed2_Second,SST,398,bdf2_level,Momentum_y,3.275980958813e+02,3.275980958864e+02,1.555e-11,
RANS_SST_WD_0.01-20_ConsGalerkinProj_Drift_Seed2_Second,SST,398,bdf2_level,Energy,5.616224493907e+04,5.616224493904e+04,-4.028e-13,
RANS_SST_WD_0.01-20_ConsGalerkinProj_Drift_Seed2_Second,SST,398,bdf2_level,Turb_Kin_Energy,1.765411035136e-03,1.765411058212e-03,1.307e-08,
RANS_SST_WD_0.01-20_ConsGalerkinProj_Drift_Seed2_Second,SST,398,bdf2_level,Omega,1.174434284987e+04,1.174434285038e+04,4.279e-11,
RANS_SST_WD_0.01-20_ConsGalerkinProj_Drift_Seed2_Second,SST,399,state,Density,3.136275210562e+04,3.136275210561e+04,-3.076e-13,1.973e-12
RANS_SST_WD_0.01-20_ConsGalerkinProj_Drift_Seed2_Second,SST,399,state,Momentum_x,3.119893562710e+03,3.119893562690e+03,-6.309e-12,-4.349e-11
RANS_SST_WD_0.01-20_ConsGalerkinProj_Drift_Seed2_Second,SST,399,state,Momentum_y,3.275980968316e+02,3.275980968362e+02,1.376e-11,1.895e-08
RANS_SST_WD_0.01-20_ConsGalerkinProj_Drift_Seed2_Second,SST,399,state,Energy,5.616224493910e+04,5.616224493908e+04,-4.069e-13,4.859e-12
RANS_SST_WD_0.01-20_ConsGalerkinProj_Drift_Seed2_Second,SST,399,state,Turb_Kin_Energy,1.765411116178e-03,1.765411140235e-03,1.363e-08,2.108e-06
RANS_SST_WD_0.01-20_ConsGalerkinProj_Drift_Seed2_Second,SST,399,state,Omega,1.174434285315e+04,1.174434285364e+04,4.229e-11,3.425e-08
RANS_SST_WD_0.01-20_NN_Drift_Second,SST,8,bdf2_level,Density,3.136275210391e+04,3.136275210436e+04,1.450e-11,
RANS_SST_WD_0.01-20_NN_Drift_Second,SST,8,bdf2_level,Momentum_x,3.119893596723e+03,3.119893598781e+03,6.596e-10,
RANS_SST_WD_0.01-20_NN_Drift_Second,SST,8,bdf2_level,Momentum_y,3.275980003774e+02,3.275980008912e+02,1.568e-09,
RANS_SST_WD_0.01-20_NN_Drift_Second,SST,8,bdf2_level,Energy,5.616224493386e+04,5.616224493371e+04,-2.598e-12,
RANS_SST_WD_0.01-20_NN_Drift_Second,SST,8,bdf2_level,Turb_Kin_Energy,1.765437529570e-03,1.765435663908e-03,-1.057e-06,
RANS_SST_WD_0.01-20_NN_Drift_Second,SST,8,bdf2_level,Omega,1.174433230647e+04,1.174433185782e+04,-3.820e-08,
RANS_SST_WD_0.01-20_NN_Drift_Second,SST,9,state,Density,3.136275210391e+04,3.136275210436e+04,1.450e-11,
RANS_SST_WD_0.01-20_NN_Drift_Second,SST,9,state,Momentum_x,3.119893596723e+03,3.119893598781e+03,6.596e-10,
RANS_SST_WD_0.01-20_NN_Drift_Second,SST,9,state,Momentum_y,3.275980003777e+02,3.275980008915e+02,1.568e-09,
RANS_SST_WD_0.01-20_NN_Drift_Second,SST,9,state,Energy,5.616224493386e+04,5.616224493371e+04,-2.598e-12,
RANS_SST_WD_0.01-20_NN_Drift_Second,SST,9,state,Turb_Kin_Energy,1.765437529562e-03,1.765435663900e-03,-1.057e-06,
RANS_SST_WD_0.01-20_NN_Drift_Second,SST,9,state,Omega,1.174433230647e+04,1.174433185782e+04,-3.820e-08,
RANS_SST_WD_0.01-20_NN_Drift_Second,SST,18,bdf2_level,Density,3.136275210436e+04,3.136275210333e+04,-3.288e-11,
RANS_SST_WD_0.01-20_NN_Drift_Second,SST,18,bdf2_level,Momentum_x,3.119893598232e+03,3.119893602504e+03,1.369e-09,
RANS_SST_WD_0.01-20_NN_Drift_Second,SST,18,bdf2_level,Momentum_y,3.275980014545e+02,3.275980068331e+02,1.642e-08,
RANS_SST_WD_0.01-20_NN_Drift_Second,SST,18,bdf2_level,Energy,5.616224493371e+04,5.616224493309e+04,-1.104e-11,
RANS_SST_WD_0.01-20_NN_Drift_Second,SST,18,bdf2_level,Turb_Kin_Energy,1.765434398244e-03,1.765434840088e-03,2.503e-07,
RANS_SST_WD_0.01-20_NN_Drift_Second,SST,18,bdf2_level,Omega,1.174433255902e+04,1.174433271430e+04,1.322e-08,
RANS_SST_WD_0.01-20_NN_Drift_Second,SST,19,state,Density,3.136275210436e+04,3.136275210334e+04,-3.261e-11,1.464e-11
RANS_SST_WD_0.01-20_NN_Drift_Second,SST,19,state,Momentum_x,3.119893598163e+03,3.119893602443e+03,1.372e-09,4.615e-10
RANS_SST_WD_0.01-20_NN_Drift_Second,SST,19,state,Momentum_y,3.275980014379e+02,3.275980067982e+02,1.636e-08,3.236e-09
RANS_SST_WD_0.01-20_NN_Drift_Second,SST,19,state,Energy,5.616224493371e+04,5.616224493312e+04,-1.066e-11,-2.583e-12
RANS_SST_WD_0.01-20_NN_Drift_Second,SST,19,state,Turb_Kin_Energy,1.765433968025e-03,1.765434386481e-03,2.370e-07,-2.017e-06
RANS_SST_WD_0.01-20_NN_Drift_Second,SST,19,state,Omega,1.174433258022e+04,1.174433272941e+04,1.270e-08,2.331e-08
RANS_SST_WD_0.01-20_NN_Drift_Second,SST,28,bdf2_level,Density,3.136275210335e+04,3.136275210369e+04,1.083e-11,
RANS_SST_WD_0.01-20_NN_Drift_Second,SST,28,bdf2_level,Momentum_x,3.119893601821e+03,3.119893597359e+03,-1.430e-09,
RANS_SST_WD_0.01-20_NN_Drift_Second,SST,28,bdf2_level,Momentum_y,3.275980029400e+02,3.275980031615e+02,6.760e-10,
RANS_SST_WD_0.01-20_NN_Drift_Second,SST,28,bdf2_level,Energy,5.616224493313e+04,5.616224493292e+04,-3.713e-12,
RANS_SST_WD_0.01-20_NN_Drift_Second,SST,28,bdf2_level,Turb_Kin_Energy,1.765431413986e-03,1.765433329402e-03,1.085e-06,
RANS_SST_WD_0.01-20_NN_Drift_Second,SST,28,bdf2_level,Omega,1.174433310400e+04,1.174433356083e+04,3.890e-08,
RANS_SST_WD_0.01-20_NN_Drift_Second,SST,29,state,Density,3.136275210335e+04,3.136275210372e+04,1.164e-11,-3.228e-11
RANS_SST_WD_0.01-20_NN_Drift_Second,SST,29,state,Momentum_x,3.119893601751e+03,3.119893597300e+03,-1.427e-09,1.150e-09
RANS_SST_WD_0.01-20_NN_Drift_Second,SST,29,state,Momentum_y,3.275980025953e+02,3.275980028082e+02,6.500e-10,3.533e-09
RANS_SST_WD_0.01-20_NN_Drift_Second,SST,29,state,Energy,5.616224493313e+04,5.616224493298e+04,-2.644e-12,-1.046e-11
RANS_SST_WD_0.01-20_NN_Drift_Second,SST,29,state,Turb_Kin_Energy,1.765431076601e-03,1.765433033494e-03,1.108e-06,-1.638e-06
RANS_SST_WD_0.01-20_NN_Drift_Second,SST,29,state,Omega,1.174433312047e+04,1.174433358587e+04,3.963e-08,4.600e-08
RANS_SST_WD_0.01-20_NN_Drift_Second,SST,38,bdf2_level,Density,3.136275210374e+04,3.136275210311e+04,-1.985e-11,
RANS_SST_WD_0.01-20_NN_Drift_Second,SST,38,bdf2_level,Momentum_x,3.119893596461e+03,3.119893591374e+03,-1.630e-09,
RANS_SST_WD_0.01-20_NN_Drift_Second,SST,38,bdf2_level,Momentum_y,3.275979996967e+02,3.275979999807e+02,8.671e-10,
RANS_SST_WD_0.01-20_NN_Drift_Second,SST,38,bdf2_level,Energy,5.616224493301e+04,5.616224493308e+04,1.215e-12,
RANS_SST_WD_0.01-20_NN_Drift_Second,SST,38,bdf2_level,Turb_Kin_Energy,1.765431506778e-03,1.765433746235e-03,1.269e-06,
RANS_SST_WD_0.01-20_NN_Drift_Second,SST,38,bdf2_level,Omega,1.174433391797e+04,1.174433434373e+04,3.625e-08,
RANS_SST_WD_0.01-20_NN_Drift_Second,SST,39,state,Density,3.136275210374e+04,3.136275210311e+04,-2.010e-11,1.224e-11
RANS_SST_WD_0.01-20_NN_Drift_Second,SST,39,state,Momentum_x,3.119893596357e+03,3.119893591236e+03,-1.641e-09,-1.729e-09
RANS_SST_WD_0.01-20_NN_Drift_Second,SST,39,state,Momentum_y,3.275979995117e+02,3.275979997870e+02,8.403e-10,-9.413e-09
RANS_SST_WD_0.01-20_NN_Drift_Second,SST,39,state,Energy,5.616224493301e+04,5.616224493306e+04,9.674e-13,-2.092e-12
RANS_SST_WD_0.01-20_NN_Drift_Second,SST,39,state,Turb_Kin_Energy,1.765431594993e-03,1.765433834440e-03,1.268e-06,2.936e-07
RANS_SST_WD_0.01-20_NN_Drift_Second,SST,39,state,Omega,1.174433398087e+04,1.174433440794e+04,3.636e-08,7.326e-08
RANS_SST_WD_0.01-20_NN_Drift_Second,SST,48,bdf2_level,Density,3.136275210311e+04,3.136275210258e+04,-1.670e-11,
RANS_SST_WD_0.01-20_NN_Drift_Second,SST,48,bdf2_level,Momentum_x,3.119893590297e+03,3.119893589527e+03,-2.470e-10,
RANS_SST_WD_0.01-20_NN_Drift_Second,SST,48,bdf2_level,Momentum_y,3.275979983926e+02,3.275979993684e+02,2.979e-09,
RANS_SST_WD_0.01-20_NN_Drift_Second,SST,48,bdf2_level,Energy,5.616224493306e+04,5.616224493079e+04,-4.034e-11,
RANS_SST_WD_0.01-20_NN_Drift_Second,SST,48,bdf2_level,Turb_Kin_Energy,1.765436086891e-03,1.765435520468e-03,-3.208e-07,
RANS_SST_WD_0.01-20_NN_Drift_Second,SST,48,bdf2_level,Omega,1.174433505374e+04,1.174433491136e+04,-1.212e-08,
RANS_SST_WD_0.01-20_NN_Drift_Second,SST,49,state,Density,3.136275210311e+04,3.136275210257e+04,-1.731e-11,-2.002e-11
RANS_SST_WD_0.01-20_NN_Drift_Second,SST,49,state,Momentum_x,3.119893590194e+03,3.119893589374e+03,-2.629e-10,-1.975e-09
RANS_SST_WD_0.01-20_NN_Drift_Second,SST,49,state,Momentum_y,3.275979981957e+02,3.275979991686e+02,2.970e-09,-4.017e-09
RANS_SST_WD_0.01-20_NN_Drift_Second,SST,49,state,Energy,5.616224493306e+04,5.616224493074e+04,-4.119e-11,8.313e-13
RANS_SST_WD_0.01-20_NN_Drift_Second,SST,49,state,Turb_Kin_Energy,1.765436260249e-03,1.765435713599e-03,-3.096e-07,2.643e-06
RANS_SST_WD_0.01-20_NN_Drift_Second,SST,49,state,Omega,1.174433512254e+04,1.174433498466e+04,-1.174e-08,9.721e-08
RANS_SST_WD_0.01-20_NN_Drift_Second,SST,58,bdf2_level,Density,3.136275210256e+04,3.136275210393e+04,4.352e-11,
RANS_SST_WD_0.01-20_NN_Drift_Second,SST,58,bdf2_level,Momentum_x,3.119893588231e+03,3.119893593042e+03,1.542e-09,
RANS_SST_WD_0.01-20_NN_Drift_Second,SST,58,bdf2_level,Momentum_y,3.275980005779e+02,3.275980001511e+02,-1.303e-09,
RANS_SST_WD_0.01-20_NN_Drift_Second,SST,58,bdf2_level,Energy,5.616224493072e+04,5.616224493404e+04,5.918e-11,
RANS_SST_WD_0.01-20_NN_Drift_Second,SST,58,bdf2_level,Turb_Kin_Energy,1.765435995588e-03,1.765435402676e-03,-3.358e-07,
RANS_SST_WD_0.01-20_NN_Drift_Second,SST,58,bdf2_level,Omega,1.174433545107e+04,1.174433519529e+04,-2.178e-08,
RANS_SST_WD_0.01-20_NN_Drift_Second,SST,59,state,Density,3.136275210256e+04,3.136275210388e+04,4.193e-11,-1.744e-11
RANS_SST_WD_0.01-20_NN_Drift_Second,SST,59,state,Momentum_x,3.119893588088e+03,3.119893592871e+03,1.533e-09,-6.750e-10
RANS_SST_WD_0.01-20_NN_Drift_Second,SST,59,state,Momentum_y,3.275980010760e+02,3.275980006133e+02,-1.412e-09,8.792e-09
RANS_SST_WD_0.01-20_NN_Drift_Second,SST,59,state,Energy,5.616224493072e+04,5.616224493391e+04,5.686e-11,-4.165e-11
RANS_SST_WD_0.01-20_NN_Drift_Second,SST,59,state,Turb_Kin_Energy,1.765435983239e-03,1.765435374468e-03,-3.448e-07,-1.569e-07
RANS_SST_WD_0.01-20_NN_Drift_Second,SST,59,state,Omega,1.174433549272e+04,1.174433523413e+04,-2.202e-08,3.152e-08
RANS_SST_WD_0.01-20_NN_Drift_Second,SST,68,bdf2_level,Density,3.136275210386e+04,3.136275210311e+04,-2.392e-11,
RANS_SST_WD_0.01-20_NN_Drift_Second,SST,68,bdf2_level,Momentum_x,3.119893591795e+03,3.119893588063e+03,-1.196e-09,
RANS_SST_WD_0.01-20_NN_Drift_Second,SST,68,bdf2_level,Momentum_y,3.275979988982e+02,3.275979988758e+02,-6.815e-11,
RANS_SST_WD_0.01-20_NN_Drift_Second,SST,68,bdf2_level,Energy,5.616224493385e+04,5.616224493286e+04,-1.762e-11,
RANS_SST_WD_0.01-20_NN_Drift_Second,SST,68,bdf2_level,Turb_Kin_Energy,1.765434841383e-03,1.765434368896e-03,-2.676e-07,
RANS_SST_WD_0.01-20_NN_Drift_Second,SST,68,bdf2_level,Omega,1.174433545780e+04,1.174433530092e+04,-1.336e-08,
RANS_SST_WD_0.01-20_NN_Drift_Second,SST,69,state,Density,3.136275210386e+04,3.136275210309e+04,-2.438e-11,4.138e-11
RANS_SST_WD_0.01-20_NN_Drift_Second,SST,69,state,Momentum_x,3.119893591720e+03,3.119893587992e+03,-1.195e-09,1.164e-09
RANS_SST_WD_0.01-20_NN_Drift_Second,SST,69,state,Momentum_y,3.275979978816e+02,3.275979978469e+02,-1.059e-10,-9.751e-09
RANS_SST_WD_0.01-20_NN_Drift_Second,SST,69,state,Energy,5.616224493385e+04,5.616224493282e+04,-1.834e-11,5.574e-11
RANS_SST_WD_0.01-20_NN_Drift_Second,SST,69,state,Turb_Kin_Energy,1.765434630083e-03,1.765434135488e-03,-2.802e-07,-7.665e-07
RANS_SST_WD_0.01-20_NN_Drift_Second,SST,69,state,Omega,1.174433545342e+04,1.174433529172e+04,-1.377e-08,-3.347e-09
RANS_SST_WD_0.01-20_NN_Drift_Second,SST,78,bdf2_level,Density,3.136275210309e+04,3.136275210243e+04,-2.120e-11,
RANS_SST_WD_0.01-20_NN_Drift_Second,SST,78,bdf2_level,Momentum_x,3.119893587355e+03,3.119893591802e+03,1.426e-09,
RANS_SST_WD_0.01-20_NN_Drift_Second,SST,78,bdf2_level,Momentum_y,3.275979992540e+02,3.275979964904e+02,-8.436e-09,
RANS_SST_WD_0.01-20_NN_Drift_Second,SST,78,bdf2_level,Energy,5.616224493280e+04,5.616224493070e+04,-3.738e-11,
RANS_SST_WD_0.01-20_NN_Drift_Second,SST,78,bdf2_level,Turb_Kin_Energy,1.765432157124e-03,1.765432515010e-03,2.027e-07,
RANS_SST_WD_0.01-20_NN_Drift_Second,SST,78,bdf2_level,Omega,1.174433538045e+04,1.174433550750e+04,1.082e-08,
RANS_SST_WD_0.01-20_NN_Drift_Second,SST,79,state,Density,3.136275210310e+04,3.136275210240e+04,-2.213e-11,-2.436e-11
RANS_SST_WD_0.01-20_NN_Drift_Second,SST,79,state,Momentum_x,3.119893587250e+03,3.119893591692e+03,1.424e-09,-1.433e-09
RANS_SST_WD_0.01-20_NN_Drift_Second,SST,79,state,Momentum_y,3.275979997101e+02,3.275979969408e+02,-8.453e-09,5.581e-09
RANS_SST_WD_0.01-20_NN_Drift_Second,SST,79,state,Energy,5.616224493280e+04,5.616224493063e+04,-3.867e-11,-1.869e-11
RANS_SST_WD_0.01-20_NN_Drift_Second,SST,79,state,Turb_Kin_Energy,1.765431963235e-03,1.765432310684e-03,1.968e-07,-1.511e-06
RANS_SST_WD_0.01-20_NN_Drift_Second,SST,79,state,Omega,1.174433542219e+04,1.174433554674e+04,1.061e-08,-2.659e-09
RANS_SST_WD_0.01-20_NN_Drift_Second,SST,88,bdf2_level,Density,3.136275210239e+04,3.136275210173e+04,-2.128e-11,
RANS_SST_WD_0.01-20_NN_Drift_Second,SST,88,bdf2_level,Momentum_x,3.119893590791e+03,3.119893589122e+03,-5.348e-10,
RANS_SST_WD_0.01-20_NN_Drift_Second,SST,88,bdf2_level,Momentum_y,3.275979913045e+02,3.275979954204e+02,1.256e-08,
RANS_SST_WD_0.01-20_NN_Drift_Second,SST,88,bdf2_level,Energy,5.616224493059e+04,5.616224492963e+04,-1.705e-11,
RANS_SST_WD_0.01-20_NN_Drift_Second,SST,88,bdf2_level,Turb_Kin_Energy,1.765432412123e-03,1.765432842770e-03,2.439e-07,
RANS_SST_WD_0.01-20_NN_Drift_Second,SST,88,bdf2_level,Omega,1.174433598423e+04,1.174433609909e+04,9.780e-09,
RANS_SST_WD_0.01-20_NN_Drift_Second,SST,89,state,Density,3.136275210239e+04,3.136275210173e+04,-2.126e-11,-2.233e-11
RANS_SST_WD_0.01-20_NN_Drift_Second,SST,89,state,Momentum_x,3.119893590695e+03,3.119893589010e+03,-5.402e-10,1.104e-09
RANS_SST_WD_0.01-20_NN_Drift_Second,SST,89,state,Momentum_y,3.275979909500e+02,3.275979950571e+02,1.254e-08,-2.674e-08
RANS_SST_WD_0.01-20_NN_Drift_Second,SST,89,state,Energy,5.616224493059e+04,5.616224492964e+04,-1.697e-11,-3.930e-11
RANS_SST_WD_0.01-20_NN_Drift_Second,SST,89,state,Turb_Kin_Energy,1.765432646948e-03,1.765433073677e-03,2.417e-07,3.873e-07
RANS_SST_WD_0.01-20_NN_Drift_Second,SST,89,state,Omega,1.174433605311e+04,1.174433616754e+04,9.744e-09,5.372e-08
RANS_SST_WD_0.01-20_NN_Drift_Second,SST,98,bdf2_level,Density,3.136275210174e+04,3.136275210073e+04,-3.218e-11,
RANS_SST_WD_0.01-20_NN_Drift_Second,SST,98,bdf2_level,Momentum_x,3.119893588136e+03,3.119893582168e+03,-1.913e-09,
RANS_SST_WD_0.01-20_NN_Drift_Second,SST,98,bdf2_level,Momentum_y,3.275979979220e+02,3.275980016312e+02,1.132e-08,
RANS_SST_WD_0.01-20_NN_Drift_Second,SST,98,bdf2_level,Energy,5.616224492964e+04,5.616224492814e+04,-2.679e-11,
RANS_SST_WD_0.01-20_NN_Drift_Second,SST,98,bdf2_level,Turb_Kin_Energy,1.765429133206e-03,1.765431259211e-03,1.204e-06,
RANS_SST_WD_0.01-20_NN_Drift_Second,SST,98,bdf2_level,Omega,1.174433582713e+04,1.174433616778e+04,2.901e-08,
RANS_SST_WD_0.01-20_NN_Drift_Second,SST,99,state,Density,3.136275210174e+04,3.136275210077e+04,-3.090e-11,-2.097e-11
RANS_SST_WD_0.01-20_NN_Drift_Second,SST,99,state,Momentum_x,3.119893588042e+03,3.119893582126e+03,-1.896e-09,-8.503e-10
RANS_SST_WD_0.01-20_NN_Drift_Second,SST,99,state,Momentum_y,3.275979979144e+02,3.275980016115e+02,1.129e-08,2.126e-08
RANS_SST_WD_0.01-20_NN_Drift_Second,SST,99,state,Energy,5.616224492964e+04,5.616224492823e+04,-2.509e-11,-1.693e-11
RANS_SST_WD_0.01-20_NN_Drift_Second,SST,99,state,Turb_Kin_Energy,1.765428653366e-03,1.765430723149e-03,1.172e-06,-2.262e-06
RANS_SST_WD_0.01-20_NN_Drift_Second,SST,99,state,Omega,1.174433580727e+04,1.174433613633e+04,2.802e-08,-2.093e-08
RANS_SST_WD_0.01-20_NN_Drift_Second,SST,108,bdf2_level,Density,3.136275210080e+04,3.136275210109e+04,9.399e-12,
RANS_SST_WD_0.01-20_NN_Drift_Second,SST,108,bdf2_level,Momentum_x,3.119893581069e+03,3.119893580026e+03,-3.343e-10,
RANS_SST_WD_0.01-20_NN_Drift_Second,SST,108,bdf2_level,Momentum_y,3.275980039506e+02,3.275980037564e+02,-5.929e-10,
RANS_SST_WD_0.01-20_NN_Drift_Second,SST,108,bdf2_level,Energy,5.616224492828e+04,5.616224492774e+04,-9.666e-12,
RANS_SST_WD_0.01-20_NN_Drift_Second,SST,108,bdf2_level,Turb_Kin_Energy,1.765429799354e-03,1.765429619408e-03,-1.019e-07,
RANS_SST_WD_0.01-20_NN_Drift_Second,SST,108,bdf2_level,Omega,1.174433632533e+04,1.174433637334e+04,4.088e-09,
RANS_SST_WD_0.01-20_NN_Drift_Second,SST,109,state,Density,3.136275210080e+04,3.136275210109e+04,9.314e-12,-2.996e-11
RANS_SST_WD_0.01-20_NN_Drift_Second,SST,109,state,Momentum_x,3.119893580913e+03,3.119893579836e+03,-3.452e-10,-2.285e-09
RANS_SST_WD_0.01-20_NN_Drift_Second,SST,109,state,Momentum_y,3.275980041770e+02,3.275980039725e+02,-6.243e-10,1.912e-08
RANS_SST_WD_0.01-20_NN_Drift_Second,SST,109,state,Energy,5.616224492828e+04,5.616224492774e+04,-9.550e-12,-2.424e-11
RANS_SST_WD_0.01-20_NN_Drift_Second,SST,109,state,Turb_Kin_Energy,1.765429902042e-03,1.765429735549e-03,-9.431e-08,7.073e-07
RANS_SST_WD_0.01-20_NN_Drift_Second,SST,109,state,Omega,1.174433637670e+04,1.174433642921e+04,4.471e-09,4.849e-08
RANS_SST_WD_0.01-20_NN_Drift_Second,SST,118,bdf2_level,Density,3.136275210109e+04,3.136275210108e+04,-3.846e-13,
RANS_SST_WD_0.01-20_NN_Drift_Second,SST,118,bdf2_level,Momentum_x,3.119893578623e+03,3.119893575117e+03,-1.124e-09,
RANS_SST_WD_0.01-20_NN_Drift_Second,SST,118,bdf2_level,Momentum_y,3.275980081007e+02,3.275980066745e+02,-4.354e-09,
RANS_SST_WD_0.01-20_NN_Drift_Second,SST,118,bdf2_level,Energy,5.616224492774e+04,5.616224492665e+04,-1.956e-11,
RANS_SST_WD_0.01-20_NN_Drift_Second,SST,118,bdf2_level,Turb_Kin_Energy,1.765429324317e-03,1.765429731299e-03,2.305e-07,
RANS_SST_WD_0.01-20_NN_Drift_Second,SST,118,bdf2_level,Omega,1.174433651882e+04,1.174433669807e+04,1.526e-08,
RANS_SST_WD_0.01-20_NN_Drift_Second,SST,119,state,Density,3.136275210110e+04,3.136275210111e+04,3.496e-13,9.509e-12
RANS_SST_WD_0.01-20_NN_Drift_Second,SST,119,state,Momentum_x,3.119893578507e+03,3.119893574993e+03,-1.127e-09,-7.710e-10
RANS_SST_WD_0.01-20_NN_Drift_Second,SST,119,state,Momentum_y,3.275980085970e+02,3.275980071796e+02,-4.327e-09,1.349e-08
RANS_SST_WD_0.01-20_NN_Drift_Second,SST,119,state,Energy,5.616224492774e+04,5.616224492670e+04,-1.859e-11,-9.528e-12
RANS_SST_WD_0.01-20_NN_Drift_Second,SST,119,state,Turb_Kin_Energy,1.765429235006e-03,1.765429614457e-03,2.149e-07,-3.778e-07
RANS_SST_WD_0.01-20_NN_Drift_Second,SST,119,state,Omega,1.174433655392e+04,1.174433672951e+04,1.495e-08,1.509e-08
RANS_SST_WD_0.01-20_NN_Drift_Second,SST,128,bdf2_level,Density,3.136275210113e+04,3.136275210067e+04,-1.464e-11,
RANS_SST_WD_0.01-20_NN_Drift_Second,SST,128,bdf2_level,Momentum_x,3.119893573925e+03,3.119893574286e+03,1.155e-10,
RANS_SST_WD_0.01-20_NN_Drift_Second,SST,128,bdf2_level,Momentum_y,3.275980048278e+02,3.275980052758e+02,1.368e-09,
RANS_SST_WD_0.01-20_NN_Drift_Second,SST,128,bdf2_level,Energy,5.616224492673e+04,5.616224492650e+04,-4.125e-12,
RANS_SST_WD_0.01-20_NN_Drift_Second,SST,128,bdf2_level,Turb_Kin_Energy,1.765425553438e-03,1.765426600131e-03,5.929e-07,
RANS_SST_WD_0.01-20_NN_Drift_Second,SST,128,bdf2_level,Omega,1.174433666140e+04,1.174433694491e+04,2.414e-08,
RANS_SST_WD_0.01-20_NN_Drift_Second,SST,129,state,Density,3.136275210113e+04,3.136275210068e+04,-1.418e-11,1.024e-12
RANS_SST_WD_0.01-20_NN_Drift_Second,SST,129,state,Momentum_x,3.119893573825e+03,3.119893574159e+03,1.072e-10,-1.501e-09
RANS_SST_WD_0.01-20_NN_Drift_Second,SST,129,state,Momentum_y,3.275980044783e+02,3.275980049352e+02,1.395e-09,-1.257e-08
RANS_SST_WD_0.01-20_NN_Drift_Second,SST,129,state,Energy,5.616224492673e+04,5.616224492653e+04,-3.536e-12,-1.803e-11
RANS_SST_WD_0.01-20_NN_Drift_Second,SST,129,state,Turb_Kin_Energy,1.765425112354e-03,1.765426159214e-03,5.930e-07,-2.335e-06
RANS_SST_WD_0.01-20_NN_Drift_Second,SST,129,state,Omega,1.174433666661e+04,1.174433695212e+04,2.431e-08,9.595e-09
RANS_SST_WD_0.01-20_NN_Drift_Second,SST,138,bdf2_level,Density,3.136275210071e+04,3.136275210112e+04,1.315e-11,
RANS_SST_WD_0.01-20_NN_Drift_Second,SST,138,bdf2_level,Momentum_x,3.119893573300e+03,3.119893571918e+03,-4.427e-10,
RANS_SST_WD_0.01-20_NN_Drift_Second,SST,138,bdf2_level,Momentum_y,3.275980030805e+02,3.275980012112e+02,-5.706e-09,
RANS_SST_WD_0.01-20_NN_Drift_Second,SST,138,bdf2_level,Energy,5.616224492657e+04,5.616224492743e+04,1.521e-11,
RANS_SST_WD_0.01-20_NN_Drift_Second,SST,138,bdf2_level,Turb_Kin_Energy,1.765424817359e-03,1.765423444241e-03,-7.778e-07,
RANS_SST_WD_0.01-20_NN_Drift_Second,SST,138,bdf2_level,Omega,1.174433688140e+04,1.174433632759e+04,-4.715e-08,
RANS_SST_WD_0.01-20_NN_Drift_Second,SST,139,state,Density,3.136275210071e+04,3.136275210109e+04,1.225e-11,-1.332e-11
RANS_SST_WD_0.01-20_NN_Drift_Second,SST,139,state,Momentum_x,3.119893573179e+03,3.119893571841e+03,-4.290e-10,-2.069e-10
RANS_SST_WD_0.01-20_NN_Drift_Second,SST,139,state,Momentum_y,3.275980030596e+02,3.275980011787e+02,-5.742e-09,-4.330e-09
RANS_SST_WD_0.01-20_NN_Drift_Second,SST,139,state,Energy,5.616224492658e+04,5.616224492736e+04,1.397e-11,-2.711e-12
RANS_SST_WD_0.01-20_NN_Drift_Second,SST,139,state,Turb_Kin_Energy,1.765424501700e-03,1.765423093784e-03,-7.975e-07,-3.459e-07
RANS_SST_WD_0.01-20_NN_Drift_Second,SST,139,state,Omega,1.174433692434e+04,1.174433636357e+04,-4.775e-08,2.194e-08
RANS_SST_WD_0.01-20_NN_Drift_Second,SST,148,bdf2_level,Density,3.136275210111e+04,3.136275210067e+04,-1.403e-11,
RANS_SST_WD_0.01-20_NN_Drift_Second,SST,148,bdf2_level,Momentum_x,3.119893570810e+03,3.119893567087e+03,-1.193e-09,
RANS_SST_WD_0.01-20_NN_Drift_Second,SST,148,bdf2_level,Momentum_y,3.275980030244e+02,3.275980015197e+02,-4.593e-09,
RANS_SST_WD_0.01-20_NN_Drift_Second,SST,148,bdf2_level,Energy,5.616224492740e+04,5.616224492700e+04,-7.159e-12,
RANS_SST_WD_0.01-20_NN_Drift_Second,SST,148,bdf2_level,Turb_Kin_Energy,1.765422363344e-03,1.765424286367e-03,1.089e-06,
RANS_SST_WD_0.01-20_NN_Drift_Second,SST,148,bdf2_level,Omega,1.174433691391e+04,1.174433748056e+04,4.825e-08,
RANS_SST_WD_0.01-20_NN_Drift_Second,SST,149,state,Density,3.136275210112e+04,3.136275210066e+04,-1.461e-11,1.303e-11
RANS_SST_WD_0.01-20_NN_Drift_Second,SST,149,state,Momentum_x,3.119893570680e+03,3.119893566935e+03,-1.200e-09,-8.011e-10
RANS_SST_WD_0.01-20_NN_Drift_Second,SST,149,state,Momentum_y,3.275980026407e+02,3.275980011508e+02,-4.548e-09,-1.279e-09
RANS_SST_WD_0.01-20_NN_Drift_Second,SST,149,state,Energy,5.616224492741e+04,5.616224492695e+04,-8.140e-12,1.477e-11
RANS_SST_WD_0.01-20_NN_Drift_Second,SST,149,state,Turb_Kin_Energy,1.765422457332e-03,1.765424406955e-03,1.104e-06,-1.158e-06
RANS_SST_WD_0.01-20_NN_Drift_Second,SST,149,state,Omega,1.174433692955e+04,1.174433750408e+04,4.892e-08,4.430e-10
RANS_SST_WD_0.01-20_NN_Drift_Second,SST,158,bdf2_level,Density,3.136275210069e+04,3.136275210073e+04,1.087e-12,
RANS_SST_WD_0.01-20_NN_Drift_Second,SST,158,bdf2_level,Momentum_x,3.119893565819e+03,3.119893562687e+03,-1.004e-09,
RANS_SST_WD_0.01-20_NN_Drift_Second,SST,158,bdf2_level,Momentum_y,3.275980029840e+02,3.275980010339e+02,-5.953e-09,
RANS_SST_WD_0.01-20_NN_Drift_Second,SST,158,bdf2_level,Energy,5.616224492701e+04,5.616224492690e+04,-1.962e-12,
RANS_SST_WD_0.01-20_NN_Drift_Second,SST,158,bdf2_level,Turb_Kin_Energy,1.765423639782e-03,1.765423823886e-03,1.043e-07,
RANS_SST_WD_0.01-20_NN_Drift_Second,SST,158,bdf2_level,Omega,1.174433739426e+04,1.174433730641e+04,-7.481e-09,
RANS_SST_WD_0.01-20_NN_Drift_Second,SST,159,state,Density,3.136275210070e+04,3.136275210076e+04,2.203e-12,-1.350e-11
RANS_SST_WD_0.01-20_NN_Drift_Second,SST,159,state,Momentum_x,3.119893565702e+03,3.119893562561e+03,-1.007e-09,-1.595e-09
RANS_SST_WD_0.01-20_NN_Drift_Second,SST,159,state,Momentum_y,3.275980033604e+02,3.275980014301e+02,-5.892e-09,2.197e-09
RANS_SST_WD_0.01-20_NN_Drift_Second,SST,159,state,Energy,5.616224492701e+04,5.616224492699e+04,-3.421e-13,-7.026e-12
RANS_SST_WD_0.01-20_NN_Drift_Second,SST,159,state,Turb_Kin_Energy,1.765423456766e-03,1.765423613325e-03,8.868e-08,5.661e-07
RANS_SST_WD_0.01-20_NN_Drift_Second,SST,159,state,Omega,1.174433745587e+04,1.174433736263e+04,-7.939e-09,4.481e-08
RANS_SST_WD_0.01-20_NN_Drift_Second,SST,168,bdf2_level,Density,3.136275210079e+04,3.136275209871e+04,-6.627e-11,
RANS_SST_WD_0.01-20_NN_Drift_Second,SST,168,bdf2_level,Momentum_x,3.119893561496e+03,3.119893552579e+03,-2.858e-09,
RANS_SST_WD_0.01-20_NN_Drift_Second,SST,168,bdf2_level,Momentum_y,3.275980043596e+02,3.275980058758e+02,4.628e-09,
RANS_SST_WD_0.01-20_NN_Drift_Second,SST,168,bdf2_level,Energy,5.616224492703e+04,5.616224492431e+04,-4.833e-11,
RANS_SST_WD_0.01-20_NN_Drift_Second,SST,168,bdf2_level,Turb_Kin_Energy,1.765421527088e-03,1.765423580577e-03,1.163e-06,
RANS_SST_WD_0.01-20_NN_Drift_Second,SST,168,bdf2_level,Omega,1.174433718914e+04,1.174433774300e+04,4.716e-08,
RANS_SST_WD_0.01-20_NN_Drift_Second,SST,169,state,Density,3.136275210078e+04,3.136275209872e+04,-6.579e-11,2.749e-12
RANS_SST_WD_0.01-20_NN_Drift_Second,SST,169,state,Momentum_x,3.119893561402e+03,3.119893552497e+03,-2.854e-09,-1.378e-09
RANS_SST_WD_0.01-20_NN_Drift_Second,SST,169,state,Momentum_y,3.275980048232e+02,3.275980063326e+02,4.607e-09,4.465e-09
RANS_SST_WD_0.01-20_NN_Drift_Second,SST,169,state,Energy,5.616224492702e+04,5.616224492434e+04,-4.760e-11,2.980e-14
RANS_SST_WD_0.01-20_NN_Drift_Second,SST,169,state,Turb_Kin_Energy,1.765421357970e-03,1.765423376460e-03,1.143e-06,-1.189e-06
RANS_SST_WD_0.01-20_NN_Drift_Second,SST,169,state,Omega,1.174433720860e+04,1.174433775686e+04,4.668e-08,-2.105e-08
RANS_SST_WD_0.01-20_NN_Drift_Second,SST,178,bdf2_level,Density,3.136275209863e+04,3.136275209881e+04,5.873e-12,
RANS_SST_WD_0.01-20_NN_Drift_Second,SST,178,bdf2_level,Momentum_x,3.119893551526e+03,3.119893558546e+03,2.250e-09,
RANS_SST_WD_0.01-20_NN_Drift_Second,SST,178,bdf2_level,Momentum_y,3.275980076527e+02,3.275980095048e+02,5.653e-09,
RANS_SST_WD_0.01-20_NN_Drift_Second,SST,178,bdf2_level,Energy,5.616224492408e+04,5.616224492394e+04,-2.573e-12,
RANS_SST_WD_0.01-20_NN_Drift_Second,SST,178,bdf2_level,Turb_Kin_Energy,1.765424007803e-03,1.765424341586e-03,1.891e-07,
RANS_SST_WD_0.01-20_NN_Drift_Second,SST,178,bdf2_level,Omega,1.174433825833e+04,1.174433827969e+04,1.819e-09,
RANS_SST_WD_0.01-20_NN_Drift_Second,SST,179,state,Density,3.136275209861e+04,3.136275209879e+04,5.873e-12,-6.935e-11
RANS_SST_WD_0.01-20_NN_Drift_Second,SST,179,state,Momentum_x,3.119893551388e+03,3.119893558386e+03,2.243e-09,-3.210e-09
RANS_SST_WD_0.01-20_NN_Drift_Second,SST,179,state,Momentum_y,3.275980075844e+02,3.275980094403e+02,5.665e-09,8.429e-09
RANS_SST_WD_0.01-20_NN_Drift_Second,SST,179,state,Energy,5.616224492403e+04,5.616224492388e+04,-2.746e-12,-5.314e-11
RANS_SST_WD_0.01-20_NN_Drift_Second,SST,179,state,Turb_Kin_Energy,1.765424363209e-03,1.765424725721e-03,2.053e-07,1.702e-06
RANS_SST_WD_0.01-20_NN_Drift_Second,SST,179,state,Omega,1.174433833830e+04,1.174433836553e+04,2.319e-09,9.619e-08
RANS_SST_WD_0.01-20_NN_Drift_Second,SST,188,bdf2_level,Density,3.136275209854e+04,3.136275209718e+04,-4.345e-11,
RANS_SST_WD_0.01-20_NN_Drift_Second,SST,188,bdf2_level,Momentum_x,3.119893556993e+03,3.119893560862e+03,1.240e-09,
RANS_SST_WD_0.01-20_NN_Drift_Second,SST,188,bdf2_level,Momentum_y,3.275980088688e+02,3.275980116683e+02,8.545e-09,
RANS_SST_WD_0.01-20_NN_Drift_Second,SST,188,bdf2_level,Energy,5.616224492320e+04,5.616224492183e+04,-2.425e-11,
RANS_SST_WD_0.01-20_NN_Drift_Second,SST,188,bdf2_level,Turb_Kin_Energy,1.765424407727e-03,1.765423165627e-03,-7.036e-07,
RANS_SST_WD_0.01-20_NN_Drift_Second,SST,188,bdf2_level,Omega,1.174433864300e+04,1.174433848806e+04,-1.319e-08,
RANS_SST_WD_0.01-20_NN_Drift_Second,SST,189,state,Density,3.136275209850e+04,3.136275209714e+04,-4.344e-11,-3.322e-12
RANS_SST_WD_0.01-20_NN_Drift_Second,SST,189,state,Momentum_x,3.119893556842e+03,3.119893560744e+03,1.251e-09,1.748e-09
RANS_SST_WD_0.01-20_NN_Drift_Second,SST,189,state,Momentum_y,3.275980090014e+02,3.275980117988e+02,8.539e-09,4.325e-09
RANS_SST_WD_0.01-20_NN_Drift_Second,SST,189,state,Energy,5.616224492310e+04,5.616224492175e+04,-2.403e-11,-1.661e-11
RANS_SST_WD_0.01-20_NN_Drift_Second,SST,189,state,Turb_Kin_Energy,1.765424251095e-03,1.765423033213e-03,-6.899e-07,-6.351e-08
RANS_SST_WD_0.01-20_NN_Drift_Second,SST,189,state,Omega,1.174433869050e+04,1.174433854242e+04,-1.261e-08,2.999e-08
RANS_SST_WD_0.01-20_NN_Drift_Second,SST,198,bdf2_level,Density,3.136275209675e+04,3.136275209661e+04,-4.435e-12,
RANS_SST_WD_0.01-20_NN_Drift_Second,SST,198,bdf2_level,Momentum_x,3.119893559351e+03,3.119893562356e+03,9.634e-10,
RANS_SST_WD_0.01-20_NN_Drift_Second,SST,198,bdf2_level,Momentum_y,3.275980149541e+02,3.275980171962e+02,6.844e-09,
RANS_SST_WD_0.01-20_NN_Drift_Second,SST,198,bdf2_level,Energy,5.616224492073e+04,5.616224491967e+04,-1.893e-11,
RANS_SST_WD_0.01-20_NN_Drift_Second,SST,198,bdf2_level,Turb_Kin_Energy,1.765420603267e-03,1.765419261302e-03,-7.601e-07,
RANS_SST_WD_0.01-20_NN_Drift_Second,SST,198,bdf2_level,Omega,1.174433830108e+04,1.174433796981e+04,-2.821e-08,
RANS_SST_WD_0.01-20_NN_Drift_Second,SST,199,state,Density,3.136275209671e+04,3.136275209656e+04,-4.607e-12,-5.725e-11
RANS_SST_WD_0.01-20_NN_Drift_Second,SST,199,state,Momentum_x,3.119893559162e+03,3.119893562134e+03,9.525e-10,7.438e-10
RANS_SST_WD_0.01-20_NN_Drift_Second,SST,199,state,Momentum_y,3.275980154344e+02,3.275980176822e+02,6.862e-09,1.964e-08
RANS_SST_WD_0.01-20_NN_Drift_Second,SST,199,state,Energy,5.616224492060e+04,5.616224491951e+04,-1.941e-11,-4.442e-11
RANS_SST_WD_0.01-20_NN_Drift_Second,SST,199,state,Turb_Kin_Energy,1.765420375898e-03,1.765419041605e-03,-7.558e-07,-2.195e-06
RANS_SST_WD_0.01-20_NN_Drift_Second,SST,199,state,Omega,1.174433827952e+04,1.174433795117e+04,-2.796e-08,-3.499e-08
RANS_SST_WD_0.01-20_NN_Drift_Second,SST,208,bdf2_level,Density,3.136275209613e+04,3.136275209634e+04,6.581e-12,
RANS_SST_WD_0.01-20_NN_Drift_Second,SST,208,bdf2_level,Momentum_x,3.119893560078e+03,3.119893561886e+03,5.797e-10,
RANS_SST_WD_0.01-20_NN_Drift_Second,SST,208,bdf2_level,Momentum_y,3.275980187800e+02,3.275980179759e+02,-2.455e-09,
RANS_SST_WD_0.01-20_NN_Drift_Second,SST,208,bdf2_level,Energy,5.616224491837e+04,5.616224491808e+04,-5.194e-12,
RANS_SST_WD_0.01-20_NN_Drift_Second,SST,208,bdf2_level,Turb_Kin_Energy,1.765419781534e-03,1.765419999984e-03,1.237e-07,
RANS_SST_WD_0.01-20_NN_Drift_Second,SST,208,bdf2_level,Omega,1.174434060285e+04,1.174434049847e+04,-8.887e-09,
RANS_SST_WD_0.01-20_NN_Drift_Second,SST,209,state,Density,3.136275209609e+04,3.136275209632e+04,7.429e-12,-1.975e-11
RANS_SST_WD_0.01-20_NN_Drift_Second,SST,209,state,Momentum_x,3.119893559864e+03,3.119893561609e+03,5.594e-10,2.248e-10
RANS_SST_WD_0.01-20_NN_Drift_Second,SST,209,state,Momentum_y,3.275980190029e+02,3.275980181826e+02,-2.504e-09,1.089e-08
RANS_SST_WD_0.01-20_NN_Drift_Second,SST,209,state,Energy,5.616224491825e+04,5.616224491802e+04,-4.073e-12,-4.187e-11
RANS_SST_WD_0.01-20_NN_Drift_Second,SST,209,state,Turb_Kin_Energy,1.765419998326e-03,1.765420185295e-03,1.059e-07,-2.139e-07
RANS_SST_WD_0.01-20_NN_Drift_Second,SST,209,state,Omega,1.174434053998e+04,1.174434042701e+04,-9.619e-09,1.925e-07
RANS_SST_WD_0.01-20_NN_Drift_Second,SST,218,bdf2_level,Density,3.136275209601e+04,3.136275209432e+04,-5.373e-11,
RANS_SST_WD_0.01-20_NN_Drift_Second,SST,218,bdf2_level,Momentum_x,3.119893559960e+03,3.119893556138e+03,-1.225e-09,
RANS_SST_WD_0.01-20_NN_Drift_Second,SST,218,bdf2_level,Momentum_y,3.275980204594e+02,3.275980211321e+02,2.053e-09,
RANS_SST_WD_0.01-20_NN_Drift_Second,SST,218,bdf2_level,Energy,5.616224491720e+04,5.616224491499e+04,-3.923e-11,
RANS_SST_WD_0.01-20_NN_Drift_Second,SST,218,bdf2_level,Turb_Kin_Energy,1.765423659767e-03,1.765424561775e-03,5.109e-07,
RANS_SST_WD_0.01-20_NN_Drift_Second,SST,218,bdf2_level,Omega,1.174433898609e+04,1.174433921773e+04,1.972e-08,
RANS_SST_WD_0.01-20_NN_Drift_Second,SST,219,state,Density,3.136275209598e+04,3.136275209430e+04,-5.361e-11,-3.311e-12
RANS_SST_WD_0.01-20_NN_Drift_Second,SST,219,state,Momentum_x,3.119893559757e+03,3.119893555944e+03,-1.222e-09,-3.426e-11
RANS_SST_WD_0.01-20_NN_Drift_Second,SST,219,state,Momentum_y,3.275980206578e+02,3.275980213610e+02,2.147e-09,5.052e-09
RANS_SST_WD_0.01-20_NN_Drift_Second,SST,219,state,Energy,5.616224491713e+04,5.616224491494e+04,-3.896e-11,-1.996e-11
RANS_SST_WD_0.01-20_NN_Drift_Second,SST,219,state,Turb_Kin_Energy,1.765423432593e-03,1.765424335567e-03,5.115e-07,1.945e-06
RANS_SST_WD_0.01-20_NN_Drift_Second,SST,219,state,Omega,1.174433889015e+04,1.174433912095e+04,1.965e-08,-1.405e-07
RANS_SST_WD_0.01-20_NN_Drift_Second,SST,228,bdf2_level,Density,3.136275209423e+04,3.136275209422e+04,-2.496e-13,
RANS_SST_WD_0.01-20_NN_Drift_Second,SST,228,bdf2_level,Momentum_x,3.119893554366e+03,3.119893545964e+03,-2.693e-09,
RANS_SST_WD_0.01-20_NN_Drift_Second,SST,228,bdf2_level,Momentum_y,3.275980274107e+02,3.275980246048e+02,-8.565e-09,
RANS_SST_WD_0.01-20_NN_Drift_Second,SST,228,bdf2_level,Energy,5.616224491473e+04,5.616224491402e+04,-1.274e-11,
RANS_SST_WD_0.01-20_NN_Drift_Second,SST,228,bdf2_level,Turb_Kin_Energy,1.765417775880e-03,1.765419474351e-03,9.621e-07,
RANS_SST_WD_0.01-20_NN_Drift_Second,SST,228,bdf2_level,Omega,1.174433857349e+04,1.174433897494e+04,3.418e-08,
RANS_SST_WD_0.01-20_NN_Drift_Second,SST,229,state,Density,3.136275209424e+04,3.136275209424e+04,1.109e-13,-5.573e-11
RANS_SST_WD_0.01-20_NN_Drift_Second,SST,229,state,Momentum_x,3.119893554233e+03,3.119893545850e+03,-2.687e-09,-1.770e-09
RANS_SST_WD_0.01-20_NN_Drift_Second,SST,229,state,Momentum_y,3.275980275354e+02,3.275980247104e+02,-8.623e-09,2.099e-08
RANS_SST_WD_0.01-20_NN_Drift_Second,SST,229,state,Energy,5.616224491476e+04,5.616224491409e+04,-1.190e-11,-4.227e-11
RANS_SST_WD_0.01-20_NN_Drift_Second,SST,229,state,Turb_Kin_Energy,1.765416657164e-03,1.765418365356e-03,9.676e-07,-3.838e-06
RANS_SST_WD_0.01-20_NN_Drift_Second,SST,229,state,Omega,1.174433851172e+04,1.174433891639e+04,3.446e-08,-3.222e-08
RANS_SST_WD_0.01-20_NN_Drift_Second,SST,238,bdf2_level,Density,3.136275209450e+04,3.136275209391e+04,-1.902e-11,
RANS_SST_WD_0.01-20_NN_Drift_Second,SST,238,bdf2_level,Momentum_x,3.119893545046e+03,3.119893543326e+03,-5.513e-10,
RANS_SST_WD_0.01-20_NN_Drift_Second,SST,238,bdf2_level,Momentum_y,3.275980207429e+02,3.275980198489e+02,-2.729e-09,
RANS_SST_WD_0.01-20_NN_Drift_Second,SST,238,bdf2_level,Energy,5.616224491478e+04,5.616224491440e+04,-6.806e-12,
RANS_SST_WD_0.01-20_NN_Drift_Second,SST,238,bdf2_level,Turb_Kin_Energy,1.765416080146e-03,1.765416231248e-03,8.559e-08,
RANS_SST_WD_0.01-20_NN_Drift_Second,SST,238,bdf2_level,Omega,1.174433910196e+04,1.174433922722e+04,1.067e-08,
RANS_SST_WD_0.01-20_NN_Drift_Second,SST,239,state,Density,3.136275209455e+04,3.136275209395e+04,-1.915e-11,1.014e-11
RANS_SST_WD_0.01-20_NN_Drift_Second,SST,239,state,Momentum_x,3.119893544980e+03,3.119893543186e+03,-5.751e-10,-2.966e-09
RANS_SST_WD_0.01-20_NN_Drift_Second,SST,239,state,Momentum_y,3.275980210000e+02,3.275980201115e+02,-2.712e-09,-1.995e-08
RANS_SST_WD_0.01-20_NN_Drift_Second,SST,239,state,Energy,5.616224491490e+04,5.616224491450e+04,-7.158e-12,2.605e-12
RANS_SST_WD_0.01-20_NN_Drift_Second,SST,239,state,Turb_Kin_Energy,1.765416654636e-03,1.765416806486e-03,8.601e-08,-1.432e-09
RANS_SST_WD_0.01-20_NN_Drift_Second,SST,239,state,Omega,1.174433920204e+04,1.174433932865e+04,1.078e-08,5.878e-08
RANS_SST_WD_0.01-20_NN_Drift_Second,SST,248,bdf2_level,Density,3.136275209458e+04,3.136275209403e+04,-1.723e-11,
RANS_SST_WD_0.01-20_NN_Drift_Second,SST,248,bdf2_level,Momentum_x,3.119893542471e+03,3.119893539206e+03,-1.046e-09,
RANS_SST_WD_0.01-20_NN_Drift_Second,SST,248,bdf2_level,Momentum_y,3.275980241897e+02,3.275980237375e+02,-1.381e-09,
RANS_SST_WD_0.01-20_NN_Drift_Second,SST,248,bdf2_level,Energy,5.616224491609e+04,5.616224491564e+04,-8.026e-12,
RANS_SST_WD_0.01-20_NN_Drift_Second,SST,248,bdf2_level,Turb_Kin_Energy,1.765417897459e-03,1.765419602076e-03,9.656e-07,
RANS_SST_WD_0.01-20_NN_Drift_Second,SST,248,bdf2_level,Omega,1.174433944773e+04,1.174433970426e+04,2.184e-08,
RANS_SST_WD_0.01-20_NN_Drift_Second,SST,249,state,Density,3.136275209466e+04,3.136275209408e+04,-1.878e-11,3.547e-12
RANS_SST_WD_0.01-20_NN_Drift_Second,SST,249,state,Momentum_x,3.119893542384e+03,3.119893539047e+03,-1.069e-09,-8.322e-10
RANS_SST_WD_0.01-20_NN_Drift_Second,SST,249,state,Momentum_y,3.275980248049e+02,3.275980243942e+02,-1.254e-09,1.161e-08
RANS_SST_WD_0.01-20_NN_Drift_Second,SST,249,state,Energy,5.616224491632e+04,5.616224491576e+04,-1.002e-11,2.527e-11
RANS_SST_WD_0.01-20_NN_Drift_Second,SST,249,state,Turb_Kin_Energy,1.765417665305e-03,1.765419381456e-03,9.721e-07,5.725e-07
RANS_SST_WD_0.01-20_NN_Drift_Second,SST,249,state,Omega,1.174433942676e+04,1.174433968442e+04,2.194e-08,1.914e-08
RANS_SST_WD_0.01-20_NN_Drift_Second,SST,258,bdf2_level,Density,3.136275209502e+04,3.136275209496e+04,-1.973e-12,
RANS_SST_WD_0.01-20_NN_Drift_Second,SST,258,bdf2_level,Momentum_x,3.119893538641e+03,3.119893543154e+03,1.447e-09,
RANS_SST_WD_0.01-20_NN_Drift_Second,SST,258,bdf2_level,Momentum_y,3.275980293953e+02,3.275980299496e+02,1.692e-09,
RANS_SST_WD_0.01-20_NN_Drift_Second,SST,258,bdf2_level,Energy,5.616224491819e+04,5.616224491786e+04,-5.725e-12,
RANS_SST_WD_0.01-20_NN_Drift_Second,SST,258,bdf2_level,Turb_Kin_Energy,1.765417480039e-03,1.765415196933e-03,-1.293e-06,
RANS_SST_WD_0.01-20_NN_Drift_Second,SST,258,bdf2_level,Omega,1.174433947516e+04,1.174433900330e+04,-4.018e-08,
RANS_SST_WD_0.01-20_NN_Drift_Second,SST,259,state,Density,3.136275209515e+04,3.136275209509e+04,-1.791e-12,1.538e-11
RANS_SST_WD_0.01-20_NN_Drift_Second,SST,259,state,Momentum_x,3.119893538592e+03,3.119893543137e+03,1.457e-09,-1.215e-09
RANS_SST_WD_0.01-20_NN_Drift_Second,SST,259,state,Momentum_y,3.275980298887e+02,3.275980304733e+02,1.784e-09,1.552e-08
RANS_SST_WD_0.01-20_NN_Drift_Second,SST,259,state,Energy,5.616224491851e+04,5.616224491821e+04,-5.316e-12,3.887e-11
RANS_SST_WD_0.01-20_NN_Drift_Second,SST,259,state,Turb_Kin_Energy,1.765416891993e-03,1.765414603890e-03,-1.296e-06,-4.380e-07
RANS_SST_WD_0.01-20_NN_Drift_Second,SST,259,state,Omega,1.174433941518e+04,1.174433894543e+04,-4.000e-08,-9.865e-10
RANS_SST_WD_0.01-20_NN_Drift_Second,SST,268,bdf2_level,Density,3.136275209636e+04,3.136275209551e+04,-2.727e-11,
RANS_SST_WD_0.01-20_NN_Drift_Second,SST,268,bdf2_level,Momentum_x,3.119893542489e+03,3.119893536530e+03,-1.910e-09,
RANS_SST_WD_0.01-20_NN_Drift_Second,SST,268,bdf2_level,Momentum_y,3.275980333924e+02,3.275980326368e+02,-2.306e-09,
RANS_SST_WD_0.01-20_NN_Drift_Second,SST,268,bdf2_level,Energy,5.616224492146e+04,5.616224491968e+04,-3.173e-11,
RANS_SST_WD_0.01-20_NN_Drift_Second,SST,268,bdf2_level,Turb_Kin_Energy,1.765410176827e-03,1.765412556061e-03,1.348e-06,
RANS_SST_WD_0.01-20_NN_Drift_Second,SST,268,bdf2_level,Omega,1.174433892148e+04,1.174433949257e+04,4.863e-08,
RANS_SST_WD_0.01-20_NN_Drift_Second,SST,269,state,Density,3.136275209652e+04,3.136275209569e+04,-2.641e-11,4.376e-11
RANS_SST_WD_0.01-20_NN_Drift_Second,SST,269,state,Momentum_x,3.119893542416e+03,3.119893536522e+03,-1.889e-09,1.226e-09
RANS_SST_WD_0.01-20_NN_Drift_Second,SST,269,state,Momentum_y,3.275980329806e+02,3.275980322105e+02,-2.351e-09,9.438e-09
RANS_SST_WD_0.01-20_NN_Drift_Second,SST,269,state,Energy,5.616224492185e+04,5.616224492014e+04,-3.044e-11,5.962e-11
RANS_SST_WD_0.01-20_NN_Drift_Second,SST,269,state,Turb_Kin_Energy,1.765409871692e-03,1.765412205380e-03,1.322e-06,-3.977e-06
RANS_SST_WD_0.01-20_NN_Drift_Second,SST,269,state,Omega,1.174433894308e+04,1.174433950473e+04,4.782e-08,-4.020e-08
RANS_SST_WD_0.01-20_NN_Drift_Second,SST,278,bdf2_level,Density,3.136275209722e+04,3.136275209768e+04,1.482e-11,
RANS_SST_WD_0.01-20_NN_Drift_Second,SST,278,bdf2_level,Momentum_x,3.119893536206e+03,3.119893537045e+03,2.689e-10,
RANS_SST_WD_0.01-20_NN_Drift_Second,SST,278,bdf2_level,Momentum_y,3.275980309974e+02,3.275980321367e+02,3.478e-09,
RANS_SST_WD_0.01-20_NN_Drift_Second,SST,278,bdf2_level,Energy,5.616224492403e+04,5.616224492498e+04,1.688e-11,
RANS_SST_WD_0.01-20_NN_Drift_Second,SST,278,bdf2_level,Turb_Kin_Energy,1.765411069419e-03,1.765409879650e-03,-6.739e-07,
RANS_SST_WD_0.01-20_NN_Drift_Second,SST,278,bdf2_level,Omega,1.174433926242e+04,1.174433902379e+04,-2.032e-08,
RANS_SST_WD_0.01-20_NN_Drift_Second,SST,279,state,Density,3.136275209740e+04,3.136275209790e+04,1.595e-11,2.799e-11
RANS_SST_WD_0.01-20_NN_Drift_Second,SST,279,state,Momentum_x,3.119893536175e+03,3.119893537042e+03,2.779e-10,-2.000e-09
RANS_SST_WD_0.01-20_NN_Drift_Second,SST,279,state,Momentum_y,3.275980311840e+02,3.275980323160e+02,3.455e-09,-5.484e-09
RANS_SST_WD_0.01-20_NN_Drift_Second,SST,279,state,Energy,5.616224492449e+04,5.616224492551e+04,1.828e-11,4.688e-11
RANS_SST_WD_0.01-20_NN_Drift_Second,SST,279,state,Turb_Kin_Energy,1.765410851358e-03,1.765409626601e-03,-6.938e-07,5.549e-07
RANS_SST_WD_0.01-20_NN_Drift_Second,SST,279,state,Omega,1.174433924329e+04,1.174433900027e+04,-2.069e-08,2.556e-08
RANS_SST_WD_0.01-20_NN_Drift_Second,SST,288,bdf2_level,Density,3.136275209961e+04,3.136275209883e+04,-2.486e-11,
RANS_SST_WD_0.01-20_NN_Drift_Second,SST,288,bdf2_level,Momentum_x,3.119893536888e+03,3.119893531848e+03,-1.615e-09,
RANS_SST_WD_0.01-20_NN_Drift_Second,SST,288,bdf2_level,Momentum_y,3.275980365824e+02,3.275980378239e+02,3.789e-09,
RANS_SST_WD_0.01-20_NN_Drift_Second,SST,288,bdf2_level,Energy,5.616224492988e+04,5.616224492897e+04,-1.622e-11,
RANS_SST_WD_0.01-20_NN_Drift_Second,SST,288,bdf2_level,Turb_Kin_Energy,1.765408693394e-03,1.765408942185e-03,1.409e-07,
RANS_SST_WD_0.01-20_NN_Drift_Second,SST,288,bdf2_level,Omega,1.174433921775e+04,1.174433936134e+04,1.223e-08,
RANS_SST_WD_0.01-20_NN_Drift_Second,SST,289,state,Density,3.136275209981e+04,3.136275209902e+04,-2.515e-11,7.694e-11
RANS_SST_WD_0.01-20_NN_Drift_Second,SST,289,state,Momentum_x,3.119893536864e+03,3.119893531820e+03,-1.617e-09,2.209e-10
RANS_SST_WD_0.01-20_NN_Drift_Second,SST,289,state,Momentum_y,3.275980369877e+02,3.275980382546e+02,3.867e-09,1.772e-08
RANS_SST_WD_0.01-20_NN_Drift_Second,SST,289,state,Energy,5.616224493038e+04,5.616224492944e+04,-1.674e-11,1.049e-10
RANS_SST_WD_0.01-20_NN_Drift_Second,SST,289,state,Turb_Kin_Energy,1.765408795778e-03,1.765408995770e-03,1.133e-07,-1.164e-06
RANS_SST_WD_0.01-20_NN_Drift_Second,SST,289,state,Omega,1.174433926872e+04,1.174433940211e+04,1.136e-08,2.165e-09
RANS_SST_WD_0.01-20_NN_Drift_Second,SST,298,bdf2_level,Density,3.136275210084e+04,3.136275210087e+04,9.386e-13,
RANS_SST_WD_0.01-20_NN_Drift_Second,SST,298,bdf2_level,Momentum_x,3.119893531857e+03,3.119893531479e+03,-1.211e-10,
RANS_SST_WD_0.01-20_NN_Drift_Second,SST,298,bdf2_level,Momentum_y,3.275980439965e+02,3.275980421714e+02,-5.571e-09,
RANS_SST_WD_0.01-20_NN_Drift_Second,SST,298,bdf2_level,Energy,5.616224493408e+04,5.616224493297e+04,-1.985e-11,
RANS_SST_WD_0.01-20_NN_Drift_Second,SST,298,bdf2_level,Turb_Kin_Energy,1.765410548945e-03,1.765409884961e-03,-3.761e-07,
RANS_SST_WD_0.01-20_NN_Drift_Second,SST,298,bdf2_level,Omega,1.174433989878e+04,1.174433960247e+04,-2.523e-08,
RANS_SST_WD_0.01-20_NN_Drift_Second,SST,299,state,Density,3.136275210105e+04,3.136275210106e+04,5.538e-13,3.941e-11
RANS_SST_WD_0.01-20_NN_Drift_Second,SST,299,state,Momentum_x,3.119893531875e+03,3.119893531508e+03,-1.177e-10,-1.599e-09
RANS_SST_WD_0.01-20_NN_Drift_Second,SST,299,state,Momentum_y,3.275980444394e+02,3.275980426229e+02,-5.545e-09,2.275e-08
RANS_SST_WD_0.01-20_NN_Drift_Second,SST,299,state,Energy,5.616224493462e+04,5.616224493347e+04,-2.045e-11,7.543e-11
RANS_SST_WD_0.01-20_NN_Drift_Second,SST,299,state,Turb_Kin_Energy,1.765410773884e-03,1.765410122058e-03,-3.692e-07,1.120e-06
RANS_SST_WD_0.01-20_NN_Drift_Second,SST,299,state,Omega,1.174433995715e+04,1.174433966148e+04,-2.518e-08,5.862e-08
RANS_SST_WD_0.01-20_NN_Drift_Second,SST,308,bdf2_level,Density,3.136275210294e+04,3.136275210364e+04,2.224e-11,
RANS_SST_WD_0.01-20_NN_Drift_Second,SST,308,bdf2_level,Momentum_x,3.119893531917e+03,3.119893528202e+03,-1.191e-09,
RANS_SST_WD_0.01-20_NN_Drift_Second,SST,308,bdf2_level,Momentum_y,3.275980445494e+02,3.275980487986e+02,1.297e-08,
RANS_SST_WD_0.01-20_NN_Drift_Second,SST,308,bdf2_level,Energy,5.616224493829e+04,5.616224493928e+04,1.764e-11,
RANS_SST_WD_0.01-20_NN_Drift_Second,SST,308,bdf2_level,Turb_Kin_Energy,1.765411493866e-03,1.765410915045e-03,-3.279e-07,
RANS_SST_WD_0.01-20_NN_Drift_Second,SST,308,bdf2_level,Omega,1.174433965250e+04,1.174433957404e+04,-6.681e-09,
RANS_SST_WD_0.01-20_NN_Drift_Second,SST,309,state,Density,3.136275210315e+04,3.136275210387e+04,2.302e-11,6.715e-11
RANS_SST_WD_0.01-20_NN_Drift_Second,SST,309,state,Momentum_x,3.119893531973e+03,3.119893528246e+03,-1.194e-09,3.137e-11
RANS_SST_WD_0.01-20_NN_Drift_Second,SST,309,state,Momentum_y,3.275980445356e+02,3.275980487694e+02,1.292e-08,2.936e-10
RANS_SST_WD_0.01-20_NN_Drift_Second,SST,309,state,Energy,5.616224493884e+04,5.616224493988e+04,1.860e-11,7.515e-11
RANS_SST_WD_0.01-20_NN_Drift_Second,SST,309,state,Turb_Kin_Energy,1.765411551005e-03,1.765411016915e-03,-3.025e-07,4.402e-07
RANS_SST_WD_0.01-20_NN_Drift_Second,SST,309,state,Omega,1.174433964968e+04,1.174433958111e+04,-5.838e-09,-2.618e-08
RANS_SST_WD_0.01-20_NN_Drift_Second,SST,318,bdf2_level,Density,3.136275210577e+04,3.136275210542e+04,-1.120e-11,
RANS_SST_WD_0.01-20_NN_Drift_Second,SST,318,bdf2_level,Momentum_x,3.119893528745e+03,3.119893527470e+03,-4.088e-10,
RANS_SST_WD_0.01-20_NN_Drift_Second,SST,318,bdf2_level,Momentum_y,3.275980477440e+02,3.275980437158e+02,-1.230e-08,
RANS_SST_WD_0.01-20_NN_Drift_Second,SST,318,bdf2_level,Energy,5.616224494478e+04,5.616224494317e+04,-2.855e-11,
RANS_SST_WD_0.01-20_NN_Drift_Second,SST,318,bdf2_level,Turb_Kin_Energy,1.765405217210e-03,1.765405826114e-03,3.449e-07,
RANS_SST_WD_0.01-20_NN_Drift_Second,SST,318,bdf2_level,Omega,1.174433907615e+04,1.174433902010e+04,-4.772e-09,
RANS_SST_WD_0.01-20_NN_Drift_Second,SST,319,state,Density,3.136275210598e+04,3.136275210564e+04,-1.092e-11,9.011e-11
RANS_SST_WD_0.01-20_NN_Drift_Second,SST,319,state,Momentum_x,3.119893528847e+03,3.119893527596e+03,-4.008e-10,-1.002e-09
RANS_SST_WD_0.01-20_NN_Drift_Second,SST,319,state,Momentum_y,3.275980473549e+02,3.275980432874e+02,-1.242e-08,8.606e-09
RANS_SST_WD_0.01-20_NN_Drift_Second,SST,319,state,Energy,5.616224494532e+04,5.616224494374e+04,-2.803e-11,1.154e-10
RANS_SST_WD_0.01-20_NN_Drift_Second,SST,319,state,Turb_Kin_Energy,1.765404475346e-03,1.765405060575e-03,3.315e-07,-4.008e-06
RANS_SST_WD_0.01-20_NN_Drift_Second,SST,319,state,Omega,1.174433903627e+04,1.174433897509e+04,-5.209e-09,-5.223e-08
RANS_SST_WD_0.01-20_NN_Drift_Second,SST,328,bdf2_level,Density,3.136275210748e+04,3.136275210745e+04,-9.995e-13,
RANS_SST_WD_0.01-20_NN_Drift_Second,SST,328,bdf2_level,Momentum_x,3.119893528910e+03,3.119893534211e+03,1.699e-09,
RANS_SST_WD_0.01-20_NN_Drift_Second,SST,328,bdf2_level,Momentum_y,3.275980483965e+02,3.275980487499e+02,1.079e-09,
RANS_SST_WD_0.01-20_NN_Drift_Second,SST,328,bdf2_level,Energy,5.616224494854e+04,5.616224494955e+04,1.799e-11,
RANS_SST_WD_0.01-20_NN_Drift_Second,SST,328,bdf2_level,Turb_Kin_Energy,1.765405187933e-03,1.765405063279e-03,-7.061e-08,
RANS_SST_WD_0.01-20_NN_Drift_Second,SST,328,bdf2_level,Omega,1.174433944895e+04,1.174433957678e+04,1.088e-08,
RANS_SST_WD_0.01-20_NN_Drift_Second,SST,329,state,Density,3.136275210768e+04,3.136275210762e+04,-1.738e-12,5.423e-11
RANS_SST_WD_0.01-20_NN_Drift_Second,SST,329,state,Momentum_x,3.119893529060e+03,3.119893534417e+03,1.717e-09,6.828e-11
RANS_SST_WD_0.01-20_NN_Drift_Second,SST,329,state,Momentum_y,3.275980498178e+02,3.275980501885e+02,1.132e-09,7.518e-09
RANS_SST_WD_0.01-20_NN_Drift_Second,SST,329,state,Energy,5.616224494906e+04,5.616224495000e+04,1.676e-11,6.668e-11
RANS_SST_WD_0.01-20_NN_Drift_Second,SST,329,state,Turb_Kin_Energy,1.765405563769e-03,1.765405423149e-03,-7.965e-08,6.165e-07
RANS_SST_WD_0.01-20_NN_Drift_Second,SST,329,state,Omega,1.174433951997e+04,1.174433964694e+04,1.081e-08,4.119e-08
RANS_SST_WD_0.01-20_NN_Drift_Second,SST,338,bdf2_level,Density,3.136275210939e+04,3.136275211001e+04,1.987e-11,
RANS_SST_WD_0.01-20_NN_Drift_Second,SST,338,bdf2_level,Momentum_x,3.119893535385e+03,3.119893537725e+03,7.499e-10,
RANS_SST_WD_0.01-20_NN_Drift_Second,SST,338,bdf2_level,Momentum_y,3.275980574947e+02,3.275980555189e+02,-6.031e-09,
RANS_SST_WD_0.01-20_NN_Drift_Second,SST,338,bdf2_level,Energy,5.616224495460e+04,5.616224495601e+04,2.503e-11,
RANS_SST_WD_0.01-20_NN_Drift_Second,SST,338,bdf2_level,Turb_Kin_Energy,1.765404013153e-03,1.765400094475e-03,-2.220e-06,
RANS_SST_WD_0.01-20_NN_Drift_Second,SST,338,bdf2_level,Omega,1.174433968856e+04,1.174433875117e+04,-7.982e-08,
RANS_SST_WD_0.01-20_NN_Drift_Second,SST,339,state,Density,3.136275210958e+04,3.136275211022e+04,2.047e-11,6.055e-11
RANS_SST_WD_0.01-20_NN_Drift_Second,SST,339,state,Momentum_x,3.119893535476e+03,3.119893537832e+03,7.552e-10,2.057e-09
RANS_SST_WD_0.01-20_NN_Drift_Second,SST,339,state,Momentum_y,3.275980579586e+02,3.275980559695e+02,-6.072e-09,2.485e-08
RANS_SST_WD_0.01-20_NN_Drift_Second,SST,339,state,Energy,5.616224495511e+04,5.616224495654e+04,2.543e-11,1.077e-10
RANS_SST_WD_0.01-20_NN_Drift_Second,SST,339,state,Turb_Kin_Energy,1.765403532192e-03,1.765399623546e-03,-2.214e-06,-1.151e-06
RANS_SST_WD_0.01-20_NN_Drift_Second,SST,339,state,Omega,1.174433966792e+04,1.174433873481e+04,-7.945e-08,1.260e-08
RANS_SST_WD_0.01-20_NN_Drift_Second,SST,348,bdf2_level,Density,3.136275211192e+04,3.136275211095e+04,-3.071e-11,
RANS_SST_WD_0.01-20_NN_Drift_Second,SST,348,bdf2_level,Momentum_x,3.119893538665e+03,3.119893537833e+03,-2.665e-10,
RANS_SST_WD_0.01-20_NN_Drift_Second,SST,348,bdf2_level,Momentum_y,3.275980585636e+02,3.275980592938e+02,2.229e-09,
RANS_SST_WD_0.01-20_NN_Drift_Second,SST,348,bdf2_level,Energy,5.616224496098e+04,5.616224495922e+04,-3.147e-11,
RANS_SST_WD_0.01-20_NN_Drift_Second,SST,348,bdf2_level,Turb_Kin_Energy,1.765398877217e-03,1.765401464906e-03,1.466e-06,
RANS_SST_WD_0.01-20_NN_Drift_Second,SST,348,bdf2_level,Omega,1.174433908543e+04,1.174433978607e+04,5.966e-08,
RANS_SST_WD_0.01-20_NN_Drift_Second,SST,349,state,Density,3.136275211210e+04,3.136275211113e+04,-3.075e-11,8.032e-11
RANS_SST_WD_0.01-20_NN_Drift_Second,SST,349,state,Momentum_x,3.119893538776e+03,3.119893537967e+03,-2.592e-10,1.058e-09
RANS_SST_WD_0.01-20_NN_Drift_Second,SST,349,state,Momentum_y,3.275980591229e+02,3.275980598507e+02,2.221e-09,3.554e-09
RANS_SST_WD_0.01-20_NN_Drift_Second,SST,349,state,Energy,5.616224496146e+04,5.616224495969e+04,-3.156e-11,1.130e-10
RANS_SST_WD_0.01-20_NN_Drift_Second,SST,349,state,Turb_Kin_Energy,1.765398985162e-03,1.765401568466e-03,1.463e-06,-2.576e-06
RANS_SST_WD_0.01-20_NN_Drift_Second,SST,349,state,Omega,1.174433913760e+04,1.174433983670e+04,5.953e-08,-4.516e-08
RANS_SST_WD_0.01-20_NN_Drift_Second,SST,358,bdf2_level,Density,3.136275211265e+04,3.136275211124e+04,-4.517e-11,
RANS_SST_WD_0.01-20_NN_Drift_Second,SST,358,bdf2_level,Momentum_x,3.119893539000e+03,3.119893533559e+03,-1.744e-09,
RANS_SST_WD_0.01-20_NN_Drift_Second,SST,358,bdf2_level,Momentum_y,3.275980573235e+02,3.275980556861e+02,-4.998e-09,
RANS_SST_WD_0.01-20_NN_Drift_Second,SST,358,bdf2_level,Energy,5.616224496370e+04,5.616224496183e+04,-3.332e-11,
RANS_SST_WD_0.01-20_NN_Drift_Second,SST,358,bdf2_level,Turb_Kin_Energy,1.765400803368e-03,1.765401379854e-03,3.265e-07,
RANS_SST_WD_0.01-20_NN_Drift_Second,SST,358,bdf2_level,Omega,1.174433997390e+04,1.174434013536e+04,1.375e-08,
RANS_SST_WD_0.01-20_NN_Drift_Second,SST,359,state,Density,3.136275211281e+04,3.136275211139e+04,-4.518e-11,2.267e-11
RANS_SST_WD_0.01-20_NN_Drift_Second,SST,359,state,Momentum_x,3.119893539100e+03,3.119893533673e+03,-1.739e-09,1.039e-10
RANS_SST_WD_0.01-20_NN_Drift_Second,SST,359,state,Momentum_y,3.275980567239e+02,3.275980550590e+02,-5.082e-09,-7.323e-09
RANS_SST_WD_0.01-20_NN_Drift_Second,SST,359,state,Energy,5.616224496411e+04,5.616224496224e+04,-3.324e-11,4.716e-11
RANS_SST_WD_0.01-20_NN_Drift_Second,SST,359,state,Turb_Kin_Energy,1.765400590825e-03,1.765401164517e-03,3.250e-07,9.095e-07
RANS_SST_WD_0.01-20_NN_Drift_Second,SST,359,state,Omega,1.174434001240e+04,1.174434017496e+04,1.384e-08,7.449e-08
RANS_SST_WD_0.01-20_NN_Drift_Second,SST,368,bdf2_level,Density,3.136275211258e+04,3.136275211328e+04,2.257e-11,
RANS_SST_WD_0.01-20_NN_Drift_Second,SST,368,bdf2_level,Momentum_x,3.119893534815e+03,3.119893535485e+03,2.147e-10,
RANS_SST_WD_0.01-20_NN_Drift_Second,SST,368,bdf2_level,Momentum_y,3.275980580644e+02,3.275980607008e+02,8.048e-09,
RANS_SST_WD_0.01-20_NN_Drift_Second,SST,368,bdf2_level,Energy,5.616224496540e+04,5.616224496569e+04,5.130e-12,
RANS_SST_WD_0.01-20_NN_Drift_Second,SST,368,bdf2_level,Turb_Kin_Energy,1.765399713332e-03,1.765397325523e-03,-1.353e-06,
RANS_SST_WD_0.01-20_NN_Drift_Second,SST,368,bdf2_level,Omega,1.174433994039e+04,1.174433937281e+04,-4.833e-08,
RANS_SST_WD_0.01-20_NN_Drift_Second,SST,369,state,Density,3.136275211268e+04,3.136275211339e+04,2.265e-11,-4.050e-12
RANS_SST_WD_0.01-20_NN_Drift_Second,SST,369,state,Momentum_x,3.119893534910e+03,3.119893535579e+03,2.144e-10,-1.343e-09
RANS_SST_WD_0.01-20_NN_Drift_Second,SST,369,state,Momentum_y,3.275980584629e+02,3.275980611000e+02,8.050e-09,5.309e-09
RANS_SST_WD_0.01-20_NN_Drift_Second,SST,369,state,Energy,5.616224496568e+04,5.616224496598e+04,5.221e-12,2.808e-11
RANS_SST_WD_0.01-20_NN_Drift_Second,SST,369,state,Turb_Kin_Energy,1.765399401511e-03,1.765397011345e-03,-1.354e-06,-6.737e-07
RANS_SST_WD_0.01-20_NN_Drift_Second,SST,369,state,Omega,1.174433992748e+04,1.174433935921e+04,-4.839e-08,-7.231e-09
RANS_SST_WD_0.01-20_NN_Drift_Second,SST,378,bdf2_level,Density,3.136275211401e+04,3.136275211322e+04,-2.498e-11,
RANS_SST_WD_0.01-20_NN_Drift_Second,SST,378,bdf2_level,Momentum_x,3.119893536267e+03,3.119893531668e+03,-1.474e-09,
RANS_SST_WD_0.01-20_NN_Drift_Second,SST,378,bdf2_level,Momentum_y,3.275980627713e+02,3.275980606367e+02,-6.516e-09,
RANS_SST_WD_0.01-20_NN_Drift_Second,SST,378,bdf2_level,Energy,5.616224496769e+04,5.616224496643e+04,-2.243e-11,
RANS_SST_WD_0.01-20_NN_Drift_Second,SST,378,bdf2_level,Turb_Kin_Energy,1.765394760689e-03,1.765395530289e-03,4.359e-07,
RANS_SST_WD_0.01-20_NN_Drift_Second,SST,378,bdf2_level,Omega,1.174433952803e+04,1.174433951666e+04,-9.680e-10,
RANS_SST_WD_0.01-20_NN_Drift_Second,SST,379,state,Density,3.136275211404e+04,3.136275211327e+04,-2.445e-11,4.321e-11
RANS_SST_WD_0.01-20_NN_Drift_Second,SST,379,state,Momentum_x,3.119893536324e+03,3.119893531682e+03,-1.488e-09,4.532e-10
RANS_SST_WD_0.01-20_NN_Drift_Second,SST,379,state,Momentum_y,3.275980622582e+02,3.275980601295e+02,-6.498e-09,1.159e-08
RANS_SST_WD_0.01-20_NN_Drift_Second,SST,379,state,Energy,5.616224496778e+04,5.616224496656e+04,-2.169e-11,3.734e-11
RANS_SST_WD_0.01-20_NN_Drift_Second,SST,379,state,Turb_Kin_Energy,1.765394390603e-03,1.765395145781e-03,4.278e-07,-2.838e-06
RANS_SST_WD_0.01-20_NN_Drift_Second,SST,379,state,Omega,1.174433949960e+04,1.174433948419e+04,-1.312e-09,-3.643e-08
RANS_SST_WD_0.01-20_NN_Drift_Second,SST,388,bdf2_level,Density,3.136275211312e+04,3.136275211212e+04,-3.183e-11,
RANS_SST_WD_0.01-20_NN_Drift_Second,SST,388,bdf2_level,Momentum_x,3.119893532249e+03,3.119893528687e+03,-1.142e-09,
RANS_SST_WD_0.01-20_NN_Drift_Second,SST,388,bdf2_level,Momentum_y,3.275980614158e+02,3.275980623067e+02,2.720e-09,
RANS_SST_WD_0.01-20_NN_Drift_Second,SST,388,bdf2_level,Energy,5.616224496635e+04,5.616224496665e+04,5.355e-12,
RANS_SST_WD_0.01-20_NN_Drift_Second,SST,388,bdf2_level,Turb_Kin_Energy,1.765394946345e-03,1.765396729600e-03,1.010e-06,
RANS_SST_WD_0.01-20_NN_Drift_Second,SST,388,bdf2_level,Omega,1.174433963668e+04,1.174434005862e+04,3.593e-08,
RANS_SST_WD_0.01-20_NN_Drift_Second,SST,389,state,Density,3.136275211306e+04,3.136275211208e+04,-3.127e-11,-3.119e-11
RANS_SST_WD_0.01-20_NN_Drift_Second,SST,389,state,Momentum_x,3.119893532320e+03,3.119893528750e+03,-1.144e-09,-1.283e-09
RANS_SST_WD_0.01-20_NN_Drift_Second,SST,389,state,Momentum_y,3.275980617620e+02,3.275980626526e+02,2.719e-09,-1.515e-09
RANS_SST_WD_0.01-20_NN_Drift_Second,SST,389,state,Energy,5.616224496620e+04,5.616224496653e+04,5.830e-12,-2.811e-11
RANS_SST_WD_0.01-20_NN_Drift_Second,SST,389,state,Turb_Kin_Energy,1.765394857032e-03,1.765396621320e-03,9.994e-07,2.642e-07
RANS_SST_WD_0.01-20_NN_Drift_Second,SST,389,state,Omega,1.174433963736e+04,1.174434005712e+04,3.574e-08,1.173e-08
RANS_SST_WD_0.01-20_NN_Drift_Second,SST,398,bdf2_level,Density,3.136275211108e+04,3.136275211205e+04,3.072e-11,
RANS_SST_WD_0.01-20_NN_Drift_Second,SST,398,bdf2_level,Momentum_x,3.119893529635e+03,3.119893528774e+03,-2.760e-10,
RANS_SST_WD_0.01-20_NN_Drift_Second,SST,398,bdf2_level,Momentum_y,3.275980669720e+02,3.275980690094e+02,6.219e-09,
RANS_SST_WD_0.01-20_NN_Drift_Second,SST,398,bdf2_level,Energy,5.616224496417e+04,5.616224496510e+04,1.655e-11,
RANS_SST_WD_0.01-20_NN_Drift_Second,SST,398,bdf2_level,Turb_Kin_Energy,1.765395251794e-03,1.765393779504e-03,-8.340e-07,
RANS_SST_WD_0.01-20_NN_Drift_Second,SST,398,bdf2_level,Omega,1.174433976529e+04,1.174433932553e+04,-3.744e-08,
RANS_SST_WD_0.01-20_NN_Drift_Second,SST,399,state,Density,3.136275211093e+04,3.136275211190e+04,3.113e-11,-6.797e-11
RANS_SST_WD_0.01-20_NN_Drift_Second,SST,399,state,Momentum_x,3.119893529709e+03,3.119893528858e+03,-2.725e-10,-8.371e-10
RANS_SST_WD_0.01-20_NN_Drift_Second,SST,399,state,Momentum_y,3.275980675010e+02,3.275980695339e+02,6.205e-09,1.752e-08
RANS_SST_WD_0.01-20_NN_Drift_Second,SST,399,state,Energy,5.616224496379e+04,5.616224496476e+04,1.715e-11,-4.286e-11
RANS_SST_WD_0.01-20_NN_Drift_Second,SST,399,state,Turb_Kin_Energy,1.765395135736e-03,1.765393689340e-03,-8.193e-07,1.579e-07
RANS_SST_WD_0.01-20_NN_Drift_Second,SST,399,state,Omega,1.174433976381e+04,1.174433933121e+04,-3.683e-08,1.077e-08
RANS_SST_WD_0.01-20_NN_Drift_Seed2_Second,SST,8,bdf2_level,Density,3.136275210391e+04,3.136275210393e+04,9.034e-13,
RANS_SST_WD_0.01-20_NN_Drift_Seed2_Second,SST,8,bdf2_level,Momentum_x,3.119893596723e+03,3.119893600667e+03,1.264e-09,
RANS_SST_WD_0.01-20_NN_Drift_Seed2_Second,SST,8,bdf2_level,Momentum_y,3.275980003774e+02,3.275980009065e+02,1.615e-09,
RANS_SST_WD_0.01-20_NN_Drift_Seed2_Second,SST,8,bdf2_level,Energy,5.616224493386e+04,5.616224493355e+04,-5.445e-12,
RANS_SST_WD_0.01-20_NN_Drift_Seed2_Second,SST,8,bdf2_level,Turb_Kin_Energy,1.765437529570e-03,1.765436677221e-03,-4.828e-07,
RANS_SST_WD_0.01-20_NN_Drift_Seed2_Second,SST,8,bdf2_level,Omega,1.174433230647e+04,1.174433214670e+04,-1.360e-08,
RANS_SST_WD_0.01-20_NN_Drift_Seed2_Second,SST,9,state,Density,3.136275210391e+04,3.136275210393e+04,9.033e-13,
RANS_SST_WD_0.01-20_NN_Drift_Seed2_Second,SST,9,state,Momentum_x,3.119893596723e+03,3.119893600667e+03,1.264e-09,
RANS_SST_WD_0.01-20_NN_Drift_Seed2_Second,SST,9,state,Momentum_y,3.275980003777e+02,3.275980009068e+02,1.615e-09,
RANS_SST_WD_0.01-20_NN_Drift_Seed2_Second,SST,9,state,Energy,5.616224493386e+04,5.616224493355e+04,-5.445e-12,
RANS_SST_WD_0.01-20_NN_Drift_Seed2_Second,SST,9,state,Turb_Kin_Energy,1.765437529562e-03,1.765436677212e-03,-4.828e-07,
RANS_SST_WD_0.01-20_NN_Drift_Seed2_Second,SST,9,state,Omega,1.174433230647e+04,1.174433214670e+04,-1.360e-08,
RANS_SST_WD_0.01-20_NN_Drift_Seed2_Second,SST,18,bdf2_level,Density,3.136275210394e+04,3.136275210436e+04,1.335e-11,
RANS_SST_WD_0.01-20_NN_Drift_Seed2_Second,SST,18,bdf2_level,Momentum_x,3.119893600082e+03,3.119893603322e+03,1.039e-09,
RANS_SST_WD_0.01-20_NN_Drift_Seed2_Second,SST,18,bdf2_level,Momentum_y,3.275979993807e+02,3.275979976644e+02,-5.239e-09,
RANS_SST_WD_0.01-20_NN_Drift_Seed2_Second,SST,18,bdf2_level,Energy,5.616224493355e+04,5.616224493421e+04,1.170e-11,
RANS_SST_WD_0.01-20_NN_Drift_Seed2_Second,SST,18,bdf2_level,Turb_Kin_Energy,1.765435856437e-03,1.765435347285e-03,-2.884e-07,
RANS_SST_WD_0.01-20_NN_Drift_Seed2_Second,SST,18,bdf2_level,Omega,1.174433307518e+04,1.174433291838e+04,-1.335e-08,
RANS_SST_WD_0.01-20_NN_Drift_Seed2_Second,SST,19,state,Density,3.136275210394e+04,3.136275210437e+04,1.362e-11,1.043e-12
RANS_SST_WD_0.01-20_NN_Drift_Seed2_Second,SST,19,state,Momentum_x,3.119893600000e+03,3.119893603246e+03,1.040e-09,1.050e-09
RANS_SST_WD_0.01-20_NN_Drift_Seed2_Second,SST,19,state,Momentum_y,3.275979992714e+02,3.275979975601e+02,-5.224e-09,-3.377e-09
RANS_SST_WD_0.01-20_NN_Drift_Seed2_Second,SST,19,state,Energy,5.616224493355e+04,5.616224493423e+04,1.203e-11,-5.428e-12
RANS_SST_WD_0.01-20_NN_Drift_Seed2_Second,SST,19,state,Turb_Kin_Energy,1.765435805100e-03,1.765435272424e-03,-3.017e-07,-9.768e-07
RANS_SST_WD_0.01-20_NN_Drift_Seed2_Second,SST,19,state,Omega,1.174433317751e+04,1.174433301544e+04,-1.380e-08,7.417e-08
RANS_SST_WD_0.01-20_NN_Drift_Seed2_Second,SST,28,bdf2_level,Density,3.136275210437e+04,3.136275210237e+04,-6.378e-11,
RANS_SST_WD_0.01-20_NN_Drift_Seed2_Second,SST,28,bdf2_level,Momentum_x,3.119893602396e+03,3.119893594277e+03,-2.602e-09,
RANS_SST_WD_0.01-20_NN_Drift_Seed2_Second,SST,28,bdf2_level,Momentum_y,3.275980006947e+02,3.275980004525e+02,-7.394e-10,
RANS_SST_WD_0.01-20_NN_Drift_Seed2_Second,SST,28,bdf2_level,Energy,5.616224493424e+04,5.616224493169e+04,-4.547e-11,
RANS_SST_WD_0.01-20_NN_Drift_Seed2_Second,SST,28,bdf2_level,Turb_Kin_Energy,1.765436012478e-03,1.765437706913e-03,9.598e-07,
RANS_SST_WD_0.01-20_NN_Drift_Seed2_Second,SST,28,bdf2_level,Omega,1.174433377167e+04,1.174433410735e+04,2.858e-08,
RANS_SST_WD_0.01-20_NN_Drift_Seed2_Second,SST,29,state,Density,3.136275210438e+04,3.136275210240e+04,-6.300e-11,1.393e-11
RANS_SST_WD_0.01-20_NN_Drift_Seed2_Second,SST,29,state,Momentum_x,3.119893602284e+03,3.119893594177e+03,-2.598e-09,7.320e-10
RANS_SST_WD_0.01-20_NN_Drift_Seed2_Second,SST,29,state,Momentum_y,3.275980008312e+02,3.275980006110e+02,-6.721e-10,4.761e-09
RANS_SST_WD_0.01-20_NN_Drift_Seed2_Second,SST,29,state,Energy,5.616224493424e+04,5.616224493175e+04,-4.440e-11,1.223e-11
RANS_SST_WD_0.01-20_NN_Drift_Seed2_Second,SST,29,state,Turb_Kin_Energy,1.765436117857e-03,1.765437785248e-03,9.445e-07,1.772e-07
RANS_SST_WD_0.01-20_NN_Drift_Seed2_Second,SST,29,state,Omega,1.174433382708e+04,1.174433415618e+04,2.802e-08,5.531e-08
RANS_SST_WD_0.01-20_NN_Drift_Seed2_Second,SST,38,bdf2_level,Density,3.136275210242e+04,3.136275210288e+04,1.489e-11,
RANS_SST_WD_0.01-20_NN_Drift_Seed2_Second,SST,38,bdf2_level,Momentum_x,3.119893593199e+03,3.119893603721e+03,3.373e-09,
RANS_SST_WD_0.01-20_NN_Drift_Seed2_Second,SST,38,bdf2_level,Momentum_y,3.275980028233e+02,3.275980067254e+02,1.191e-08,
RANS_SST_WD_0.01-20_NN_Drift_Seed2_Second,SST,38,bdf2_level,Energy,5.616224493178e+04,5.616224493275e+04,1.739e-11,
RANS_SST_WD_0.01-20_NN_Drift_Seed2_Second,SST,38,bdf2_level,Turb_Kin_Energy,1.765435589011e-03,1.765432945309e-03,-1.497e-06,
RANS_SST_WD_0.01-20_NN_Drift_Seed2_Second,SST,38,bdf2_level,Omega,1.174433409664e+04,1.174433344131e+04,-5.580e-08,
RANS_SST_WD_0.01-20_NN_Drift_Seed2_Second,SST,39,state,Density,3.136275210242e+04,3.136275210290e+04,1.538e-11,-6.243e-11
RANS_SST_WD_0.01-20_NN_Drift_Seed2_Second,SST,39,state,Momentum_x,3.119893593091e+03,3.119893603629e+03,3.378e-09,-2.946e-09
RANS_SST_WD_0.01-20_NN_Drift_Seed2_Second,SST,39,state,Momentum_y,3.275980029114e+02,3.275980068391e+02,1.199e-08,6.350e-09
RANS_SST_WD_0.01-20_NN_Drift_Seed2_Second,SST,39,state,Energy,5.616224493178e+04,5.616224493279e+04,1.806e-11,-4.390e-11
RANS_SST_WD_0.01-20_NN_Drift_Seed2_Second,SST,39,state,Turb_Kin_Energy,1.765435103215e-03,1.765432465727e-03,-1.494e-06,-5.747e-07
RANS_SST_WD_0.01-20_NN_Drift_Seed2_Second,SST,39,state,Omega,1.174433407064e+04,1.174433341809e+04,-5.556e-08,2.074e-08
RANS_SST_WD_0.01-20_NN_Drift_Seed2_Second,SST,48,bdf2_level,Density,3.136275210291e+04,3.136275210319e+04,8.979e-12,
RANS_SST_WD_0.01-20_NN_Drift_Seed2_Second,SST,48,bdf2_level,Momentum_x,3.119893602488e+03,3.119893597995e+03,-1.440e-09,
RANS_SST_WD_0.01-20_NN_Drift_Seed2_Second,SST,48,bdf2_level,Momentum_y,3.275980058292e+02,3.275980066394e+02,2.473e-09,
RANS_SST_WD_0.01-20_NN_Drift_Seed2_Second,SST,48,bdf2_level,Energy,5.616224493281e+04,5.616224493272e+04,-1.673e-12,
RANS_SST_WD_0.01-20_NN_Drift_Seed2_Second,SST,48,bdf2_level,Turb_Kin_Energy,1.765428586227e-03,1.765430027365e-03,8.163e-07,
RANS_SST_WD_0.01-20_NN_Drift_Seed2_Second,SST,48,bdf2_level,Omega,1.174433342430e+04,1.174433380313e+04,3.226e-08,
RANS_SST_WD_0.01-20_NN_Drift_Seed2_Second,SST,49,state,Density,3.136275210291e+04,3.136275210321e+04,9.525e-12,1.583e-11
RANS_SST_WD_0.01-20_NN_Drift_Seed2_Second,SST,49,state,Momentum_x,3.119893602346e+03,3.119893597869e+03,-1.435e-09,2.966e-09
RANS_SST_WD_0.01-20_NN_Drift_Seed2_Second,SST,49,state,Momentum_y,3.275980058902e+02,3.275980067141e+02,2.515e-09,9.093e-09
RANS_SST_WD_0.01-20_NN_Drift_Seed2_Second,SST,49,state,Energy,5.616224493281e+04,5.616224493275e+04,-9.789e-13,1.840e-11
RANS_SST_WD_0.01-20_NN_Drift_Seed2_Second,SST,49,state,Turb_Kin_Energy,1.765428812224e-03,1.765430232849e-03,8.047e-07,-3.563e-06
RANS_SST_WD_0.01-20_NN_Drift_Seed2_Second,SST,49,state,Omega,1.174433351785e+04,1.174433389210e+04,3.187e-08,-4.707e-08
RANS_SST_WD_0.01-20_NN_Drift_Seed2_Second,SST,58,bdf2_level,Density,3.136275210323e+04,3.136275210202e+04,-3.836e-11,
RANS_SST_WD_0.01-20_NN_Drift_Seed2_Second,SST,58,bdf2_level,Momentum_x,3.119893596872e+03,3.119893595449e+03,-4.559e-10,
RANS_SST_WD_0.01-20_NN_Drift_Seed2_Second,SST,58,bdf2_level,Momentum_y,3.275980112539e+02,3.275980123910e+02,3.471e-09,
RANS_SST_WD_0.01-20_NN_Drift_Seed2_Second,SST,58,bdf2_level,Energy,5.616224493277e+04,5.616224493068e+04,-3.722e-11,
RANS_SST_WD_0.01-20_NN_Drift_Seed2_Second,SST,58,bdf2_level,Turb_Kin_Energy,1.765431866955e-03,1.765431298326e-03,-3.221e-07,
RANS_SST_WD_0.01-20_NN_Drift_Seed2_Second,SST,58,bdf2_level,Omega,1.174433418154e+04,1.174433397286e+04,-1.777e-08,
RANS_SST_WD_0.01-20_NN_Drift_Seed2_Second,SST,59,state,Density,3.136275210323e+04,3.136275210201e+04,-3.889e-11,1.002e-11
RANS_SST_WD_0.01-20_NN_Drift_Seed2_Second,SST,59,state,Momentum_x,3.119893596758e+03,3.119893595304e+03,-4.662e-10,-1.791e-09
RANS_SST_WD_0.01-20_NN_Drift_Seed2_Second,SST,59,state,Momentum_y,3.275980115927e+02,3.275980127087e+02,3.407e-09,1.741e-08
RANS_SST_WD_0.01-20_NN_Drift_Seed2_Second,SST,59,state,Energy,5.616224493277e+04,5.616224493064e+04,-3.796e-11,-6.369e-13
RANS_SST_WD_0.01-20_NN_Drift_Seed2_Second,SST,59,state,Turb_Kin_Energy,1.765431612205e-03,1.765431031757e-03,-3.288e-07,1.586e-06
RANS_SST_WD_0.01-20_NN_Drift_Seed2_Second,SST,59,state,Omega,1.174433415892e+04,1.174433394905e+04,-1.787e-08,5.459e-08
RANS_SST_WD_0.01-20_NN_Drift_Seed2_Second,SST,68,bdf2_level,Density,3.136275210201e+04,3.136275210202e+04,5.193e-13,
RANS_SST_WD_0.01-20_NN_Drift_Seed2_Second,SST,68,bdf2_level,Momentum_x,3.119893593765e+03,3.119893596807e+03,9.750e-10,
RANS_SST_WD_0.01-20_NN_Drift_Seed2_Second,SST,68,bdf2_level,Momentum_y,3.275980169201e+02,3.275980210396e+02,1.257e-08,
RANS_SST_WD_0.01-20_NN_Drift_Seed2_Second,SST,68,bdf2_level,Energy,5.616224493062e+04,5.616224493116e+04,9.626e-12,
RANS_SST_WD_0.01-20_NN_Drift_Seed2_Second,SST,68,bdf2_level,Turb_Kin_Energy,1.765425983228e-03,1.765425557298e-03,-2.413e-07,
RANS_SST_WD_0.01-20_NN_Drift_Seed2_Second,SST,68,bdf2_level,Omega,1.174433378012e+04,1.174433342640e+04,-3.012e-08,
RANS_SST_WD_0.01-20_NN_Drift_Seed2_Second,SST,69,state,Density,3.136275210201e+04,3.136275210206e+04,1.726e-12,-3.888e-11
RANS_SST_WD_0.01-20_NN_Drift_Seed2_Second,SST,69,state,Momentum_x,3.119893593582e+03,3.119893596603e+03,9.685e-10,-1.018e-09
RANS_SST_WD_0.01-20_NN_Drift_Seed2_Second,SST,69,state,Momentum_y,3.275980175327e+02,3.275980216600e+02,1.260e-08,1.813e-08
RANS_SST_WD_0.01-20_NN_Drift_Seed2_Second,SST,69,state,Energy,5.616224493062e+04,5.616224493126e+04,1.131e-11,-3.834e-11
RANS_SST_WD_0.01-20_NN_Drift_Seed2_Second,SST,69,state,Turb_Kin_Energy,1.765425364408e-03,1.765424932944e-03,-2.444e-07,-3.539e-06
RANS_SST_WD_0.01-20_NN_Drift_Seed2_Second,SST,69,state,Omega,1.174433377958e+04,1.174433342426e+04,-3.025e-08,-3.230e-08
RANS_SST_WD_0.01-20_NN_Drift_Seed2_Second,SST,78,bdf2_level,Density,3.136275210209e+04,3.136275210227e+04,5.907e-12,
RANS_SST_WD_0.01-20_NN_Drift_Seed2_Second,SST,78,bdf2_level,Momentum_x,3.119893595426e+03,3.119893594794e+03,-2.026e-10,
RANS_SST_WD_0.01-20_NN_Drift_Seed2_Second,SST,78,bdf2_level,Momentum_y,3.275980212646e+02,3.275980189579e+02,-7.041e-09,
RANS_SST_WD_0.01-20_NN_Drift_Seed2_Second,SST,78,bdf2_level,Energy,5.616224493130e+04,5.616224493270e+04,2.482e-11,
RANS_SST_WD_0.01-20_NN_Drift_Seed2_Second,SST,78,bdf2_level,Turb_Kin_Energy,1.765424239448e-03,1.765423871677e-03,-2.083e-07,
RANS_SST_WD_0.01-20_NN_Drift_Seed2_Second,SST,78,bdf2_level,Omega,1.174433407638e+04,1.174433427820e+04,1.718e-08,
RANS_SST_WD_0.01-20_NN_Drift_Seed2_Second,SST,79,state,Density,3.136275210209e+04,3.136275210229e+04,6.529e-12,2.599e-12
RANS_SST_WD_0.01-20_NN_Drift_Seed2_Second,SST,79,state,Momentum_x,3.119893595300e+03,3.119893594719e+03,-1.863e-10,5.509e-10
RANS_SST_WD_0.01-20_NN_Drift_Seed2_Second,SST,79,state,Momentum_y,3.275980208098e+02,3.275980184982e+02,-7.056e-09,1.000e-08
RANS_SST_WD_0.01-20_NN_Drift_Seed2_Second,SST,79,state,Energy,5.616224493130e+04,5.616224493275e+04,2.579e-11,1.216e-11
RANS_SST_WD_0.01-20_NN_Drift_Seed2_Second,SST,79,state,Turb_Kin_Energy,1.765424532205e-03,1.765424203845e-03,-1.860e-07,-4.714e-07
RANS_SST_WD_0.01-20_NN_Drift_Seed2_Second,SST,79,state,Omega,1.174433416140e+04,1.174433437488e+04,1.818e-08,3.251e-08
RANS_SST_WD_0.01-20_NN_Drift_Seed2_Second,SST,88,bdf2_level,Density,3.136275210231e+04,3.136275210347e+04,3.697e-11,
RANS_SST_WD_0.01-20_NN_Drift_Seed2_Second,SST,88,bdf2_level,Momentum_x,3.119893593867e+03,3.119893589993e+03,-1.242e-09,
RANS_SST_WD_0.01-20_NN_Drift_Seed2_Second,SST,88,bdf2_level,Momentum_y,3.275980246944e+02,3.275980246919e+02,-7.471e-12,
RANS_SST_WD_0.01-20_NN_Drift_Seed2_Second,SST,88,bdf2_level,Energy,5.616224493278e+04,5.616224493282e+04,8.171e-13,
RANS_SST_WD_0.01-20_NN_Drift_Seed2_Second,SST,88,bdf2_level,Turb_Kin_Energy,1.765423000004e-03,1.765423578539e-03,3.277e-07,
RANS_SST_WD_0.01-20_NN_Drift_Seed2_Second,SST,88,bdf2_level,Omega,1.174433439100e+04,1.174433444239e+04,4.375e-09,
RANS_SST_WD_0.01-20_NN_Drift_Seed2_Second,SST,89,state,Density,3.136275210231e+04,3.136275210351e+04,3.801e-11,7.108e-12
RANS_SST_WD_0.01-20_NN_Drift_Seed2_Second,SST,89,state,Momentum_x,3.119893593753e+03,3.119893589882e+03,-1.241e-09,-4.958e-10
RANS_SST_WD_0.01-20_NN_Drift_Seed2_Second,SST,89,state,Momentum_y,3.275980254280e+02,3.275980254625e+02,1.051e-10,1.410e-08
RANS_SST_WD_0.01-20_NN_Drift_Seed2_Second,SST,89,state,Energy,5.616224493278e+04,5.616224493291e+04,2.253e-12,2.627e-11
RANS_SST_WD_0.01-20_NN_Drift_Seed2_Second,SST,89,state,Turb_Kin_Energy,1.765422329454e-03,1.765422940346e-03,3.460e-07,-1.248e-06
RANS_SST_WD_0.01-20_NN_Drift_Seed2_Second,SST,89,state,Omega,1.174433434976e+04,1.174433441020e+04,5.146e-09,1.604e-08
RANS_SST_WD_0.01-20_NN_Drift_Seed2_Second,SST,98,bdf2_level,Density,3.136275210353e+04,3.136275210349e+04,-1.307e-12,
RANS_SST_WD_0.01-20_NN_Drift_Seed2_Second,SST,98,bdf2_level,Momentum_x,3.119893588693e+03,3.119893589555e+03,2.761e-10,
RANS_SST_WD_0.01-20_NN_Drift_Seed2_Second,SST,98,bdf2_level,Momentum_y,3.275980280082e+02,3.275980315761e+02,1.089e-08,
RANS_SST_WD_0.01-20_NN_Drift_Seed2_Second,SST,98,bdf2_level,Energy,5.616224493295e+04,5.616224493364e+04,1.226e-11,
RANS_SST_WD_0.01-20_NN_Drift_Seed2_Second,SST,98,bdf2_level,Turb_Kin_Energy,1.765422037881e-03,1.765422333680e-03,1.676e-07,
RANS_SST_WD_0.01-20_NN_Drift_Seed2_Second,SST,98,bdf2_level,Omega,1.174433484800e+04,1.174433507765e+04,1.955e-08,
RANS_SST_WD_0.01-20_NN_Drift_Seed2_Second,SST,99,state,Density,3.136275210353e+04,3.136275210351e+04,-5.506e-13,3.878e-11
RANS_SST_WD_0.01-20_NN_Drift_Seed2_Second,SST,99,state,Momentum_x,3.119893588554e+03,3.119893589404e+03,2.725e-10,-1.667e-09
RANS_SST_WD_0.01-20_NN_Drift_Seed2_Second,SST,99,state,Momentum_y,3.275980283198e+02,3.275980318592e+02,1.080e-08,8.827e-09
RANS_SST_WD_0.01-20_NN_Drift_Seed2_Second,SST,99,state,Energy,5.616224493295e+04,5.616224493369e+04,1.318e-11,3.008e-12
RANS_SST_WD_0.01-20_NN_Drift_Seed2_Second,SST,99,state,Turb_Kin_Energy,1.765422344310e-03,1.765422655513e-03,1.763e-07,8.415e-09
RANS_SST_WD_0.01-20_NN_Drift_Seed2_Second,SST,99,state,Omega,1.174433493131e+04,1.174433516553e+04,1.994e-08,4.952e-08
RANS_SST_WD_0.01-20_NN_Drift_Seed2_Second,SST,108,bdf2_level,Density,3.136275210353e+04,3.136275210372e+04,6.160e-12,
RANS_SST_WD_0.01-20_NN_Drift_Seed2_Second,SST,108,bdf2_level,Momentum_x,3.119893588322e+03,3.119893593543e+03,1.673e-09,
RANS_SST_WD_0.01-20_NN_Drift_Seed2_Second,SST,108,bdf2_level,Momentum_y,3.275980384402e+02,3.275980419118e+02,1.060e-08,
RANS_SST_WD_0.01-20_NN_Drift_Seed2_Second,SST,108,bdf2_level,Energy,5.616224493371e+04,5.616224493348e+04,-4.056e-12,
RANS_SST_WD_0.01-20_NN_Drift_Seed2_Second,SST,108,bdf2_level,Turb_Kin_Energy,1.765422311006e-03,1.765419830159e-03,-1.405e-06,
RANS_SST_WD_0.01-20_NN_Drift_Seed2_Second,SST,108,bdf2_level,Omega,1.174433508488e+04,1.174433442795e+04,-5.594e-08,
RANS_SST_WD_0.01-20_NN_Drift_Seed2_Second,SST,109,state,Density,3.136275210353e+04,3.136275210375e+04,7.126e-12,5.603e-14
RANS_SST_WD_0.01-20_NN_Drift_Seed2_Second,SST,109,state,Momentum_x,3.119893588196e+03,3.119893593466e+03,1.689e-09,-1.147e-10
RANS_SST_WD_0.01-20_NN_Drift_Seed2_Second,SST,109,state,Momentum_y,3.275980392792e+02,3.275980427230e+02,1.051e-08,3.345e-08
RANS_SST_WD_0.01-20_NN_Drift_Seed2_Second,SST,109,state,Energy,5.616224493371e+04,5.616224493356e+04,-2.751e-12,1.362e-11
RANS_SST_WD_0.01-20_NN_Drift_Seed2_Second,SST,109,state,Turb_Kin_Energy,1.765422111130e-03,1.765419613880e-03,-1.415e-06,-1.321e-07
RANS_SST_WD_0.01-20_NN_Drift_Seed2_Second,SST,109,state,Omega,1.174433506561e+04,1.174433440443e+04,-5.630e-08,1.143e-08
RANS_SST_WD_0.01-20_NN_Drift_Seed2_Second,SST,118,bdf2_level,Density,3.136275210378e+04,3.136275210223e+04,-4.949e-11,
RANS_SST_WD_0.01-20_NN_Drift_Seed2_Second,SST,118,bdf2_level,Momentum_x,3.119893592673e+03,3.119893591994e+03,-2.175e-10,
RANS_SST_WD_0.01-20_NN_Drift_Seed2_Second,SST,118,bdf2_level,Momentum_y,3.275980408020e+02,3.275980418823e+02,3.298e-09,
RANS_SST_WD_0.01-20_NN_Drift_Seed2_Second,SST,118,bdf2_level,Energy,5.616224493360e+04,5.616224493155e+04,-3.643e-11,
RANS_SST_WD_0.01-20_NN_Drift_Seed2_Second,SST,118,bdf2_level,Turb_Kin_Energy,1.765459083428e-03,1.765459809872e-03,4.115e-07,
RANS_SST_WD_0.01-20_NN_Drift_Seed2_Second,SST,118,bdf2_level,Omega,1.174434857557e+04,1.174434868989e+04,9.734e-09,
RANS_SST_WD_0.01-20_NN_Drift_Seed2_Second,SST,119,state,Density,3.136275210378e+04,3.136275210219e+04,-5.066e-11,7.975e-12
RANS_SST_WD_0.01-20_NN_Drift_Seed2_Second,SST,119,state,Momentum_x,3.119893592551e+03,3.119893591907e+03,-2.063e-10,1.396e-09
RANS_SST_WD_0.01-20_NN_Drift_Seed2_Second,SST,119,state,Momentum_y,3.275980400105e+02,3.275980410477e+02,3.166e-09,2.232e-09
RANS_SST_WD_0.01-20_NN_Drift_Seed2_Second,SST,119,state,Energy,5.616224493360e+04,5.616224493146e+04,-3.811e-11,-2.023e-12
RANS_SST_WD_0.01-20_NN_Drift_Seed2_Second,SST,119,state,Turb_Kin_Energy,1.765455926636e-03,1.765456658742e-03,4.147e-07,1.915e-05
RANS_SST_WD_0.01-20_NN_Drift_Seed2_Second,SST,119,state,Omega,1.174434738608e+04,1.174434751824e+04,1.125e-08,1.049e-06
RANS_SST_WD_0.01-20_NN_Drift_Seed2_Second,SST,128,bdf2_level,Density,3.136275210218e+04,3.136275210327e+04,3.459e-11,
RANS_SST_WD_0.01-20_NN_Drift_Seed2_Second,SST,128,bdf2_level,Momentum_x,3.119893590755e+03,3.119893592078e+03,4.239e-10,
RANS_SST_WD_0.01-20_NN_Drift_Seed2_Second,SST,128,bdf2_level,Momentum_y,3.275980438646e+02,3.275980470890e+02,9.843e-09,
RANS_SST_WD_0.01-20_NN_Drift_Seed2_Second,SST,128,bdf2_level,Energy,5.616224493142e+04,5.616224493302e+04,2.850e-11,
RANS_SST_WD_0.01-20_NN_Drift_Seed2_Second,SST,128,bdf2_level,Turb_Kin_Energy,1.765444931728e-03,1.765444296019e-03,-3.601e-07,
RANS_SST_WD_0.01-20_NN_Drift_Seed2_Second,SST,128,bdf2_level,Omega,1.174434089664e+04,1.174434072041e+04,-1.501e-08,
RANS_SST_WD_0.01-20_NN_Drift_Seed2_Second,SST,129,state,Density,3.136275210218e+04,3.136275210325e+04,3.413e-11,-5.091e-11
RANS_SST_WD_0.01-20_NN_Drift_Seed2_Second,SST,129,state,Momentum_x,3.119893590608e+03,3.119893591933e+03,4.247e-10,-6.226e-10
RANS_SST_WD_0.01-20_NN_Drift_Seed2_Second,SST,129,state,Momentum_y,3.275980448991e+02,3.275980481151e+02,9.817e-09,1.492e-08
RANS_SST_WD_0.01-20_NN_Drift_Seed2_Second,SST,129,state,Energy,5.616224493142e+04,5.616224493299e+04,2.793e-11,-3.884e-11
RANS_SST_WD_0.01-20_NN_Drift_Seed2_Second,SST,129,state,Turb_Kin_Energy,1.765443879425e-03,1.765443223008e-03,-3.718e-07,-6.824e-06
RANS_SST_WD_0.01-20_NN_Drift_Seed2_Second,SST,129,state,Omega,1.174434056469e+04,1.174434038151e+04,-1.560e-08,-5.808e-07
RANS_SST_WD_0.01-20_NN_Drift_Seed2_Second,SST,138,bdf2_level,Density,3.136275210326e+04,3.136275210271e+04,-1.754e-11,
RANS_SST_WD_0.01-20_NN_Drift_Seed2_Second,SST,138,bdf2_level,Momentum_x,3.119893590430e+03,3.119893592546e+03,6.782e-10,
RANS_SST_WD_0.01-20_NN_Drift_Seed2_Second,SST,138,bdf2_level,Momentum_y,3.275980546591e+02,3.275980565138e+02,5.662e-09,
RANS_SST_WD_0.01-20_NN_Drift_Seed2_Second,SST,138,bdf2_level,Energy,5.616224493298e+04,5.616224493318e+04,3.618e-12,
RANS_SST_WD_0.01-20_NN_Drift_Seed2_Second,SST,138,bdf2_level,Turb_Kin_Energy,1.765434189526e-03,1.765434324111e-03,7.623e-08,
RANS_SST_WD_0.01-20_NN_Drift_Seed2_Second,SST,138,bdf2_level,Omega,1.174433826296e+04,1.174433840198e+04,1.184e-08,
RANS_SST_WD_0.01-20_NN_Drift_Seed2_Second,SST,139,state,Density,3.136275210326e+04,3.136275210267e+04,-1.862e-11,3.424e-11
RANS_SST_WD_0.01-20_NN_Drift_Seed2_Second,SST,139,state,Momentum_x,3.119893590232e+03,3.119893592345e+03,6.772e-10,-1.206e-10
RANS_SST_WD_0.01-20_NN_Drift_Seed2_Second,SST,139,state,Momentum_y,3.275980544992e+02,3.275980563529e+02,5.658e-09,2.930e-08
RANS_SST_WD_0.01-20_NN_Drift_Seed2_Second,SST,139,state,Energy,5.616224493298e+04,5.616224493310e+04,2.100e-12,2.780e-11
RANS_SST_WD_0.01-20_NN_Drift_Seed2_Second,SST,139,state,Turb_Kin_Energy,1.765434267619e-03,1.765434387998e-03,6.819e-08,-5.444e-06
RANS_SST_WD_0.01-20_NN_Drift_Seed2_Second,SST,139,state,Omega,1.174433823798e+04,1.174433837415e+04,1.159e-08,-1.981e-07
RANS_SST_WD_0.01-20_NN_Drift_Seed2_Second,SST,148,bdf2_level,Density,3.136275210266e+04,3.136275210221e+04,-1.440e-11,
RANS_SST_WD_0.01-20_NN_Drift_Seed2_Second,SST,148,bdf2_level,Momentum_x,3.119893590613e+03,3.119893589291e+03,-4.236e-10,
RANS_SST_WD_0.01-20_NN_Drift_Seed2_Second,SST,148,bdf2_level,Momentum_y,3.275980575957e+02,3.275980612117e+02,1.104e-08,
RANS_SST_WD_0.01-20_NN_Drift_Seed2_Second,SST,148,bdf2_level,Energy,5.616224493305e+04,5.616224493164e+04,-2.512e-11,
RANS_SST_WD_0.01-20_NN_Drift_Seed2_Second,SST,148,bdf2_level,Turb_Kin_Energy,1.765431383124e-03,1.765430689654e-03,-3.928e-07,
RANS_SST_WD_0.01-20_NN_Drift_Seed2_Second,SST,148,bdf2_level,Omega,1.174433823393e+04,1.174433790792e+04,-2.776e-08,
RANS_SST_WD_0.01-20_NN_Drift_Seed2_Second,SST,149,state,Density,3.136275210266e+04,3.136275210217e+04,-1.574e-11,-1.902e-11
RANS_SST_WD_0.01-20_NN_Drift_Seed2_Second,SST,149,state,Momentum_x,3.119893590433e+03,3.119893589045e+03,-4.448e-10,6.425e-11
RANS_SST_WD_0.01-20_NN_Drift_Seed2_Second,SST,149,state,Momentum_y,3.275980576073e+02,3.275980612161e+02,1.102e-08,9.487e-09
RANS_SST_WD_0.01-20_NN_Drift_Seed2_Second,SST,149,state,Energy,5.616224493305e+04,5.616224493154e+04,-2.687e-11,1.200e-12
RANS_SST_WD_0.01-20_NN_Drift_Seed2_Second,SST,149,state,Turb_Kin_Energy,1.765430791998e-03,1.765430127422e-03,-3.764e-07,-1.969e-06
RANS_SST_WD_0.01-20_NN_Drift_Seed2_Second,SST,149,state,Omega,1.174433819289e+04,1.174433787378e+04,-2.717e-08,-3.839e-09
RANS_SST_WD_0.01-20_NN_Drift_Seed2_Second,SST,158,bdf2_level,Density,3.136275210215e+04,3.136275210154e+04,-1.929e-11,
RANS_SST_WD_0.01-20_NN_Drift_Seed2_Second,SST,158,bdf2_level,Momentum_x,3.119893587599e+03,3.119893587205e+03,-1.264e-10,
RANS_SST_WD_0.01-20_NN_Drift_Seed2_Second,SST,158,bdf2_level,Momentum_y,3.275980652735e+02,3.275980616480e+02,-1.107e-08,
RANS_SST_WD_0.01-20_NN_Drift_Seed2_Second,SST,158,bdf2_level,Energy,5.616224493147e+04,5.616224493005e+04,-2.529e-11,
RANS_SST_WD_0.01-20_NN_Drift_Seed2_Second,SST,158,bdf2_level,Turb_Kin_Energy,1.765424484464e-03,1.765424075271e-03,-2.318e-07,
RANS_SST_WD_0.01-20_NN_Drift_Seed2_Second,SST,158,bdf2_level,Omega,1.174433735336e+04,1.174433727843e+04,-6.380e-09,
RANS_SST_WD_0.01-20_NN_Drift_Seed2_Second,SST,159,state,Density,3.136275210215e+04,3.136275210155e+04,-1.906e-11,-1.631e-11
RANS_SST_WD_0.01-20_NN_Drift_Seed2_Second,SST,159,state,Momentum_x,3.119893587432e+03,3.119893587019e+03,-1.326e-10,-9.617e-10
RANS_SST_WD_0.01-20_NN_Drift_Seed2_Second,SST,159,state,Momentum_y,3.275980659744e+02,3.275980622940e+02,-1.123e-08,2.554e-08
RANS_SST_WD_0.01-20_NN_Drift_Seed2_Second,SST,159,state,Energy,5.616224493147e+04,5.616224493007e+04,-2.497e-11,-2.801e-11
RANS_SST_WD_0.01-20_NN_Drift_Seed2_Second,SST,159,state,Turb_Kin_Energy,1.765423731565e-03,1.765423311941e-03,-2.377e-07,-3.999e-06
RANS_SST_WD_0.01-20_NN_Drift_Seed2_Second,SST,159,state,Omega,1.174433733189e+04,1.174433725739e+04,-6.344e-09,-7.331e-08
RANS_SST_WD_0.01-20_NN_Drift_Seed2_Second,SST,168,bdf2_level,Density,3.136275210156e+04,3.136275210238e+04,2.609e-11,
RANS_SST_WD_0.01-20_NN_Drift_Seed2_Second,SST,168,bdf2_level,Momentum_x,3.119893585899e+03,3.119893587386e+03,4.766e-10,
RANS_SST_WD_0.01-20_NN_Drift_Seed2_Second,SST,168,bdf2_level,Momentum_y,3.275980653724e+02,3.275980679007e+02,7.718e-09,
RANS_SST_WD_0.01-20_NN_Drift_Seed2_Second,SST,168,bdf2_level,Energy,5.616224493008e+04,5.616224493199e+04,3.391e-11,
RANS_SST_WD_0.01-20_NN_Drift_Seed2_Second,SST,168,bdf2_level,Turb_Kin_Energy,1.765419595308e-03,1.765419763292e-03,9.515e-08,
RANS_SST_WD_0.01-20_NN_Drift_Seed2_Second,SST,168,bdf2_level,Omega,1.174433726113e+04,1.174433742034e+04,1.356e-08,
RANS_SST_WD_0.01-20_NN_Drift_Seed2_Second,SST,169,state,Density,3.136275210157e+04,3.136275210240e+04,2.673e-11,-1.863e-11
RANS_SST_WD_0.01-20_NN_Drift_Seed2_Second,SST,169,state,Momentum_x,3.119893585788e+03,3.119893587278e+03,4.776e-10,-5.271e-10
RANS_SST_WD_0.01-20_NN_Drift_Seed2_Second,SST,169,state,Momentum_y,3.275980653277e+02,3.275980678124e+02,7.584e-09,-1.974e-09
RANS_SST_WD_0.01-20_NN_Drift_Seed2_Second,SST,169,state,Energy,5.616224493008e+04,5.616224493204e+04,3.481e-11,-2.477e-11
RANS_SST_WD_0.01-20_NN_Drift_Seed2_Second,SST,169,state,Turb_Kin_Energy,1.765419644059e-03,1.765419805466e-03,9.143e-08,-2.315e-06
RANS_SST_WD_0.01-20_NN_Drift_Seed2_Second,SST,169,state,Omega,1.174433729393e+04,1.174433745294e+04,1.354e-08,-3.232e-09
RANS_SST_WD_0.01-20_NN_Drift_Seed2_Second,SST,178,bdf2_level,Density,3.136275210241e+04,3.136275209984e+04,-8.185e-11,
RANS_SST_WD_0.01-20_NN_Drift_Seed2_Second,SST,178,bdf2_level,Momentum_x,3.119893586089e+03,3.119893582722e+03,-1.079e-09,
RANS_SST_WD_0.01-20_NN_Drift_Seed2_Second,SST,178,bdf2_level,Momentum_y,3.275980673552e+02,3.275980653323e+02,-6.175e-09,
RANS_SST_WD_0.01-20_NN_Drift_Seed2_Second,SST,178,bdf2_level,Energy,5.616224493203e+04,5.616224492682e+04,-9.273e-11,
RANS_SST_WD_0.01-20_NN_Drift_Seed2_Second,SST,178,bdf2_level,Turb_Kin_Energy,1.765419847591e-03,1.765418865900e-03,-5.561e-07,
RANS_SST_WD_0.01-20_NN_Drift_Seed2_Second,SST,178,bdf2_level,Omega,1.174433731352e+04,1.174433698686e+04,-2.781e-08,
RANS_SST_WD_0.01-20_NN_Drift_Seed2_Second,SST,179,state,Density,3.136275210241e+04,3.136275209982e+04,-8.253e-11,2.677e-11
RANS_SST_WD_0.01-20_NN_Drift_Seed2_Second,SST,179,state,Momentum_x,3.119893585951e+03,3.119893582582e+03,-1.080e-09,5.213e-11
RANS_SST_WD_0.01-20_NN_Drift_Seed2_Second,SST,179,state,Momentum_y,3.275980673554e+02,3.275980653604e+02,-6.090e-09,6.190e-09
RANS_SST_WD_0.01-20_NN_Drift_Seed2_Second,SST,179,state,Energy,5.616224493202e+04,5.616224492676e+04,-9.367e-11,3.445e-11
RANS_SST_WD_0.01-20_NN_Drift_Seed2_Second,SST,179,state,Turb_Kin_Energy,1.765419639925e-03,1.765418665214e-03,-5.521e-07,-2.342e-09
RANS_SST_WD_0.01-20_NN_Drift_Seed2_Second,SST,179,state,Omega,1.174433727521e+04,1.174433695117e+04,-2.759e-08,-1.593e-09
RANS_SST_WD_0.01-20_NN_Drift_Seed2_Second,SST,188,bdf2_level,Density,3.136275209973e+04,3.136275210124e+04,4.826e-11,
RANS_SST_WD_0.01-20_NN_Drift_Seed2_Second,SST,188,bdf2_level,Momentum_x,3.119893581301e+03,3.119893581263e+03,-1.207e-11,
RANS_SST_WD_0.01-20_NN_Drift_Seed2_Second,SST,188,bdf2_level,Momentum_y,3.275980606583e+02,3.275980637840e+02,9.541e-09,
RANS_SST_WD_0.01-20_NN_Drift_Seed2_Second,SST,188,bdf2_level,Energy,5.616224492651e+04,5.616224492989e+04,6.019e-11,
RANS_SST_WD_0.01-20_NN_Drift_Seed2_Second,SST,188,bdf2_level,Turb_Kin_Energy,1.765413684146e-03,1.765413774280e-03,5.106e-08,
RANS_SST_WD_0.01-20_NN_Drift_Seed2_Second,SST,188,bdf2_level,Omega,1.174433664990e+04,1.174433664994e+04,3.317e-12,
RANS_SST_WD_0.01-20_NN_Drift_Seed2_Second,SST,189,state,Density,3.136275209972e+04,3.136275210123e+04,4.836e-11,-8.576e-11
RANS_SST_WD_0.01-20_NN_Drift_Seed2_Second,SST,189,state,Momentum_x,3.119893581174e+03,3.119893581125e+03,-1.600e-11,-1.531e-09
RANS_SST_WD_0.01-20_NN_Drift_Seed2_Second,SST,189,state,Momentum_y,3.275980602552e+02,3.275980633793e+02,9.536e-09,-2.167e-08
RANS_SST_WD_0.01-20_NN_Drift_Seed2_Second,SST,189,state,Energy,5.616224492647e+04,5.616224492987e+04,6.040e-11,-9.870e-11
RANS_SST_WD_0.01-20_NN_Drift_Seed2_Second,SST,189,state,Turb_Kin_Energy,1.765412908293e-03,1.765412985729e-03,4.386e-08,-3.813e-06
RANS_SST_WD_0.01-20_NN_Drift_Seed2_Second,SST,189,state,Omega,1.174433660992e+04,1.174433660873e+04,-1.008e-10,-5.665e-08
RANS_SST_WD_0.01-20_NN_Drift_Seed2_Second,SST,198,bdf2_level,Density,3.136275210102e+04,3.136275210145e+04,1.372e-11,
RANS_SST_WD_0.01-20_NN_Drift_Seed2_Second,SST,198,bdf2_level,Momentum_x,3.119893580070e+03,3.119893579977e+03,-2.986e-11,
RANS_SST_WD_0.01-20_NN_Drift_Seed2_Second,SST,198,bdf2_level,Momentum_y,3.275980651976e+02,3.275980637446e+02,-4.435e-09,
RANS_SST_WD_0.01-20_NN_Drift_Seed2_Second,SST,198,bdf2_level,Energy,5.616224492929e+04,5.616224492866e+04,-1.124e-11,
RANS_SST_WD_0.01-20_NN_Drift_Seed2_Second,SST,198,bdf2_level,Turb_Kin_Energy,1.765409322763e-03,1.765409264097e-03,-3.323e-08,
RANS_SST_WD_0.01-20_NN_Drift_Seed2_Second,SST,198,bdf2_level,Omega,1.174433664535e+04,1.174433667460e+04,2.491e-09,
RANS_SST_WD_0.01-20_NN_Drift_Seed2_Second,SST,199,state,Density,3.136275210098e+04,3.136275210138e+04,1.244e-11,4.046e-11
RANS_SST_WD_0.01-20_NN_Drift_Seed2_Second,SST,199,state,Momentum_x,3.119893579920e+03,3.119893579821e+03,-3.188e-11,-4.019e-10
RANS_SST_WD_0.01-20_NN_Drift_Seed2_Second,SST,199,state,Momentum_y,3.275980653561e+02,3.275980639248e+02,-4.369e-09,1.557e-08
RANS_SST_WD_0.01-20_NN_Drift_Seed2_Second,SST,199,state,Energy,5.616224492920e+04,5.616224492846e+04,-1.326e-11,4.862e-11
RANS_SST_WD_0.01-20_NN_Drift_Seed2_Second,SST,199,state,Turb_Kin_Energy,1.765409228813e-03,1.765409141841e-03,-4.926e-08,-2.084e-06
RANS_SST_WD_0.01-20_NN_Drift_Seed2_Second,SST,199,state,Omega,1.174433671168e+04,1.174433673327e+04,1.838e-09,8.665e-09
RANS_SST_WD_0.01-20_NN_Drift_Seed2_Second,SST,208,bdf2_level,Density,3.136275210097e+04,3.136275209955e+04,-4.530e-11,
RANS_SST_WD_0.01-20_NN_Drift_Seed2_Second,SST,208,bdf2_level,Momentum_x,3.119893578344e+03,3.119893573923e+03,-1.417e-09,
RANS_SST_WD_0.01-20_NN_Drift_Seed2_Second,SST,208,bdf2_level,Momentum_y,3.275980685910e+02,3.275980655310e+02,-9.341e-09,
RANS_SST_WD_0.01-20_NN_Drift_Seed2_Second,SST,208,bdf2_level,Energy,5.616224492739e+04,5.616224492478e+04,-4.651e-11,
RANS_SST_WD_0.01-20_NN_Drift_Seed2_Second,SST,208,bdf2_level,Turb_Kin_Energy,1.765410830844e-03,1.765410301171e-03,-3.000e-07,
RANS_SST_WD_0.01-20_NN_Drift_Seed2_Second,SST,208,bdf2_level,Omega,1.174433720191e+04,1.174433711023e+04,-7.806e-09,
RANS_SST_WD_0.01-20_NN_Drift_Seed2_Second,SST,209,state,Density,3.136275210092e+04,3.136275209951e+04,-4.518e-11,-1.941e-12
RANS_SST_WD_0.01-20_NN_Drift_Seed2_Second,SST,209,state,Momentum_x,3.119893578151e+03,3.119893573676e+03,-1.435e-09,-5.670e-10
RANS_SST_WD_0.01-20_NN_Drift_Seed2_Second,SST,209,state,Momentum_y,3.275980688602e+02,3.275980658496e+02,-9.190e-09,1.070e-08
RANS_SST_WD_0.01-20_NN_Drift_Seed2_Second,SST,209,state,Energy,5.616224492726e+04,5.616224492466e+04,-4.634e-11,-3.462e-11
RANS_SST_WD_0.01-20_NN_Drift_Seed2_Second,SST,209,state,Turb_Kin_Energy,1.765410837301e-03,1.765410302265e-03,-3.031e-07,9.111e-07
RANS_SST_WD_0.01-20_NN_Drift_Seed2_Second,SST,209,state,Omega,1.174433720909e+04,1.174433711721e+04,-7.823e-09,4.235e-08
RANS_SST_WD_0.01-20_NN_Drift_Seed2_Second,SST,218,bdf2_level,Density,3.136275209903e+04,3.136275209958e+04,1.740e-11,
RANS_SST_WD_0.01-20_NN_Drift_Seed2_Second,SST,218,bdf2_level,Momentum_x,3.119893571950e+03,3.119893569108e+03,-9.108e-10,
RANS_SST_WD_0.01-20_NN_Drift_Seed2_Second,SST,218,bdf2_level,Momentum_y,3.275980718400e+02,3.275980716373e+02,-6.187e-10,
RANS_SST_WD_0.01-20_NN_Drift_Seed2_Second,SST,218,bdf2_level,Energy,5.616224492341e+04,5.616224492414e+04,1.301e-11,
RANS_SST_WD_0.01-20_NN_Drift_Seed2_Second,SST,218,bdf2_level,Turb_Kin_Energy,1.765412497364e-03,1.765412246729e-03,-1.420e-07,
RANS_SST_WD_0.01-20_NN_Drift_Seed2_Second,SST,218,bdf2_level,Omega,1.174433732683e+04,1.174433700375e+04,-2.751e-08,
RANS_SST_WD_0.01-20_NN_Drift_Seed2_Second,SST,219,state,Density,3.136275209898e+04,3.136275209951e+04,1.691e-11,-6.203e-11
RANS_SST_WD_0.01-20_NN_Drift_Seed2_Second,SST,219,state,Momentum_x,3.119893571772e+03,3.119893568949e+03,-9.049e-10,-2.045e-09
RANS_SST_WD_0.01-20_NN_Drift_Seed2_Second,SST,219,state,Momentum_y,3.275980729648e+02,3.275980727726e+02,-5.866e-10,1.253e-08
RANS_SST_WD_0.01-20_NN_Drift_Seed2_Second,SST,219,state,Energy,5.616224492327e+04,5.616224492396e+04,1.228e-11,-7.109e-11
RANS_SST_WD_0.01-20_NN_Drift_Seed2_Second,SST,219,state,Turb_Kin_Energy,1.765412747319e-03,1.765412499704e-03,-1.403e-07,1.082e-06
RANS_SST_WD_0.01-20_NN_Drift_Seed2_Second,SST,219,state,Omega,1.174433735419e+04,1.174433703183e+04,-2.745e-08,1.236e-08
RANS_SST_WD_0.01-20_NN_Drift_Seed2_Second,SST,228,bdf2_level,Density,3.136275209910e+04,3.136275209889e+04,-6.880e-12,
RANS_SST_WD_0.01-20_NN_Drift_Seed2_Second,SST,228,bdf2_level,Momentum_x,3.119893566917e+03,3.119893563600e+03,-1.063e-09,
RANS_SST_WD_0.01-20_NN_Drift_Seed2_Second,SST,228,bdf2_level,Momentum_y,3.275980757037e+02,3.275980769791e+02,3.893e-09,
RANS_SST_WD_0.01-20_NN_Drift_Seed2_Second,SST,228,bdf2_level,Energy,5.616224492289e+04,5.616224492164e+04,-2.213e-11,
RANS_SST_WD_0.01-20_NN_Drift_Seed2_Second,SST,228,bdf2_level,Turb_Kin_Energy,1.765412107865e-03,1.765413885084e-03,1.007e-06,
RANS_SST_WD_0.01-20_NN_Drift_Seed2_Second,SST,228,bdf2_level,Omega,1.174433708940e+04,1.174433757260e+04,4.114e-08,
RANS_SST_WD_0.01-20_NN_Drift_Seed2_Second,SST,229,state,Density,3.136275209907e+04,3.136275209886e+04,-6.688e-12,2.997e-12
RANS_SST_WD_0.01-20_NN_Drift_Seed2_Second,SST,229,state,Momentum_x,3.119893566680e+03,3.119893563390e+03,-1.054e-09,-1.632e-09
RANS_SST_WD_0.01-20_NN_Drift_Seed2_Second,SST,229,state,Momentum_y,3.275980759712e+02,3.275980772664e+02,3.954e-09,9.177e-09
RANS_SST_WD_0.01-20_NN_Drift_Seed2_Second,SST,229,state,Energy,5.616224492280e+04,5.616224492157e+04,-2.205e-11,-8.234e-12
RANS_SST_WD_0.01-20_NN_Drift_Seed2_Second,SST,229,state,Turb_Kin_Energy,1.765412059296e-03,1.765413804999e-03,9.888e-07,-3.897e-07
RANS_SST_WD_0.01-20_NN_Drift_Seed2_Second,SST,229,state,Omega,1.174433708842e+04,1.174433756445e+04,4.053e-08,-2.263e-08
RANS_SST_WD_0.01-20_NN_Drift_Seed2_Second,SST,238,bdf2_level,Density,3.136275209877e+04,3.136275209793e+04,-2.667e-11,
RANS_SST_WD_0.01-20_NN_Drift_Seed2_Second,SST,238,bdf2_level,Momentum_x,3.119893561699e+03,3.119893569202e+03,2.405e-09,
RANS_SST_WD_0.01-20_NN_Drift_Seed2_Second,SST,238,bdf2_level,Momentum_y,3.275980806259e+02,3.275980810858e+02,1.404e-09,
RANS_SST_WD_0.01-20_NN_Drift_Seed2_Second,SST,238,bdf2_level,Energy,5.616224492130e+04,5.616224492072e+04,-1.029e-11,
RANS_SST_WD_0.01-20_NN_Drift_Seed2_Second,SST,238,bdf2_level,Turb_Kin_Energy,1.765413782699e-03,1.765410663413e-03,-1.767e-06,
RANS_SST_WD_0.01-20_NN_Drift_Seed2_Second,SST,238,bdf2_level,Omega,1.174433792582e+04,1.174433725776e+04,-5.688e-08,
RANS_SST_WD_0.01-20_NN_Drift_Seed2_Second,SST,239,state,Density,3.136275209878e+04,3.136275209792e+04,-2.752e-11,-9.184e-12
RANS_SST_WD_0.01-20_NN_Drift_Seed2_Second,SST,239,state,Momentum_x,3.119893561534e+03,3.119893569043e+03,2.407e-09,-1.649e-09
RANS_SST_WD_0.01-20_NN_Drift_Seed2_Second,SST,239,state,Momentum_y,3.275980803743e+02,3.275980808379e+02,1.415e-09,1.344e-08
RANS_SST_WD_0.01-20_NN_Drift_Seed2_Second,SST,239,state,Energy,5.616224492133e+04,5.616224492069e+04,-1.152e-11,-2.621e-11
RANS_SST_WD_0.01-20_NN_Drift_Seed2_Second,SST,239,state,Turb_Kin_Energy,1.765413486289e-03,1.765410349131e-03,-1.777e-06,8.083e-07
RANS_SST_WD_0.01-20_NN_Drift_Seed2_Second,SST,239,state,Omega,1.174433795205e+04,1.174433728130e+04,-5.711e-08,7.354e-08
RANS_SST_WD_0.01-20_NN_Drift_Seed2_Second,SST,248,bdf2_level,Density,3.136275209828e+04,3.136275209728e+04,-3.175e-11,
RANS_SST_WD_0.01-20_NN_Drift_Seed2_Second,SST,248,bdf2_level,Momentum_x,3.119893568135e+03,3.119893563223e+03,-1.574e-09,
RANS_SST_WD_0.01-20_NN_Drift_Seed2_Second,SST,248,bdf2_level,Momentum_y,3.275980794722e+02,3.275980794713e+02,-2.642e-12,
RANS_SST_WD_0.01-20_NN_Drift_Seed2_Second,SST,248,bdf2_level,Energy,5.616224492159e+04,5.616224491968e+04,-3.400e-11,
RANS_SST_WD_0.01-20_NN_Drift_Seed2_Second,SST,248,bdf2_level,Turb_Kin_Energy,1.765411439903e-03,1.765414689737e-03,1.841e-06,
RANS_SST_WD_0.01-20_NN_Drift_Seed2_Second,SST,248,bdf2_level,Omega,1.174433778858e+04,1.174433850903e+04,6.134e-08,
RANS_SST_WD_0.01-20_NN_Drift_Seed2_Second,SST,249,state,Density,3.136275209835e+04,3.136275209734e+04,-3.225e-11,-1.384e-11
RANS_SST_WD_0.01-20_NN_Drift_Seed2_Second,SST,249,state,Momentum_x,3.119893568027e+03,3.119893563127e+03,-1.570e-09,2.081e-09
RANS_SST_WD_0.01-20_NN_Drift_Seed2_Second,SST,249,state,Momentum_y,3.275980789141e+02,3.275980788976e+02,-5.045e-11,-4.457e-09
RANS_SST_WD_0.01-20_NN_Drift_Seed2_Second,SST,249,state,Energy,5.616224492176e+04,5.616224491982e+04,-3.455e-11,7.666e-12
RANS_SST_WD_0.01-20_NN_Drift_Seed2_Second,SST,249,state,Turb_Kin_Energy,1.765411969597e-03,1.765415136318e-03,1.794e-06,-8.591e-07
RANS_SST_WD_0.01-20_NN_Drift_Seed2_Second,SST,249,state,Omega,1.174433787442e+04,1.174433857807e+04,5.991e-08,-6.610e-09
RANS_SST_WD_0.01-20_NN_Drift_Seed2_Second,SST,258,bdf2_level,Density,3.136275209819e+04,3.136275209833e+04,4.199e-12,
RANS_SST_WD_0.01-20_NN_Drift_Seed2_Second,SST,258,bdf2_level,Momentum_x,3.119893562218e+03,3.119893564954e+03,8.769e-10,
RANS_SST_WD_0.01-20_NN_Drift_Seed2_Second,SST,258,bdf2_level,Momentum_y,3.275980838803e+02,3.275980848104e+02,2.839e-09,
RANS_SST_WD_0.01-20_NN_Drift_Seed2_Second,SST,258,bdf2_level,Energy,5.616224492199e+04,5.616224491998e+04,-3.592e-11,
RANS_SST_WD_0.01-20_NN_Drift_Seed2_Second,SST,258,bdf2_level,Turb_Kin_Energy,1.765417482310e-03,1.765417778989e-03,1.681e-07,
RANS_SST_WD_0.01-20_NN_Drift_Seed2_Second,SST,258,bdf2_level,Omega,1.174433858190e+04,1.174433871168e+04,1.105e-08,
RANS_SST_WD_0.01-20_NN_Drift_Seed2_Second,SST,259,state,Density,3.136275209831e+04,3.136275209850e+04,5.888e-12,-1.239e-12
RANS_SST_WD_0.01-20_NN_Drift_Seed2_Second,SST,259,state,Momentum_x,3.119893562123e+03,3.119893564906e+03,8.919e-10,-1.892e-09
RANS_SST_WD_0.01-20_NN_Drift_Seed2_Second,SST,259,state,Momentum_y,3.275980849747e+02,3.275980859041e+02,2.837e-09,1.850e-08
RANS_SST_WD_0.01-20_NN_Drift_Seed2_Second,SST,259,state,Energy,5.616224492230e+04,5.616224492041e+04,-3.354e-11,9.484e-12
RANS_SST_WD_0.01-20_NN_Drift_Seed2_Second,SST,259,state,Turb_Kin_Energy,1.765417253070e-03,1.765417548125e-03,1.671e-07,2.993e-06
RANS_SST_WD_0.01-20_NN_Drift_Seed2_Second,SST,259,state,Omega,1.174433853915e+04,1.174433866865e+04,1.103e-08,5.660e-08
RANS_SST_WD_0.01-20_NN_Drift_Seed2_Second,SST,268,bdf2_level,Density,3.136275209972e+04,3.136275209867e+04,-3.372e-11,
RANS_SST_WD_0.01-20_NN_Drift_Seed2_Second,SST,268,bdf2_level,Momentum_x,3.119893564008e+03,3.119893569686e+03,1.820e-09,
RANS_SST_WD_0.01-20_NN_Drift_Seed2_Second,SST,268,bdf2_level,Momentum_y,3.275980885253e+02,3.275980885105e+02,-4.523e-11,
RANS_SST_WD_0.01-20_NN_Drift_Seed2_Second,SST,268,bdf2_level,Energy,5.616224492353e+04,5.616224492191e+04,-2.877e-11,
RANS_SST_WD_0.01-20_NN_Drift_Seed2_Second,SST,268,bdf2_level,Turb_Kin_Energy,1.765413548635e-03,1.765412860203e-03,-3.900e-07,
RANS_SST_WD_0.01-20_NN_Drift_Seed2_Second,SST,268,bdf2_level,Omega,1.174433876293e+04,1.174433855329e+04,-1.785e-08,
RANS_SST_WD_0.01-20_NN_Drift_Seed2_Second,SST,269,state,Density,3.136275209987e+04,3.136275209883e+04,-3.306e-11,4.956e-11
RANS_SST_WD_0.01-20_NN_Drift_Seed2_Second,SST,269,state,Momentum_x,3.119893563922e+03,3.119893569560e+03,1.807e-09,5.766e-10
RANS_SST_WD_0.01-20_NN_Drift_Seed2_Second,SST,269,state,Momentum_y,3.275980887932e+02,3.275980888169e+02,7.232e-11,1.166e-08
RANS_SST_WD_0.01-20_NN_Drift_Seed2_Second,SST,269,state,Energy,5.616224492389e+04,5.616224492232e+04,-2.804e-11,2.839e-11
RANS_SST_WD_0.01-20_NN_Drift_Seed2_Second,SST,269,state,Turb_Kin_Energy,1.765413325074e-03,1.765412599440e-03,-4.110e-07,-2.225e-06
RANS_SST_WD_0.01-20_NN_Drift_Seed2_Second,SST,269,state,Omega,1.174433881174e+04,1.174433859540e+04,-1.842e-08,2.321e-08
RANS_SST_WD_0.01-20_NN_Drift_Seed2_Second,SST,278,bdf2_level,Density,3.136275210011e+04,3.136275209902e+04,-3.502e-11,
RANS_SST_WD_0.01-20_NN_Drift_Seed2_Second,SST,278,bdf2_level,Momentum_x,3.119893568956e+03,3.119893574199e+03,1.680e-09,
RANS_SST_WD_0.01-20_NN_Drift_Seed2_Second,SST,278,bdf2_level,Momentum_y,3.275980916567e+02,3.275980905464e+02,-3.389e-09,
RANS_SST_WD_0.01-20_NN_Drift_Seed2_Second,SST,278,bdf2_level,Energy,5.616224492556e+04,5.616224492459e+04,-1.725e-11,
RANS_SST_WD_0.01-20_NN_Drift_Seed2_Second,SST,278,bdf2_level,Turb_Kin_Energy,1.765410262900e-03,1.765409108086e-03,-6.541e-07,
RANS_SST_WD_0.01-20_NN_Drift_Seed2_Second,SST,278,bdf2_level,Omega,1.174433845322e+04,1.174433815403e+04,-2.548e-08,
RANS_SST_WD_0.01-20_NN_Drift_Seed2_Second,SST,279,state,Density,3.136275210025e+04,3.136275209913e+04,-3.552e-11,1.220e-11
RANS_SST_WD_0.01-20_NN_Drift_Seed2_Second,SST,279,state,Momentum_x,3.119893568901e+03,3.119893574156e+03,1.684e-09,1.596e-09
RANS_SST_WD_0.01-20_NN_Drift_Seed2_Second,SST,279,state,Momentum_y,3.275980915245e+02,3.275980904087e+02,-3.406e-09,8.337e-09
RANS_SST_WD_0.01-20_NN_Drift_Seed2_Second,SST,279,state,Energy,5.616224492590e+04,5.616224492489e+04,-1.802e-11,3.579e-11
RANS_SST_WD_0.01-20_NN_Drift_Seed2_Second,SST,279,state,Turb_Kin_Energy,1.765409867900e-03,1.765408683269e-03,-6.710e-07,-1.958e-06
RANS_SST_WD_0.01-20_NN_Drift_Seed2_Second,SST,279,state,Omega,1.174433842158e+04,1.174433811524e+04,-2.608e-08,-3.322e-08
RANS_SST_WD_0.01-20_NN_Drift_Seed2_Second,SST,288,bdf2_level,Density,3.136275210019e+04,3.136275210200e+04,5.791e-11,
RANS_SST_WD_0.01-20_NN_Drift_Seed2_Second,SST,288,bdf2_level,Momentum_x,3.119893573471e+03,3.119893573192e+03,-8.950e-11,
RANS_SST_WD_0.01-20_NN_Drift_Seed2_Second,SST,288,bdf2_level,Momentum_y,3.275980889396e+02,3.275980931083e+02,1.273e-08,
RANS_SST_WD_0.01-20_NN_Drift_Seed2_Second,SST,288,bdf2_level,Energy,5.616224492754e+04,5.616224492887e+04,2.376e-11,
RANS_SST_WD_0.01-20_NN_Drift_Seed2_Second,SST,288,bdf2_level,Turb_Kin_Energy,1.765408346188e-03,1.765408922439e-03,3.264e-07,
RANS_SST_WD_0.01-20_NN_Drift_Seed2_Second,SST,288,bdf2_level,Omega,1.174433829338e+04,1.174433852316e+04,1.957e-08,
RANS_SST_WD_0.01-20_NN_Drift_Seed2_Second,SST,289,state,Density,3.136275210028e+04,3.136275210208e+04,5.715e-11,1.122e-12
RANS_SST_WD_0.01-20_NN_Drift_Seed2_Second,SST,289,state,Momentum_x,3.119893573355e+03,3.119893573092e+03,-8.406e-11,1.427e-09
RANS_SST_WD_0.01-20_NN_Drift_Seed2_Second,SST,289,state,Momentum_y,3.275980896610e+02,3.275980938208e+02,1.270e-08,-5.688e-09
RANS_SST_WD_0.01-20_NN_Drift_Seed2_Second,SST,289,state,Energy,5.616224492778e+04,5.616224492906e+04,2.278e-11,3.342e-11
RANS_SST_WD_0.01-20_NN_Drift_Seed2_Second,SST,289,state,Turb_Kin_Energy,1.765408618005e-03,1.765409198758e-03,3.290e-07,-7.080e-07
RANS_SST_WD_0.01-20_NN_Drift_Seed2_Second,SST,289,state,Omega,1.174433834785e+04,1.174433857921e+04,1.970e-08,-6.278e-09
RANS_SST_WD_0.01-20_NN_Drift_Seed2_Second,SST,298,bdf2_level,Density,3.136275210270e+04,3.136275210024e+04,-7.831e-11,
RANS_SST_WD_0.01-20_NN_Drift_Seed2_Second,SST,298,bdf2_level,Momentum_x,3.119893572086e+03,3.119893564220e+03,-2.521e-09,
RANS_SST_WD_0.01-20_NN_Drift_Seed2_Second,SST,298,bdf2_level,Momentum_y,3.275980943508e+02,3.275980952160e+02,2.641e-09,
RANS_SST_WD_0.01-20_NN_Drift_Seed2_Second,SST,298,bdf2_level,Energy,5.616224493059e+04,5.616224492771e+04,-5.137e-11,
RANS_SST_WD_0.01-20_NN_Drift_Seed2_Second,SST,298,bdf2_level,Turb_Kin_Energy,1.765411407622e-03,1.765413144848e-03,9.840e-07,
RANS_SST_WD_0.01-20_NN_Drift_Seed2_Second,SST,298,bdf2_level,Omega,1.174433932324e+04,1.174433971730e+04,3.355e-08,
RANS_SST_WD_0.01-20_NN_Drift_Seed2_Second,SST,299,state,Density,3.136275210274e+04,3.136275210029e+04,-7.809e-11,7.823e-11
RANS_SST_WD_0.01-20_NN_Drift_Seed2_Second,SST,299,state,Momentum_x,3.119893571945e+03,3.119893564132e+03,-2.504e-09,-4.519e-10
RANS_SST_WD_0.01-20_NN_Drift_Seed2_Second,SST,299,state,Momentum_y,3.275980942053e+02,3.275980950977e+02,2.724e-09,1.387e-08
RANS_SST_WD_0.01-20_NN_Drift_Seed2_Second,SST,299,state,Energy,5.616224493070e+04,5.616224492783e+04,-5.096e-11,5.195e-11
RANS_SST_WD_0.01-20_NN_Drift_Seed2_Second,SST,299,state,Turb_Kin_Energy,1.765411553986e-03,1.765413264357e-03,9.688e-07,1.663e-06
RANS_SST_WD_0.01-20_NN_Drift_Seed2_Second,SST,299,state,Omega,1.174433937749e+04,1.174433976363e+04,3.288e-08,8.767e-08
RANS_SST_WD_0.01-20_NN_Drift_Seed2_Second,SST,308,bdf2_level,Density,3.136275210041e+04,3.136275210030e+04,-3.428e-12,
RANS_SST_WD_0.01-20_NN_Drift_Seed2_Second,SST,308,bdf2_level,Momentum_x,3.119893563043e+03,3.119893563926e+03,2.831e-10,
RANS_SST_WD_0.01-20_NN_Drift_Seed2_Second,SST,308,bdf2_level,Momentum_y,3.275980985467e+02,3.275980992656e+02,2.194e-09,
RANS_SST_WD_0.01-20_NN_Drift_Seed2_Second,SST,308,bdf2_level,Energy,5.616224492810e+04,5.616224492727e+04,-1.481e-11,
RANS_SST_WD_0.01-20_NN_Drift_Seed2_Second,SST,308,bdf2_level,Turb_Kin_Energy,1.765409570244e-03,1.765408970536e-03,-3.397e-07,
RANS_SST_WD_0.01-20_NN_Drift_Seed2_Second,SST,308,bdf2_level,Omega,1.174433892953e+04,1.174433880331e+04,-1.075e-08,
RANS_SST_WD_0.01-20_NN_Drift_Seed2_Second,SST,309,state,Density,3.136275210040e+04,3.136275210027e+04,-4.224e-12,-7.457e-11
RANS_SST_WD_0.01-20_NN_Drift_Seed2_Second,SST,309,state,Momentum_x,3.119893562919e+03,3.119893563758e+03,2.690e-10,-2.893e-09
RANS_SST_WD_0.01-20_NN_Drift_Seed2_Second,SST,309,state,Momentum_y,3.275980984176e+02,3.275980991306e+02,2.176e-09,1.286e-08
RANS_SST_WD_0.01-20_NN_Drift_Seed2_Second,SST,309,state,Energy,5.616224492807e+04,5.616224492717e+04,-1.597e-11,-4.683e-11
RANS_SST_WD_0.01-20_NN_Drift_Seed2_Second,SST,309,state,Turb_Kin_Energy,1.765408687153e-03,1.765408074462e-03,-3.471e-07,-1.624e-06
RANS_SST_WD_0.01-20_NN_Drift_Seed2_Second,SST,309,state,Omega,1.174433883125e+04,1.174433870361e+04,-1.087e-08,-4.651e-08
RANS_SST_WD_0.01-20_NN_Drift_Seed2_Second,SST,318,bdf2_level,Density,3.136275209994e+04,3.136275210053e+04,1.873e-11,
RANS_SST_WD_0.01-20_NN_Drift_Seed2_Second,SST,318,bdf2_level,Momentum_x,3.119893562579e+03,3.119893565386e+03,8.997e-10,
RANS_SST_WD_0.01-20_NN_Drift_Seed2_Second,SST,318,bdf2_level,Momentum_y,3.275980982024e+02,3.275980980105e+02,-5.858e-10,
RANS_SST_WD_0.01-20_NN_Drift_Seed2_Second,SST,318,bdf2_level,Energy,5.616224492630e+04,5.616224492733e+04,1.829e-11,
RANS_SST_WD_0.01-20_NN_Drift_Seed2_Second,SST,318,bdf2_level,Turb_Kin_Energy,1.765401834157e-03,1.765400615409e-03,-6.904e-07,
RANS_SST_WD_0.01-20_NN_Drift_Seed2_Second,SST,318,bdf2_level,Omega,1.174433880745e+04,1.174433856735e+04,-2.044e-08,
RANS_SST_WD_0.01-20_NN_Drift_Seed2_Second,SST,319,state,Density,3.136275209989e+04,3.136275210045e+04,1.798e-11,-1.631e-11
RANS_SST_WD_0.01-20_NN_Drift_Seed2_Second,SST,319,state,Momentum_x,3.119893562462e+03,3.119893565229e+03,8.870e-10,-1.466e-10
RANS_SST_WD_0.01-20_NN_Drift_Seed2_Second,SST,319,state,Momentum_y,3.275980981637e+02,3.275980980041e+02,-4.870e-10,-7.753e-10
RANS_SST_WD_0.01-20_NN_Drift_Seed2_Second,SST,319,state,Energy,5.616224492616e+04,5.616224492713e+04,1.716e-11,-3.388e-11
RANS_SST_WD_0.01-20_NN_Drift_Seed2_Second,SST,319,state,Turb_Kin_Energy,1.765401462394e-03,1.765400228198e-03,-6.991e-07,-4.092e-06
RANS_SST_WD_0.01-20_NN_Drift_Seed2_Second,SST,319,state,Omega,1.174433883576e+04,1.174433859247e+04,-2.072e-08,3.842e-10
RANS_SST_WD_0.01-20_NN_Drift_Seed2_Second,SST,328,bdf2_level,Density,3.136275209990e+04,3.136275209956e+04,-1.084e-11,
RANS_SST_WD_0.01-20_NN_Drift_Seed2_Second,SST,328,bdf2_level,Momentum_x,3.119893564519e+03,3.119893559936e+03,-1.469e-09,
RANS_SST_WD_0.01-20_NN_Drift_Seed2_Second,SST,328,bdf2_level,Momentum_y,3.275980966591e+02,3.275981000752e+02,1.043e-08,
RANS_SST_WD_0.01-20_NN_Drift_Seed2_Second,SST,328,bdf2_level,Energy,5.616224492570e+04,5.616224492475e+04,-1.690e-11,
RANS_SST_WD_0.01-20_NN_Drift_Seed2_Second,SST,328,bdf2_level,Turb_Kin_Energy,1.765399836535e-03,1.765400840229e-03,5.685e-07,
RANS_SST_WD_0.01-20_NN_Drift_Seed2_Second,SST,328,bdf2_level,Omega,1.174434011359e+04,1.174434029952e+04,1.583e-08,
RANS_SST_WD_0.01-20_NN_Drift_Seed2_Second,SST,329,state,Density,3.136275209983e+04,3.136275209950e+04,-1.056e-11,-1.675e-12
RANS_SST_WD_0.01-20_NN_Drift_Seed2_Second,SST,329,state,Momentum_x,3.119893564486e+03,3.119893559912e+03,-1.466e-09,6.489e-10
RANS_SST_WD_0.01-20_NN_Drift_Seed2_Second,SST,329,state,Momentum_y,3.275980961897e+02,3.275980996459e+02,1.055e-08,-6.025e-09
RANS_SST_WD_0.01-20_NN_Drift_Seed2_Second,SST,329,state,Energy,5.616224492553e+04,5.616224492460e+04,-1.657e-11,-1.118e-11
RANS_SST_WD_0.01-20_NN_Drift_Seed2_Second,SST,329,state,Turb_Kin_Energy,1.765401149389e-03,1.765402124666e-03,5.524e-07,-1.773e-07
RANS_SST_WD_0.01-20_NN_Drift_Seed2_Second,SST,329,state,Omega,1.174434189557e+04,1.174434207509e+04,1.529e-08,2.605e-07
RANS_SST_WD_0.01-20_NN_Drift_Seed2_Second,SST,338,bdf2_level,Density,3.136275209900e+04,3.136275209793e+04,-3.411e-11,
RANS_SST_WD_0.01-20_NN_Drift_Seed2_Second,SST,338,bdf2_level,Momentum_x,3.119893558949e+03,3.119893556535e+03,-7.737e-10,
RANS_SST_WD_0.01-20_NN_Drift_Seed2_Second,SST,338,bdf2_level,Momentum_y,3.275981050891e+02,3.275981067867e+02,5.182e-09,
RANS_SST_WD_0.01-20_NN_Drift_Seed2_Second,SST,338,bdf2_level,Energy,5.616224492334e+04,5.616224492223e+04,-1.974e-11,
RANS_SST_WD_0.01-20_NN_Drift_Seed2_Second,SST,338,bdf2_level,Turb_Kin_Energy,1.765401677988e-03,1.765403380626e-03,9.644e-07,
RANS_SST_WD_0.01-20_NN_Drift_Seed2_Second,SST,338,bdf2_level,Omega,1.174434144672e+04,1.174434180960e+04,3.090e-08,
RANS_SST_WD_0.01-20_NN_Drift_Seed2_Second,SST,339,state,Density,3.136275209896e+04,3.136275209786e+04,-3.509e-11,-2.791e-11
RANS_SST_WD_0.01-20_NN_Drift_Seed2_Second,SST,339,state,Momentum_x,3.119893558844e+03,3.119893556399e+03,-7.837e-10,-1.809e-09
RANS_SST_WD_0.01-20_NN_Drift_Seed2_Second,SST,339,state,Momentum_y,3.275981054661e+02,3.275981071707e+02,5.203e-09,2.832e-08
RANS_SST_WD_0.01-20_NN_Drift_Seed2_Second,SST,339,state,Energy,5.616224492323e+04,5.616224492202e+04,-2.147e-11,-4.110e-11
RANS_SST_WD_0.01-20_NN_Drift_Seed2_Second,SST,339,state,Turb_Kin_Energy,1.765401634249e-03,1.765403355863e-03,9.752e-07,2.746e-07
RANS_SST_WD_0.01-20_NN_Drift_Seed2_Second,SST,339,state,Omega,1.174434133435e+04,1.174434170064e+04,3.119e-08,-4.779e-08
RANS_SST_WD_0.01-20_NN_Drift_Seed2_Second,SST,348,bdf2_level,Density,3.136275209760e+04,3.136275209814e+04,1.706e-11,
RANS_SST_WD_0.01-20_NN_Drift_Seed2_Second,SST,348,bdf2_level,Momentum_x,3.119893556006e+03,3.119893559628e+03,1.161e-09,
RANS_SST_WD_0.01-20_NN_Drift_Seed2_Second,SST,348,bdf2_level,Momentum_y,3.275981075548e+02,3.275981082269e+02,2.052e-09,
RANS_SST_WD_0.01-20_NN_Drift_Seed2_Second,SST,348,bdf2_level,Energy,5.616224492140e+04,5.616224492141e+04,2.579e-13,
RANS_SST_WD_0.01-20_NN_Drift_Seed2_Second,SST,348,bdf2_level,Turb_Kin_Energy,1.765404109015e-03,1.765401499607e-03,-1.478e-06,
RANS_SST_WD_0.01-20_NN_Drift_Seed2_Second,SST,348,bdf2_level,Omega,1.174434125592e+04,1.174434064083e+04,-5.237e-08,
RANS_SST_WD_0.01-20_NN_Drift_Seed2_Second,SST,349,state,Density,3.136275209759e+04,3.136275209813e+04,1.703e-11,-4.352e-11
RANS_SST_WD_0.01-20_NN_Drift_Seed2_Second,SST,349,state,Momentum_x,3.119893556000e+03,3.119893559631e+03,1.164e-09,-9.113e-10
RANS_SST_WD_0.01-20_NN_Drift_Seed2_Second,SST,349,state,Momentum_y,3.275981080474e+02,3.275981087426e+02,2.122e-09,7.879e-09
RANS_SST_WD_0.01-20_NN_Drift_Seed2_Second,SST,349,state,Energy,5.616224492139e+04,5.616224492140e+04,1.831e-13,-3.274e-11
RANS_SST_WD_0.01-20_NN_Drift_Seed2_Second,SST,349,state,Turb_Kin_Energy,1.765403345790e-03,1.765400726954e-03,-1.483e-06,9.695e-07
RANS_SST_WD_0.01-20_NN_Drift_Seed2_Second,SST,349,state,Omega,1.174434111086e+04,1.174434049433e+04,-5.250e-08,-1.903e-08
RANS_SST_WD_0.01-20_NN_Drift_Seed2_Second,SST,358,bdf2_level,Density,3.136275209826e+04,3.136275209718e+04,-3.440e-11,
RANS_SST_WD_0.01-20_NN_Drift_Seed2_Second,SST,358,bdf2_level,Momentum_x,3.119893559863e+03,3.119893554891e+03,-1.594e-09,
RANS_SST_WD_0.01-20_NN_Drift_Seed2_Second,SST,358,bdf2_level,Momentum_y,3.275981051953e+02,3.275981055621e+02,1.120e-09,
RANS_SST_WD_0.01-20_NN_Drift_Seed2_Second,SST,358,bdf2_level,Energy,5.616224492181e+04,5.616224492143e+04,-6.715e-12,
RANS_SST_WD_0.01-20_NN_Drift_Seed2_Second,SST,358,bdf2_level,Turb_Kin_Energy,1.765395508391e-03,1.765397623013e-03,1.198e-06,
RANS_SST_WD_0.01-20_NN_Drift_Seed2_Second,SST,358,bdf2_level,Omega,1.174433956309e+04,1.174434011479e+04,4.698e-08,
RANS_SST_WD_0.01-20_NN_Drift_Seed2_Second,SST,359,state,Density,3.136275209830e+04,3.136275209723e+04,-3.400e-11,2.245e-11
RANS_SST_WD_0.01-20_NN_Drift_Seed2_Second,SST,359,state,Momentum_x,3.119893559906e+03,3.119893554953e+03,-1.588e-09,1.252e-09
RANS_SST_WD_0.01-20_NN_Drift_Seed2_Second,SST,359,state,Momentum_y,3.275981047493e+02,3.275981051617e+02,1.259e-09,-1.007e-08
RANS_SST_WD_0.01-20_NN_Drift_Seed2_Second,SST,359,state,Energy,5.616224492191e+04,5.616224492156e+04,-6.116e-12,9.257e-12
RANS_SST_WD_0.01-20_NN_Drift_Seed2_Second,SST,359,state,Turb_Kin_Energy,1.765395258438e-03,1.765397352879e-03,1.186e-06,-4.581e-06
RANS_SST_WD_0.01-20_NN_Drift_Seed2_Second,SST,359,state,Omega,1.174433952323e+04,1.174434006998e+04,4.655e-08,-1.352e-07
RANS_SST_WD_0.01-20_NN_Drift_Seed2_Second,SST,368,bdf2_level,Density,3.136275209774e+04,3.136275209573e+04,-6.409e-11,
RANS_SST_WD_0.01-20_NN_Drift_Seed2_Second,SST,368,bdf2_level,Momentum_x,3.119893555285e+03,3.119893549862e+03,-1.738e-09,
RANS_SST_WD_0.01-20_NN_Drift_Seed2_Second,SST,368,bdf2_level,Momentum_y,3.275981055550e+02,3.275981082098e+02,8.104e-09,
RANS_SST_WD_0.01-20_NN_Drift_Seed2_Second,SST,368,bdf2_level,Energy,5.616224492293e+04,5.616224492062e+04,-4.119e-11,
RANS_SST_WD_0.01-20_NN_Drift_Seed2_Second,SST,368,bdf2_level,Turb_Kin_Energy,1.765395594489e-03,1.765394535731e-03,-5.997e-07,
RANS_SST_WD_0.01-20_NN_Drift_Seed2_Second,SST,368,bdf2_level,Omega,1.174433997980e+04,1.174433961093e+04,-3.141e-08,
RANS_SST_WD_0.01-20_NN_Drift_Seed2_Second,SST,369,state,Density,3.136275209781e+04,3.136275209581e+04,-6.372e-11,-1.563e-11
RANS_SST_WD_0.01-20_NN_Drift_Seed2_Second,SST,369,state,Momentum_x,3.119893555326e+03,3.119893549880e+03,-1.745e-09,-1.468e-09
RANS_SST_WD_0.01-20_NN_Drift_Seed2_Second,SST,369,state,Momentum_y,3.275981055928e+02,3.275981082794e+02,8.201e-09,2.575e-09
RANS_SST_WD_0.01-20_NN_Drift_Seed2_Second,SST,369,state,Energy,5.616224492313e+04,5.616224492086e+04,-4.043e-11,2.173e-11
RANS_SST_WD_0.01-20_NN_Drift_Seed2_Second,SST,369,state,Turb_Kin_Energy,1.765395593361e-03,1.765394526055e-03,-6.046e-07,1.897e-07
RANS_SST_WD_0.01-20_NN_Drift_Seed2_Second,SST,369,state,Omega,1.174434001132e+04,1.174433964066e+04,-3.156e-08,4.156e-08
RANS_SST_WD_0.01-20_NN_Drift_Seed2_Second,SST,378,bdf2_level,Density,3.136275209659e+04,3.136275209730e+04,2.282e-11,
RANS_SST_WD_0.01-20_NN_Drift_Seed2_Second,SST,378,bdf2_level,Momentum_x,3.119893550142e+03,3.119893556239e+03,1.954e-09,
RANS_SST_WD_0.01-20_NN_Drift_Seed2_Second,SST,378,bdf2_level,Momentum_y,3.275981082918e+02,3.275981086881e+02,1.210e-09,
RANS_SST_WD_0.01-20_NN_Drift_Seed2_Second,SST,378,bdf2_level,Energy,5.616224492293e+04,5.616224492106e+04,-3.335e-11,
RANS_SST_WD_0.01-20_NN_Drift_Seed2_Second,SST,378,bdf2_level,Turb_Kin_Energy,1.765396451928e-03,1.765395921770e-03,-3.003e-07,
RANS_SST_WD_0.01-20_NN_Drift_Seed2_Second,SST,378,bdf2_level,Omega,1.174433994896e+04,1.174433998121e+04,2.746e-09,
RANS_SST_WD_0.01-20_NN_Drift_Seed2_Second,SST,379,state,Density,3.136275209668e+04,3.136275209739e+04,2.245e-11,-3.591e-11
RANS_SST_WD_0.01-20_NN_Drift_Seed2_Second,SST,379,state,Momentum_x,3.119893550172e+03,3.119893556271e+03,1.955e-09,-1.652e-09
RANS_SST_WD_0.01-20_NN_Drift_Seed2_Second,SST,379,state,Momentum_y,3.275981080825e+02,3.275981084534e+02,1.132e-09,7.600e-09
RANS_SST_WD_0.01-20_NN_Drift_Seed2_Second,SST,379,state,Energy,5.616224492319e+04,5.616224492129e+04,-3.369e-11,1.049e-12
RANS_SST_WD_0.01-20_NN_Drift_Seed2_Second,SST,379,state,Turb_Kin_Energy,1.765396513527e-03,1.765395951220e-03,-3.185e-07,5.212e-07
RANS_SST_WD_0.01-20_NN_Drift_Seed2_Second,SST,379,state,Omega,1.174433996131e+04,1.174433998761e+04,2.240e-09,-4.258e-09
RANS_SST_WD_0.01-20_NN_Drift_Seed2_Second,SST,388,bdf2_level,Density,3.136275209833e+04,3.136275209860e+04,8.788e-12,
RANS_SST_WD_0.01-20_NN_Drift_Seed2_Second,SST,388,bdf2_level,Momentum_x,3.119893556773e+03,3.119893568130e+03,3.640e-09,
RANS_SST_WD_0.01-20_NN_Drift_Seed2_Second,SST,388,bdf2_level,Momentum_y,3.275981064183e+02,3.275981097408e+02,1.014e-08,
RANS_SST_WD_0.01-20_NN_Drift_Seed2_Second,SST,388,bdf2_level,Energy,5.616224492378e+04,5.616224492541e+04,2.898e-11,
RANS_SST_WD_0.01-20_NN_Drift_Seed2_Second,SST,388,bdf2_level,Turb_Kin_Energy,1.765394821255e-03,1.765392875717e-03,-1.102e-06,
RANS_SST_WD_0.01-20_NN_Drift_Seed2_Second,SST,388,bdf2_level,Omega,1.174433992097e+04,1.174433923254e+04,-5.862e-08,
RANS_SST_WD_0.01-20_NN_Drift_Seed2_Second,SST,389,state,Density,3.136275209844e+04,3.136275209876e+04,1.015e-11,5.605e-11
RANS_SST_WD_0.01-20_NN_Drift_Seed2_Second,SST,389,state,Momentum_x,3.119893556816e+03,3.119893568200e+03,3.649e-09,2.129e-09
RANS_SST_WD_0.01-20_NN_Drift_Seed2_Second,SST,389,state,Momentum_y,3.275981060903e+02,3.275981094245e+02,1.018e-08,-6.081e-09
RANS_SST_WD_0.01-20_NN_Drift_Seed2_Second,SST,389,state,Energy,5.616224492408e+04,5.616224492582e+04,3.097e-11,1.588e-11
RANS_SST_WD_0.01-20_NN_Drift_Seed2_Second,SST,389,state,Turb_Kin_Energy,1.765394705128e-03,1.765392692050e-03,-1.140e-06,-1.024e-06
RANS_SST_WD_0.01-20_NN_Drift_Seed2_Second,SST,389,state,Omega,1.174433992348e+04,1.174433922045e+04,-5.986e-08,-3.221e-09
RANS_SST_WD_0.01-20_NN_Drift_Seed2_Second,SST,398,bdf2_level,Density,3.136275209985e+04,3.136275210012e+04,8.465e-12,
RANS_SST_WD_0.01-20_NN_Drift_Seed2_Second,SST,398,bdf2_level,Momentum_x,3.119893568511e+03,3.119893568053e+03,-1.467e-10,
RANS_SST_WD_0.01-20_NN_Drift_Seed2_Second,SST,398,bdf2_level,Momentum_y,3.275981098443e+02,3.275981087785e+02,-3.253e-09,
RANS_SST_WD_0.01-20_NN_Drift_Seed2_Second,SST,398,bdf2_level,Energy,5.616224492867e+04,5.616224492802e+04,-1.173e-11,
RANS_SST_WD_0.01-20_NN_Drift_Seed2_Second,SST,398,bdf2_level,Turb_Kin_Energy,1.765394107069e-03,1.765395718927e-03,9.130e-07,
RANS_SST_WD_0.01-20_NN_Drift_Seed2_Second,SST,398,bdf2_level,Omega,1.174433972820e+04,1.174434004263e+04,2.677e-08,
RANS_SST_WD_0.01-20_NN_Drift_Seed2_Second,SST,399,state,Density,3.136275209998e+04,3.136275210020e+04,7.141e-12,4.898e-11
RANS_SST_WD_0.01-20_NN_Drift_Seed2_Second,SST,399,state,Momentum_x,3.119893568525e+03,3.119893568053e+03,-1.513e-10,3.753e-09
RANS_SST_WD_0.01-20_NN_Drift_Seed2_Second,SST,399,state,Momentum_y,3.275981103959e+02,3.275981093306e+02,-3.252e-09,1.314e-08
RANS_SST_WD_0.01-20_NN_Drift_Seed2_Second,SST,399,state,Energy,5.616224492900e+04,5.616224492823e+04,-1.369e-11,8.767e-11
RANS_SST_WD_0.01-20_NN_Drift_Seed2_Second,SST,399,state,Turb_Kin_Energy,1.765394330622e-03,1.765395925735e-03,9.035e-07,-2.121e-07
RANS_SST_WD_0.01-20_NN_Drift_Seed2_Second,SST,399,state,Omega,1.174433978907e+04,1.174434009894e+04,2.638e-08,-1.144e-08
RANS_SST_WD_0.05-0.10_ConsGalerkinProj_OneShot_Second,SST,198,bdf2_level,Density,3.136275210392e+04,3.136275210392e+04,-1.125e-14,
RANS_SST_WD_0.05-0.10_ConsGalerkinProj_OneShot_Second,SST,198,bdf2_level,Momentum_x,3.119893596686e+03,3.119893596688e+03,6.706e-13,
RANS_SST_WD_0.05-0.10_ConsGalerkinProj_OneShot_Second,SST,198,bdf2_level,Momentum_y,3.275980006597e+02,3.275980006524e+02,-2.203e-11,
RANS_SST_WD_0.05-0.10_ConsGalerkinProj_OneShot_Second,SST,198,bdf2_level,Energy,5.616224493387e+04,5.616224493387e+04,-1.114e-14,
RANS_SST_WD_0.05-0.10_ConsGalerkinProj_OneShot_Second,SST,198,bdf2_level,Turb_Kin_Energy,1.765437524001e-03,1.765437523995e-03,-3.791e-12,
RANS_SST_WD_0.05-0.10_ConsGalerkinProj_OneShot_Second,SST,198,bdf2_level,Omega,1.174433230586e+04,1.174433230593e+04,6.242e-12,
RANS_SST_WD_0.05-0.10_ConsGalerkinProj_OneShot_Second,SST,199,state,Density,3.136275210392e+04,3.136275210392e+04,-1.079e-14,
RANS_SST_WD_0.05-0.10_ConsGalerkinProj_OneShot_Second,SST,199,state,Momentum_x,3.119893596685e+03,3.119893596688e+03,6.735e-13,
RANS_SST_WD_0.05-0.10_ConsGalerkinProj_OneShot_Second,SST,199,state,Momentum_y,3.275980006619e+02,3.275980006546e+02,-2.203e-11,
RANS_SST_WD_0.05-0.10_ConsGalerkinProj_OneShot_Second,SST,199,state,Energy,5.616224493387e+04,5.616224493387e+04,-1.464e-14,
RANS_SST_WD_0.05-0.10_ConsGalerkinProj_OneShot_Second,SST,199,state,Turb_Kin_Energy,1.765437523958e-03,1.765437523951e-03,-3.791e-12,
RANS_SST_WD_0.05-0.10_ConsGalerkinProj_OneShot_Second,SST,199,state,Omega,1.174433230585e+04,1.174433230593e+04,6.242e-12,
RANS_SST_WD_0.05-0.10_ConsGalerkinProj_OneShot_Second,SST,398,bdf2_level,Density,3.136275210399e+04,3.136275210398e+04,-2.334e-13,
RANS_SST_WD_0.05-0.10_ConsGalerkinProj_OneShot_Second,SST,398,bdf2_level,Momentum_x,3.119893598230e+03,3.119893598234e+03,1.230e-12,
RANS_SST_WD_0.05-0.10_ConsGalerkinProj_OneShot_Second,SST,398,bdf2_level,Momentum_y,3.275979663751e+02,3.275979663873e+02,3.713e-11,
RANS_SST_WD_0.05-0.10_ConsGalerkinProj_OneShot_Second,SST,398,bdf2_level,Energy,5.616224493392e+04,5.616224493391e+04,-2.963e-13,
RANS_SST_WD_0.05-0.10_ConsGalerkinProj_OneShot_Second,SST,398,bdf2_level,Turb_Kin_Energy,1.765435706456e-03,1.765435706444e-03,-6.621e-12,
RANS_SST_WD_0.05-0.10_ConsGalerkinProj_OneShot_Second,SST,398,bdf2_level,Omega,1.174433193564e+04,1.174433193542e+04,-1.856e-11,
RANS_SST_WD_0.05-0.10_ConsGalerkinProj_OneShot_Second,SST,399,state,Density,3.136275210399e+04,3.136275210398e+04,-2.335e-13,2.166e-12
RANS_SST_WD_0.05-0.10_ConsGalerkinProj_OneShot_Second,SST,399,state,Momentum_x,3.119893598244e+03,3.119893598248e+03,1.232e-12,4.995e-10
RANS_SST_WD_0.05-0.10_ConsGalerkinProj_OneShot_Second,SST,399,state,Momentum_y,3.275979661713e+02,3.275979661835e+02,3.713e-11,-1.053e-07
RANS_SST_WD_0.05-0.10_ConsGalerkinProj_OneShot_Second,SST,399,state,Energy,5.616224493392e+04,5.616224493391e+04,-2.937e-13,9.687e-13
RANS_SST_WD_0.05-0.10_ConsGalerkinProj_OneShot_Second,SST,399,state,Turb_Kin_Energy,1.765435698441e-03,1.765435698430e-03,-6.621e-12,-1.034e-06
RANS_SST_WD_0.05-0.10_ConsGalerkinProj_OneShot_Second,SST,399,state,Omega,1.174433193437e+04,1.174433193415e+04,-1.856e-11,-3.163e-08
RANS_SST_WD_0.10-0.15_ConsGalerkinProj_OneShot_SF2_Second,SST,198,bdf2_level,Density,3.136275210392e+04,3.136275210392e+04,2.204e-14,
RANS_SST_WD_0.10-0.15_ConsGalerkinProj_OneShot_SF2_Second,SST,198,bdf2_level,Momentum_x,3.119893596686e+03,3.119893596678e+03,-2.340e-12,
RANS_SST_WD_0.10-0.15_ConsGalerkinProj_OneShot_SF2_Second,SST,198,bdf2_level,Momentum_y,3.275980006597e+02,3.275980006620e+02,7.123e-12,
RANS_SST_WD_0.10-0.15_ConsGalerkinProj_OneShot_SF2_Second,SST,198,bdf2_level,Energy,5.616224493387e+04,5.616224493387e+04,1.451e-14,
RANS_SST_WD_0.10-0.15_ConsGalerkinProj_OneShot_SF2_Second,SST,198,bdf2_level,Turb_Kin_Energy,1.765437524001e-03,1.765437524041e-03,2.249e-11,
RANS_SST_WD_0.10-0.15_ConsGalerkinProj_OneShot_SF2_Second,SST,198,bdf2_level,Omega,1.174433230586e+04,1.174433230584e+04,-1.588e-12,
RANS_SST_WD_0.10-0.15_ConsGalerkinProj_OneShot_SF2_Second,SST,199,state,Density,3.136275210392e+04,3.136275210392e+04,2.274e-14,
RANS_SST_WD_0.10-0.15_ConsGalerkinProj_OneShot_SF2_Second,SST,199,state,Momentum_x,3.119893596685e+03,3.119893596678e+03,-2.336e-12,
RANS_SST_WD_0.10-0.15_ConsGalerkinProj_OneShot_SF2_Second,SST,199,state,Momentum_y,3.275980006619e+02,3.275980006642e+02,7.120e-12,
RANS_SST_WD_0.10-0.15_ConsGalerkinProj_OneShot_SF2_Second,SST,199,state,Energy,5.616224493387e+04,5.616224493387e+04,1.101e-14,
RANS_SST_WD_0.10-0.15_ConsGalerkinProj_OneShot_SF2_Second,SST,199,state,Turb_Kin_Energy,1.765437523958e-03,1.765437523998e-03,2.249e-11,
RANS_SST_WD_0.10-0.15_ConsGalerkinProj_OneShot_SF2_Second,SST,199,state,Omega,1.174433230585e+04,1.174433230584e+04,-1.587e-12,
RANS_SST_WD_0.10-0.15_ConsGalerkinProj_OneShot_SF2_Second,SST,398,bdf2_level,Density,3.136275210397e+04,3.136275210397e+04,-9.883e-14,
RANS_SST_WD_0.10-0.15_ConsGalerkinProj_OneShot_SF2_Second,SST,398,bdf2_level,Momentum_x,3.119893597960e+03,3.119893597957e+03,-1.063e-12,
RANS_SST_WD_0.10-0.15_ConsGalerkinProj_OneShot_SF2_Second,SST,398,bdf2_level,Momentum_y,3.275979607055e+02,3.275979607082e+02,8.048e-12,
RANS_SST_WD_0.10-0.15_ConsGalerkinProj_OneShot_SF2_Second,SST,398,bdf2_level,Energy,5.616224493387e+04,5.616224493386e+04,-1.285e-13,
RANS_SST_WD_0.10-0.15_ConsGalerkinProj_OneShot_SF2_Second,SST,398,bdf2_level,Turb_Kin_Energy,1.765442180700e-03,1.765442180700e-03,-1.998e-13,
RANS_SST_WD_0.10-0.15_ConsGalerkinProj_OneShot_SF2_Second,SST,398,bdf2_level,Omega,1.174433323117e+04,1.174433323115e+04,-1.323e-12,
RANS_SST_WD_0.10-0.15_ConsGalerkinProj_OneShot_SF2_Second,SST,399,state,Density,3.136275210397e+04,3.136275210396e+04,-9.790e-14,1.574e-12
RANS_SST_WD_0.10-0.15_ConsGalerkinProj_OneShot_SF2_Second,SST,399,state,Momentum_x,3.119893597971e+03,3.119893597967e+03,-1.069e-12,4.120e-10
RANS_SST_WD_0.10-0.15_ConsGalerkinProj_OneShot_SF2_Second,SST,399,state,Momentum_y,3.275979604875e+02,3.275979604902e+02,8.053e-12,-1.226e-07
RANS_SST_WD_0.10-0.15_ConsGalerkinProj_OneShot_SF2_Second,SST,399,state,Energy,5.616224493386e+04,5.616224493386e+04,-1.284e-13,-8.473e-14
RANS_SST_WD_0.10-0.15_ConsGalerkinProj_OneShot_SF2_Second,SST,399,state,Turb_Kin_Energy,1.765442198019e-03,1.765442198019e-03,-1.984e-13,2.648e-06
RANS_SST_WD_0.10-0.15_ConsGalerkinProj_OneShot_SF2_Second,SST,399,state,Omega,1.174433323430e+04,1.174433323428e+04,-1.325e-12,7.905e-08
RANS_SST_WD_0.10-0.15_ConsGalerkinProj_OneShot_Second,SST,198,bdf2_level,Density,3.136275210392e+04,3.136275210392e+04,1.195e-14,
RANS_SST_WD_0.10-0.15_ConsGalerkinProj_OneShot_Second,SST,198,bdf2_level,Momentum_x,3.119893596686e+03,3.119893596683e+03,-1.016e-12,
RANS_SST_WD_0.10-0.15_ConsGalerkinProj_OneShot_Second,SST,198,bdf2_level,Momentum_y,3.275980006597e+02,3.275980006598e+02,5.959e-13,
RANS_SST_WD_0.10-0.15_ConsGalerkinProj_OneShot_Second,SST,198,bdf2_level,Energy,5.616224493387e+04,5.616224493387e+04,4.534e-15,
RANS_SST_WD_0.10-0.15_ConsGalerkinProj_OneShot_Second,SST,198,bdf2_level,Turb_Kin_Energy,1.765437524001e-03,1.765437524001e-03,-5.122e-14,
RANS_SST_WD_0.10-0.15_ConsGalerkinProj_OneShot_Second,SST,198,bdf2_level,Omega,1.174433230586e+04,1.174433230585e+04,-6.251e-13,
RANS_SST_WD_0.10-0.15_ConsGalerkinProj_OneShot_Second,SST,199,state,Density,3.136275210392e+04,3.136275210392e+04,1.206e-14,
RANS_SST_WD_0.10-0.15_ConsGalerkinProj_OneShot_Second,SST,199,state,Momentum_x,3.119893596685e+03,3.119893596682e+03,-1.013e-12,
RANS_SST_WD_0.10-0.15_ConsGalerkinProj_OneShot_Second,SST,199,state,Momentum_y,3.275980006619e+02,3.275980006621e+02,5.938e-13,
RANS_SST_WD_0.10-0.15_ConsGalerkinProj_OneShot_Second,SST,199,state,Energy,5.616224493387e+04,5.616224493387e+04,1.036e-15,
RANS_SST_WD_0.10-0.15_ConsGalerkinProj_OneShot_Second,SST,199,state,Turb_Kin_Energy,1.765437523958e-03,1.765437523958e-03,-5.159e-14,
RANS_SST_WD_0.10-0.15_ConsGalerkinProj_OneShot_Second,SST,199,state,Omega,1.174433230585e+04,1.174433230585e+04,-6.242e-13,
RANS_SST_WD_0.10-0.15_ConsGalerkinProj_OneShot_Second,SST,398,bdf2_level,Density,3.136275210396e+04,3.136275210396e+04,-7.656e-15,
RANS_SST_WD_0.10-0.15_ConsGalerkinProj_OneShot_Second,SST,398,bdf2_level,Momentum_x,3.119893596837e+03,3.119893596836e+03,-3.186e-13,
RANS_SST_WD_0.10-0.15_ConsGalerkinProj_OneShot_Second,SST,398,bdf2_level,Momentum_y,3.275979797829e+02,3.275979797838e+02,2.635e-12,
RANS_SST_WD_0.10-0.15_ConsGalerkinProj_OneShot_Second,SST,398,bdf2_level,Energy,5.616224493385e+04,5.616224493385e+04,-1.308e-14,
RANS_SST_WD_0.10-0.15_ConsGalerkinProj_OneShot_Second,SST,398,bdf2_level,Turb_Kin_Energy,1.765438428707e-03,1.765438428707e-03,-7.984e-14,
RANS_SST_WD_0.10-0.15_ConsGalerkinProj_OneShot_Second,SST,398,bdf2_level,Omega,1.174433256779e+04,1.174433256778e+04,-1.061e-13,
RANS_SST_WD_0.10-0.15_ConsGalerkinProj_OneShot_Second,SST,399,state,Density,3.136275210396e+04,3.136275210396e+04,-1.090e-14,1.456e-12
RANS_SST_WD_0.10-0.15_ConsGalerkinProj_OneShot_Second,SST,399,state,Momentum_x,3.119893596841e+03,3.119893596840e+03,-3.125e-13,4.981e-11
RANS_SST_WD_0.10-0.15_ConsGalerkinProj_OneShot_Second,SST,399,state,Momentum_y,3.275979796610e+02,3.275979796619e+02,2.638e-12,-6.411e-08
RANS_SST_WD_0.10-0.15_ConsGalerkinProj_OneShot_Second,SST,399,state,Energy,5.616224493385e+04,5.616224493385e+04,-1.503e-14,-3.563e-13
RANS_SST_WD_0.10-0.15_ConsGalerkinProj_OneShot_Second,SST,399,state,Turb_Kin_Energy,1.765438431884e-03,1.765438431883e-03,-7.603e-14,5.143e-07
RANS_SST_WD_0.10-0.15_ConsGalerkinProj_OneShot_Second,SST,399,state,Omega,1.174433256866e+04,1.174433256865e+04,-9.773e-14,2.238e-08
RANS_SST_WD_0.20-0.25_ConsGalerkinProj_OneShot_Long_Second,SST,398,bdf2_level,Density,3.136275210394e+04,3.136275210394e+04,2.204e-15,
RANS_SST_WD_0.20-0.25_ConsGalerkinProj_OneShot_Long_Second,SST,398,bdf2_level,Momentum_x,3.119893596635e+03,3.119893596635e+03,3.207e-15,
RANS_SST_WD_0.20-0.25_ConsGalerkinProj_OneShot_Long_Second,SST,398,bdf2_level,Momentum_y,3.275980009891e+02,3.275980009891e+02,-3.644e-15,
RANS_SST_WD_0.20-0.25_ConsGalerkinProj_OneShot_Long_Second,SST,398,bdf2_level,Energy,5.616224493388e+04,5.616224493388e+04,-3.887e-16,
RANS_SST_WD_0.20-0.25_ConsGalerkinProj_OneShot_Long_Second,SST,398,bdf2_level,Turb_Kin_Energy,1.765437514389e-03,1.765437514389e-03,-4.704e-14,
RANS_SST_WD_0.20-0.25_ConsGalerkinProj_OneShot_Long_Second,SST,398,bdf2_level,Omega,1.174433230514e+04,1.174433230514e+04,1.385e-13,
RANS_SST_WD_0.20-0.25_ConsGalerkinProj_OneShot_Long_Second,SST,399,state,Density,3.136275210394e+04,3.136275210394e+04,2.088e-15,
RANS_SST_WD_0.20-0.25_ConsGalerkinProj_OneShot_Long_Second,SST,399,state,Momentum_x,3.119893596635e+03,3.119893596635e+03,5.830e-16,
RANS_SST_WD_0.20-0.25_ConsGalerkinProj_OneShot_Long_Second,SST,399,state,Momentum_y,3.275980009898e+02,3.275980009898e+02,2.603e-15,
RANS_SST_WD_0.20-0.25_ConsGalerkinProj_OneShot_Long_Second,SST,399,state,Energy,5.616224493388e+04,5.616224493388e+04,-2.591e-16,
RANS_SST_WD_0.20-0.25_ConsGalerkinProj_OneShot_Long_Second,SST,399,state,Turb_Kin_Energy,1.765437514339e-03,1.765437514339e-03,-4.508e-14,
RANS_SST_WD_0.20-0.25_ConsGalerkinProj_OneShot_Long_Second,SST,399,state,Omega,1.174433230514e+04,1.174433230514e+04,1.363e-13,
RANS_SST_WD_0.20-0.25_ConsGalerkinProj_OneShot_Long_Second,SST,798,bdf2_level,Density,3.136275210389e+04,3.136275210389e+04,-2.320e-16,
RANS_SST_WD_0.20-0.25_ConsGalerkinProj_OneShot_Long_Second,SST,798,bdf2_level,Momentum_x,3.119893598144e+03,3.119893598144e+03,1.895e-15,
RANS_SST_WD_0.20-0.25_ConsGalerkinProj_OneShot_Long_Second,SST,798,bdf2_level,Momentum_y,3.275980092474e+02,3.275980092474e+02,1.562e-15,
RANS_SST_WD_0.20-0.25_ConsGalerkinProj_OneShot_Long_Second,SST,798,bdf2_level,Energy,5.616224493360e+04,5.616224493360e+04,1.943e-15,
RANS_SST_WD_0.20-0.25_ConsGalerkinProj_OneShot_Long_Second,SST,798,bdf2_level,Turb_Kin_Energy,1.765432544155e-03,1.765432544155e-03,-4.643e-14,
RANS_SST_WD_0.20-0.25_ConsGalerkinProj_OneShot_Long_Second,SST,798,bdf2_level,Omega,1.174433160650e+04,1.174433160650e+04,1.395e-13,
RANS_SST_WD_0.20-0.25_ConsGalerkinProj_OneShot_Long_Second,SST,799,state,Density,3.136275210389e+04,3.136275210389e+04,1.392e-15,-1.636e-12
RANS_SST_WD_0.20-0.25_ConsGalerkinProj_OneShot_Long_Second,SST,799,state,Momentum_x,3.119893598141e+03,3.119893598141e+03,4.227e-15,4.826e-10
RANS_SST_WD_0.20-0.25_ConsGalerkinProj_OneShot_Long_Second,SST,799,state,Momentum_y,3.275980092614e+02,3.275980092614e+02,-1.215e-15,2.525e-08
RANS_SST_WD_0.20-0.25_ConsGalerkinProj_OneShot_Long_Second,SST,799,state,Energy,5.616224493360e+04,5.616224493360e+04,0.000e+00,-4.904e-12
RANS_SST_WD_0.20-0.25_ConsGalerkinProj_OneShot_Long_Second,SST,799,state,Turb_Kin_Energy,1.765432536427e-03,1.765432536427e-03,-4.495e-14,-2.820e-06
RANS_SST_WD_0.20-0.25_ConsGalerkinProj_OneShot_Long_Second,SST,799,state,Omega,1.174433160548e+04,1.174433160548e+04,1.399e-13,-5.957e-08
RANS_SST_WD_0.20-0.25_ConsGalerkinProj_OneShot_Second,SST,198,bdf2_level,Density,3.136275210392e+04,3.136275210392e+04,2.320e-15,
RANS_SST_WD_0.20-0.25_ConsGalerkinProj_OneShot_Second,SST,198,bdf2_level,Momentum_x,3.119893596686e+03,3.119893596686e+03,-3.061e-15,
RANS_SST_WD_0.20-0.25_ConsGalerkinProj_OneShot_Second,SST,198,bdf2_level,Momentum_y,3.275980006597e+02,3.275980006597e+02,5.205e-16,
RANS_SST_WD_0.20-0.25_ConsGalerkinProj_OneShot_Second,SST,198,bdf2_level,Energy,5.616224493387e+04,5.616224493387e+04,3.757e-15,
RANS_SST_WD_0.20-0.25_ConsGalerkinProj_OneShot_Second,SST,198,bdf2_level,Turb_Kin_Energy,1.765437524001e-03,1.765437524001e-03,-4.237e-14,
RANS_SST_WD_0.20-0.25_ConsGalerkinProj_OneShot_Second,SST,198,bdf2_level,Omega,1.174433230586e+04,1.174433230586e+04,1.417e-13,
RANS_SST_WD_0.20-0.25_ConsGalerkinProj_OneShot_Second,SST,199,state,Density,3.136275210392e+04,3.136275210392e+04,2.784e-15,
RANS_SST_WD_0.20-0.25_ConsGalerkinProj_OneShot_Second,SST,199,state,Momentum_x,3.119893596685e+03,3.119893596685e+03,-7.288e-16,
RANS_SST_WD_0.20-0.25_ConsGalerkinProj_OneShot_Second,SST,199,state,Momentum_y,3.275980006619e+02,3.275980006619e+02,-3.123e-15,
RANS_SST_WD_0.20-0.25_ConsGalerkinProj_OneShot_Second,SST,199,state,Energy,5.616224493387e+04,5.616224493387e+04,2.591e-16,
RANS_SST_WD_0.20-0.25_ConsGalerkinProj_OneShot_Second,SST,199,state,Turb_Kin_Energy,1.765437523958e-03,1.765437523958e-03,-4.348e-14,
RANS_SST_WD_0.20-0.25_ConsGalerkinProj_OneShot_Second,SST,199,state,Omega,1.174433230585e+04,1.174433230586e+04,1.409e-13,
RANS_SST_WD_0.20-0.25_ConsGalerkinProj_OneShot_Second,SST,398,bdf2_level,Density,3.136275210394e+04,3.136275210394e+04,0.000e+00,
RANS_SST_WD_0.20-0.25_ConsGalerkinProj_OneShot_Second,SST,398,bdf2_level,Momentum_x,3.119893597633e+03,3.119893597633e+03,-1.166e-15,
RANS_SST_WD_0.20-0.25_ConsGalerkinProj_OneShot_Second,SST,398,bdf2_level,Momentum_y,3.275980139723e+02,3.275980139723e+02,2.082e-15,
RANS_SST_WD_0.20-0.25_ConsGalerkinProj_OneShot_Second,SST,398,bdf2_level,Energy,5.616224493396e+04,5.616224493396e+04,-3.757e-15,
RANS_SST_WD_0.20-0.25_ConsGalerkinProj_OneShot_Second,SST,398,bdf2_level,Turb_Kin_Energy,1.765438757031e-03,1.765438757815e-03,4.441e-10,
RANS_SST_WD_0.20-0.25_ConsGalerkinProj_OneShot_Second,SST,398,bdf2_level,Omega,1.174433245966e+04,1.174433245967e+04,1.351e-13,
RANS_SST_WD_0.20-0.25_ConsGalerkinProj_OneShot_Second,SST,399,state,Density,3.136275210394e+04,3.136275210394e+04,-1.160e-16,5.946e-13
RANS_SST_WD_0.20-0.25_ConsGalerkinProj_OneShot_Second,SST,399,state,Momentum_x,3.119893597635e+03,3.119893597635e+03,4.227e-15,3.045e-10
RANS_SST_WD_0.20-0.25_ConsGalerkinProj_OneShot_Second,SST,399,state,Momentum_y,3.275980140566e+02,3.275980140566e+02,-4.511e-15,4.089e-08
RANS_SST_WD_0.20-0.25_ConsGalerkinProj_OneShot_Second,SST,399,state,Energy,5.616224493396e+04,5.616224493396e+04,-1.425e-15,1.618e-12
RANS_SST_WD_0.20-0.25_ConsGalerkinProj_OneShot_Second,SST,399,state,Turb_Kin_Energy,1.765438762119e-03,1.765438762903e-03,4.441e-10,7.013e-07
RANS_SST_WD_0.20-0.25_ConsGalerkinProj_OneShot_Second,SST,399,state,Omega,1.174433246043e+04,1.174433246043e+04,1.417e-13,1.316e-08
