method,correction,history_case,time_step,CL_native,CD_native,CMz_native,CL_case,CD_case,CMz_case,dCL,dCD,dCMz
NN1,none,full,2,7.0900224240e-01,3.0572187540e-03,7.2228417010e-03,7.1478955630e-01,1.4303192020e-02,7.3559804060e-03,5.787314e-03,1.124597e-02,1.331387e-04
NN1,none,full,3,7.0890963260e-01,2.9775012930e-03,7.2431265100e-03,7.2824611520e-01,1.3913843110e-02,5.8481441220e-03,1.933648e-02,1.093634e-02,-1.394982e-03
NN1,none,full,4,7.0887367800e-01,2.9255660480e-03,7.2507185020e-03,7.3503973060e-01,1.1884197630e-02,5.3492023920e-03,2.616605e-02,8.958632e-03,-1.901516e-03
NN1,none,full,5,7.0887371100e-01,2.9137362710e-03,7.2532041350e-03,7.3586636820e-01,1.0404605310e-02,5.4657383800e-03,2.699266e-02,7.490869e-03,-1.787466e-03
NN1,none,full,6,7.0888417370e-01,2.9243727130e-03,7.2548047050e-03,7.3285866920e-01,9.5259868710e-03,5.8450521720e-03,2.397450e-02,6.601614e-03,-1.409753e-03
NN1,none,full,7,7.0889062790e-01,2.9393406760e-03,7.2565288090e-03,7.2804035230e-01,8.5294338770e-03,6.3167342760e-03,1.914972e-02,5.590093e-03,-9.397945e-04
NN1,none,full,8,7.0889081250e-01,2.9506844110e-03,7.2583326310e-03,7.2289799950e-01,7.0109863980e-03,6.8283481210e-03,1.400719e-02,4.060302e-03,-4.299845e-04
NN1,none,full,9,7.0888859600e-01,2.9576015890e-03,7.2598594080e-03,7.1833199780e-01,5.1555283670e-03,7.3331692820e-03,9.443402e-03,2.197927e-03,7.330987e-05
NN1,none,full,10,7.0888827950e-01,2.9613664240e-03,7.2606991590e-03,7.1474509730e-01,3.4863270920e-03,7.7468980530e-03,5.856818e-03,5.249607e-04,4.861989e-04
NN1,none,full,11,7.0889198070e-01,2.9630463280e-03,7.2606672050e-03,7.1219503210e-01,2.4682494290e-03,7.9872280350e-03,3.303051e-03,-4.947969e-04,7.265608e-04
NN1,none,full,12,7.0889949820e-01,2.9634030470e-03,7.2599221650e-03,7.1055200030e-01,2.2597426330e-03,8.0266454420e-03,1.652502e-03,-7.036604e-04,7.667233e-04
NN1,none,full,13,7.0890926680e-01,2.9632290260e-03,7.2588501520e-03,7.0960987350e-01,2.6869019280e-03,7.9052546600e-03,7.006067e-04,-2.763271e-04,6.464045e-04
NN1,none,full,14,7.0891939600e-01,2.9632892330e-03,7.2578485190e-03,7.0914692690e-01,3.3851313710e-03,7.7021247180e-03,2.275309e-04,4.218421e-04,4.442762e-04
NN1,none,full,15,7.0892836650e-01,2.9640469480e-03,7.2571748180e-03,7.0895907820e-01,3.9861560260e-03,7.4966129640e-03,3.071170e-05,1.022109e-03,2.394381e-04
NN1,none,full,16,7.0893533350e-01,2.9655626690e-03,7.2569176540e-03,7.0888184160e-01,4.2540186200e-03,7.3437131090e-03,-5.349190e-05,1.288456e-03,8.679546e-05
NN1,none,full,17,7.0894012530e-01,2.9676354770e-03,7.2570518770e-03,7.0880417230e-01,4.1312586580e-03,7.2680548510e-03,-1.359530e-04,1.163623e-03,1.100297e-05
NN1,none,full,18,7.0894307210e-01,2.9700149230e-03,7.2575063720e-03,7.0867212970e-01,3.7053915470e-03,7.2703883120e-03,-2.709424e-04,7.353766e-04,1.288194e-05
NN1,none,full,19,7.0894477180e-01,2.9725323050e-03,7.2582010140e-03,7.0847980470e-01,3.1342236590e-03,7.3369200350e-03,-4.649671e-04,1.616914e-04,7.871902e-05
NN1,none,full,20,7.0894587500e-01,2.9751138630e-03,7.2590533730e-03,7.0825125920e-01,2.5735718530e-03,7.4463456980e-03,-6.946158e-04,-4.015420e-04,1.872923e-04
NN1,none,full,21,7.0894693500e-01,2.9777309430e-03,7.2599759380e-03,7.0802063340e-01,2.1330619060e-03,7.5747475490e-03,-9.263016e-04,-8.446690e-04,3.147716e-04
NN1,none,full,22,7.0894833780e-01,2.9803520120e-03,7.2608805570e-03,7.0781778000e-01,1.8641086140e-03,7.6995116390e-03,-1.130558e-03,-1.116243e-03,4.386311e-04
NN1,none,full,23,7.0895029770e-01,2.9829260970e-03,7.2616916750e-03,7.0766079730e-01,1.7701619320e-03,7.8034715040e-03,-1.289500e-03,-1.212764e-03,5.417798e-04
NN1,none,full,24,7.0895289470e-01,2.9853918100e-03,7.2623625780e-03,7.0755615140e-01,1.8271935890e-03,7.8780437460e-03,-1.396743e-03,-1.158198e-03,6.156812e-04
NN1,none,full,25,7.0895611780e-01,2.9876940030e-03,7.2628815140e-03,7.0750315580e-01,2.0027816990e-03,7.9239884650e-03,-1.452962e-03,-9.849123e-04,6.611070e-04
NN1,none,full,26,7.0895990080e-01,2.9897971410e-03,7.2632658940e-03,7.0749900220e-01,2.2668963260e-03,7.9493818850e-03,-1.460899e-03,-7.229008e-04,6.861160e-04
NN1,none,full,27,7.0896414810e-01,2.9916917620e-03,7.2635506770e-03,7.0754160830e-01,2.5954083720e-03,7.9655744530e-03,-1.422540e-03,-3.962834e-04,7.020238e-04
NN1,none,full,28,7.0896875290e-01,2.9933933300e-03,7.2637772400e-03,7.0762992870e-01,2.9692626920e-03,7.9827323380e-03,-1.338824e-03,-2.413064e-05,7.189551e-04
NN1,none,full,29,7.0897360920e-01,2.9949349820e-03,7.2639856590e-03,7.0776317360e-01,3.3713136190e-03,8.0064415300e-03,-1.210436e-03,3.763786e-04,7.424559e-04
NN1,none,full,30,7.0897862100e-01,2.9963573850e-03,7.2642101230e-03,7.0793943360e-01,3.7839335030e-03,8.0364373060e-03,-1.039187e-03,7.875761e-04,7.722272e-04
NN1,none,full,31,7.0898370500e-01,2.9976987920e-03,7.2644763800e-03,7.0815493180e-01,4.1877427570e-03,8.0674179320e-03,-8.287732e-04,1.190044e-03,8.029416e-04
NN1,none,full,32,7.0898879100e-01,2.9989874080e-03,7.2648004620e-03,7.0840398840e-01,4.5615405660e-03,8.0912561230e-03,-5.848026e-04,1.562553e-03,8.264557e-04
NN1,none,full,33,7.0899382070e-01,3.0002373250e-03,7.2651885240e-03,7.0867938120e-01,4.8833018350e-03,8.0996535830e-03,-3.144395e-04,1.883065e-03,8.344651e-04
NN1,none,full,34,7.0899874600e-01,3.0014487080e-03,7.2656379450e-03,7.0897319820e-01,5.1317661100e-03,8.0862347760e-03,-2.554780e-05,2.130317e-03,8.205968e-04
NN1,none,full,35,7.0900352870e-01,3.0026118810e-03,7.2661398410e-03,7.0927729620e-01,5.2887887330e-03,8.0477528670e-03,2.737675e-04,2.286177e-03,7.816130e-04
NN1,none,full,36,7.0900814060e-01,3.0037134920e-03,7.2666827500e-03,7.0958345170e-01,5.3420230570e-03,7.9842250580e-03,5.753111e-04,2.338310e-03,7.175423e-04
NN1,none,full,37,7.0901256480e-01,3.0047424180e-03,7.2672564610e-03,7.0988340570e-01,5.2873780810e-03,7.8982351930e-03,8.708409e-04,2.282636e-03,6.309787e-04
NN1,none,full,38,7.0901679550e-01,3.0056938420e-03,7.2678550440e-03,7.1016870500e-01,5.1304275870e-03,7.7938736080e-03,1.151909e-03,2.124734e-03,5.260186e-04
NN1,none,full,39,7.0902083660e-01,3.0065712010e-03,7.2684781530e-03,7.1043061560e-01,4.8861396530e-03,7.6756933920e-03,1.409779e-03,1.879568e-03,4.072152e-04
NN1,none,full,40,7.0902469850e-01,3.0073858680e-03,7.2691305220e-03,7.1066025210e-01,4.5769215830e-03,7.5479644610e-03,1.635554e-03,1.569536e-03,2.788339e-04
NN1,none,full,41,7.0902839390e-01,3.0081550380e-03,7.2698198270e-03,7.1084887840e-01,4.2294506020e-03,7.4143485620e-03,1.820484e-03,1.221296e-03,1.445287e-04
NN1,none,full,42,7.0903193720e-01,3.0088976190e-03,7.2705538050e-03,7.1098833740e-01,3.8707843670e-03,7.2779331440e-03,1.956400e-03,8.618867e-04,7.379339e-06
NN1,none,full,43,7.0903534200e-01,3.0096327960e-03,7.2713379130e-03,7.1107162610e-01,3.5245945270e-03,7.1414462810e-03,2.036284e-03,5.149617e-04,-1.298916e-04
NN1,none,full,44,7.0903861900e-01,3.0103773840e-03,7.2721746780e-03,7.1109334060e-01,3.2083171320e-03,7.0075181650e-03,2.054722e-03,1.979397e-04,-2.646565e-04
NN1,none,full,45,7.0904177580e-01,3.0111412890e-03,7.2730636380e-03,7.1104996180e-01,2.9316228350e-03,6.8788342090e-03,2.008186e-03,-7.951845e-05,-3.942294e-04
NN1,none,full,46,7.0904481730e-01,3.0119254140e-03,7.2740017470e-03,7.1093981750e-01,2.6965839940e-03,6.7582165960e-03,1.895000e-03,-3.153414e-04,-5.157852e-04
NN1,none,full,47,7.0904774550e-01,3.0127328080e-03,7.2749841330e-03,7.1076284550e-01,2.4991286710e-03,6.6485686090e-03,1.715100e-03,-5.136041e-04,-6.264155e-04
NN1,none,full,48,7.0905056190e-01,3.0135635930e-03,7.2760053340e-03,7.1052026260e-01,2.3313003090e-03,6.5527278900e-03,1.469701e-03,-6.822633e-04,-7.232774e-04
NN1,none,full,49,7.0905327030e-01,3.0144109190e-03,7.2770605390e-03,7.1021420610e-01,2.1838908260e-03,6.4732843710e-03,1.160936e-03,-8.305201e-04,-8.037762e-04
NN1,none,full,50,7.0905587630e-01,3.0152640590e-03,7.2781460740e-03,7.0984739750e-01,2.0487610880e-03,6.4124046280e-03,7.915212e-04,-9.665030e-04,-8.657414e-04
NN1,none,full,51,7.0905838740e-01,3.0161128170e-03,7.2792591880e-03,7.0942295180e-01,1.9205145190e-03,6.3716697550e-03,3.645644e-04,-1.095598e-03,-9.075894e-04
NN1,none,full,52,7.0906081150e-01,3.0169493380e-03,7.2803976380e-03,7.0894424960e-01,1.7973413520e-03,6.3519615010e-03,-1.165619e-04,-1.219608e-03,-9.284361e-04
NN1,none,latest,2,7.0900224240e-01,3.0572187540e-03,7.2228417010e-03,7.1671601570e-01,1.8074940790e-02,7.4000851650e-03,7.713773e-03,1.501772e-02,1.772435e-04
NN1,none,latest,3,7.0890963260e-01,2.9775012930e-03,7.2431265100e-03,7.3534415550e-01,1.8849019150e-02,5.4041468720e-03,2.643452e-02,1.587152e-02,-1.838980e-03
NN1,none,latest,4,7.0887367800e-01,2.9255660480e-03,7.2507185020e-03,7.4614948340e-01,1.6534005750e-02,4.5756591950e-03,3.727581e-02,1.360844e-02,-2.675059e-03
NN1,none,latest,5,7.0887371100e-01,2.9137362710e-03,7.2532041350e-03,7.4859593430e-01,1.4439614660e-02,4.6220247400e-03,3.972222e-02,1.152588e-02,-2.631179e-03
NN1,none,latest,6,7.0888417370e-01,2.9243727130e-03,7.2548047050e-03,7.4512595300e-01,1.3043101590e-02,5.1010807100e-03,3.624178e-02,1.011873e-02,-2.153724e-03
NN1,none,latest,7,7.0889062790e-01,2.9393406760e-03,7.2565288090e-03,7.3855067150e-01,1.1550506280e-02,5.7582483810e-03,2.966004e-02,8.611166e-03,-1.498280e-03
NN1,none,latest,8,7.0889081250e-01,2.9506844110e-03,7.2583326310e-03,7.3111658990e-01,9.3898015480e-03,6.4982967750e-03,2.222578e-02,6.439117e-03,-7.600359e-04
NN1,none,latest,9,7.0888859600e-01,2.9576015890e-03,7.2598594080e-03,7.2427320120e-01,6.7253884110e-03,7.2449049060e-03,1.538461e-02,3.767787e-03,-1.495450e-05
NN1,none,latest,10,7.0888827950e-01,2.9613664240e-03,7.2606991590e-03,7.1873420470e-01,4.2336953290e-03,7.8747342700e-03,9.845925e-03,1.272329e-03,6.140351e-04
NN1,none,latest,11,7.0889198070e-01,2.9630463280e-03,7.2606672050e-03,7.1468066710e-01,2.5888675230e-03,8.2661059590e-03,5.788686e-03,-3.741788e-04,1.005439e-03
NN1,none,latest,12,7.0889949820e-01,2.9634030470e-03,7.2599221650e-03,7.1198487910e-01,2.0824703780e-03,8.3700410010e-03,3.085381e-03,-8.809327e-04,1.110119e-03
NN1,none,latest,13,7.0890926680e-01,2.9632290260e-03,7.2588501520e-03,7.1037440460e-01,2.5392586340e-03,8.2312238190e-03,1.465138e-03,-4.239704e-04,9.723737e-04
NN1,none,latest,14,7.0891939600e-01,2.9632892330e-03,7.2578485190e-03,7.0953182490e-01,3.4748322020e-03,7.9564960490e-03,6.124289e-04,5.115430e-04,6.986475e-04
NN1,none,latest,15,7.0892836650e-01,2.9640469480e-03,7.2571748180e-03,7.0915393060e-01,4.3556036790e-03,7.6604236590e-03,2.255641e-04,1.391557e-03,4.032488e-04
NN1,none,latest,16,7.0893533350e-01,2.9655626690e-03,7.2569176540e-03,7.0898756630e-01,4.8094772750e-03,7.4272405900e-03,5.223280e-05,1.843915e-03,1.703229e-04
NN1,none,latest,17,7.0894012530e-01,2.9676354770e-03,7.2570518770e-03,7.0885464400e-01,4.7122924500e-03,7.2994627460e-03,-8.548130e-05,1.744657e-03,4.241087e-05
NN1,none,latest,18,7.0894307210e-01,2.9700149230e-03,7.2575063720e-03,7.0866042930e-01,4.1567399080e-03,7.2845489010e-03,-2.826428e-04,1.186725e-03,2.704253e-05
NN1,none,latest,19,7.0894477180e-01,2.9725323050e-03,7.2582010140e-03,7.0838360300e-01,3.3536841720e-03,7.3668011580e-03,-5.611688e-04,3.811519e-04,1.086001e-04
NN1,none,latest,20,7.0894587500e-01,2.9751138630e-03,7.2590533730e-03,7.0805123320e-01,2.5284353720e-03,7.5175118440e-03,-8.946418e-04,-4.466785e-04,2.584585e-04
NN1,none,latest,21,7.0894693500e-01,2.9777309430e-03,7.2599759380e-03,7.0770967860e-01,1.8505722730e-03,7.7021551180e-03,-1.237256e-03,-1.127159e-03,4.421792e-04
NN1,none,latest,22,7.0894833780e-01,2.9803520120e-03,7.2608805570e-03,7.0740230360e-01,1.4090162920e-03,7.8870319480e-03,-1.546034e-03,-1.571336e-03,6.261514e-04
NN1,none,latest,23,7.0895029770e-01,2.9829260970e-03,7.2616916750e-03,7.0715791860e-01,1.2218044980e-03,8.0454664770e-03,-1.792379e-03,-1.761122e-03,7.837748e-04
NN1,none,latest,24,7.0895289470e-01,2.9853918100e-03,7.2623625780e-03,7.0698911720e-01,1.2626527760e-03,8.1627364450e-03,-1.963777e-03,-1.722739e-03,9.003739e-04
NN1,none,latest,25,7.0895611780e-01,2.9876940030e-03,7.2628815140e-03,7.0689732440e-01,1.4876045840e-03,8.2377947580e-03,-2.058793e-03,-1.500089e-03,9.749132e-04
NN1,none,latest,26,7.0895990080e-01,2.9897971410e-03,7.2632658940e-03,7.0687915670e-01,1.8533434990e-03,8.2809102220e-03,-2.080744e-03,-1.136454e-03,1.017644e-03
NN1,none,latest,27,7.0896414810e-01,2.9916917620e-03,7.2635506770e-03,7.0693067420e-01,2.3234753780e-03,8.3078637600e-03,-2.033474e-03,-6.682164e-04,1.044313e-03
NN1,none,latest,28,7.0896875290e-01,2.9933933300e-03,7.2637772400e-03,7.0704972870e-01,2.8679153540e-03,8.3339536020e-03,-1.919024e-03,-1.254780e-04,1.070176e-03
NN1,none,latest,29,7.0897360920e-01,2.9949349820e-03,7.2639856590e-03,7.0723506540e-01,3.4599703150e-03,8.3684769590e-03,-1.738544e-03,4.650353e-04,1.104491e-03
NN1,none,latest,30,7.0897862100e-01,2.9963573850e-03,7.2642101230e-03,7.0748388960e-01,4.0731867880e-03,8.4123613470e-03,-1.494731e-03,1.076829e-03,1.148151e-03
NN1,none,latest,31,7.0898370500e-01,2.9976987920e-03,7.2644763800e-03,7.0779079740e-01,4.6786585960e-03,8.4588822380e-03,-1.192908e-03,1.680960e-03,1.194406e-03
NN1,none,latest,32,7.0898879100e-01,2.9989874080e-03,7.2648004620e-03,7.0814829900e-01,5.2448567290e-03,8.4966168300e-03,-8.404920e-04,2.245869e-03,1.231816e-03
NN1,none,latest,33,7.0899382070e-01,3.0002373250e-03,7.2651885240e-03,7.0854662090e-01,5.7388689140e-03,8.5132520640e-03,-4.471998e-04,2.738632e-03,1.248064e-03
NN1,none,latest,34,7.0899874600e-01,3.0014487080e-03,7.2656379450e-03,7.0897456420e-01,6.1288339610e-03,8.4988202220e-03,-2.418180e-05,3.127385e-03,1.233182e-03
NN1,none,latest,35,7.0900352870e-01,3.0026118810e-03,7.2661398410e-03,7.0942028480e-01,6.3868964310e-03,8.4477809510e-03,4.167561e-04,3.384285e-03,1.181641e-03
NN1,none,latest,36,7.0900814060e-01,3.0037134920e-03,7.2666827500e-03,7.0987186400e-01,6.4930021400e-03,8.3593010490e-03,8.637234e-04,3.489289e-03,1.092618e-03
NN1,none,latest,37,7.0901256480e-01,3.0047424180e-03,7.2672564610e-03,7.1031684900e-01,6.4389724530e-03,8.2365573420e-03,1.304284e-03,3.434230e-03,9.693009e-04
NN1,none,latest,38,7.0901679550e-01,3.0056938420e-03,7.2678550440e-03,7.1074235100e-01,6.2307483820e-03,8.0852261280e-03,1.725556e-03,3.225055e-03,8.173711e-04
NN1,none,latest,39,7.0902083660e-01,3.0065712010e-03,7.2684781530e-03,7.1113512080e-01,5.8883096210e-03,7.9119312120e-03,2.114284e-03,2.881738e-03,6.434531e-04
NN1,none,latest,40,7.0902469850e-01,3.0073858680e-03,7.2691305220e-03,7.1148166390e-01,5.4432631480e-03,7.7231042360e-03,2.456965e-03,2.435877e-03,4.539737e-04
NN1,none,latest,41,7.0902839390e-01,3.0081550380e-03,7.2698198270e-03,7.1176883780e-01,4.9342142170e-03,7.5243645270e-03,2.740444e-03,1.926059e-03,2.545447e-04
NN1,none,latest,42,7.0903193720e-01,3.0088976190e-03,7.2705538050e-03,7.1198428830e-01,4.4012954700e-03,7.3205129580e-03,2.952351e-03,1.392398e-03,4.995915e-05
NN1,none,latest,43,7.0903534200e-01,3.0096327960e-03,7.2713379130e-03,7.1211729070e-01,3.8805822810e-03,7.1157877770e-03,3.081949e-03,8.709495e-04,-1.555501e-04
NN1,none,latest,44,7.0903861900e-01,3.0103773840e-03,7.2721746780e-03,7.1215955630e-01,3.3995043670e-03,6.9141907730e-03,3.120937e-03,3.891270e-04,-3.579839e-04
NN1,none,latest,45,7.0904177580e-01,3.0111412890e-03,7.2730636380e-03,7.1210556960e-01,2.9743949840e-03,6.7197615830e-03,3.063794e-03,-3.674630e-05,-5.533021e-04
NN1,none,latest,46,7.0904481730e-01,3.0119254140e-03,7.2740017470e-03,7.1195245780e-01,2.6103301860e-03,6.5367172580e-03,2.907641e-03,-4.015952e-04,-7.372845e-04
NN1,none,latest,47,7.0904774550e-01,3.0127328080e-03,7.2749841330e-03,7.1169975560e-01,2.3029100060e-03,6.3693727180e-03,2.652010e-03,-7.098228e-04,-9.056114e-04
NN1,none,latest,48,7.0905056190e-01,3.0135635930e-03,7.2760053340e-03,7.1134895610e-01,2.0415174790e-03,6.2219834360e-03,2.298394e-03,-9.720461e-04,-1.054022e-03
NN1,none,latest,49,7.0905327030e-01,3.0144109190e-03,7.2770605390e-03,7.1090298510e-01,1.8130462780e-03,6.0984692100e-03,1.849715e-03,-1.201365e-03,-1.178591e-03
NN1,none,latest,50,7.0905587630e-01,3.0152640590e-03,7.2781460740e-03,7.1036576770e-01,1.6053899780e-03,6.0021431230e-03,1.309891e-03,-1.409874e-03,-1.276003e-03
NN1,none,latest,51,7.0905838740e-01,3.0161128170e-03,7.2792591880e-03,7.0974182420e-01,1.4100046270e-03,5.9354896380e-03,6.834368e-04,-1.606108e-03,-1.343770e-03
NN1,none,latest,52,7.0906081150e-01,3.0169493380e-03,7.2803976380e-03,7.0903610610e-01,1.2233189140e-03,5.8999853600e-03,-2.470540e-05,-1.793630e-03,-1.380412e-03
NN1,none,older,2,7.0900224240e-01,3.0572187540e-03,7.2228417010e-03,7.0716228340e-01,-5.7197941730e-04,7.1712097500e-03,-1.839959e-03,-3.629198e-03,-5.163195e-05
NN1,none,older,3,7.0890963260e-01,2.9775012930e-03,7.2431265100e-03,7.0200058950e-01,-1.7458165220e-03,7.6896459880e-03,-6.909043e-03,-4.723318e-03,4.465195e-04
NN1,none,older,4,7.0887367800e-01,2.9255660480e-03,7.2507185020e-03,6.9800639050e-01,-1.5507508250e-03,8.0278851300e-03,-1.086729e-02,-4.476317e-03,7.771666e-04
NN1,none,older,5,7.0887371100e-01,2.9137362710e-03,7.2532041350e-03,6.9639614130e-01,-1.0418592020e-03,8.0974185970e-03,-1.247757e-02,-3.955595e-03,8.442145e-04
NN1,none,older,6,7.0888417370e-01,2.9243727130e-03,7.2548047050e-03,6.9686623390e-01,-5.9042481890e-04,7.9951877110e-03,-1.201794e-02,-3.514798e-03,7.403830e-04
NN1,none,older,7,7.0889062790e-01,2.9393406760e-03,7.2565288090e-03,6.9863687170e-01,-9.1669486700e-05,7.8069674280e-03,-1.025376e-02,-3.031010e-03,5.504386e-04
NN1,none,older,8,7.0889081250e-01,2.9506844110e-03,7.2583326310e-03,7.0094915550e-01,6.1177154730e-04,7.5752038840e-03,-7.941657e-03,-2.338913e-03,3.168713e-04
NN1,none,older,9,7.0888859600e-01,2.9576015890e-03,7.2598594080e-03,7.0324745400e-01,1.4948700530e-03,7.3292421590e-03,-5.641142e-03,-1.462732e-03,6.938275e-05
NN1,none,older,10,7.0888827950e-01,2.9613664240e-03,7.2606991590e-03,7.0521161720e-01,2.3640097790e-03,7.1076523410e-03,-3.676662e-03,-5.973566e-04,-1.530468e-04
NN1,none,older,11,7.0889198070e-01,2.9630463280e-03,7.2606672050e-03,7.0671617890e-01,2.9969359250e-03,6.9519796280e-03,-2.175802e-03,3.388960e-05,-3.086876e-04
NN1,none,older,12,7.0889949820e-01,2.9634030470e-03,7.2599221650e-03,7.0776360230e-01,3.2722259240e-03,6.8864704810e-03,-1.135896e-03,3.088229e-04,-3.734517e-04
NN1,none,older,13,7.0890926680e-01,2.9632290260e-03,7.2588501520e-03,7.0842430800e-01,3.2149122440e-03,6.9064914330e-03,-4.849588e-04,2.516832e-04,-3.523587e-04
NN1,none,older,14,7.0891939600e-01,2.9632892330e-03,7.2578485190e-03,7.0879563070e-01,2.9595069590e-03,6.9837174900e-03,-1.237653e-04,-3.782274e-06,-2.741310e-04
NN1,none,older,15,7.0892836650e-01,2.9640469480e-03,7.2571748180e-03,7.0897783410e-01,2.6739845610e-03,7.0813827090e-03,4.946760e-05,-2.900624e-04,-1.757921e-04
NN1,none,older,16,7.0893533350e-01,2.9655626690e-03,7.2569176540e-03,7.0905948480e-01,2.4902685070e-03,7.1681122210e-03,1.241513e-04,-4.752942e-04,-8.880543e-05
NN1,none,older,17,7.0894012530e-01,2.9676354770e-03,7.2570518770e-03,7.0910815530e-01,2.4685982350e-03,7.2247834450e-03,1.680300e-04,-4.990372e-04,-3.226843e-05
NN1,none,older,18,7.0894307210e-01,2.9700149230e-03,7.2575063720e-03,7.0916560030e-01,2.5989314900e-03,7.2446512780e-03,2.225282e-04,-3.710834e-04,-1.285509e-05
NN1,none,older,19,7.0894477180e-01,2.9725323050e-03,7.2582010140e-03,7.0924850170e-01,2.8260490460e-03,7.2302336350e-03,3.037299e-04,-1.464833e-04,-2.796738e-05
NN1,none,older,20,7.0894587500e-01,2.9751138630e-03,7.2590533730e-03,7.0935438760e-01,3.0812689340e-03,7.1897383300e-03,4.085126e-04,1.061551e-04,-6.931504e-05
NN1,none,older,21,7.0894693500e-01,2.9777309430e-03,7.2599759380e-03,7.0947018730e-01,3.3070562100e-03,7.1341091360e-03,5.232523e-04,3.293253e-04,-1.258668e-04
NN1,none,older,22,7.0894833780e-01,2.9803520120e-03,7.2608805570e-03,7.0958068470e-01,3.4687994920e-03,7.0746291950e-03,6.323469e-04,4.884475e-04,-1.862514e-04
NN1,none,older,23,7.0895029770e-01,2.9829260970e-03,7.2616916750e-03,7.0967394550e-01,3.5545613000e-03,7.0207477280e-03,7.236478e-04,5.716352e-04,-2.409439e-04
NN1,none,older,24,7.0895289470e-01,2.9853918100e-03,7.2623625780e-03,7.0974326910e-01,3.5677965540e-03,6.9784521490e-03,7.903744e-04,5.824047e-04,-2.839104e-04
NN1,none,older,25,7.0895611780e-01,2.9876940030e-03,7.2628815140e-03,7.0978648820e-01,3.5192757890e-03,6.9495030730e-03,8.303704e-04,5.315818e-04,-3.133784e-04
NN1,none,older,26,7.0895990080e-01,2.9897971410e-03,7.2632658940e-03,7.0980406810e-01,3.4211891770e-03,6.9318382200e-03,8.441673e-04,4.313920e-04,-3.314277e-04
NN1,none,older,27,7.0896414810e-01,2.9916917620e-03,7.2635506770e-03,7.0979737890e-01,3.2843813310e-03,6.9210397790e-03,8.332308e-04,2.926896e-04,-3.425109e-04
NN1,none,older,28,7.0896875290e-01,2.9933933300e-03,7.2637772400e-03,7.0976774190e-01,3.1181174010e-03,6.9122848210e-03,7.989890e-04,1.247241e-04,-3.514924e-04
NN1,none,older,29,7.0897360920e-01,2.9949349820e-03,7.2639856590e-03,7.0971619080e-01,2.9310451700e-03,6.9020805900e-03,7.425816e-04,-6.388981e-05,-3.619051e-04
NN1,none,older,30,7.0897862100e-01,2.9963573850e-03,7.2642101230e-03,7.0964378350e-01,2.7322415710e-03,6.8893398970e-03,6.651625e-04,-2.641158e-04,-3.748702e-04
NN1,none,older,31,7.0898370500e-01,2.9976987920e-03,7.2644763800e-03,7.0955194670e-01,2.5318185200e-03,6.8754785100e-03,5.682417e-04,-4.658803e-04,-3.889979e-04
NN1,none,older,32,7.0898879100e-01,2.9989874080e-03,7.2648004620e-03,7.0944284860e-01,2.3408416670e-03,6.8636796370e-03,4.540576e-04,-6.581457e-04,-4.011208e-04
NN1,none,older,33,7.0899382070e-01,3.0002373250e-03,7.2651885240e-03,7.0931939630e-01,2.1707773410e-03,6.8577662900e-03,3.255756e-04,-8.294600e-04,-4.074222e-04
NN1,none,older,34,7.0899874600e-01,3.0014487080e-03,7.2656379450e-03,7.0918507630e-01,2.0326170010e-03,6.8611004040e-03,1.863303e-04,-9.688317e-04,-4.045375e-04
NN1,none,older,35,7.0900352870e-01,3.0026118810e-03,7.2661398410e-03,7.0904361940e-01,1.9359309000e-03,6.8758592430e-03,4.009070e-05,-1.066681e-03,-3.902806e-04
NN1,none,older,36,7.0900814060e-01,3.0037134920e-03,7.2666827500e-03,7.0889883690e-01,1.8877194010e-03,6.9027561710e-03,-1.093037e-04,-1.115994e-03,-3.639266e-04
NN1,none,older,37,7.0901256480e-01,3.0047424180e-03,7.2672564610e-03,7.0875462520e-01,1.8913658560e-03,6.9411646990e-03,-2.579396e-04,-1.113377e-03,-3.260918e-04
NN1,none,older,38,7.0901679550e-01,3.0056938420e-03,7.2678550440e-03,7.0861500100e-01,1.9459606580e-03,6.9895190700e-03,-4.017945e-04,-1.059733e-03,-2.783360e-04
NN1,none,older,39,7.0902083660e-01,3.0065712010e-03,7.2684781530e-03,7.0848418260e-01,2.0461436850e-03,7.0457883770e-03,-5.366540e-04,-9.604275e-04,-2.226898e-04
NN1,none,older,40,7.0902469850e-01,3.0073858680e-03,7.2691305220e-03,7.0836658300e-01,2.1826816930e-03,7.1078783000e-03,-6.581155e-04,-8.247042e-04,-1.612522e-04
NN1,none,older,41,7.0902839390e-01,3.0081550380e-03,7.2698198270e-03,7.0826665610e-01,2.3437536740e-03,7.1738806590e-03,-7.617378e-04,-6.644014e-04,-9.593917e-05
NN1,none,older,42,7.0903193720e-01,3.0088976190e-03,7.2705538050e-03,7.0818869560e-01,2.5166100970e-03,7.2421492020e-03,-8.432416e-04,-4.922875e-04,-2.840460e-05
NN1,none,older,43,7.0903534200e-01,3.0096327960e-03,7.2713379130e-03,7.0813655710e-01,2.6893076020e-03,7.3112560620e-03,-8.987849e-04,-3.203252e-04,3.991815e-05
NN1,none,older,44,7.0903861900e-01,3.0103773840e-03,7.2721746780e-03,7.0811342840e-01,2.8521928600e-03,7.3798574570e-03,-9.251906e-04,-1.581845e-04,1.076828e-04
NN1,none,older,45,7.0904177580e-01,3.0111412890e-03,7.2730636380e-03,7.0812164440e-01,2.9988631510e-03,7.4465970420e-03,-9.201314e-04,-1.227814e-05,1.735334e-04
NN1,none,older,46,7.0904481730e-01,3.0119254140e-03,7.2740017470e-03,7.0816263560e-01,3.1264502990e-03,7.5100590920e-03,-8.821817e-04,1.145249e-04,2.360573e-04
NN1,none,older,47,7.0904774550e-01,3.0127328080e-03,7.2749841330e-03,7.0823696030e-01,3.2352758340e-03,7.5687832920e-03,-8.107852e-04,2.225430e-04,2.937992e-04
NN1,none,older,48,7.0905056190e-01,3.0135635930e-03,7.2760053340e-03,7.0834443380e-01,3.3280120990e-03,7.6213216730e-03,-7.061281e-04,3.144485e-04,3.453163e-04
NN1,none,older,49,7.0905327030e-01,3.0144109190e-03,7.2770605390e-03,7.0848428800e-01,3.4085640710e-03,7.6663178390e-03,-5.689823e-04,3.941532e-04,3.892573e-04
NN1,none,older,50,7.0905587630e-01,3.0152640590e-03,7.2781460740e-03,7.0865533270e-01,3.4809015540e-03,7.7025967360e-03,-4.005436e-04,4.656375e-04,4.244507e-04
NN1,none,older,51,7.0905838740e-01,3.0161128170e-03,7.2792591880e-03,7.0885609690e-01,3.5481389970e-03,7.7292461360e-03,-2.022905e-04,5.320262e-04,4.499869e-04
NN1,none,older,52,7.0906081150e-01,3.0169493380e-03,7.2803976380e-03,7.0908490900e-01,3.6119319360e-03,7.7456802690e-03,2.409750e-05,5.949826e-04,4.652826e-04
NN2,none,full,2,7.0900224240e-01,3.0572187540e-03,7.2228417010e-03,7.0211831120e-01,8.1631928600e-03,9.1026186700e-03,-6.883931e-03,5.105974e-03,1.879777e-03
NN2,none,full,3,7.0890963260e-01,2.9775012930e-03,7.2431265100e-03,7.0510172800e-01,5.8222340660e-03,8.4246598510e-03,-3.807905e-03,2.844733e-03,1.181533e-03
NN2,none,full,4,7.0887367800e-01,2.9255660480e-03,7.2507185020e-03,7.0718722290e-01,4.0153159540e-03,7.8595151350e-03,-1.686455e-03,1.089750e-03,6.087966e-04
NN2,none,full,5,7.0887371100e-01,2.9137362710e-03,7.2532041350e-03,7.0829864320e-01,2.9498543440e-03,7.5395120640e-03,-5.750678e-04,3.611807e-05,2.863079e-04
NN2,none,full,6,7.0888417370e-01,2.9243727130e-03,7.2548047050e-03,7.0868272690e-01,2.4774150290e-03,7.4349194050e-03,-2.014468e-04,-4.469577e-04,1.801147e-04
NN2,none,full,7,7.0889062790e-01,2.9393406760e-03,7.2565288090e-03,7.0862848070e-01,2.3583269580e-03,7.4483719860e-03,-2.621472e-04,-5.810137e-04,1.918432e-04
NN2,none,full,8,7.0889081250e-01,2.9506844110e-03,7.2583326310e-03,7.0837053100e-01,2.4001278660e-03,7.4989859950e-03,-5.202815e-04,-5.505565e-04,2.406534e-04
NN2,none,full,9,7.0888859600e-01,2.9576015890e-03,7.2598594080e-03,7.0806839890e-01,2.4841700610e-03,7.5486533640e-03,-8.201971e-04,-4.734315e-04,2.887940e-04
NN2,none,full,10,7.0888827950e-01,2.9613664240e-03,7.2606991590e-03,7.0780978120e-01,2.5488034150e-03,7.5889220060e-03,-1.078498e-03,-4.125630e-04,3.282228e-04
NN2,none,full,11,7.0889198070e-01,2.9630463280e-03,7.2606672050e-03,7.0762507550e-01,2.5722753030e-03,7.6213977720e-03,-1.266905e-03,-3.907710e-04,3.607306e-04
NN2,none,full,12,7.0889949820e-01,2.9634030470e-03,7.2599221650e-03,7.0750763480e-01,2.5589289530e-03,7.6471404740e-03,-1.391863e-03,-4.044741e-04,3.872183e-04
NN2,none,full,13,7.0890926680e-01,2.9632290260e-03,7.2588501520e-03,7.0743355340e-01,2.5262627880e-03,7.6653077780e-03,-1.475713e-03,-4.369662e-04,4.064576e-04
NN2,none,full,14,7.0891939600e-01,2.9632892330e-03,7.2578485190e-03,7.0737781550e-01,2.4930037660e-03,7.6761069620e-03,-1.541580e-03,-4.702855e-04,4.182584e-04
NN2,none,full,15,7.0892836650e-01,2.9640469480e-03,7.2571748180e-03,7.0732244210e-01,2.4717026410e-03,7.6820255180e-03,-1.605924e-03,-4.923443e-04,4.248507e-04
NN2,none,full,16,7.0893533350e-01,2.9655626690e-03,7.2569176540e-03,7.0725823660e-01,2.4669707270e-03,7.6867743980e-03,-1.677097e-03,-4.985919e-04,4.298567e-04
NN2,none,full,17,7.0894012530e-01,2.9676354770e-03,7.2570518770e-03,7.0718371170e-01,2.4777379980e-03,7.6937815880e-03,-1.756414e-03,-4.898975e-04,4.367297e-04
NN2,none,full,18,7.0894307210e-01,2.9700149230e-03,7.2575063720e-03,7.0710242560e-01,2.5000736590e-03,7.7049420330e-03,-1.840646e-03,-4.699413e-04,4.474357e-04
NN2,none,full,19,7.0894477180e-01,2.9725323050e-03,7.2582010140e-03,7.0702019650e-01,2.5291884880e-03,7.7201668730e-03,-1.924575e-03,-4.433438e-04,4.619659e-04
NN2,none,full,20,7.0894587500e-01,2.9751138630e-03,7.2590533730e-03,7.0694286760e-01,2.5604061100e-03,7.7377377710e-03,-2.003007e-03,-4.147078e-04,4.786844e-04
NN2,none,full,21,7.0894693500e-01,2.9777309430e-03,7.2599759380e-03,7.0687502750e-01,2.5896986480e-03,7.7552201290e-03,-2.071907e-03,-3.880323e-04,4.952442e-04
NN2,none,full,22,7.0894833780e-01,2.9803520120e-03,7.2608805570e-03,7.0681954260e-01,2.6140804710e-03,7.7704120710e-03,-2.128795e-03,-3.662715e-04,5.095315e-04
NN2,none,full,23,7.0895029770e-01,2.9829260970e-03,7.2616916750e-03,7.0677755410e-01,2.6320245270e-03,7.7819502180e-03,-2.172744e-03,-3.509016e-04,5.202585e-04
NN2,none,full,24,7.0895289470e-01,2.9853918100e-03,7.2623625780e-03,7.0674890200e-01,2.6429643790e-03,7.7894536660e-03,-2.203993e-03,-3.424274e-04,5.270911e-04
NN2,none,full,25,7.0895611780e-01,2.9876940030e-03,7.2628815140e-03,7.0673248380e-01,2.6470389510e-03,7.7933245030e-03,-2.223634e-03,-3.406551e-04,5.304430e-04
NN2,none,full,26,7.0895990080e-01,2.9897971410e-03,7.2632658940e-03,7.0672647490e-01,2.6452311870e-03,7.7943736710e-03,-2.233426e-03,-3.445660e-04,5.311078e-04
NN2,none,full,27,7.0896414810e-01,2.9916917620e-03,7.2635506770e-03,7.0672862770e-01,2.6387533030e-03,7.7934363710e-03,-2.235520e-03,-3.529385e-04,5.298857e-04
NN2,none,full,28,7.0896875290e-01,2.9933933300e-03,7.2637772400e-03,7.0673653150e-01,2.6287838030e-03,7.7911684330e-03,-2.232221e-03,-3.646095e-04,5.273912e-04
NN2,none,full,29,7.0897360920e-01,2.9949349820e-03,7.2639856590e-03,7.0674782930e-01,2.6165332000e-03,7.7880084890e-03,-2.225780e-03,-3.784018e-04,5.240228e-04
NN2,none,full,30,7.0897862100e-01,2.9963573850e-03,7.2642101230e-03,7.0676038900e-01,2.6034358150e-03,7.7842567430e-03,-2.218232e-03,-3.929216e-04,5.200466e-04
NN2,none,full,31,7.0898370500e-01,2.9976987920e-03,7.2644763800e-03,7.0677240870e-01,2.5912333710e-03,7.7801839100e-03,-2.211296e-03,-4.064654e-04,5.157075e-04
NN2,none,full,32,7.0898879100e-01,2.9989874080e-03,7.2648004620e-03,7.0678241710e-01,2.5817563160e-03,7.7761031140e-03,-2.206374e-03,-4.172311e-04,5.113027e-04
NN2,none,full,33,7.0899382070e-01,3.0002373250e-03,7.2651885240e-03,7.0678922540e-01,2.5766001060e-03,7.7723854120e-03,-2.204595e-03,-4.236372e-04,5.071969e-04
NN2,none,full,34,7.0899874600e-01,3.0014487080e-03,7.2656379450e-03,7.0679188430e-01,2.5767701670e-03,7.7694216500e-03,-2.206862e-03,-4.246785e-04,5.037837e-04
NN2,none,full,35,7.0900352870e-01,3.0026118810e-03,7.2661398410e-03,7.0678963610e-01,2.5825864940e-03,7.7675706560e-03,-2.213893e-03,-4.200254e-04,5.014308e-04
NN2,none,full,36,7.0900814060e-01,3.0037134920e-03,7.2666827500e-03,7.0678194820e-01,2.5934491490e-03,7.7671012230e-03,-2.226192e-03,-4.102643e-04,5.004185e-04
NN2,none,full,37,7.0901256480e-01,3.0047424180e-03,7.2672564610e-03,7.0676856170e-01,2.6080208430e-03,7.7681685200e-03,-2.244003e-03,-3.967216e-04,5.009121e-04
NN2,none,full,38,7.0901679550e-01,3.0056938420e-03,7.2678550440e-03,7.0674950990e-01,2.6246220400e-03,7.7707922640e-03,-2.267286e-03,-3.810718e-04,5.029372e-04
NN2,none,full,39,7.0902083660e-01,3.0065712010e-03,7.2684781530e-03,7.0672514750e-01,2.6416343900e-03,7.7748513420e-03,-2.295689e-03,-3.649368e-04,5.063732e-04
NN2,none,full,40,7.0902469850e-01,3.0073858680e-03,7.2691305220e-03,7.0669611060e-01,2.6578515730e-03,7.7801026350e-03,-2.328588e-03,-3.495343e-04,5.109721e-04
NN2,none,full,41,7.0902839390e-01,3.0081550380e-03,7.2698198270e-03,7.0666327670e-01,2.6726579850e-03,7.7861975770e-03,-2.365117e-03,-3.354971e-04,5.163777e-04
NN2,none,full,42,7.0903193720e-01,3.0088976190e-03,7.2705538050e-03,7.0662774170e-01,2.6859704990e-03,7.7926997570e-03,-2.404196e-03,-3.229271e-04,5.221460e-04
NN2,none,full,43,7.0903534200e-01,3.0096327960e-03,7.2713379130e-03,7.0659073640e-01,2.6981822260e-03,7.7991322770e-03,-2.444606e-03,-3.114506e-04,5.277944e-04
NN2,none,full,44,7.0903861900e-01,3.0103773840e-03,7.2721746780e-03,7.0655359010e-01,2.7099588650e-03,7.8050101900e-03,-2.485029e-03,-3.004185e-04,5.328355e-04
NN2,none,full,45,7.0904177580e-01,3.0111412890e-03,7.2730636380e-03,7.0651763810e-01,2.7220542390e-03,7.8099016890e-03,-2.524138e-03,-2.890870e-04,5.368381e-04
NN2,none,full,46,7.0904481730e-01,3.0119254140e-03,7.2740017470e-03,7.0648413740e-01,2.7351586010e-03,7.8134758850e-03,-2.560680e-03,-2.767668e-04,5.394741e-04
NN2,none,full,47,7.0904774550e-01,3.0127328080e-03,7.2749841330e-03,7.0645420160e-01,2.7497004810e-03,7.8155142030e-03,-2.593544e-03,-2.630323e-04,5.405301e-04
NN2,none,full,48,7.0905056190e-01,3.0135635930e-03,7.2760053340e-03,7.0642873290e-01,2.7657622160e-03,7.8159086020e-03,-2.621829e-03,-2.478014e-04,5.399033e-04
NN2,none,full,49,7.0905327030e-01,3.0144109190e-03,7.2770605390e-03,7.0640839310e-01,2.7830713430e-03,7.8146445700e-03,-2.644877e-03,-2.313396e-04,5.375840e-04
NN2,none,full,50,7.0905587630e-01,3.0152640590e-03,7.2781460740e-03,7.0639359640e-01,2.8010497970e-03,7.8117819970e-03,-2.662280e-03,-2.142143e-04,5.336359e-04
NN2,none,full,51,7.0905838740e-01,3.0161128170e-03,7.2792591880e-03,7.0638448180e-01,2.8189344040e-03,7.8074390220e-03,-2.673906e-03,-1.971784e-04,5.281798e-04
NN2,none,full,52,7.0906081150e-01,3.0169493380e-03,7.2803976380e-03,7.0638090090e-01,2.8359260950e-03,7.8017767560e-03,-2.679911e-03,-1.810232e-04,5.213791e-04
NN2,none,latest,2,7.0900224240e-01,3.0572187540e-03,7.2228417010e-03,6.9983455230e-01,9.8656750200e-03,9.7216188800e-03,-9.167690e-03,6.808456e-03,2.498777e-03
NN2,none,latest,3,7.0890963260e-01,2.9775012930e-03,7.2431265100e-03,7.0309946500e-01,7.3314440880e-03,9.0298392630e-03,-5.810168e-03,4.353943e-03,1.786713e-03
NN2,none,latest,4,7.0887367800e-01,2.9255660480e-03,7.2507185020e-03,7.0599400460e-01,4.8641876130e-03,8.2774697810e-03,-2.879673e-03,1.938622e-03,1.026751e-03
NN2,none,latest,5,7.0887371100e-01,2.9137362710e-03,7.2532041350e-03,7.0773183810e-01,3.2306019440e-03,7.7795358030e-03,-1.141873e-03,3.168657e-04,5.263317e-04
NN2,none,latest,6,7.0888417370e-01,2.9243727130e-03,7.2548047050e-03,7.0843891560e-01,2.4169843300e-03,7.5735635440e-03,-4.452581e-04,-5.073884e-04,3.187588e-04
NN2,none,latest,7,7.0889062790e-01,2.9393406760e-03,7.2565288090e-03,7.0847053360e-01,2.1479130560e-03,7.5555110730e-03,-4.200943e-04,-7.914276e-04,2.989823e-04
NN2,none,latest,8,7.0889081250e-01,2.9506844110e-03,7.2583326310e-03,7.0815965390e-01,2.1547207570e-03,7.6130767450e-03,-7.311586e-04,-7.959637e-04,3.547441e-04
NN2,none,latest,9,7.0888859600e-01,2.9576015890e-03,7.2598594080e-03,7.0774543690e-01,2.2531574590e-03,7.6816837860e-03,-1.143159e-03,-7.044441e-04,4.218244e-04
NN2,none,latest,10,7.0888827950e-01,2.9613664240e-03,7.2606991590e-03,7.0736842330e-01,2.3402028730e-03,7.7410166380e-03,-1.519856e-03,-6.211636e-04,4.803175e-04
NN2,none,latest,11,7.0889198070e-01,2.9630463280e-03,7.2606672050e-03,7.0708550340e-01,2.3754997260e-03,7.7894531450e-03,-1.806477e-03,-5.875466e-04,5.287859e-04
NN2,none,latest,12,7.0889949820e-01,2.9634030470e-03,7.2599221650e-03,7.0689660940e-01,2.3599310910e-03,7.8279649320e-03,-2.002889e-03,-6.034720e-04,5.680428e-04
NN2,none,latest,13,7.0890926680e-01,2.9632290260e-03,7.2588501520e-03,7.0677339830e-01,2.3153862750e-03,7.8561097600e-03,-2.135869e-03,-6.478428e-04,5.972596e-04
NN2,none,latest,14,7.0891939600e-01,2.9632892330e-03,7.2578485190e-03,7.0668175870e-01,2.2671942910e-03,7.8740125680e-03,-2.237637e-03,-6.960949e-04,6.161640e-04
NN2,none,latest,15,7.0892836650e-01,2.9640469480e-03,7.2571748180e-03,7.0659498540e-01,2.2334352230e-03,7.8844412730e-03,-2.333381e-03,-7.306117e-04,6.272665e-04
NN2,none,latest,16,7.0893533350e-01,2.9655626690e-03,7.2569176540e-03,7.0649826680e-01,2.2221140060e-03,7.8923733790e-03,-2.437067e-03,-7.434487e-04,6.354557e-04
NN2,none,latest,17,7.0894012530e-01,2.9676354770e-03,7.2570518770e-03,7.0638788010e-01,2.2329569830e-03,7.9028693750e-03,-2.552245e-03,-7.346785e-04,6.458175e-04
NN2,none,latest,18,7.0894307210e-01,2.9700149230e-03,7.2575063720e-03,7.0626757820e-01,2.2612420380e-03,7.9190170990e-03,-2.675494e-03,-7.087729e-04,6.615107e-04
NN2,none,latest,19,7.0894477180e-01,2.9725323050e-03,7.2582010140e-03,7.0614483620e-01,2.3008855140e-03,7.9410804740e-03,-2.799936e-03,-6.716468e-04,6.828795e-04
NN2,none,latest,20,7.0894587500e-01,2.9751138630e-03,7.2590533730e-03,7.0602767250e-01,2.3455313160e-03,7.9667946440e-03,-2.918202e-03,-6.295825e-04,7.077413e-04
NN2,none,latest,21,7.0894693500e-01,2.9777309430e-03,7.2599759380e-03,7.0592291990e-01,2.3890832610e-03,7.9927822340e-03,-3.024015e-03,-5.886477e-04,7.328063e-04
NN2,none,latest,22,7.0894833780e-01,2.9803520120e-03,7.2608805570e-03,7.0583532150e-01,2.4263880320e-03,8.0158815590e-03,-3.113016e-03,-5.539640e-04,7.550010e-04
NN2,none,latest,23,7.0895029770e-01,2.9829260970e-03,7.2616916750e-03,7.0576720350e-01,2.4541267800e-03,8.0339975260e-03,-3.183094e-03,-5.287993e-04,7.723059e-04
NN2,none,latest,24,7.0895289470e-01,2.9853918100e-03,7.2623625780e-03,7.0571891410e-01,2.4711096430e-03,8.0464731840e-03,-3.233981e-03,-5.142822e-04,7.841106e-04
NN2,none,latest,25,7.0895611780e-01,2.9876940030e-03,7.2628815140e-03,7.0568887780e-01,2.4777538930e-03,8.0535488090e-03,-3.267240e-03,-5.099401e-04,7.906673e-04
NN2,none,latest,26,7.0895990080e-01,2.9897971410e-03,7.2632658940e-03,7.0567435510e-01,2.4754082730e-03,8.0561118650e-03,-3.285546e-03,-5.143889e-04,7.928460e-04
NN2,none,latest,27,7.0896414810e-01,2.9916917620e-03,7.2635506770e-03,7.0567227270e-01,2.4657935590e-03,8.0554601050e-03,-3.291875e-03,-5.258982e-04,7.919094e-04
NN2,none,latest,28,7.0896875290e-01,2.9933933300e-03,7.2637772400e-03,7.0567922640e-01,2.4506954260e-03,8.0526942410e-03,-3.289527e-03,-5.426979e-04,7.889170e-04
NN2,none,latest,29,7.0897360920e-01,2.9949349820e-03,7.2639856590e-03,7.0569169170e-01,2.4321246950e-03,8.0485375080e-03,-3.281917e-03,-5.628103e-04,7.845518e-04
NN2,none,latest,30,7.0897862100e-01,2.9963573850e-03,7.2642101230e-03,7.0570637390e-01,2.4122559540e-03,8.0434263420e-03,-3.272247e-03,-5.841014e-04,7.792162e-04
NN2,none,latest,31,7.0898370500e-01,2.9976987920e-03,7.2644763800e-03,7.0572053740e-01,2.3934917840e-03,8.0377565590e-03,-3.263168e-03,-6.042070e-04,7.732802e-04
NN2,none,latest,32,7.0898879100e-01,2.9989874080e-03,7.2648004620e-03,7.0573196230e-01,2.3784141300e-03,8.0319883200e-03,-3.256829e-03,-6.205733e-04,7.671879e-04
NN2,none,latest,33,7.0899382070e-01,3.0002373250e-03,7.2651885240e-03,7.0573884190e-01,2.3693503910e-03,8.0266494540e-03,-3.254979e-03,-6.308869e-04,7.614609e-04
NN2,none,latest,34,7.0899874600e-01,3.0014487080e-03,7.2656379450e-03,7.0573970190e-01,2.3681415550e-03,8.0223434550e-03,-3.259044e-03,-6.333072e-04,7.567055e-04
NN2,none,latest,35,7.0900352870e-01,3.0026118810e-03,7.2661398410e-03,7.0573337010e-01,2.3753975000e-03,8.0195847710e-03,-3.270159e-03,-6.272144e-04,7.534449e-04
NN2,none,latest,36,7.0900814060e-01,3.0037134920e-03,7.2666827500e-03,7.0571905650e-01,2.3903331860e-03,8.0187714630e-03,-3.289084e-03,-6.133803e-04,7.520887e-04
NN2,none,latest,37,7.0901256480e-01,3.0047424180e-03,7.2672564610e-03,7.0569638520e-01,2.4110798600e-03,8.0201530610e-03,-3.316180e-03,-5.936626e-04,7.528966e-04
NN2,none,latest,38,7.0901679550e-01,3.0056938420e-03,7.2678550440e-03,7.0566537300e-01,2.4352082330e-03,8.0237823840e-03,-3.351422e-03,-5.704856e-04,7.559273e-04
NN2,none,latest,39,7.0902083660e-01,3.0065712010e-03,7.2684781530e-03,7.0562645330e-01,2.4603056800e-03,8.0295053610e-03,-3.394383e-03,-5.462655e-04,7.610272e-04
NN2,none,latest,40,7.0902469850e-01,3.0073858680e-03,7.2691305220e-03,7.0558047240e-01,2.4844834510e-03,8.0369747240e-03,-3.444226e-03,-5.229024e-04,7.678442e-04
NN2,none,latest,41,7.0902839390e-01,3.0081550380e-03,7.2698198270e-03,7.0552869300e-01,2.5066398680e-03,8.0456891680e-03,-3.499701e-03,-5.015152e-04,7.758693e-04
NN2,none,latest,42,7.0903193720e-01,3.0088976190e-03,7.2705538050e-03,7.0547272400e-01,2.5265078030e-03,8.0550201140e-03,-3.559213e-03,-4.823898e-04,7.844663e-04
NN2,none,latest,43,7.0903534200e-01,3.0096327960e-03,7.2713379130e-03,7.0541437550e-01,2.5445730590e-03,8.0642707160e-03,-3.620966e-03,-4.650597e-04,7.929328e-04
NN2,none,latest,44,7.0903861900e-01,3.0103773840e-03,7.2721746780e-03,7.0535556810e-01,2.5618534280e-03,8.0727496200e-03,-3.683051e-03,-4.485240e-04,8.005749e-04
NN2,none,latest,45,7.0904177580e-01,3.0111412890e-03,7.2730636380e-03,7.0529826550e-01,2.5794808900e-03,8.0798274760e-03,-3.743510e-03,-4.316604e-04,8.067638e-04
NN2,none,latest,46,7.0904481730e-01,3.0119254140e-03,7.2740017470e-03,7.0524434430e-01,2.5986063510e-03,8.0849940250e-03,-3.800473e-03,-4.133191e-04,8.109923e-04
NN2,none,latest,47,7.0904774550e-01,3.0127328080e-03,7.2749841330e-03,7.0519554830e-01,2.6198520320e-03,8.0878917400e-03,-3.852197e-03,-3.928808e-04,8.129076e-04
NN2,none,latest,48,7.0905056190e-01,3.0135635930e-03,7.2760053340e-03,7.0515339180e-01,2.6432721170e-03,8.0883099690e-03,-3.897170e-03,-3.702915e-04,8.123046e-04
NN2,none,latest,49,7.0905327030e-01,3.0144109190e-03,7.2770605390e-03,7.0511900150e-01,2.6684901490e-03,8.0861921200e-03,-3.934269e-03,-3.459208e-04,8.091316e-04
NN2,none,latest,50,7.0905587630e-01,3.0152640590e-03,7.2781460740e-03,7.0509309810e-01,2.6946963340e-03,8.0816083910e-03,-3.962778e-03,-3.205677e-04,8.034623e-04
NN2,none,latest,51,7.0905838740e-01,3.0161128170e-03,7.2792591880e-03,7.0507589230e-01,2.7208458170e-03,8.0747419020e-03,-3.982495e-03,-2.952670e-04,7.954827e-04
NN2,none,latest,52,7.0906081150e-01,3.0169493380e-03,7.2803976380e-03,7.0506717080e-01,2.7457904270e-03,8.0658356290e-03,-3.993641e-03,-2.711589e-04,7.854380e-04
NN2,none,older,2,7.0900224240e-01,3.0572187540e-03,7.2228417010e-03,7.1131492420e-01,1.3475990670e-03,6.5955680200e-03,2.312682e-03,-1.709620e-03,-6.272737e-04
NN2,none,older,3,7.0890963260e-01,2.9775012930e-03,7.2431265100e-03,7.1098556680e-01,1.4475547810e-03,6.6490038830e-03,2.075934e-03,-1.529947e-03,-5.941226e-04
NN2,none,older,4,7.0887367800e-01,2.9255660480e-03,7.2507185020e-03,7.1017079460e-01,2.0349648480e-03,6.8591368830e-03,1.297117e-03,-8.906012e-04,-3.915816e-04
NN2,none,older,5,7.0887371100e-01,2.9137362710e-03,7.2532041350e-03,7.0954349090e-01,2.5880744200e-03,7.0334139210e-03,6.697799e-04,-3.256619e-04,-2.197902e-04
NN2,none,older,6,7.0888417370e-01,2.9243727130e-03,7.2548047050e-03,7.0922348990e-01,2.9534419730e-03,7.1249680600e-03,3.393162e-04,2.906926e-05,-1.298366e-04
NN2,none,older,7,7.0889062790e-01,2.9393406760e-03,7.2565288090e-03,7.0914465760e-01,3.1371463530e-03,7.1511901840e-03,2.540297e-04,1.978057e-04,-1.053386e-04
NN2,none,older,8,7.0889081250e-01,2.9506844110e-03,7.2583326310e-03,7.0920790120e-01,3.1978958220e-03,7.1438766850e-03,3.170887e-04,2.472114e-04,-1.144559e-04
NN2,none,older,9,7.0888859600e-01,2.9576015890e-03,7.2598594080e-03,7.0933188900e-01,3.1959090600e-03,7.1255104690e-03,4.432930e-04,2.383075e-04,-1.343489e-04
NN2,none,older,10,7.0888827950e-01,2.9613664240e-03,7.2606991590e-03,7.0946367810e-01,3.1748987970e-03,7.1058618630e-03,5.753986e-04,2.135324e-04,-1.548373e-04
NN2,none,older,11,7.0889198070e-01,2.9630463280e-03,7.2606672050e-03,7.0957609880e-01,3.1593434740e-03,7.0875048550e-03,6.841181e-04,1.962971e-04,-1.731623e-04
NN2,none,older,12,7.0889949820e-01,2.9634030470e-03,7.2599221650e-03,7.0966125630e-01,3.1577514610e-03,7.0713074300e-03,7.617581e-04,1.943484e-04,-1.886147e-04
NN2,none,older,13,7.0890926680e-01,2.9632290260e-03,7.2588501520e-03,7.0972292760e-01,3.1684979720e-03,7.0584172230e-03,8.136608e-04,2.052689e-04,-2.004329e-04
NN2,none,older,14,7.0891939600e-01,2.9632892330e-03,7.2578485190e-03,7.0976960930e-01,3.1851815550e-03,7.0497077100e-03,8.502133e-04,2.218923e-04,-2.081408e-04
NN2,none,older,15,7.0892836650e-01,2.9640469480e-03,7.2571748180e-03,7.0980951010e-01,3.2010391070e-03,7.0448497410e-03,8.811436e-04,2.369922e-04,-2.123251e-04
NN2,none,older,16,7.0893533350e-01,2.9655626690e-03,7.2569176540e-03,7.0984804820e-01,3.2115355900e-03,7.0423112660e-03,9.127147e-04,2.459729e-04,-2.146064e-04
NN2,none,older,17,7.0894012530e-01,2.9676354770e-03,7.2570518770e-03,7.0988761940e-01,3.2150155450e-03,7.0402065160e-03,9.474941e-04,2.473801e-04,-2.168454e-04
NN2,none,older,18,7.0894307210e-01,2.9700149230e-03,7.2575063720e-03,7.0992830570e-01,3.2120171010e-03,7.0370965380e-03,9.852336e-04,2.420022e-04,-2.204098e-04
NN2,none,older,19,7.0894477180e-01,2.9725323050e-03,7.2582010140e-03,7.0996880310e-01,3.2043647750e-03,7.0324086370e-03,1.024031e-03,2.318325e-04,-2.257924e-04
NN2,none,older,20,7.0894587500e-01,2.9751138630e-03,7.2590533730e-03,7.1000731420e-01,3.1944294920e-03,7.0264386740e-03,1.061439e-03,2.193156e-04,-2.326147e-04
NN2,none,older,21,7.0894693500e-01,2.9777309430e-03,7.2599759380e-03,7.1004218350e-01,3.1844374690e-03,7.0200221770e-03,1.095249e-03,2.067065e-04,-2.399538e-04
NN2,none,older,22,7.0894833780e-01,2.9803520120e-03,7.2608805570e-03,7.1007229030e-01,3.1758862370e-03,7.0141435900e-03,1.123952e-03,1.955342e-04,-2.467370e-04
NN2,none,older,23,7.0895029770e-01,2.9829260970e-03,7.2616916750e-03,7.1009703390e-01,3.1698086560e-03,7.0095440430e-03,1.146736e-03,1.868826e-04,-2.521476e-04
NN2,none,older,24,7.0895289470e-01,2.9853918100e-03,7.2623625780e-03,7.1011631220e-01,3.1667348700e-03,7.0065799550e-03,1.163418e-03,1.813431e-04,-2.557826e-04
NN2,none,older,25,7.0895611780e-01,2.9876940030e-03,7.2628815140e-03,7.1013042310e-01,3.1667250440e-03,7.0052212060e-03,1.174305e-03,1.790310e-04,-2.576603e-04
NN2,none,older,26,7.0895990080e-01,2.9897971410e-03,7.2632658940e-03,7.1013997190e-01,3.1695233840e-03,7.0051863000e-03,1.180071e-03,1.797262e-04,-2.580796e-04
NN2,none,older,27,7.0896414810e-01,2.9916917620e-03,7.2635506770e-03,7.1014580840e-01,3.1746943410e-03,7.0061254660e-03,1.181660e-03,1.830026e-04,-2.574252e-04
NN2,none,older,28,7.0896875290e-01,2.9933933300e-03,7.2637772400e-03,7.1014893060e-01,3.1816993890e-03,7.0077441540e-03,1.180178e-03,1.883061e-04,-2.560331e-04
NN2,none,older,29,7.0897360920e-01,2.9949349820e-03,7.2639856590e-03,7.1015038410e-01,3.1899003180e-03,7.0098406190e-03,1.176775e-03,1.949653e-04,-2.541450e-04
NN2,none,older,30,7.0897862100e-01,2.9963573850e-03,7.2642101230e-03,7.1015111850e-01,3.1985600680e-03,7.0122905000e-03,1.172498e-03,2.022027e-04,-2.519196e-04
NN2,none,older,31,7.0898370500e-01,2.9976987920e-03,7.2644763800e-03,7.1015194480e-01,3.2068828660e-03,7.0149918810e-03,1.168240e-03,2.091841e-04,-2.494845e-04
NN2,none,older,32,7.0898879100e-01,2.9989874080e-03,7.2648004620e-03,7.1015353450e-01,3.2140442280e-03,7.0178279450e-03,1.164743e-03,2.150568e-04,-2.469725e-04
NN2,none,older,33,7.0899382070e-01,3.0002373250e-03,7.2651885240e-03,7.1015641650e-01,3.2192609650e-03,7.0206454830e-03,1.162596e-03,2.190236e-04,-2.445430e-04
NN2,none,older,34,7.0899874600e-01,3.0014487080e-03,7.2656379450e-03,7.1016100360e-01,3.2219452440e-03,7.0232608300e-03,1.162258e-03,2.204965e-04,-2.423771e-04
NN2,none,older,35,7.0900352870e-01,3.0026118810e-03,7.2661398410e-03,7.1016761590e-01,3.2218437310e-03,7.0254853420e-03,1.164087e-03,2.192318e-04,-2.406545e-04
NN2,none,older,36,7.0900814060e-01,3.0037134920e-03,7.2666827500e-03,7.1017648900e-01,3.2190978200e-03,7.0271534930e-03,1.168348e-03,2.153843e-04,-2.395293e-04
NN2,none,older,37,7.0901256480e-01,3.0047424180e-03,7.2672564610e-03,7.1018775880e-01,3.2142047520e-03,7.0281475290e-03,1.175194e-03,2.094623e-04,-2.391089e-04
NN2,none,older,38,7.0901679550e-01,3.0056938420e-03,7.2678550440e-03,7.1020145920e-01,3.2078736780e-03,7.0284100720e-03,1.184664e-03,2.021798e-04,-2.394450e-04
NN2,none,older,39,7.0902083660e-01,3.0065712010e-03,7.2684781530e-03,7.1021751850e-01,3.2008473280e-03,7.0279503990e-03,1.196682e-03,1.942761e-04,-2.405278e-04
NN2,none,older,40,7.0902469850e-01,3.0073858680e-03,7.2691305220e-03,7.1023575010e-01,3.1937749660e-03,7.0268558170e-03,1.211052e-03,1.863891e-04,-2.422747e-04
NN2,none,older,41,7.0902839390e-01,3.0081550380e-03,7.2698198270e-03,7.1025582820e-01,3.1870987530e-03,7.0252725250e-03,1.227434e-03,1.789437e-04,-2.445473e-04
NN2,none,older,42,7.0903193720e-01,3.0088976190e-03,7.2705538050e-03,7.1027730950e-01,3.1810069500e-03,7.0234016560e-03,1.245372e-03,1.721093e-04,-2.471521e-04
NN2,none,older,43,7.0903534200e-01,3.0096327960e-03,7.2713379130e-03,7.1029965540e-01,3.1754465230e-03,7.0214783960e-03,1.264313e-03,1.658137e-04,-2.498595e-04
NN2,none,older,44,7.0903861900e-01,3.0103773840e-03,7.2721746780e-03,7.1032225400e-01,3.1701864000e-03,7.0197418820e-03,1.283635e-03,1.598090e-04,-2.524328e-04
NN2,none,older,45,7.0904177580e-01,3.0111412890e-03,7.2730636380e-03,7.1034445650e-01,3.1649045360e-03,7.0184129820e-03,1.302681e-03,1.537632e-04,-2.546507e-04
NN2,none,older,46,7.0904481730e-01,3.0119254140e-03,7.2740017470e-03,7.1036561760e-01,3.1592883240e-03,7.0176793110e-03,1.320800e-03,1.473629e-04,-2.563224e-04
NN2,none,older,47,7.0904774550e-01,3.0127328080e-03,7.2749841330e-03,7.1038513630e-01,3.1531140840e-03,7.0176822500e-03,1.337391e-03,1.403813e-04,-2.573019e-04
NN2,none,older,48,7.0905056190e-01,3.0135635930e-03,7.2760053340e-03,7.1040249670e-01,3.1462861370e-03,7.0185073980e-03,1.351935e-03,1.327225e-04,-2.574979e-04
NN2,none,older,49,7.0905327030e-01,3.0144109190e-03,7.2770605390e-03,7.1041729370e-01,3.1388598910e-03,7.0201887570e-03,1.364023e-03,1.244490e-04,-2.568718e-04
NN2,none,older,50,7.0905587630e-01,3.0152640590e-03,7.2781460740e-03,7.1042925810e-01,3.1310403240e-03,7.0227188180e-03,1.373382e-03,1.157763e-04,-2.554273e-04
NN2,none,older,51,7.0905838740e-01,3.0161128170e-03,7.2792591880e-03,7.1043827800e-01,3.1231386670e-03,7.0260548110e-03,1.379891e-03,1.070259e-04,-2.532044e-04
NN2,none,older,52,7.0906081150e-01,3.0169493380e-03,7.2803976380e-03,7.1044438820e-01,3.1155142170e-03,7.0301233530e-03,1.383577e-03,9.856488e-05,-2.502743e-04
NN3,none,full,2,7.0900224240e-01,3.0572187540e-03,7.2228417010e-03,7.0205388430e-01,8.4760560060e-03,8.9813223720e-03,-6.948358e-03,5.418837e-03,1.758481e-03
NN3,none,full,3,7.0890963260e-01,2.9775012930e-03,7.2431265100e-03,7.0512416520e-01,6.3302629070e-03,8.3541493050e-03,-3.785467e-03,3.352762e-03,1.111023e-03
NN3,none,full,4,7.0887367800e-01,2.9255660480e-03,7.2507185020e-03,7.0728828280e-01,4.6093239560e-03,7.8557599020e-03,-1.585395e-03,1.683758e-03,6.050414e-04
NN3,none,full,5,7.0887371100e-01,2.9137362710e-03,7.2532041350e-03,7.0844202610e-01,3.5427362800e-03,7.5455289810e-03,-4.316849e-04,6.290000e-04,2.923248e-04
NN3,none,full,6,7.0888417370e-01,2.9243727130e-03,7.2548047050e-03,7.0886234410e-01,3.0028164850e-03,7.4058417710e-03,-2.182960e-05,7.844377e-05,1.510371e-04
NN3,none,full,7,7.0889062790e-01,2.9393406760e-03,7.2565288090e-03,7.0885169190e-01,2.7804082700e-03,7.3717967190e-03,-3.893600e-05,-1.589324e-04,1.152679e-04
NN3,none,full,8,7.0889081250e-01,2.9506844110e-03,7.2583326310e-03,7.0863853990e-01,2.7176500330e-03,7.3885753820e-03,-2.522726e-04,-2.330344e-04,1.302428e-04
NN3,none,full,9,7.0888859600e-01,2.9576015890e-03,7.2598594080e-03,7.0836689600e-01,2.7267799710e-03,7.4284198060e-03,-5.217000e-04,-2.308216e-04,1.685604e-04
NN3,none,full,10,7.0888827950e-01,2.9613664240e-03,7.2606991590e-03,7.0810890910e-01,2.7649299030e-03,7.4787864850e-03,-7.793704e-04,-1.964365e-04,2.180873e-04
NN3,none,full,11,7.0889198070e-01,2.9630463280e-03,7.2606672050e-03,7.0788793740e-01,2.8102591870e-03,7.5309727670e-03,-1.004043e-03,-1.527871e-04,2.703056e-04
NN3,none,full,12,7.0889949820e-01,2.9634030470e-03,7.2599221650e-03,7.0770268380e-01,2.8518702690e-03,7.5776296400e-03,-1.196814e-03,-1.115328e-04,3.177075e-04
NN3,none,full,13,7.0890926680e-01,2.9632290260e-03,7.2588501520e-03,7.0754444600e-01,2.8866655360e-03,7.6146678990e-03,-1.364821e-03,-7.656349e-05,3.558177e-04
NN3,none,full,14,7.0891939600e-01,2.9632892330e-03,7.2578485190e-03,7.0740527810e-01,2.9164095090e-03,7.6419543360e-03,-1.514118e-03,-4.687972e-05,3.841058e-04
NN3,none,full,15,7.0892836650e-01,2.9640469480e-03,7.2571748180e-03,7.0727984710e-01,2.9435925370e-03,7.6619357280e-03,-1.648519e-03,-2.045441e-05,4.047609e-04
NN3,none,full,16,7.0893533350e-01,2.9655626690e-03,7.2569176540e-03,7.0716536810e-01,2.9686937390e-03,7.6777413410e-03,-1.769965e-03,3.131070e-06,4.208237e-04
NN3,none,full,17,7.0894012530e-01,2.9676354770e-03,7.2570518770e-03,7.0706116320e-01,2.9901233670e-03,7.6920377270e-03,-1.878962e-03,2.248789e-05,4.349858e-04
NN3,none,full,18,7.0894307210e-01,2.9700149230e-03,7.2575063720e-03,7.0696804880e-01,3.0058783590e-03,7.7064513880e-03,-1.975023e-03,3.586344e-05,4.489450e-04
NN3,none,full,19,7.0894477180e-01,2.9725323050e-03,7.2582010140e-03,7.0688746880e-01,3.0148655820e-03,7.7213778560e-03,-2.057303e-03,4.233328e-05,4.631768e-04
NN3,none,full,20,7.0894587500e-01,2.9751138630e-03,7.2590533730e-03,7.0682066030e-01,3.0171061450e-03,7.7361099680e-03,-2.125215e-03,4.199228e-05,4.770566e-04
NN3,none,full,21,7.0894693500e-01,2.9777309430e-03,7.2599759380e-03,7.0676818950e-01,3.0133400680e-03,7.7492838590e-03,-2.178745e-03,3.560912e-05,4.893079e-04
NN3,none,full,22,7.0894833780e-01,2.9803520120e-03,7.2608805570e-03,7.0672993060e-01,3.0046192600e-03,7.7595204910e-03,-2.218407e-03,2.426725e-05,4.986399e-04
NN3,none,full,23,7.0895029770e-01,2.9829260970e-03,7.2616916750e-03,7.0670517670e-01,2.9922998610e-03,7.7659458100e-03,-2.245121e-03,9.373764e-06,5.042541e-04
NN3,none,full,24,7.0895289470e-01,2.9853918100e-03,7.2623625780e-03,7.0669280540e-01,2.9778283400e-03,7.7684393060e-03,-2.260089e-03,-7.563470e-06,5.060767e-04
NN3,none,full,25,7.0895611780e-01,2.9876940030e-03,7.2628815140e-03,7.0669132910e-01,2.9624975440e-03,7.7675512230e-03,-2.264789e-03,-2.519646e-05,5.046697e-04
NN3,none,full,26,7.0895990080e-01,2.9897971410e-03,7.2632658940e-03,7.0669881500e-01,2.9476153410e-03,7.7642277830e-03,-2.261086e-03,-4.218180e-05,5.009619e-04
NN3,none,full,27,7.0896414810e-01,2.9916917620e-03,7.2635506770e-03,7.0671289270e-01,2.9341531070e-03,7.7594608790e-03,-2.251255e-03,-5.753865e-05,4.959102e-04
NN3,none,full,28,7.0896875290e-01,2.9933933300e-03,7.2637772400e-03,7.0673094660e-01,2.9225508000e-03,7.7540811740e-03,-2.237806e-03,-7.084253e-05,4.903039e-04
NN3,none,full,29,7.0897360920e-01,2.9949349820e-03,7.2639856590e-03,7.0675040460e-01,2.9128641770e-03,7.7486988250e-03,-2.223205e-03,-8.207080e-05,4.847132e-04
NN3,none,full,30,7.0897862100e-01,2.9963573850e-03,7.2642101230e-03,7.0676901040e-01,2.9051036280e-03,7.7437433740e-03,-2.209611e-03,-9.125376e-05,4.795333e-04
NN3,none,full,31,7.0898370500e-01,2.9976987920e-03,7.2644763800e-03,7.0678503560e-01,2.8994559700e-03,7.7395217290e-03,-2.198669e-03,-9.824282e-05,4.750453e-04
NN3,none,full,32,7.0898879100e-01,2.9989874080e-03,7.2648004620e-03,7.0679739150e-01,2.8962589670e-03,7.7362447430e-03,-2.191400e-03,-1.027284e-04,4.714443e-04
NN3,none,full,33,7.0899382070e-01,3.0002373250e-03,7.2651885240e-03,7.0680558240e-01,2.8957763020e-03,7.7340245060e-03,-2.188238e-03,-1.044610e-04,4.688360e-04
NN3,none,full,34,7.0899874600e-01,3.0014487080e-03,7.2656379450e-03,7.0680957920e-01,2.8980646730e-03,7.7328734870e-03,-2.189167e-03,-1.033840e-04,4.672355e-04
NN3,none,full,35,7.0900352870e-01,3.0026118810e-03,7.2661398410e-03,7.0680966350e-01,2.9028115590e-03,7.7327013190e-03,-2.193865e-03,-9.980032e-05,4.665615e-04
NN3,none,full,36,7.0900814060e-01,3.0037134920e-03,7.2666827500e-03,7.0680631660e-01,2.9093226520e-03,7.7333466920e-03,-2.201824e-03,-9.439084e-05,4.666639e-04
NN3,none,full,37,7.0901256480e-01,3.0047424180e-03,7.2672564610e-03,7.0680010380e-01,2.9166973040e-03,7.7346089530e-03,-2.212461e-03,-8.804511e-05,4.673525e-04
NN3,none,full,38,7.0901679550e-01,3.0056938420e-03,7.2678550440e-03,7.0679158510e-01,2.9241201860e-03,7.7362783230e-03,-2.225210e-03,-8.157366e-05,4.684233e-04
NN3,none,full,39,7.0902083660e-01,3.0065712010e-03,7.2684781530e-03,7.0678125980e-01,2.9310842470e-03,7.7381589400e-03,-2.239577e-03,-7.548695e-05,4.696808e-04
NN3,none,full,40,7.0902469850e-01,3.0073858680e-03,7.2691305220e-03,7.0676954720e-01,2.9374622820e-03,7.7400788790e-03,-2.255151e-03,-6.992359e-05,4.709484e-04
NN3,none,full,41,7.0902839390e-01,3.0081550380e-03,7.2698198270e-03,7.0675675300e-01,2.9434914580e-03,7.7418921210e-03,-2.271641e-03,-6.466358e-05,4.720723e-04
NN3,none,full,42,7.0903193720e-01,3.0088976190e-03,7.2705538050e-03,7.0674310600e-01,2.9496027110e-03,7.7434638440e-03,-2.288831e-03,-5.929491e-05,4.729100e-04
NN3,none,full,43,7.0903534200e-01,3.0096327960e-03,7.2713379130e-03,7.0672878670e-01,2.9562339380e-03,7.7446697270e-03,-2.306555e-03,-5.339886e-05,4.733318e-04
NN3,none,full,44,7.0903861900e-01,3.0103773840e-03,7.2721746780e-03,7.0671397400e-01,2.9637212340e-03,7.7454054000e-03,-2.324645e-03,-4.665615e-05,4.732307e-04
NN3,none,full,45,7.0904177580e-01,3.0111412890e-03,7.2730636380e-03,7.0669891310e-01,2.9721070430e-03,7.7455706250e-03,-2.342863e-03,-3.903425e-05,4.725070e-04
NN3,none,full,46,7.0904481730e-01,3.0119254140e-03,7.2740017470e-03,7.0668390700e-01,2.9812587370e-03,7.7451097560e-03,-2.360910e-03,-3.066668e-05,4.711080e-04
NN3,none,full,47,7.0904774550e-01,3.0127328080e-03,7.2749841330e-03,7.0666932820e-01,2.9908391330e-03,7.7440100480e-03,-2.378417e-03,-2.189368e-05,4.690259e-04
NN3,none,full,48,7.0905056190e-01,3.0135635930e-03,7.2760053340e-03,7.0665559820e-01,3.0003694670e-03,7.7422967210e-03,-2.394964e-03,-1.319413e-05,4.662914e-04
NN3,none,full,49,7.0905327030e-01,3.0144109190e-03,7.2770605390e-03,7.0664316730e-01,3.0093126820e-03,7.7400224400e-03,-2.410103e-03,-5.098237e-06,4.629619e-04
NN3,none,full,50,7.0905587630e-01,3.0152640590e-03,7.2781460740e-03,7.0663250480e-01,3.0171427500e-03,7.7372528990e-03,-2.423372e-03,1.878691e-06,4.591068e-04
NN3,none,full,51,7.0905838740e-01,3.0161128170e-03,7.2792591880e-03,7.0662406390e-01,3.0234080690e-03,7.7340528880e-03,-2.434324e-03,7.295252e-06,4.547937e-04
NN3,none,full,52,7.0906081150e-01,3.0169493380e-03,7.2803976380e-03,7.0661821950e-01,3.0277951260e-03,7.7304768020e-03,-2.442592e-03,1.084579e-05,4.500792e-04
NN3,none,latest,2,7.0900224240e-01,3.0572187540e-03,7.2228417010e-03,6.9975475560e-01,1.0283595410e-02,9.5639198760e-03,-9.247487e-03,7.226377e-03,2.341078e-03
NN3,none,latest,3,7.0890963260e-01,2.9775012930e-03,7.2431265100e-03,7.0313082190e-01,8.0464230610e-03,8.9273559370e-03,-5.778811e-03,5.068922e-03,1.684229e-03
NN3,none,latest,4,7.0887367800e-01,2.9255660480e-03,7.2507185020e-03,7.0613528690e-01,5.7247062670e-03,8.2625883720e-03,-2.738391e-03,2.799140e-03,1.011870e-03
NN3,none,latest,5,7.0887371100e-01,2.9137362710e-03,7.2532041350e-03,7.0794115250e-01,4.1071321700e-03,7.7859394020e-03,-9.325585e-04,1.193396e-03,5.327353e-04
NN3,none,latest,6,7.0888417370e-01,2.9243727130e-03,7.2548047050e-03,7.0870341250e-01,3.2081820760e-03,7.5367172720e-03,-1.807612e-04,2.838094e-04,2.819126e-04
NN3,none,latest,7,7.0889062790e-01,2.9393406760e-03,7.2565288090e-03,7.0879733490e-01,2.7960460090e-03,7.4522686270e-03,-9.329300e-05,-1.432947e-04,1.957398e-04
NN3,none,latest,8,7.0889081250e-01,2.9506844110e-03,7.2583326310e-03,7.0855085610e-01,2.6514249950e-03,7.4583915310e-03,-3.399564e-04,-2.992594e-04,2.000589e-04
NN3,none,latest,9,7.0888859600e-01,2.9576015890e-03,7.2598594080e-03,7.0818306010e-01,2.6362137350e-03,7.5081690010e-03,-7.055359e-04,-3.213879e-04,2.483096e-04
NN3,none,latest,10,7.0888827950e-01,2.9613664240e-03,7.2606991590e-03,7.0781187490e-01,2.6765237470e-03,7.5776702210e-03,-1.076405e-03,-2.848427e-04,3.169711e-04
NN3,none,latest,11,7.0889198070e-01,2.9630463280e-03,7.2606672050e-03,7.0748267340e-01,2.7347553520e-03,7.6520293820e-03,-1.409307e-03,-2.282910e-04,3.913622e-04
NN3,none,latest,12,7.0889949820e-01,2.9634030470e-03,7.2599221650e-03,7.0720123000e-01,2.7924177000e-03,7.7203705050e-03,-1.698268e-03,-1.709853e-04,4.604483e-04
NN3,none,latest,13,7.0890926680e-01,2.9632290260e-03,7.2588501520e-03,7.0695877650e-01,2.8430523990e-03,7.7764632940e-03,-1.950490e-03,-1.201766e-04,5.176131e-04
NN3,none,latest,14,7.0891939600e-01,2.9632892330e-03,7.2578485190e-03,7.0674498480e-01,2.8873802870e-03,7.8192120030e-03,-2.174411e-03,-7.590895e-05,5.613635e-04
NN3,none,latest,15,7.0892836650e-01,2.9640469480e-03,7.2571748180e-03,7.0655221600e-01,2.9276799620e-03,7.8511207910e-03,-2.376151e-03,-3.636699e-05,5.939460e-04
NN3,none,latest,16,7.0893533350e-01,2.9655626690e-03,7.2569176540e-03,7.0637637150e-01,2.9644980530e-03,7.8762355030e-03,-2.558962e-03,-1.064616e-06,6.193178e-04
NN3,none,latest,17,7.0894012530e-01,2.9676354770e-03,7.2570518770e-03,7.0621639340e-01,2.9958395610e-03,7.8984637530e-03,-2.723732e-03,2.820408e-05,6.414119e-04
NN3,none,latest,18,7.0894307210e-01,2.9700149230e-03,7.2575063720e-03,7.0607342220e-01,3.0187323540e-03,7.9204369460e-03,-2.869650e-03,4.871743e-05,6.629306e-04
NN3,none,latest,19,7.0894477180e-01,2.9725323050e-03,7.2582010140e-03,7.0594929760e-01,3.0318789150e-03,7.9429576060e-03,-2.995474e-03,5.934661e-05,6.847566e-04
NN3,none,latest,20,7.0894587500e-01,2.9751138630e-03,7.2590533730e-03,7.0584550920e-01,3.0356093820e-03,7.9651526910e-03,-3.100366e-03,6.049552e-05,7.060993e-04
NN3,none,latest,21,7.0894693500e-01,2.9777309430e-03,7.2599759380e-03,7.0576282000e-01,3.0309860970e-03,7.9851880110e-03,-3.184115e-03,5.325515e-05,7.252121e-04
NN3,none,latest,22,7.0894833780e-01,2.9803520120e-03,7.2608805570e-03,7.0570109160e-01,3.0190857010e-03,8.0011151650e-03,-3.247246e-03,3.873369e-05,7.402346e-04
NN3,none,latest,23,7.0895029770e-01,2.9829260970e-03,7.2616916750e-03,7.0565935980e-01,3.0013421610e-03,8.0116134530e-03,-3.290938e-03,1.841606e-05,7.499218e-04
NN3,none,latest,24,7.0895289470e-01,2.9853918100e-03,7.2623625780e-03,7.0563616210e-01,2.9797948390e-03,8.0164632450e-03,-3.316733e-03,-5.596971e-06,7.541007e-04
NN3,none,latest,25,7.0895611780e-01,2.9876940030e-03,7.2628815140e-03,7.0562936950e-01,2.9565972900e-03,8.0163227490e-03,-3.326748e-03,-3.109671e-05,7.534412e-04
NN3,none,latest,26,7.0895990080e-01,2.9897971410e-03,7.2632658940e-03,7.0563585000e-01,2.9336983100e-03,8.0122158820e-03,-3.324051e-03,-5.609883e-05,7.489500e-04
NN3,none,latest,27,7.0896414810e-01,2.9916917620e-03,7.2635506770e-03,7.0565227980e-01,2.9124935340e-03,8.0056770410e-03,-3.311868e-03,-7.919823e-05,7.421264e-04
NN3,none,latest,28,7.0896875290e-01,2.9933933300e-03,7.2637772400e-03,7.0567492530e-01,2.8937134220e-03,7.9980873950e-03,-3.293828e-03,-9.967991e-05,7.343102e-04
NN3,none,latest,29,7.0897360920e-01,2.9949349820e-03,7.2639856590e-03,7.0569991890e-01,2.8777369890e-03,7.9904342380e-03,-3.273690e-03,-1.171980e-04,7.264486e-04
NN3,none,latest,30,7.0897862100e-01,2.9963573850e-03,7.2642101230e-03,7.0572374740e-01,2.8648677520e-03,7.9833542990e-03,-3.254874e-03,-1.314896e-04,7.191442e-04
NN3,none,latest,31,7.0898370500e-01,2.9976987920e-03,7.2644763800e-03,7.0574384140e-01,2.8553845930e-03,7.9773153570e-03,-3.239864e-03,-1.423142e-04,7.128390e-04
NN3,none,latest,32,7.0898879100e-01,2.9989874080e-03,7.2648004620e-03,7.0575863270e-01,2.8497249500e-03,7.9726352260e-03,-3.230158e-03,-1.492625e-04,7.078348e-04
NN3,none,latest,33,7.0899382070e-01,3.0002373250e-03,7.2651885240e-03,7.0576737430e-01,2.8480710170e-03,7.9694506930e-03,-3.226446e-03,-1.521663e-04,7.042622e-04
NN3,none,latest,34,7.0899874600e-01,3.0014487080e-03,7.2656379450e-03,7.0576998060e-01,2.8506030100e-03,7.9678093900e-03,-3.228765e-03,-1.508457e-04,7.021714e-04
NN3,none,latest,35,7.0900352870e-01,3.0026118810e-03,7.2661398410e-03,7.0576680230e-01,2.8569510040e-03,7.9675885160e-03,-3.236726e-03,-1.456609e-04,7.014487e-04
NN3,none,latest,36,7.0900814060e-01,3.0037134920e-03,7.2666827500e-03,7.0575848960e-01,2.8661190540e-03,7.9685414020e-03,-3.249651e-03,-1.375944e-04,7.018587e-04
NN3,none,latest,37,7.0901256480e-01,3.0047424180e-03,7.2672564610e-03,7.0574586740e-01,2.8767725100e-03,7.9703736770e-03,-3.266697e-03,-1.279699e-04,7.031172e-04
NN3,none,latest,38,7.0901679550e-01,3.0056938420e-03,7.2678550440e-03,7.0572977520e-01,2.8876548490e-03,7.9727918110e-03,-3.287020e-03,-1.180390e-04,7.049368e-04
NN3,none,latest,39,7.0902083660e-01,3.0065712010e-03,7.2684781530e-03,7.0571096470e-01,2.8979289860e-03,7.9755214680e-03,-3.309872e-03,-1.086422e-04,7.070433e-04
NN3,none,latest,40,7.0902469850e-01,3.0073858680e-03,7.2691305220e-03,7.0569002820e-01,2.9073463330e-03,7.9783071000e-03,-3.334670e-03,-1.000395e-04,7.091766e-04
NN3,none,latest,41,7.0902839390e-01,3.0081550380e-03,7.2698198270e-03,7.0566740800e-01,2.9161817640e-03,7.9809129250e-03,-3.360986e-03,-9.197327e-05,7.110931e-04
NN3,none,latest,42,7.0903193720e-01,3.0088976190e-03,7.2705538050e-03,7.0564346430e-01,2.9250107070e-03,7.9831214730e-03,-3.388473e-03,-8.388691e-05,7.125677e-04
NN3,none,latest,43,7.0903534200e-01,3.0096327960e-03,7.2713379130e-03,7.0561851440e-01,2.9344576770e-03,7.9847380190e-03,-3.416828e-03,-7.517512e-05,7.134001e-04
NN3,none,latest,44,7.0903861900e-01,3.0103773840e-03,7.2721746780e-03,7.0559287120e-01,2.9450220760e-03,7.9855992160e-03,-3.445748e-03,-6.535531e-05,7.134245e-04
NN3,none,latest,45,7.0904177580e-01,3.0111412890e-03,7.2730636380e-03,7.0556689620e-01,2.9568738980e-03,7.9855774140e-03,-3.474880e-03,-5.426739e-05,7.125138e-04
NN3,none,latest,46,7.0904481730e-01,3.0119254140e-03,7.2740017470e-03,7.0554102120e-01,2.9699646630e-03,7.9845836900e-03,-3.503796e-03,-4.196075e-05,7.105819e-04
NN3,none,latest,47,7.0904774550e-01,3.0127328080e-03,7.2749841330e-03,7.0551579980e-01,2.9838445200e-03,7.9825973480e-03,-3.531946e-03,-2.888829e-05,7.076132e-04
NN3,none,latest,48,7.0905056190e-01,3.0135635930e-03,7.2760053340e-03,7.0549191340e-01,2.9977551480e-03,7.9796412680e-03,-3.558649e-03,-1.580845e-05,7.036359e-04
NN3,none,latest,49,7.0905327030e-01,3.0144109190e-03,7.2770605390e-03,7.0547011440e-01,3.0108590700e-03,7.9757751380e-03,-3.583156e-03,-3.551849e-06,6.987146e-04
NN3,none,latest,50,7.0905587630e-01,3.0152640590e-03,7.2781460740e-03,7.0545119270e-01,3.0223108380e-03,7.9710835190e-03,-3.604684e-03,7.046779e-06,6.929374e-04
NN3,none,latest,51,7.0905838740e-01,3.0161128170e-03,7.2792591880e-03,7.0543585040e-01,3.0314112970e-03,7.9656674910e-03,-3.622537e-03,1.529848e-05,6.864083e-04
NN3,none,latest,52,7.0906081150e-01,3.0169493380e-03,7.2803976380e-03,7.0542460520e-01,3.0376907100e-03,7.9596270680e-03,-3.636206e-03,2.074137e-05,6.792294e-04
NN3,none,older,2,7.0900224240e-01,3.0572187540e-03,7.2228417010e-03,7.1133813960e-01,1.2462264770e-03,6.6371919830e-03,2.335897e-03,-1.810992e-03,-5.856497e-04
NN3,none,older,3,7.0890963260e-01,2.9775012930e-03,7.2431265100e-03,7.1099041760e-01,1.2459791190e-03,6.6892924190e-03,2.080785e-03,-1.731522e-03,-5.538341e-04
NN3,none,older,4,7.0887367800e-01,2.9255660480e-03,7.2507185020e-03,7.1014176550e-01,1.7692951810e-03,6.8755701250e-03,1.268087e-03,-1.156271e-03,-3.751484e-04
NN3,none,older,5,7.0887371100e-01,2.9137362710e-03,7.2532041350e-03,7.0948646950e-01,2.3008724780e-03,7.0372607570e-03,6.127585e-04,-6.128638e-04,-2.159434e-04
NN3,none,older,6,7.0888417370e-01,2.9243727130e-03,7.2548047050e-03,7.0914391870e-01,2.6818613090e-03,7.1363029830e-03,2.597450e-04,-2.425114e-04,-1.185017e-04
NN3,none,older,7,7.0889062790e-01,2.9393406760e-03,7.2565288090e-03,7.0904294250e-01,2.9055168710e-03,7.1813001280e-03,1.523146e-04,-3.382380e-05,-7.522868e-05
NN3,none,older,8,7.0889081250e-01,2.9506844110e-03,7.2583326310e-03,7.0908431550e-01,3.0145211200e-03,7.1917528880e-03,1.935030e-04,6.383671e-05,-6.657974e-05
NN3,none,older,9,7.0888859600e-01,2.9576015890e-03,7.2598594080e-03,7.0919142840e-01,3.0535407040e-03,7.1824330770e-03,3.028324e-04,9.593912e-05,-7.742633e-05
NN3,none,older,10,7.0888827950e-01,2.9613664240e-03,7.2606991590e-03,7.0931774260e-01,3.0550165870e-03,7.1620620430e-03,4.294631e-04,9.365016e-05,-9.863712e-05
NN3,none,older,11,7.0889198070e-01,2.9630463280e-03,7.2606672050e-03,7.0944052490e-01,3.0396900040e-03,7.1366234620e-03,5.485442e-04,7.664368e-05,-1.240437e-04
NN3,none,older,12,7.0889949820e-01,2.9634030470e-03,7.2599221650e-03,7.0955151950e-01,3.0200350630e-03,7.1110308630e-03,6.520213e-04,5.663202e-05,-1.488913e-04
NN3,none,older,13,7.0890926680e-01,2.9632290260e-03,7.2588501520e-03,7.0964941040e-01,3.0025531960e-03,7.0888422300e-03,7.401436e-04,3.932417e-05,-1.700079e-04
NN3,none,older,14,7.0891939600e-01,2.9632892330e-03,7.2578485190e-03,7.0973547910e-01,2.9891700920e-03,7.0717427830e-03,8.160831e-04,2.588086e-05,-1.861057e-04
NN3,none,older,15,7.0892836650e-01,2.9640469480e-03,7.2571748180e-03,7.0981139890e-01,2.9791994280e-03,7.0595701540e-03,8.830324e-04,1.515248e-05,-1.976047e-04
NN3,none,older,16,7.0893533350e-01,2.9655626690e-03,7.2569176540e-03,7.0987846380e-01,2.9713705510e-03,7.0509701610e-03,9.431303e-04,5.807882e-06,-2.059475e-04
NN3,none,older,17,7.0894012530e-01,2.9676354770e-03,7.2570518770e-03,7.0993754670e-01,2.9651621870e-03,7.0443741040e-03,9.974214e-04,-2.473290e-06,-2.126778e-04
NN3,none,older,18,7.0894307210e-01,2.9700149230e-03,7.2575063720e-03,7.0998911320e-01,2.9608748020e-03,7.0385746720e-03,1.046041e-03,-9.140121e-06,-2.189317e-04
NN3,none,older,19,7.0894477180e-01,2.9725323050e-03,7.2582010140e-03,7.1003334660e-01,2.9590435500e-03,7.0329633320e-03,1.088575e-03,-1.348875e-05,-2.252377e-04
NN3,none,older,20,7.0894587500e-01,2.9751138630e-03,7.2590533730e-03,7.1007034090e-01,2.9601581950e-03,7.0275215390e-03,1.124466e-03,-1.495567e-05,-2.315318e-04
NN3,none,older,21,7.0894693500e-01,2.9777309430e-03,7.2599759380e-03,7.1010027120e-01,2.9644121040e-03,7.0226374600e-03,1.153336e-03,-1.331884e-05,-2.373385e-04
NN3,none,older,22,7.0894833780e-01,2.9803520120e-03,7.2608805570e-03,7.1012354740e-01,2.9714500690e-03,7.0188763920e-03,1.175210e-03,-8.901943e-06,-2.420042e-04
NN3,none,older,23,7.0895029770e-01,2.9829260970e-03,7.2616916750e-03,7.1014068010e-01,2.9806852810e-03,7.0166610870e-03,1.190382e-03,-2.240816e-06,-2.450306e-04
NN3,none,older,24,7.0895289470e-01,2.9853918100e-03,7.2623625780e-03,7.1015225000e-01,2.9913892270e-03,7.0161265790e-03,1.199355e-03,5.997417e-06,-2.462360e-04
NN3,none,older,25,7.0895611780e-01,2.9876940030e-03,7.2628815140e-03,7.1015897070e-01,3.0027317830e-03,7.0171299960e-03,1.202853e-03,1.503778e-05,-2.457515e-04
NN3,none,older,26,7.0895990080e-01,2.9897971410e-03,7.2632658940e-03,7.1016167570e-01,3.0138965150e-03,7.0193188910e-03,1.201775e-03,2.409937e-05,-2.439470e-04
NN3,none,older,27,7.0896414810e-01,2.9916917620e-03,7.2635506770e-03,7.1016134070e-01,3.0242485800e-03,7.0222598650e-03,1.197193e-03,3.255682e-05,-2.412908e-04
NN3,none,older,28,7.0896875290e-01,2.9933933300e-03,7.2637772400e-03,7.1015908730e-01,3.0334302520e-03,7.0255678090e-03,1.190334e-03,4.003692e-05,-2.382094e-04
NN3,none,older,29,7.0897360920e-01,2.9949349820e-03,7.2639856590e-03,7.1015607590e-01,3.0413233230e-03,7.0289591230e-03,1.182467e-03,4.638834e-05,-2.350265e-04
NN3,none,older,30,7.0897862100e-01,2.9963573850e-03,7.2642101230e-03,7.1015335910e-01,3.0479235520e-03,7.0322405340e-03,1.174738e-03,5.156617e-05,-2.319696e-04
NN3,none,older,31,7.0898370500e-01,2.9976987920e-03,7.2644763800e-03,7.1015173410e-01,3.0532489970e-03,7.0352750960e-03,1.168029e-03,5.555021e-05,-2.292013e-04
NN3,none,older,32,7.0898879100e-01,2.9989874080e-03,7.2648004620e-03,7.1015170420e-01,3.0572769680e-03,7.0379679260e-03,1.162913e-03,5.828956e-05,-2.268325e-04
NN3,none,older,33,7.0899382070e-01,3.0002373250e-03,7.2651885240e-03,7.1015350150e-01,3.0599549000e-03,7.0402570370e-03,1.159681e-03,5.971758e-05,-2.249315e-04
NN3,none,older,34,7.0899874600e-01,3.0014487080e-03,7.2656379450e-03,7.1015713960e-01,3.0612588180e-03,7.0421122660e-03,1.158394e-03,5.981011e-05,-2.235257e-04
NN3,none,older,35,7.0900352870e-01,3.0026118810e-03,7.2661398410e-03,7.1016248150e-01,3.0612691220e-03,7.0435405120e-03,1.158953e-03,5.865724e-05,-2.225993e-04
NN3,none,older,36,7.0900814060e-01,3.0037134920e-03,7.2666827500e-03,7.1016930400e-01,3.0602095850e-03,7.0445845810e-03,1.161163e-03,5.649609e-05,-2.220982e-04
NN3,none,older,37,7.0901256480e-01,3.0047424180e-03,7.2672564610e-03,7.1017734200e-01,3.0584204950e-03,7.0453141570e-03,1.164777e-03,5.367808e-05,-2.219423e-04
NN3,none,older,38,7.0901679550e-01,3.0056938420e-03,7.2678550440e-03,7.1018631960e-01,3.0562699900e-03,7.0458103730e-03,1.169524e-03,5.057615e-05,-2.220447e-04
NN3,none,older,39,7.0902083660e-01,3.0065712010e-03,7.2684781530e-03,7.1019602010e-01,3.0540358540e-03,7.0461629420e-03,1.175184e-03,4.746465e-05,-2.223152e-04
NN3,none,older,40,7.0902469850e-01,3.0073858680e-03,7.2691305220e-03,7.1020627250e-01,3.0518585400e-03,7.0464550940e-03,1.181574e-03,4.447267e-05,-2.226754e-04
NN3,none,older,41,7.0902839390e-01,3.0081550380e-03,7.2698198270e-03,7.1021694660e-01,3.0497374890e-03,7.0467634630e-03,1.188553e-03,4.158245e-05,-2.230564e-04
NN3,none,older,42,7.0903193720e-01,3.0088976190e-03,7.2705538050e-03,7.1022795250e-01,3.0475584690e-03,7.0471669220e-03,1.196015e-03,3.866085e-05,-2.233869e-04
NN3,none,older,43,7.0903534200e-01,3.0096327960e-03,7.2713379130e-03,7.1023921860e-01,3.0451598440e-03,7.0477417340e-03,1.203877e-03,3.552705e-05,-2.235962e-04
NN3,none,older,44,7.0903861900e-01,3.0103773840e-03,7.2721746780e-03,7.1025066310e-01,3.0424032810e-03,7.0485518410e-03,1.212044e-03,3.202590e-05,-2.236228e-04
NN3,none,older,45,7.0904177580e-01,3.0111412890e-03,7.2730636380e-03,7.1026217910e-01,3.0392197220e-03,7.0496464480e-03,1.220403e-03,2.807843e-05,-2.234172e-04
NN3,none,older,46,7.0904481730e-01,3.0119254140e-03,7.2740017470e-03,7.1027362600e-01,3.0356334360e-03,7.0510604830e-03,1.228809e-03,2.370802e-05,-2.229413e-04
NN3,none,older,47,7.0904774550e-01,3.0127328080e-03,7.2749841330e-03,7.1028481940e-01,3.0317798470e-03,7.0528147910e-03,1.237074e-03,1.904704e-05,-2.221693e-04
NN3,none,older,48,7.0905056190e-01,3.0135635930e-03,7.2760053340e-03,7.1029553770e-01,3.0278728160e-03,7.0549115950e-03,1.244976e-03,1.430922e-05,-2.210937e-04
NN3,none,older,49,7.0905327030e-01,3.0144109190e-03,7.2770605390e-03,7.1030554070e-01,3.0241626770e-03,7.0573356090e-03,1.252270e-03,9.751758e-06,-2.197249e-04
NN3,none,older,50,7.0905587630e-01,3.0152640590e-03,7.2781460740e-03,7.1031458950e-01,3.0208963480e-03,7.0600614230e-03,1.258713e-03,5.632289e-06,-2.180847e-04
NN3,none,older,51,7.0905838740e-01,3.0161128170e-03,7.2792591880e-03,7.1032245770e-01,3.0183288710e-03,7.0630628940e-03,1.264070e-03,2.216054e-06,-2.161963e-04
NN3,none,older,52,7.0906081150e-01,3.0169493380e-03,7.2803976380e-03,7.1032896060e-01,3.0166357550e-03,7.0663110770e-03,1.268149e-03,-3.135830e-07,-2.140866e-04
BAR2,none,full,2,7.0900224240e-01,3.0572187540e-03,7.2228417010e-03,7.0171704030e-01,9.3534961240e-03,8.8965542250e-03,-7.285202e-03,6.296277e-03,1.673713e-03
BAR2,none,full,3,7.0890963260e-01,2.9775012930e-03,7.2431265100e-03,7.0458563570e-01,7.8672507020e-03,8.2280545520e-03,-4.323997e-03,4.889749e-03,9.849280e-04
BAR2,none,full,4,7.0887367800e-01,2.9255660480e-03,7.2507185020e-03,7.0680318270e-01,6.4312586360e-03,7.7568517610e-03,-2.070495e-03,3.505693e-03,5.061333e-04
BAR2,none,full,5,7.0887371100e-01,2.9137362710e-03,7.2532041350e-03,7.0814359960e-01,5.4081970960e-03,7.4744748070e-03,-7.301114e-04,2.494461e-03,2.212707e-04
BAR2,none,full,6,7.0888417370e-01,2.9243727130e-03,7.2548047050e-03,7.0877600910e-01,4.8129521190e-03,7.3291948320e-03,-1.081646e-04,1.888579e-03,7.439013e-05
BAR2,none,full,7,7.0889062790e-01,2.9393406760e-03,7.2565288090e-03,7.0896837760e-01,4.5142348430e-03,7.2696818060e-03,7.774970e-05,1.574894e-03,1.315300e-05
BAR2,none,full,8,7.0889081250e-01,2.9506844110e-03,7.2583326310e-03,7.0893850960e-01,4.3774001560e-03,7.2602581530e-03,4.769710e-05,1.426716e-03,1.925522e-06
BAR2,none,full,9,7.0888859600e-01,2.9576015890e-03,7.2598594080e-03,7.0881250130e-01,4.3195377010e-03,7.2782203680e-03,-7.609470e-05,1.361936e-03,1.836096e-05
BAR2,none,full,10,7.0888827950e-01,2.9613664240e-03,7.2606991590e-03,7.0864542200e-01,4.3045963340e-03,7.3096411070e-03,-2.428575e-04,1.343230e-03,4.894195e-05
BAR2,none,full,11,7.0889198070e-01,2.9630463280e-03,7.2606672050e-03,7.0845798870e-01,4.3164781640e-03,7.3467720800e-03,-4.339920e-04,1.353432e-03,8.610488e-05
BAR2,none,full,12,7.0889949820e-01,2.9634030470e-03,7.2599221650e-03,7.0826288540e-01,4.3407125900e-03,7.3863955240e-03,-6.366128e-04,1.377310e-03,1.264734e-04
BAR2,none,full,13,7.0890926680e-01,2.9632290260e-03,7.2588501520e-03,7.0807323720e-01,4.3624292880e-03,7.4271776310e-03,-8.360296e-04,1.399200e-03,1.683275e-04
BAR2,none,full,14,7.0891939600e-01,2.9632892330e-03,7.2578485190e-03,7.0790071430e-01,4.3712989340e-03,7.4672488890e-03,-1.018682e-03,1.408010e-03,2.094004e-04
BAR2,none,full,15,7.0892836650e-01,2.9640469480e-03,7.2571748180e-03,7.0775256700e-01,4.3642909760e-03,7.5039032140e-03,-1.175800e-03,1.400244e-03,2.467284e-04
BAR2,none,full,16,7.0893533350e-01,2.9655626690e-03,7.2569176540e-03,7.0763091750e-01,4.3441874220e-03,7.5345687350e-03,-1.304416e-03,1.378625e-03,2.776511e-04
BAR2,none,full,17,7.0894012530e-01,2.9676354770e-03,7.2570518770e-03,7.0753426690e-01,4.3161180750e-03,7.5580212150e-03,-1.405858e-03,1.348483e-03,3.009693e-04
BAR2,none,full,18,7.0894307210e-01,2.9700149230e-03,7.2575063720e-03,7.0745928160e-01,4.2848368530e-03,7.5745902740e-03,-1.483790e-03,1.314822e-03,3.170839e-04
BAR2,none,full,19,7.0894477180e-01,2.9725323050e-03,7.2582010140e-03,7.0740212600e-01,4.2537964770e-03,7.5855995570e-03,-1.542646e-03,1.281264e-03,3.273985e-04
BAR2,none,full,20,7.0894587500e-01,2.9751138630e-03,7.2590533730e-03,7.0735916470e-01,4.2249488890e-03,7.5925280640e-03,-1.586710e-03,1.249835e-03,3.334747e-04
BAR2,none,full,21,7.0894693500e-01,2.9777309430e-03,7.2599759380e-03,7.0732742990e-01,4.1988907020e-03,7.5965218110e-03,-1.619505e-03,1.221160e-03,3.365459e-04
BAR2,none,full,22,7.0894833780e-01,2.9803520120e-03,7.2608805570e-03,7.0730480750e-01,4.1751821700e-03,7.5982915200e-03,-1.643530e-03,1.194830e-03,3.374110e-04
BAR2,none,full,23,7.0895029770e-01,2.9829260970e-03,7.2616916750e-03,7.0729000790e-01,4.1528007430e-03,7.5982774850e-03,-1.660290e-03,1.169875e-03,3.365858e-04
BAR2,none,full,24,7.0895289470e-01,2.9853918100e-03,7.2623625780e-03,7.0728221720e-01,4.1307070180e-03,7.5968596570e-03,-1.670678e-03,1.145315e-03,3.344971e-04
BAR2,none,full,25,7.0895611780e-01,2.9876940030e-03,7.2628815140e-03,7.0728078600e-01,4.1077296780e-03,7.5944288080e-03,-1.675332e-03,1.120036e-03,3.315473e-04
BAR2,none,full,26,7.0895990080e-01,2.9897971410e-03,7.2632658940e-03,7.0728478700e-01,4.0831588300e-03,7.5913880940e-03,-1.675114e-03,1.093362e-03,3.281222e-04
BAR2,none,full,27,7.0896414810e-01,2.9916917620e-03,7.2635506770e-03,7.0729281490e-01,4.0568029540e-03,7.5880755380e-03,-1.671333e-03,1.065111e-03,3.245249e-04
BAR2,none,full,28,7.0896875290e-01,2.9933933300e-03,7.2637772400e-03,7.0730308850e-01,4.0287450890e-03,7.5847267860e-03,-1.665664e-03,1.035352e-03,3.209495e-04
BAR2,none,full,29,7.0897360920e-01,2.9949349820e-03,7.2639856590e-03,7.0731377980e-01,3.9991587170e-03,7.5814793230e-03,-1.659829e-03,1.004224e-03,3.174937e-04
BAR2,none,full,30,7.0897862100e-01,2.9963573850e-03,7.2642101230e-03,7.0732329490e-01,3.9682874740e-03,7.5783956560e-03,-1.655326e-03,9.719301e-04,3.141855e-04
BAR2,none,full,31,7.0898370500e-01,2.9976987920e-03,7.2644763800e-03,7.0733049630e-01,3.9364594330e-03,7.5754865310e-03,-1.653209e-03,9.387606e-04,3.110102e-04
BAR2,none,full,32,7.0898879100e-01,2.9989874080e-03,7.2648004620e-03,7.0733486550e-01,3.9041231550e-03,7.5727362390e-03,-1.653925e-03,9.051357e-04,3.079358e-04
BAR2,none,full,33,7.0899382070e-01,3.0002373250e-03,7.2651885240e-03,7.0733653940e-01,3.8717962870e-03,7.5701072350e-03,-1.657281e-03,8.715590e-04,3.049187e-04
BAR2,none,full,34,7.0899874600e-01,3.0014487080e-03,7.2656379450e-03,7.0733624210e-01,3.8399826350e-03,7.5675639730e-03,-1.662504e-03,8.385339e-04,3.019260e-04
BAR2,none,full,35,7.0900352870e-01,3.0026118810e-03,7.2661398410e-03,7.0733505290e-01,3.8091811910e-03,7.5650459230e-03,-1.668476e-03,8.065693e-04,2.989061e-04
BAR2,none,full,36,7.0900814060e-01,3.0037134920e-03,7.2666827500e-03,7.0733421860e-01,3.7798458940e-03,7.5624778380e-03,-1.673922e-03,7.761324e-04,2.957951e-04
BAR2,none,full,37,7.0901256480e-01,3.0047424180e-03,7.2672564610e-03,7.0733492070e-01,3.7523507500e-03,7.5597622560e-03,-1.677644e-03,7.476083e-04,2.925058e-04
BAR2,none,full,38,7.0901679550e-01,3.0056938420e-03,7.2678550440e-03,7.0733807040e-01,3.7270029500e-03,7.5567911250e-03,-1.678725e-03,7.213091e-04,2.889361e-04
BAR2,none,full,39,7.0902083660e-01,3.0065712010e-03,7.2684781530e-03,7.0734419020e-01,3.7040337490e-03,7.5534770050e-03,-1.676646e-03,6.974625e-04,2.849989e-04
BAR2,none,full,40,7.0902469850e-01,3.0073858680e-03,7.2691305220e-03,7.0735337290e-01,3.6835845650e-03,7.5497862060e-03,-1.671326e-03,6.761987e-04,2.806557e-04
BAR2,none,full,41,7.0902839390e-01,3.0081550380e-03,7.2698198270e-03,7.0736531420e-01,3.6656783970e-03,7.5457529020e-03,-1.663080e-03,6.575234e-04,2.759331e-04
BAR2,none,full,42,7.0903193720e-01,3.0088976190e-03,7.2705538050e-03,7.0737936500e-01,3.6502278310e-03,7.5414775240e-03,-1.652572e-03,6.413302e-04,2.709237e-04
BAR2,none,full,43,7.0903534200e-01,3.0096327960e-03,7.2713379130e-03,7.0739462520e-01,3.6370738200e-03,7.5371059130e-03,-1.640717e-03,6.274410e-04,2.657680e-04
BAR2,none,full,44,7.0903861900e-01,3.0103773840e-03,7.2721746780e-03,7.0741006430e-01,3.6259740510e-03,7.5328010590e-03,-1.628555e-03,6.155967e-04,2.606264e-04
BAR2,none,full,45,7.0904177580e-01,3.0111412890e-03,7.2730636380e-03,7.0742462960e-01,3.6166522760e-03,7.5287029450e-03,-1.617146e-03,6.055110e-04,2.556393e-04
BAR2,none,full,46,7.0904481730e-01,3.0119254140e-03,7.2740017470e-03,7.0743737070e-01,3.6088142580e-03,7.5249122750e-03,-1.607447e-03,5.968888e-04,2.509105e-04
BAR2,none,full,47,7.0904774550e-01,3.0127328080e-03,7.2749841330e-03,7.0744756530e-01,3.6022146420e-03,7.5214909080e-03,-1.600180e-03,5.894818e-04,2.465068e-04
BAR2,none,full,48,7.0905056190e-01,3.0135635930e-03,7.2760053340e-03,7.0745480340e-01,3.5966514870e-03,7.5184599020e-03,-1.595759e-03,5.830879e-04,2.424546e-04
BAR2,none,full,49,7.0905327030e-01,3.0144109190e-03,7.2770605390e-03,7.0745898500e-01,3.5919699580e-03,7.5158146210e-03,-1.594285e-03,5.775590e-04,2.387541e-04
BAR2,none,full,50,7.0905587630e-01,3.0152640590e-03,7.2781460740e-03,7.0746028310e-01,3.5880698100e-03,7.5135402250e-03,-1.595593e-03,5.728058e-04,2.353942e-04
BAR2,none,full,51,7.0905838740e-01,3.0161128170e-03,7.2792591880e-03,7.0745911040e-01,3.5848894190e-03,7.5116138230e-03,-1.599277e-03,5.687766e-04,2.323546e-04
BAR2,none,full,52,7.0906081150e-01,3.0169493380e-03,7.2803976380e-03,7.0745606330e-01,3.5823678890e-03,7.5099967860e-03,-1.604748e-03,5.654186e-04,2.295991e-04
BAR2,none,latest,2,7.0900224240e-01,3.0572187540e-03,7.2228417010e-03,6.9929281520e-01,1.1447387910e-02,9.4390539660e-03,-9.709427e-03,8.390169e-03,2.216212e-03
BAR2,none,latest,3,7.0890963260e-01,2.9775012930e-03,7.2431265100e-03,7.0236652280e-01,1.0188869200e-02,8.7382230740e-03,-6.543110e-03,7.211368e-03,1.495097e-03
BAR2,none,latest,4,7.0887367800e-01,2.9255660480e-03,7.2507185020e-03,7.0541195590e-01,8.3546752300e-03,8.1041116110e-03,-3.461722e-03,5.429109e-03,8.533931e-04
BAR2,none,latest,5,7.0887371100e-01,2.9137362710e-03,7.2532041350e-03,7.0746537330e-01,6.8621185370e-03,7.6676488970e-03,-1.408338e-03,3.948382e-03,4.144448e-04
BAR2,none,latest,6,7.0888417370e-01,2.9243727130e-03,7.2548047050e-03,7.0853187350e-01,5.9166648250e-03,7.4165315980e-03,-3.523002e-04,2.992292e-03,1.617269e-04
BAR2,none,latest,7,7.0889062790e-01,2.9393406760e-03,7.2565288090e-03,7.0892667940e-01,5.4059781800e-03,7.2990354310e-03,3.605150e-05,2.466638e-03,4.250662e-05
BAR2,none,latest,8,7.0889081250e-01,2.9506844110e-03,7.2583326310e-03,7.0895682860e-01,5.1545034510e-03,7.2672629420e-03,6.601610e-05,2.203819e-03,8.930311e-06
BAR2,none,latest,9,7.0888859600e-01,2.9576015890e-03,7.2598594080e-03,7.0881457460e-01,5.0385162870e-03,7.2838515210e-03,-7.402140e-05,2.080915e-03,2.399211e-05
BAR2,none,latest,10,7.0888827950e-01,2.9613664240e-03,7.2606991590e-03,7.0859146590e-01,4.9973937470e-03,7.3242907530e-03,-2.968136e-04,2.036027e-03,6.359159e-05
BAR2,none,latest,11,7.0889198070e-01,2.9630463280e-03,7.2606672050e-03,7.0832659470e-01,5.0023158810e-03,7.3755187130e-03,-5.653860e-04,2.039270e-03,1.148515e-04
BAR2,none,latest,12,7.0889949820e-01,2.9634030470e-03,7.2599221650e-03,7.0804288790e-01,5.0304959720e-03,7.4321411880e-03,-8.566103e-04,2.067093e-03,1.722190e-04
BAR2,none,latest,13,7.0890926680e-01,2.9632290260e-03,7.2588501520e-03,7.0776136470e-01,5.0593046790e-03,7.4917236680e-03,-1.147902e-03,2.096076e-03,2.328735e-04
BAR2,none,latest,14,7.0891939600e-01,2.9632892330e-03,7.2578485190e-03,7.0750042770e-01,5.0721336680e-03,7.5512552090e-03,-1.418968e-03,2.108844e-03,2.934067e-04
BAR2,none,latest,15,7.0892836650e-01,2.9640469480e-03,7.2571748180e-03,7.0727239970e-01,5.0627910810e-03,7.6064836250e-03,-1.655967e-03,2.098744e-03,3.493088e-04
BAR2,none,latest,16,7.0893533350e-01,2.9655626690e-03,7.2569176540e-03,7.0708239070e-01,5.0340264740e-03,7.6534707940e-03,-1.852943e-03,2.068464e-03,3.965531e-04
BAR2,none,latest,17,7.0894012530e-01,2.9676354770e-03,7.2570518770e-03,7.0692971360e-01,4.9925827760e-03,7.6901871380e-03,-2.010412e-03,2.024947e-03,4.331353e-04
BAR2,none,latest,18,7.0894307210e-01,2.9700149230e-03,7.2575063720e-03,7.0681026160e-01,4.9452521840e-03,7.7168449470e-03,-2.132810e-03,1.975237e-03,4.593386e-04
BAR2,none,latest,19,7.0894477180e-01,2.9725323050e-03,7.2582010140e-03,7.0671860840e-01,4.8975691100e-03,7.7350829940e-03,-2.226163e-03,1.925037e-03,4.768820e-04
BAR2,none,latest,20,7.0894587500e-01,2.9751138630e-03,7.2590533730e-03,7.0664920310e-01,4.8531415490e-03,7.7469474300e-03,-2.296672e-03,1.878028e-03,4.878941e-04
BAR2,none,latest,21,7.0894693500e-01,2.9777309430e-03,7.2599759380e-03,7.0659731040e-01,4.8133178940e-03,7.7541200360e-03,-2.349625e-03,1.835587e-03,4.941441e-04
BAR2,none,latest,22,7.0894833780e-01,2.9803520120e-03,7.2608805570e-03,7.0655942680e-01,4.7776356710e-03,7.7577083500e-03,-2.388911e-03,1.797284e-03,4.968278e-04
BAR2,none,latest,23,7.0895029770e-01,2.9829260970e-03,7.2616916750e-03,7.0653333760e-01,4.7443130730e-03,7.7584648350e-03,-2.416960e-03,1.761387e-03,4.967732e-04
BAR2,none,latest,24,7.0895289470e-01,2.9853918100e-03,7.2623625780e-03,7.0651789110e-01,4.7112301270e-03,7.7571633180e-03,-2.435004e-03,1.725838e-03,4.948007e-04
BAR2,none,latest,25,7.0895611780e-01,2.9876940030e-03,7.2628815140e-03,7.0651170260e-01,4.6767784130e-03,7.7542312550e-03,-2.444415e-03,1.689084e-03,4.913497e-04
BAR2,none,latest,26,7.0895990080e-01,2.9897971410e-03,7.2632658940e-03,7.0651317390e-01,4.6399961890e-03,7.7501430970e-03,-2.446727e-03,1.650199e-03,4.868772e-04
BAR2,none,latest,27,7.0896414810e-01,2.9916917620e-03,7.2635506770e-03,7.0652050630e-01,4.6004119980e-03,7.7455280820e-03,-2.443642e-03,1.608720e-03,4.819774e-04
BAR2,none,latest,28,7.0896875290e-01,2.9933933300e-03,7.2637772400e-03,7.0653136260e-01,4.5579727140e-03,7.7408428060e-03,-2.437390e-03,1.564579e-03,4.770656e-04
BAR2,none,latest,29,7.0897360920e-01,2.9949349820e-03,7.2639856590e-03,7.0654314120e-01,4.5129928160e-03,7.7363360220e-03,-2.430468e-03,1.518058e-03,4.723504e-04
BAR2,none,latest,30,7.0897862100e-01,2.9963573850e-03,7.2642101230e-03,7.0655344030e-01,4.4660694440e-03,7.7321010350e-03,-2.425181e-03,1.469712e-03,4.678909e-04
BAR2,none,latest,31,7.0898370500e-01,2.9976987920e-03,7.2644763800e-03,7.0656045020e-01,4.4180162100e-03,7.7281377170e-03,-2.423255e-03,1.420317e-03,4.636613e-04
BAR2,none,latest,32,7.0898879100e-01,2.9989874080e-03,7.2648004620e-03,7.0656331260e-01,4.3693983580e-03,7.7243871070e-03,-2.425478e-03,1.370411e-03,4.595866e-04
BAR2,none,latest,33,7.0899382070e-01,3.0002373250e-03,7.2651885240e-03,7.0656214790e-01,4.3206894880e-03,7.7207609610e-03,-2.431673e-03,1.320452e-03,4.555724e-04
BAR2,none,latest,34,7.0899874600e-01,3.0014487080e-03,7.2656379450e-03,7.0655801590e-01,4.2725337290e-03,7.7172597700e-03,-2.440730e-03,1.271085e-03,4.516218e-04
BAR2,none,latest,35,7.0900352870e-01,3.0026118810e-03,7.2661398410e-03,7.0655247220e-01,4.2258226120e-03,7.7138049380e-03,-2.451057e-03,1.223211e-03,4.476651e-04
BAR2,none,latest,36,7.0900814060e-01,3.0037134920e-03,7.2666827500e-03,7.0654728880e-01,4.1813114740e-03,7.7102425600e-03,-2.460852e-03,1.177598e-03,4.435598e-04
BAR2,none,latest,37,7.0901256480e-01,3.0047424180e-03,7.2672564610e-03,7.0654418610e-01,4.1395573760e-03,7.7063907620e-03,-2.468379e-03,1.134815e-03,4.391343e-04
BAR2,none,latest,38,7.0901679550e-01,3.0056938420e-03,7.2678550440e-03,7.0654460960e-01,4.1009233260e-03,7.7020807110e-03,-2.472186e-03,1.095229e-03,4.342257e-04
BAR2,none,latest,39,7.0902083660e-01,3.0065712010e-03,7.2684781530e-03,7.0654948440e-01,4.0656820310e-03,7.6971849360e-03,-2.471352e-03,1.059111e-03,4.287068e-04
BAR2,none,latest,40,7.0902469850e-01,3.0073858680e-03,7.2691305220e-03,7.0655907970e-01,4.0340414310e-03,7.6916459820e-03,-2.465619e-03,1.026656e-03,4.225155e-04
BAR2,none,latest,41,7.0902839390e-01,3.0081550380e-03,7.2698198270e-03,7.0657300510e-01,4.0061061330e-03,7.6855061700e-03,-2.455389e-03,9.979511e-04,4.156863e-04
BAR2,none,latest,42,7.0903193720e-01,3.0088976190e-03,7.2705538050e-03,7.0659033400e-01,3.9818120090e-03,7.6789060620e-03,-2.441603e-03,9.729144e-04,4.083523e-04
BAR2,none,latest,43,7.0903534200e-01,3.0096327960e-03,7.2713379130e-03,7.0660976540e-01,3.9609159610e-03,7.6720540400e-03,-2.425577e-03,9.512832e-04,4.007161e-04
BAR2,none,latest,44,7.0903861900e-01,3.0103773840e-03,7.2721746780e-03,7.0662978040e-01,3.9430454460e-03,7.6651853860e-03,-2.408839e-03,9.326681e-04,3.930107e-04
BAR2,none,latest,45,7.0904177580e-01,3.0111412890e-03,7.2730636380e-03,7.0664879950e-01,3.9279087230e-03,7.6585250620e-03,-2.392976e-03,9.167674e-04,3.854614e-04
BAR2,none,latest,46,7.0904481730e-01,3.0119254140e-03,7.2740017470e-03,7.0666538580e-01,3.9151113090e-03,7.6522437660e-03,-2.379431e-03,9.031859e-04,3.782420e-04
BAR2,none,latest,47,7.0904774550e-01,3.0127328080e-03,7.2749841330e-03,7.0667842950e-01,3.9042492450e-03,7.6464569280e-03,-2.369316e-03,8.915164e-04,3.714728e-04
BAR2,none,latest,48,7.0905056190e-01,3.0135635930e-03,7.2760053340e-03,7.0668722170e-01,3.8950283480e-03,7.6412195210e-03,-2.363340e-03,8.814648e-04,3.652142e-04
BAR2,none,latest,49,7.0905327030e-01,3.0144109190e-03,7.2770605390e-03,7.0669152110e-01,3.8872378590e-03,7.6365479290e-03,-2.361749e-03,8.728269e-04,3.594874e-04
BAR2,none,latest,50,7.0905587630e-01,3.0152640590e-03,7.2781460740e-03,7.0669158170e-01,3.8806640310e-03,7.6324211220e-03,-2.364295e-03,8.654000e-04,3.542750e-04
BAR2,none,latest,51,7.0905838740e-01,3.0161128170e-03,7.2792591880e-03,7.0668800850e-01,3.8751764940e-03,7.6288057570e-03,-2.370379e-03,8.590637e-04,3.495466e-04
BAR2,none,latest,52,7.0906081150e-01,3.0169493380e-03,7.2803976380e-03,7.0668167620e-01,3.8706857670e-03,7.6256423590e-03,-2.379135e-03,8.537364e-04,3.452447e-04
BAR2,none,older,2,7.0900224240e-01,3.0572187540e-03,7.2228417010e-03,7.1144868830e-01,9.5080731340e-04,6.6637179700e-03,2.446446e-03,-2.106411e-03,-5.591237e-04
BAR2,none,older,3,7.0890963260e-01,2.9775012930e-03,7.2431265100e-03,7.1120270410e-01,6.3339647260e-04,6.7364992310e-03,2.293072e-03,-2.344105e-03,-5.066273e-04
BAR2,none,older,4,7.0887367800e-01,2.9255660480e-03,7.2507185020e-03,7.1037178480e-01,9.5600972210e-04,6.9211605160e-03,1.498107e-03,-1.969556e-03,-3.295580e-04
BAR2,none,older,5,7.0887371100e-01,2.9137362710e-03,7.2532041350e-03,7.0966282340e-01,1.4059232090e-03,7.0737835370e-03,7.891124e-04,-1.507813e-03,-1.794206e-04
BAR2,none,older,6,7.0888417370e-01,2.9243727130e-03,7.2548047050e-03,7.0923319570e-01,1.7778679790e-03,7.1716578450e-03,3.490220e-04,-1.146505e-03,-8.314686e-05
BAR2,none,older,7,7.0889062790e-01,2.9393406760e-03,7.2565288090e-03,7.0903599560e-01,2.0232298190e-03,7.2245471900e-03,1.453677e-04,-9.161109e-04,-3.198162e-05
BAR2,none,older,8,7.0889081250e-01,2.9506844110e-03,7.2583326310e-03,7.0898393690e-01,2.1632750410e-03,7.2462143900e-03,9.312440e-05,-7.874094e-04,-1.211824e-05
BAR2,none,older,9,7.0888859600e-01,2.9576015890e-03,7.2598594080e-03,7.0901068650e-01,2.2347806030e-03,7.2478450730e-03,1.220905e-04,-7.228210e-04,-1.201433e-05
BAR2,none,older,10,7.0888827950e-01,2.9613664240e-03,7.2606991590e-03,7.0907928030e-01,2.2657126340e-03,7.2374866530e-03,1.910008e-04,-6.956538e-04,-2.321251e-05
BAR2,none,older,11,7.0889198070e-01,2.9630463280e-03,7.2606672050e-03,7.0917118250e-01,2.2730342080e-03,7.2205187870e-03,2.792018e-04,-6.900121e-04,-4.014842e-05
BAR2,none,older,12,7.0889949820e-01,2.9634030470e-03,7.2599221650e-03,7.0927486580e-01,2.2683400300e-03,7.2002045750e-03,3.753676e-04,-6.950630e-04,-5.971759e-05
BAR2,none,older,13,7.0890926680e-01,2.9632290260e-03,7.2588501520e-03,7.0938078850e-01,2.2610970540e-03,7.1786856690e-03,4.715217e-04,-7.021320e-04,-8.016448e-05
BAR2,none,older,14,7.0891939600e-01,2.9632892330e-03,7.2578485190e-03,7.0948079930e-01,2.2582491590e-03,7.1576345750e-03,5.614033e-04,-7.050401e-04,-1.002139e-04
BAR2,none,older,15,7.0892836650e-01,2.9640469480e-03,7.2571748180e-03,7.0956911440e-01,2.2627897300e-03,7.1384825480e-03,6.407479e-04,-7.012572e-04,-1.186923e-04
BAR2,none,older,16,7.0893533350e-01,2.9655626690e-03,7.2569176540e-03,7.0964292080e-01,2.2742571900e-03,7.1223916320e-03,7.075873e-04,-6.913055e-04,-1.345260e-04
BAR2,none,older,17,7.0894012530e-01,2.9676354770e-03,7.2570518770e-03,7.0970199790e-01,2.2903960620e-03,7.1100241410e-03,7.618726e-04,-6.772394e-04,-1.470277e-04
BAR2,none,older,18,7.0894307210e-01,2.9700149230e-03,7.2575063720e-03,7.0974783410e-01,2.3087081090e-03,7.1014244740e-03,8.047620e-04,-6.613068e-04,-1.560819e-04
BAR2,none,older,19,7.0894477180e-01,2.9725323050e-03,7.2582010140e-03,7.0978262850e-01,2.3273464040e-03,7.0961189410e-03,8.378567e-04,-6.451859e-04,-1.620821e-04
BAR2,none,older,20,7.0894587500e-01,2.9751138630e-03,7.2590533730e-03,7.0980866770e-01,2.3453617870e-03,7.0933954440e-03,8.627927e-04,-6.297521e-04,-1.656579e-04
BAR2,none,older,21,7.0894693500e-01,2.9777309430e-03,7.2599759380e-03,7.0982800200e-01,2.3625560480e-03,7.0925816340e-03,8.810670e-04,-6.151749e-04,-1.673943e-04
BAR2,none,older,22,7.0894833780e-01,2.9803520120e-03,7.2608805570e-03,7.0984226900e-01,2.3790566890e-03,7.0931456100e-03,8.939312e-04,-6.012953e-04,-1.677349e-04
BAR2,none,older,23,7.0895029770e-01,2.9829260970e-03,7.2616916750e-03,7.0985263160e-01,2.3951186500e-03,7.0946811160e-03,9.023339e-04,-5.878074e-04,-1.670106e-04
BAR2,none,older,24,7.0895289470e-01,2.9853918100e-03,7.2623625780e-03,7.0985985790e-01,2.4110416280e-03,7.0968641480e-03,9.069632e-04,-5.743502e-04,-1.654984e-04
BAR2,none,older,25,7.0895611780e-01,2.9876940030e-03,7.2628815140e-03,7.0986451310e-01,2.4270495530e-03,7.0994215050e-03,9.083953e-04,-5.606444e-04,-1.634600e-04
BAR2,none,older,26,7.0895990080e-01,2.9897971410e-03,7.2632658940e-03,7.0986718010e-01,2.4432700040e-03,7.1021590360e-03,9.072793e-04,-5.465271e-04,-1.611069e-04
BAR2,none,older,27,7.0896414810e-01,2.9916917620e-03,7.2635506770e-03,7.0986847390e-01,2.4597408100e-03,7.1049094200e-03,9.043258e-04,-5.319510e-04,-1.586413e-04
BAR2,none,older,28,7.0896875290e-01,2.9933933300e-03,7.2637772400e-03,7.0986909590e-01,2.4764673890e-03,7.1075678180e-03,9.003430e-04,-5.169259e-04,-1.562094e-04
BAR2,none,older,29,7.0897360920e-01,2.9949349820e-03,7.2639856590e-03,7.0986979610e-01,2.4934910760e-03,7.1101035890e-03,8.961869e-04,-5.014439e-04,-1.538821e-04
BAR2,none,older,30,7.0897862100e-01,2.9963573850e-03,7.2642101230e-03,7.0987125400e-01,2.5108555530e-03,7.1125375360e-03,8.926330e-04,-4.855018e-04,-1.516726e-04
BAR2,none,older,31,7.0898370500e-01,2.9976987920e-03,7.2644763800e-03,7.0987397480e-01,2.5285373550e-03,7.1149014160e-03,8.902698e-04,-4.691614e-04,-1.495750e-04
BAR2,none,older,32,7.0898879100e-01,2.9989874080e-03,7.2648004620e-03,7.0987815490e-01,2.5464405900e-03,7.1172276820e-03,8.893639e-04,-4.525468e-04,-1.475728e-04
BAR2,none,older,33,7.0899382070e-01,3.0002373250e-03,7.2651885240e-03,7.0988369870e-01,2.5643913380e-03,7.1195463370e-03,8.898780e-04,-4.358460e-04,-1.456422e-04
BAR2,none,older,34,7.0899874600e-01,3.0014487080e-03,7.2656379450e-03,7.0989024500e-01,2.5821741320e-03,7.1218785890e-03,8.914990e-04,-4.192746e-04,-1.437594e-04
BAR2,none,older,35,7.0900352870e-01,3.0026118810e-03,7.2661398410e-03,7.0989723690e-01,2.5995422900e-03,7.1242409610e-03,8.937082e-04,-4.030696e-04,-1.418989e-04
BAR2,none,older,36,7.0900814060e-01,3.0037134920e-03,7.2666827500e-03,7.0990402620e-01,2.6162348930e-03,7.1266554590e-03,8.958856e-04,-3.874786e-04,-1.400273e-04
BAR2,none,older,37,7.0901256480e-01,3.0047424180e-03,7.2672564610e-03,7.0990998910e-01,2.6320083490e-03,7.1291542690e-03,8.974243e-04,-3.727341e-04,-1.381022e-04
BAR2,none,older,38,7.0901679550e-01,3.0056938420e-03,7.2678550440e-03,7.0991461180e-01,2.6466704100e-03,7.1317780060e-03,8.978163e-04,-3.590234e-04,-1.360770e-04
BAR2,none,older,39,7.0902083660e-01,3.0065712010e-03,7.2684781530e-03,7.0991756680e-01,2.6600715620e-03,7.1345637820e-03,8.967302e-04,-3.464996e-04,-1.339144e-04
BAR2,none,older,40,7.0902469850e-01,3.0073858680e-03,7.2691305220e-03,7.0991876200e-01,2.6721156270e-03,7.1375378190e-03,8.940635e-04,-3.352702e-04,-1.315927e-04
BAR2,none,older,41,7.0902839390e-01,3.0081550380e-03,7.2698198270e-03,7.0991830220e-01,2.6827769380e-03,7.1406957530e-03,8.899083e-04,-3.253781e-04,-1.291241e-04
BAR2,none,older,42,7.0903193720e-01,3.0088976190e-03,7.2705538050e-03,7.0991647350e-01,2.6920872700e-03,7.1440119140e-03,8.845363e-04,-3.168103e-04,-1.265419e-04
BAR2,none,older,43,7.0903534200e-01,3.0096327960e-03,7.2713379130e-03,7.0991368830e-01,2.7001366770e-03,7.1474364150e-03,8.783463e-04,-3.094961e-04,-1.239015e-04
BAR2,none,older,44,7.0903861900e-01,3.0103773840e-03,7.2721746780e-03,7.0991042640e-01,2.7070630470e-03,7.1508997990e-03,8.718074e-04,-3.033143e-04,-1.212749e-04
BAR2,none,older,45,7.0904177580e-01,3.0111412890e-03,7.2730636380e-03,7.0990718890e-01,2.7130241680e-03,7.1543308090e-03,8.654131e-04,-2.981171e-04,-1.187328e-04
BAR2,none,older,46,7.0904481730e-01,3.0119254140e-03,7.2740017470e-03,7.0990444990e-01,2.7181740880e-03,7.1576719000e-03,8.596326e-04,-2.937513e-04,-1.163298e-04
BAR2,none,older,47,7.0904774550e-01,3.0127328080e-03,7.2749841330e-03,7.0990260470e-01,2.7226390010e-03,7.1608829910e-03,8.548592e-04,-2.900938e-04,-1.141011e-04
BAR2,none,older,48,7.0905056190e-01,3.0135635930e-03,7.2760053340e-03,7.0990192770e-01,2.7265191550e-03,7.1639419970e-03,8.513658e-04,-2.870444e-04,-1.120633e-04
BAR2,none,older,49,7.0905327030e-01,3.0144109190e-03,7.2770605390e-03,7.0990254960e-01,2.7298870750e-03,7.1668433970e-03,8.492793e-04,-2.845238e-04,-1.102171e-04
BAR2,none,older,50,7.0905587630e-01,3.0152640590e-03,7.2781460740e-03,7.0990445610e-01,2.7328242190e-03,7.1695941330e-03,8.485798e-04,-2.824398e-04,-1.085519e-04
BAR2,none,older,51,7.0905838740e-01,3.0161128170e-03,7.2792591880e-03,7.0990750440e-01,2.7354017870e-03,7.1722059520e-03,8.491170e-04,-2.807110e-04,-1.070532e-04
BAR2,none,older,52,7.0906081150e-01,3.0169493380e-03,7.2803976380e-03,7.0991144320e-01,2.7376720460e-03,7.1746942120e-03,8.506317e-04,-2.792773e-04,-1.057034e-04
BAR3,none,full,2,7.0900224240e-01,3.0572187540e-03,7.2228417010e-03,7.0179757640e-01,8.4968679220e-03,8.9508078060e-03,-7.204666e-03,5.439649e-03,1.727966e-03
BAR3,none,full,3,7.0890963260e-01,2.9775012930e-03,7.2431265100e-03,7.0464892800e-01,6.4262476070e-03,8.2860926680e-03,-4.260705e-03,3.448746e-03,1.042966e-03
BAR3,none,full,4,7.0887367800e-01,2.9255660480e-03,7.2507185020e-03,7.0679489810e-01,4.7317943950e-03,7.8144294100e-03,-2.078780e-03,1.806228e-03,5.637109e-04
BAR3,none,full,5,7.0887371100e-01,2.9137362710e-03,7.2532041350e-03,7.0803815150e-01,3.6487855200e-03,7.5519613420e-03,-8.355595e-04,7.350492e-04,2.987572e-04
BAR3,none,full,6,7.0888417370e-01,2.9243727130e-03,7.2548047050e-03,7.0855331710e-01,3.0961510510e-03,7.4409056080e-03,-3.308566e-04,1.717783e-04,1.861009e-04
BAR3,none,full,7,7.0889062790e-01,2.9393406760e-03,7.2565288090e-03,7.0861730090e-01,2.8855817690e-03,7.4160742500e-03,-2.733270e-04,-5.375891e-05,1.595454e-04
BAR3,none,full,8,7.0889081250e-01,2.9506844110e-03,7.2583326310e-03,7.0846619910e-01,2.8449534390e-03,7.4319092780e-03,-4.246134e-04,-1.057310e-04,1.735766e-04
BAR3,none,full,9,7.0888859600e-01,2.9576015890e-03,7.2598594080e-03,7.0824906390e-01,2.8646792200e-03,7.4632541110e-03,-6.395321e-04,-9.292237e-05,2.033947e-04
BAR3,none,full,10,7.0888827950e-01,2.9613664240e-03,7.2606991590e-03,7.0803796420e-01,2.8952551230e-03,7.4985406490e-03,-8.503153e-04,-6.611130e-05,2.378415e-04
BAR3,none,full,11,7.0889198070e-01,2.9630463280e-03,7.2606672050e-03,7.0785710920e-01,2.9236739950e-03,7.5334621890e-03,-1.034872e-03,-3.937233e-05,2.727950e-04
BAR3,none,full,12,7.0889949820e-01,2.9634030470e-03,7.2599221650e-03,7.0770770590e-01,2.9503358360e-03,7.5664345550e-03,-1.191792e-03,-1.306721e-05,3.065124e-04
BAR3,none,full,13,7.0890926680e-01,2.9632290260e-03,7.2588501520e-03,7.0758307680e-01,2.9769408310e-03,7.5965597280e-03,-1.326190e-03,1.371181e-05,3.377096e-04
BAR3,none,full,14,7.0891939600e-01,2.9632892330e-03,7.2578485190e-03,7.0747573060e-01,3.0036771890e-03,7.6231278520e-03,-1.443665e-03,4.038796e-05,3.652793e-04
BAR3,none,full,15,7.0892836650e-01,2.9640469480e-03,7.2571748180e-03,7.0737984940e-01,3.0300032370e-03,7.6456645150e-03,-1.548517e-03,6.595629e-05,3.884897e-04
BAR3,none,full,16,7.0893533350e-01,2.9655626690e-03,7.2569176540e-03,7.0729202460e-01,3.0550264710e-03,7.6640875650e-03,-1.643309e-03,8.946380e-05,4.071699e-04
BAR3,none,full,17,7.0894012530e-01,2.9676354770e-03,7.2570518770e-03,7.0721139070e-01,3.0771189930e-03,7.6788568560e-03,-1.728735e-03,1.094835e-04,4.218050e-04
BAR3,none,full,18,7.0894307210e-01,2.9700149230e-03,7.2575063720e-03,7.0713896340e-01,3.0937592510e-03,7.6907735060e-03,-1.804109e-03,1.237443e-04,4.332671e-04
BAR3,none,full,19,7.0894477180e-01,2.9725323050e-03,7.2582010140e-03,7.0707646250e-01,3.1022194240e-03,7.7006122120e-03,-1.868309e-03,1.296871e-04,4.424112e-04
BAR3,none,full,20,7.0894587500e-01,2.9751138630e-03,7.2590533730e-03,7.0702516730e-01,3.1007200410e-03,7.7088097650e-03,-1.920708e-03,1.256062e-04,4.497564e-04
BAR3,none,full,21,7.0894693500e-01,2.9777309430e-03,7.2599759380e-03,7.0698536750e-01,3.0893906550e-03,7.7154705850e-03,-1.961567e-03,1.116597e-04,4.554946e-04
BAR3,none,full,22,7.0894833780e-01,2.9803520120e-03,7.2608805570e-03,7.0695639530e-01,3.0702730930e-03,7.7205375700e-03,-1.991943e-03,8.992108e-05,4.596570e-04
BAR3,none,full,23,7.0895029770e-01,2.9829260970e-03,7.2616916750e-03,7.0693687180e-01,3.0468214740e-03,7.7239963690e-03,-2.013426e-03,6.389538e-05,4.623047e-04
BAR3,none,full,24,7.0895289470e-01,2.9853918100e-03,7.2623625780e-03,7.0692519070e-01,3.0224428500e-03,7.7259797490e-03,-2.027704e-03,3.705104e-05,4.636172e-04
BAR3,none,full,25,7.0895611780e-01,2.9876940030e-03,7.2628815140e-03,7.0691979200e-01,2.9995048870e-03,7.7267517550e-03,-2.036326e-03,1.181088e-05,4.638702e-04
BAR3,none,full,26,7.0895990080e-01,2.9897971410e-03,7.2632658940e-03,7.0691915990e-01,2.9794236840e-03,7.7266338690e-03,-2.040741e-03,-1.037346e-05,4.633680e-04
BAR3,none,full,27,7.0896414810e-01,2.9916917620e-03,7.2635506770e-03,7.0692182470e-01,2.9626265750e-03,7.7259021600e-03,-2.042323e-03,-2.906519e-05,4.623515e-04
BAR3,none,full,28,7.0896875290e-01,2.9933933300e-03,7.2637772400e-03,7.0692639770e-01,2.9488245640e-03,7.7247522840e-03,-2.042355e-03,-4.456877e-05,4.609750e-04
BAR3,none,full,29,7.0897360920e-01,2.9949349820e-03,7.2639856590e-03,7.0693160090e-01,2.9374791220e-03,7.7233200970e-03,-2.042008e-03,-5.745586e-05,4.593344e-04
BAR3,none,full,30,7.0897862100e-01,2.9963573850e-03,7.2642101230e-03,7.0693632230e-01,2.9282232230e-03,7.7217236990e-03,-2.042299e-03,-6.813416e-05,4.575136e-04
BAR3,none,full,31,7.0898370500e-01,2.9976987920e-03,7.2644763800e-03,7.0693967060e-01,2.9210275550e-03,7.7200878370e-03,-2.044034e-03,-7.667124e-05,4.556115e-04
BAR3,none,full,32,7.0898879100e-01,2.9989874080e-03,7.2648004620e-03,7.0694103870e-01,2.9161235020e-03,7.7185471960e-03,-2.047752e-03,-8.286391e-05,4.537467e-04
BAR3,none,full,33,7.0899382070e-01,3.0002373250e-03,7.2651885240e-03,7.0694010200e-01,2.9137804870e-03,7.7172340230e-03,-2.053719e-03,-8.645684e-05,4.520455e-04
BAR3,none,full,34,7.0899874600e-01,3.0014487080e-03,7.2656379450e-03,7.0693679480e-01,2.9141687590e-03,7.7162543440e-03,-2.061951e-03,-8.727995e-05,4.506164e-04
BAR3,none,full,35,7.0900352870e-01,3.0026118810e-03,7.2661398410e-03,7.0693126150e-01,2.9172225670e-03,7.7156763930e-03,-2.072267e-03,-8.538931e-05,4.495366e-04
BAR3,none,full,36,7.0900814060e-01,3.0037134920e-03,7.2666827500e-03,7.0692376560e-01,2.9225661050e-03,7.7155120350e-03,-2.084375e-03,-8.114739e-05,4.488293e-04
BAR3,none,full,37,7.0901256480e-01,3.0047424180e-03,7.2672564610e-03,7.0691462260e-01,2.9296044230e-03,7.7157257810e-03,-2.097942e-03,-7.513799e-05,4.484693e-04
BAR3,none,full,38,7.0901679550e-01,3.0056938420e-03,7.2678550440e-03,7.0690413540e-01,2.9376857360e-03,7.7162428180e-03,-2.112660e-03,-6.800811e-05,4.483878e-04
BAR3,none,full,39,7.0902083660e-01,3.0065712010e-03,7.2684781530e-03,7.0689256010e-01,2.9462520660e-03,7.7169712280e-03,-2.128277e-03,-6.031913e-05,4.484931e-04
BAR3,none,full,40,7.0902469850e-01,3.0073858680e-03,7.2691305220e-03,7.0688012270e-01,2.9549115810e-03,7.7178239380e-03,-2.144576e-03,-5.247429e-05,4.486934e-04
BAR3,none,full,41,7.0902839390e-01,3.0081550380e-03,7.2698198270e-03,7.0686701520e-01,2.9634605550e-03,7.7187300350e-03,-2.161379e-03,-4.469448e-05,4.489102e-04
BAR3,none,full,42,7.0903193720e-01,3.0088976190e-03,7.2705538050e-03,7.0685338200e-01,2.9718601470e-03,7.7196319740e-03,-2.178555e-03,-3.703747e-05,4.490782e-04
BAR3,none,full,43,7.0903534200e-01,3.0096327960e-03,7.2713379130e-03,7.0683935120e-01,2.9801172180e-03,7.7204702110e-03,-2.195991e-03,-2.951558e-05,4.491323e-04
BAR3,none,full,44,7.0903861900e-01,3.0103773840e-03,7.2721746780e-03,7.0682503380e-01,2.9882993740e-03,7.7211834790e-03,-2.213585e-03,-2.207801e-05,4.490088e-04
BAR3,none,full,45,7.0904177580e-01,3.0111412890e-03,7.2730636380e-03,7.0681054660e-01,2.9964069800e-03,7.7216844190e-03,-2.231229e-03,-1.473431e-05,4.486208e-04
BAR3,none,full,46,7.0904481730e-01,3.0119254140e-03,7.2740017470e-03,7.0679604570e-01,3.0044324190e-03,7.7218871670e-03,-2.248772e-03,-7.492995e-06,4.478854e-04
BAR3,none,full,47,7.0904774550e-01,3.0127328080e-03,7.2749841330e-03,7.0678176030e-01,3.0122796930e-03,7.7217082090e-03,-2.265985e-03,-4.531150e-07,4.467241e-04
BAR3,none,full,48,7.0905056190e-01,3.0135635930e-03,7.2760053340e-03,7.0676796150e-01,3.0197766210e-03,7.7210811060e-03,-2.282600e-03,6.213028e-06,4.450758e-04
BAR3,none,full,49,7.0905327030e-01,3.0144109190e-03,7.2770605390e-03,7.0675494330e-01,3.0267089820e-03,7.7199670090e-03,-2.298327e-03,1.229806e-05,4.429065e-04
BAR3,none,full,50,7.0905587630e-01,3.0152640590e-03,7.2781460740e-03,7.0674303690e-01,3.0328370320e-03,7.7183544560e-03,-2.312839e-03,1.757297e-05,4.402084e-04
BAR3,none,full,51,7.0905838740e-01,3.0161128170e-03,7.2792591880e-03,7.0673260960e-01,3.0379065260e-03,7.7162514770e-03,-2.325778e-03,2.179371e-05,4.369923e-04
BAR3,none,full,52,7.0906081150e-01,3.0169493380e-03,7.2803976380e-03,7.0672402080e-01,3.0416914750e-03,7.7136787600e-03,-2.336791e-03,2.474214e-05,4.332811e-04
BAR3,none,latest,2,7.0900224240e-01,3.0572187540e-03,7.2228417010e-03,6.9939932030e-01,1.0306440650e-02,9.5133420210e-03,-9.602922e-03,7.249222e-03,2.290500e-03
BAR3,none,latest,3,7.0890963260e-01,2.9775012930e-03,7.2431265100e-03,7.0245263470e-01,8.1733562190e-03,8.8220078200e-03,-6.456998e-03,5.195855e-03,1.578881e-03
BAR3,none,latest,4,7.0887367800e-01,2.9255660480e-03,7.2507185020e-03,7.0540399950e-01,5.8992273180e-03,8.1915180980e-03,-3.469679e-03,2.973661e-03,9.407996e-04
BAR3,none,latest,5,7.0887371100e-01,2.9137362710e-03,7.2532041350e-03,7.0732008710e-01,4.2671391870e-03,7.7829345360e-03,-1.553624e-03,1.353403e-03,5.297304e-04
BAR3,none,latest,6,7.0888417370e-01,2.9243727130e-03,7.2548047050e-03,7.0821631220e-01,3.3523725560e-03,7.5789284280e-03,-6.678615e-04,4.279998e-04,3.241237e-04
BAR3,none,latest,7,7.0889062790e-01,2.9393406760e-03,7.2565288090e-03,7.0842265950e-01,2.9544159690e-03,7.5116359770e-03,-4.679684e-04,1.507529e-05,2.551072e-04
BAR3,none,latest,8,7.0889081250e-01,2.9506844110e-03,7.2583326310e-03,7.0827244380e-01,2.8388015610e-03,7.5188757730e-03,-6.183687e-04,-1.118828e-04,2.605431e-04
BAR3,none,latest,9,7.0888859600e-01,2.9576015890e-03,7.2598594080e-03,7.0799000180e-01,2.8387141340e-03,7.5579654950e-03,-8.985942e-04,-1.188875e-04,2.981061e-04
BAR3,none,latest,10,7.0888827950e-01,2.9613664240e-03,7.2606991590e-03,7.0769252090e-01,2.8699926830e-03,7.6067152980e-03,-1.195759e-03,-9.137374e-05,3.460161e-04
BAR3,none,latest,11,7.0889198070e-01,2.9630463280e-03,7.2606672050e-03,7.0742601930e-01,2.9052034660e-03,7.6562446450e-03,-1.465961e-03,-5.784286e-05,3.955774e-04
BAR3,none,latest,12,7.0889949820e-01,2.9634030470e-03,7.2599221650e-03,7.0719985560e-01,2.9412334530e-03,7.7039273770e-03,-1.699643e-03,-2.216959e-05,4.440052e-04
BAR3,none,latest,13,7.0890926680e-01,2.9632290260e-03,7.2588501520e-03,7.0700845860e-01,2.9789000480e-03,7.7485352730e-03,-1.900808e-03,1.567102e-05,4.896851e-04
BAR3,none,latest,14,7.0891939600e-01,2.9632892330e-03,7.2578485190e-03,7.0684260770e-01,3.0175316900e-03,7.7887304360e-03,-2.076788e-03,5.424246e-05,5.308819e-04
BAR3,none,latest,15,7.0892836650e-01,2.9640469480e-03,7.2571748180e-03,7.0669439290e-01,3.0557211260e-03,7.8232761820e-03,-2.233974e-03,9.167418e-05,5.661014e-04
BAR3,none,latest,16,7.0893533350e-01,2.9655626690e-03,7.2569176540e-03,7.0655900230e-01,3.0921003150e-03,7.8517687550e-03,-2.376331e-03,1.265376e-04,5.948511e-04
BAR3,none,latest,17,7.0894012530e-01,2.9676354770e-03,7.2570518770e-03,7.0643511510e-01,3.1242620190e-03,7.8748473000e-03,-2.505010e-03,1.566265e-04,6.177954e-04
BAR3,none,latest,18,7.0894307210e-01,2.9700149230e-03,7.2575063720e-03,7.0632389640e-01,3.1485243570e-03,7.8935837890e-03,-2.619176e-03,1.785094e-04,6.360774e-04
BAR3,none,latest,19,7.0894477180e-01,2.9725323050e-03,7.2582010140e-03,7.0622740400e-01,3.1612891680e-03,7.9090687260e-03,-2.717368e-03,1.887569e-04,6.508677e-04
BAR3,none,latest,20,7.0894587500e-01,2.9751138630e-03,7.2590533730e-03,7.0614718790e-01,3.1602681010e-03,7.9219950280e-03,-2.798687e-03,1.851542e-04,6.629417e-04
BAR3,none,latest,21,7.0894693500e-01,2.9777309430e-03,7.2599759380e-03,7.0608360880e-01,3.1454567510e-03,7.9325641790e-03,-2.863326e-03,1.677258e-04,6.725882e-04
BAR3,none,latest,22,7.0894833780e-01,2.9803520120e-03,7.2608805570e-03,7.0603573860e-01,3.1191787810e-03,7.9407579680e-03,-2.912599e-03,1.388268e-04,6.798774e-04
BAR3,none,latest,23,7.0895029770e-01,2.9829260970e-03,7.2616916750e-03,7.0600177300e-01,3.0855552860e-03,7.9465941850e-03,-2.948525e-03,1.026292e-04,6.849025e-04
BAR3,none,latest,24,7.0895289470e-01,2.9853918100e-03,7.2623625780e-03,7.0597962970e-01,3.0493285370e-03,7.9503454940e-03,-2.973265e-03,6.393673e-05,6.879829e-04
BAR3,none,latest,25,7.0895611780e-01,2.9876940030e-03,7.2628815140e-03,7.0596707120e-01,3.0144716950e-03,7.9523592900e-03,-2.989047e-03,2.677769e-05,6.894778e-04
BAR3,none,latest,26,7.0895990080e-01,2.9897971410e-03,7.2632658940e-03,7.0596154840e-01,2.9833058250e-03,7.9527901080e-03,-2.998352e-03,-6.491316e-06,6.895242e-04
BAR3,none,latest,27,7.0896414810e-01,2.9916917620e-03,7.2635506770e-03,7.0596106560e-01,2.9566266990e-03,7.9521424860e-03,-3.003082e-03,-3.506506e-05,6.885918e-04
BAR3,none,latest,28,7.0896875290e-01,2.9933933300e-03,7.2637772400e-03,7.0596365950e-01,2.9342817000e-03,7.9508411510e-03,-3.005093e-03,-5.911163e-05,6.870639e-04
BAR3,none,latest,29,7.0897360920e-01,2.9949349820e-03,7.2639856590e-03,7.0596735410e-01,2.9156970610e-03,7.9491202510e-03,-3.006255e-03,-7.923792e-05,6.851346e-04
BAR3,none,latest,30,7.0897862100e-01,2.9963573850e-03,7.2642101230e-03,7.0597039490e-01,2.9005839420e-03,7.9471709150e-03,-3.008226e-03,-9.577344e-05,6.829608e-04
BAR3,none,latest,31,7.0898370500e-01,2.9976987920e-03,7.2644763800e-03,7.0597146570e-01,2.8889045640e-03,7.9451836080e-03,-3.012239e-03,-1.087942e-04,6.807072e-04
BAR3,none,latest,32,7.0898879100e-01,2.9989874080e-03,7.2648004620e-03,7.0596971760e-01,2.8808167840e-03,7.9432968030e-03,-3.019073e-03,-1.181706e-04,6.784963e-04
BAR3,none,latest,33,7.0899382070e-01,3.0002373250e-03,7.2651885240e-03,7.0596472950e-01,2.8764016220e-03,7.9416318650e-03,-3.029091e-03,-1.238357e-04,6.764433e-04
BAR3,none,latest,34,7.0899874600e-01,3.0014487080e-03,7.2656379450e-03,7.0595642800e-01,2.8759668730e-03,7.9403806780e-03,-3.042318e-03,-1.254818e-04,6.747427e-04
BAR3,none,latest,35,7.0900352870e-01,3.0026118810e-03,7.2661398410e-03,7.0594496420e-01,2.8795589970e-03,7.9396660850e-03,-3.058565e-03,-1.230529e-04,6.735262e-04
BAR3,none,latest,36,7.0900814060e-01,3.0037134920e-03,7.2666827500e-03,7.0593064300e-01,2.8867214040e-03,7.9394977150e-03,-3.077498e-03,-1.169921e-04,6.728150e-04
BAR3,none,latest,37,7.0901256480e-01,3.0047424180e-03,7.2672564610e-03,7.0591387130e-01,2.8965668540e-03,7.9398080390e-03,-3.098693e-03,-1.081756e-04,6.725516e-04
BAR3,none,latest,38,7.0901679550e-01,3.0056938420e-03,7.2678550440e-03,7.0589507670e-01,2.9080833250e-03,7.9404973980e-03,-3.121719e-03,-9.761052e-05,6.726424e-04
BAR3,none,latest,39,7.0902083660e-01,3.0065712010e-03,7.2684781530e-03,7.0587464320e-01,2.9203982590e-03,7.9414509500e-03,-3.146193e-03,-8.617294e-05,6.729728e-04
BAR3,none,latest,40,7.0902469850e-01,3.0073858680e-03,7.2691305220e-03,7.0585287500e-01,2.9329150380e-03,7.9425568140e-03,-3.171824e-03,-7.447083e-05,6.734263e-04
BAR3,none,latest,41,7.0902839390e-01,3.0081550380e-03,7.2698198270e-03,7.0583002800e-01,2.9452798720e-03,7.9437137710e-03,-3.198366e-03,-6.287517e-05,6.738939e-04
BAR3,none,latest,42,7.0903193720e-01,3.0088976190e-03,7.2705538050e-03,7.0580632280e-01,2.9573681610e-03,7.9448247780e-03,-3.225614e-03,-5.152946e-05,6.742710e-04
BAR3,none,latest,43,7.0903534200e-01,3.0096327960e-03,7.2713379130e-03,7.0578196840e-01,2.9691932510e-03,7.9457947210e-03,-3.253374e-03,-4.043954e-05,6.744568e-04
BAR3,none,latest,44,7.0903861900e-01,3.0103773840e-03,7.2721746780e-03,7.0575715440e-01,2.9808576440e-03,7.9465299890e-03,-3.281465e-03,-2.951974e-05,6.743553e-04
BAR3,none,latest,45,7.0904177580e-01,3.0111412890e-03,7.2730636380e-03,7.0573208940e-01,2.9924360610e-03,7.9469234580e-03,-3.309686e-03,-1.870523e-05,6.738598e-04
BAR3,none,latest,46,7.0904481730e-01,3.0119254140e-03,7.2740017470e-03,7.0570701810e-01,3.0039959950e-03,7.9468491340e-03,-3.337799e-03,-7.929419e-06,6.728474e-04
BAR3,none,latest,47,7.0904774550e-01,3.0127328080e-03,7.2749841330e-03,7.0568227940e-01,3.0154112840e-03,7.9461934090e-03,-3.365466e-03,2.678476e-06,6.712093e-04
BAR3,none,latest,48,7.0905056190e-01,3.0135635930e-03,7.2760053340e-03,7.0565830940e-01,3.0263756320e-03,7.9448485150e-03,-3.392253e-03,1.281204e-05,6.688432e-04
BAR3,none,latest,49,7.0905327030e-01,3.0144109190e-03,7.2770605390e-03,7.0563563290e-01,3.0365362900e-03,7.9427350190e-03,-3.417637e-03,2.212537e-05,6.656745e-04
BAR3,none,latest,50,7.0905587630e-01,3.0152640590e-03,7.2781460740e-03,7.0561483900e-01,3.0454868930e-03,7.9398156260e-03,-3.441037e-03,3.022283e-05,6.616696e-04
BAR3,none,latest,51,7.0905838740e-01,3.0161128170e-03,7.2792591880e-03,7.0559655120e-01,3.0528214270e-03,7.9361037530e-03,-3.461836e-03,3.670861e-05,6.568446e-04
BAR3,none,latest,52,7.0906081150e-01,3.0169493380e-03,7.2803976380e-03,7.0558127350e-01,3.0581849490e-03,7.9316389460e-03,-3.479538e-03,4.123561e-05,6.512413e-04
BAR3,none,older,2,7.0900224240e-01,3.0572187540e-03,7.2228417010e-03,7.1142086770e-01,1.2342414970e-03,6.6459657740e-03,2.418625e-03,-1.822977e-03,-5.768759e-04
BAR3,none,older,3,7.0890963260e-01,2.9775012930e-03,7.2431265100e-03,7.1117113610e-01,1.2070933620e-03,6.7120498460e-03,2.261504e-03,-1.770408e-03,-5.310767e-04
BAR3,none,older,4,7.0887367800e-01,2.9255660480e-03,7.2507185020e-03,7.1036338800e-01,1.7148607380e-03,6.8951515810e-03,1.489710e-03,-1.210705e-03,-3.555669e-04
BAR3,none,older,5,7.0887371100e-01,2.9137362710e-03,7.2532041350e-03,7.0969494330e-01,2.2477145710e-03,7.0409034350e-03,8.212323e-04,-6.660217e-04,-2.123007e-04
BAR3,none,older,6,7.0888417370e-01,2.9243727130e-03,7.2548047050e-03,7.0931765720e-01,2.6332403340e-03,7.1248995970e-03,4.334835e-04,-2.911324e-04,-1.299051e-04
BAR3,none,older,7,7.0889062790e-01,2.9393406760e-03,7.2565288090e-03,7.0918003350e-01,2.8538213720e-03,7.1612051240e-03,2.894056e-04,-8.551930e-05,-9.532368e-05
BAR3,none,older,8,7.0889081250e-01,2.9506844110e-03,7.2583326310e-03,7.0918758460e-01,2.9537196670e-03,7.1687648660e-03,2.967721e-04,3.035256e-06,-8.956776e-05
BAR3,none,older,9,7.0888859600e-01,2.9576015890e-03,7.2598594080e-03,7.0926403420e-01,2.9859962530e-03,7.1613477310e-03,3.754382e-04,2.839466e-05,-9.851168e-05
BAR3,none,older,10,7.0888827950e-01,2.9613664240e-03,7.2606991590e-03,7.0936345840e-01,2.9883247200e-03,7.1469248710e-03,4.751789e-04,2.695830e-05,-1.137743e-04
BAR3,none,older,11,7.0889198070e-01,2.9630463280e-03,7.2606672050e-03,7.0946324730e-01,2.9800643320e-03,7.1295655740e-03,5.712666e-04,1.701800e-05,-1.311016e-04
BAR3,none,older,12,7.0889949820e-01,2.9634030470e-03,7.2599221650e-03,7.0955434990e-01,2.9686869680e-03,7.1114346700e-03,6.548517e-04,5.283921e-06,-1.484875e-04
BAR3,none,older,13,7.0890926680e-01,2.9632290260e-03,7.2588501520e-03,7.0963447580e-01,2.9570204640e-03,7.0940491600e-03,7.252090e-04,-6.208562e-06,-1.648010e-04
BAR3,none,older,14,7.0891939600e-01,2.9632892330e-03,7.2578485190e-03,7.0970438910e-01,2.9461901250e-03,7.0786367370e-03,7.849931e-04,-1.709911e-05,-1.792118e-04
BAR3,none,older,15,7.0892836650e-01,2.9640469480e-03,7.2571748180e-03,7.0976564170e-01,2.9365895860e-03,7.0659130360e-03,8.372752e-04,-2.745736e-05,-1.912618e-04
BAR3,none,older,16,7.0893533350e-01,2.9655626690e-03,7.2569176540e-03,7.0981956340e-01,2.9281807980e-03,7.0559861950e-03,8.842299e-04,-3.738187e-05,-2.009315e-04
BAR3,none,older,17,7.0894012530e-01,2.9676354770e-03,7.2570518770e-03,7.0986696740e-01,2.9211024040e-03,7.0485925790e-03,9.268421e-04,-4.653307e-05,-2.084593e-04
BAR3,none,older,18,7.0894307210e-01,2.9700149230e-03,7.2575063720e-03,7.0990812510e-01,2.9160542350e-03,7.0432643460e-03,9.650530e-04,-5.396069e-05,-2.142420e-04
BAR3,none,older,19,7.0894477180e-01,2.9725323050e-03,7.2582010140e-03,7.0994300420e-01,2.9141541290e-03,7.0394935850e-03,9.982324e-04,-5.837818e-05,-2.187074e-04
BAR3,none,older,20,7.0894587500e-01,2.9751138630e-03,7.2590533730e-03,7.0997162860e-01,2.9165893150e-03,7.0368825650e-03,1.025754e-03,-5.852455e-05,-2.221708e-04
BAR3,none,older,21,7.0894693500e-01,2.9777309430e-03,7.2599759380e-03,7.0999430770e-01,2.9239345610e-03,7.0351832710e-03,1.047373e-03,-5.379638e-05,-2.247927e-04
BAR3,none,older,22,7.0894833780e-01,2.9803520120e-03,7.2608805570e-03,7.1001175330e-01,2.9355898100e-03,7.0342832910e-03,1.063415e-03,-4.476220e-05,-2.265973e-04
BAR3,none,older,23,7.0895029770e-01,2.9829260970e-03,7.2616916750e-03,7.1002486570e-01,2.9501934830e-03,7.0340884050e-03,1.074568e-03,-3.273261e-05,-2.276033e-04
BAR3,none,older,24,7.0895289470e-01,2.9853918100e-03,7.2623625780e-03,7.1003457060e-01,2.9660727210e-03,7.0344682360e-03,1.081676e-03,-1.931909e-05,-2.278943e-04
BAR3,none,older,25,7.0895611780e-01,2.9876940030e-03,7.2628815140e-03,7.1004174610e-01,2.9816922790e-03,7.0352814230e-03,1.085628e-03,-6.001724e-06,-2.276001e-04
BAR3,none,older,26,7.0895990080e-01,2.9897971410e-03,7.2632658940e-03,7.1004715720e-01,2.9959700250e-03,7.0363847600e-03,1.087256e-03,6.172884e-06,-2.268811e-04
BAR3,none,older,27,7.0896414810e-01,2.9916917620e-03,7.2635506770e-03,7.1005144620e-01,3.0084041990e-03,7.0376536460e-03,1.087298e-03,1.671244e-05,-2.258970e-04
BAR3,none,older,28,7.0896875290e-01,2.9933933300e-03,7.2637772400e-03,7.1005518690e-01,3.0189747410e-03,7.0390208760e-03,1.086434e-03,2.558141e-05,-2.247564e-04
BAR3,none,older,29,7.0897360920e-01,2.9949349820e-03,7.2639856590e-03,7.1005890050e-01,3.0279096530e-03,7.0404715590e-03,1.085291e-03,3.297467e-05,-2.235141e-04
BAR3,none,older,30,7.0897862100e-01,2.9963573850e-03,7.2642101230e-03,7.1006304200e-01,3.0354491170e-03,7.0420080030e-03,1.084421e-03,3.909173e-05,-2.222021e-04
BAR3,none,older,31,7.0898370500e-01,2.9976987920e-03,7.2644763800e-03,7.1006793160e-01,3.0417199310e-03,7.0436226080e-03,1.084227e-03,4.402114e-05,-2.208538e-04
BAR3,none,older,32,7.0898879100e-01,2.9989874080e-03,7.2648004620e-03,7.1007375680e-01,3.0467304820e-03,7.0452879500e-03,1.084966e-03,4.774307e-05,-2.195125e-04
BAR3,none,older,33,7.0899382070e-01,3.0002373250e-03,7.2651885240e-03,7.1008058640e-01,3.0504208860e-03,7.0469606380e-03,1.086766e-03,5.018356e-05,-2.182279e-04
BAR3,none,older,34,7.0899874600e-01,3.0014487080e-03,7.2656379450e-03,7.1008838870e-01,3.0527205280e-03,7.0485848830e-03,1.089643e-03,5.127182e-05,-2.170531e-04
BAR3,none,older,35,7.0900352870e-01,3.0026118810e-03,7.2661398410e-03,7.1009706010e-01,3.0536170350e-03,7.0501049120e-03,1.093531e-03,5.100515e-05,-2.160349e-04
BAR3,none,older,36,7.0900814060e-01,3.0037134920e-03,7.2666827500e-03,7.1010645790e-01,3.0532083790e-03,7.0514799600e-03,1.098317e-03,4.949489e-05,-2.152028e-04
BAR3,none,older,37,7.0901256480e-01,3.0047424180e-03,7.2672564610e-03,7.1011642510e-01,3.0517084580e-03,7.0526937400e-03,1.103860e-03,4.696604e-05,-2.145627e-04
BAR3,none,older,38,7.0901679550e-01,3.0056938420e-03,7.2678550440e-03,7.1012681330e-01,3.0493975520e-03,7.0537544270e-03,1.110018e-03,4.370371e-05,-2.141006e-04
BAR3,none,older,39,7.0902083660e-01,3.0065712010e-03,7.2684781530e-03,7.1013750910e-01,3.0465502390e-03,7.0546904530e-03,1.116672e-03,3.997904e-05,-2.137877e-04
BAR3,none,older,40,7.0902469850e-01,3.0073858680e-03,7.2691305220e-03,7.1014842580e-01,3.0434021640e-03,7.0555385650e-03,1.123727e-03,3.601630e-05,-2.135920e-04
BAR3,none,older,41,7.0902839390e-01,3.0081550380e-03,7.2698198270e-03,7.1015950870e-01,3.0401223910e-03,7.0563412340e-03,1.131115e-03,3.196735e-05,-2.134786e-04
BAR3,none,older,42,7.0903193720e-01,3.0088976190e-03,7.2705538050e-03,7.1017071220e-01,3.0368085770e-03,7.0571393160e-03,1.138775e-03,2.791096e-05,-2.134145e-04
BAR3,none,older,43,7.0903534200e-01,3.0096327960e-03,7.2713379130e-03,7.1018199860e-01,3.0335044950e-03,7.0579762340e-03,1.146657e-03,2.387170e-05,-2.133617e-04
BAR3,none,older,44,7.0903861900e-01,3.0103773840e-03,7.2721746780e-03,7.1019332260e-01,3.0302238020e-03,7.0588927050e-03,1.154704e-03,1.984642e-05,-2.132820e-04
BAR3,none,older,45,7.0904177580e-01,3.0111412890e-03,7.2730636380e-03,7.1020462460e-01,3.0269694170e-03,7.0599274240e-03,1.162849e-03,1.582813e-05,-2.131362e-04
BAR3,none,older,46,7.0904481730e-01,3.0119254140e-03,7.2740017470e-03,7.1021582860e-01,3.0237544530e-03,7.0611211160e-03,1.171011e-03,1.182904e-05,-2.128806e-04
BAR3,none,older,47,7.0904774550e-01,3.0127328080e-03,7.2749841330e-03,7.1022683570e-01,3.0206192110e-03,7.0625157070e-03,1.179090e-03,7.886403e-06,-2.124684e-04
BAR3,none,older,48,7.0905056190e-01,3.0135635930e-03,7.2760053340e-03,7.1023751450e-01,3.0176370300e-03,7.0641488510e-03,1.186953e-03,4.073437e-06,-2.118565e-04
BAR3,none,older,49,7.0905327030e-01,3.0144109190e-03,7.2770605390e-03,7.1024771000e-01,3.0149035970e-03,7.0660487050e-03,1.194440e-03,4.926780e-07,-2.110118e-04
BAR3,none,older,50,7.0905587630e-01,3.0152640590e-03,7.2781460740e-03,7.1025725540e-01,3.0125297990e-03,7.0682321690e-03,1.201379e-03,-2.734260e-06,-2.099139e-04
BAR3,none,older,51,7.0905838740e-01,3.0161128170e-03,7.2792591880e-03,7.1026597320e-01,3.0106526300e-03,7.0707049750e-03,1.207586e-03,-5.460187e-06,-2.085542e-04
BAR3,none,older,52,7.0906081150e-01,3.0169493380e-03,7.2803976380e-03,7.1027369520e-01,3.0093916780e-03,7.0734582120e-03,1.212884e-03,-7.557660e-06,-2.069394e-04
GP2,none,full,2,7.0900224240e-01,3.0572187540e-03,7.2228417010e-03,7.0142713040e-01,9.1898563210e-03,9.0099672870e-03,-7.575112e-03,6.132638e-03,1.787126e-03
GP2,none,full,3,7.0890963260e-01,2.9775012930e-03,7.2431265100e-03,7.0437567850e-01,7.4260900420e-03,8.3150509590e-03,-4.533954e-03,4.448589e-03,1.071924e-03
GP2,none,full,4,7.0887367800e-01,2.9255660480e-03,7.2507185020e-03,7.0663961920e-01,5.9018182980e-03,7.8242198620e-03,-2.234059e-03,2.976252e-03,5.735014e-04
GP2,none,full,5,7.0887371100e-01,2.9137362710e-03,7.2532041350e-03,7.0797246010e-01,4.9168012150e-03,7.5248940240e-03,-9.012509e-04,2.003065e-03,2.716899e-04
GP2,none,full,6,7.0888417370e-01,2.9243727130e-03,7.2548047050e-03,7.0857036220e-01,4.4174418570e-03,7.3774260670e-03,-3.138115e-04,1.493069e-03,1.226214e-04
GP2,none,full,7,7.0889062790e-01,2.9393406760e-03,7.2565288090e-03,7.0872489450e-01,4.2143861230e-03,7.3305075560e-03,-1.657334e-04,1.275045e-03,7.397875e-05
GP2,none,full,8,7.0889081250e-01,2.9506844110e-03,7.2583326310e-03,7.0866374380e-01,4.1401850970e-03,7.3362069870e-03,-2.270687e-04,1.189501e-03,7.787436e-05
GP2,none,full,9,7.0888859600e-01,2.9576015890e-03,7.2598594080e-03,7.0852223310e-01,4.1051987060e-03,7.3615770400e-03,-3.663629e-04,1.147597e-03,1.017176e-04
GP2,none,full,10,7.0888827950e-01,2.9613664240e-03,7.2606991590e-03,7.0836690080e-01,4.0803101090e-03,7.3901959080e-03,-5.213787e-04,1.118944e-03,1.294967e-04
GP2,none,full,11,7.0889198070e-01,2.9630463280e-03,7.2606672050e-03,7.0822554050e-01,4.0597506500e-03,7.4169929640e-03,-6.664402e-04,1.096704e-03,1.563258e-04
GP2,none,full,12,7.0889949820e-01,2.9634030470e-03,7.2599221650e-03,7.0810626080e-01,4.0397061140e-03,7.4414378520e-03,-7.932374e-04,1.076303e-03,1.815157e-04
GP2,none,full,13,7.0890926680e-01,2.9632290260e-03,7.2588501520e-03,7.0800827170e-01,4.0162114960e-03,7.4643034550e-03,-9.009951e-04,1.052982e-03,2.054533e-04
GP2,none,full,14,7.0891939600e-01,2.9632892330e-03,7.2578485190e-03,7.0792608760e-01,3.9891958040e-03,7.4858335010e-03,-9.933084e-04,1.025907e-03,2.279850e-04
GP2,none,full,15,7.0892836650e-01,2.9640469480e-03,7.2571748180e-03,7.0785233200e-01,3.9628843890e-03,7.5056260210e-03,-1.076035e-03,9.988374e-04,2.484512e-04
GP2,none,full,16,7.0893533350e-01,2.9655626690e-03,7.2569176540e-03,7.0778061390e-01,3.9418950240e-03,7.5232413580e-03,-1.154720e-03,9.763324e-04,2.663237e-04
GP2,none,full,17,7.0894012530e-01,2.9676354770e-03,7.2570518770e-03,7.0770758240e-01,3.9278809340e-03,7.5387430970e-03,-1.232543e-03,9.602455e-04,2.816912e-04
GP2,none,full,18,7.0894307210e-01,2.9700149230e-03,7.2575063720e-03,7.0763315060e-01,3.9189665740e-03,7.5525812360e-03,-1.309921e-03,9.489517e-04,2.950749e-04
GP2,none,full,19,7.0894477180e-01,2.9725323050e-03,7.2582010140e-03,7.0755945630e-01,3.9116697100e-03,7.5652123250e-03,-1.385316e-03,9.391374e-04,3.070113e-04
GP2,none,full,20,7.0894587500e-01,2.9751138630e-03,7.2590533730e-03,7.0748946310e-01,3.9028857040e-03,7.5767824320e-03,-1.456412e-03,9.277718e-04,3.177291e-04
GP2,none,full,21,7.0894693500e-01,2.9777309430e-03,7.2599759380e-03,7.0742595090e-01,3.8909714370e-03,7.5871340320e-03,-1.520984e-03,9.132405e-04,3.271581e-04
GP2,none,full,22,7.0894833780e-01,2.9803520120e-03,7.2608805570e-03,7.0737096820e-01,3.8756419790e-03,7.5959678630e-03,-1.577370e-03,8.952900e-04,3.350873e-04
GP2,none,full,23,7.0895029770e-01,2.9829260970e-03,7.2616916750e-03,7.0732564470e-01,3.8575249610e-03,7.6030485670e-03,-1.624653e-03,8.745989e-04,3.413569e-04
GP2,none,full,24,7.0895289470e-01,2.9853918100e-03,7.2623625780e-03,7.0729028680e-01,3.8372658560e-03,7.6083140750e-03,-1.662608e-03,8.518740e-04,3.459515e-04
GP2,none,full,25,7.0895611780e-01,2.9876940030e-03,7.2628815140e-03,7.0726453680e-01,3.8149524280e-03,7.6118580620e-03,-1.691581e-03,8.272584e-04,3.489765e-04
GP2,none,full,26,7.0895990080e-01,2.9897971410e-03,7.2632658940e-03,7.0724742120e-01,3.7905664720e-03,7.6138636630e-03,-1.712480e-03,8.007693e-04,3.505978e-04
GP2,none,full,27,7.0896414810e-01,2.9916917620e-03,7.2635506770e-03,7.0723754080e-01,3.7639843440e-03,7.6145084240e-03,-1.726607e-03,7.722926e-04,3.509577e-04
GP2,none,full,28,7.0896875290e-01,2.9933933300e-03,7.2637772400e-03,7.0723328420e-01,3.7350831630e-03,7.6139434770e-03,-1.735469e-03,7.416898e-04,3.501662e-04
GP2,none,full,29,7.0897360920e-01,2.9949349820e-03,7.2639856590e-03,7.0723300920e-01,3.7039565150e-03,7.6123048620e-03,-1.740600e-03,7.090215e-04,3.483192e-04
GP2,none,full,30,7.0897862100e-01,2.9963573850e-03,7.2642101230e-03,7.0723516420e-01,3.6710710260e-03,7.6097318790e-03,-1.743457e-03,6.747136e-04,3.455218e-04
GP2,none,full,31,7.0898370500e-01,2.9976987920e-03,7.2644763800e-03,7.0723839650e-01,3.6373316710e-03,7.6063848460e-03,-1.745308e-03,6.396329e-04,3.419085e-04
GP2,none,full,32,7.0898879100e-01,2.9989874080e-03,7.2648004620e-03,7.0724166310e-01,3.6038862890e-03,7.6024548880e-03,-1.747128e-03,6.048989e-04,3.376544e-04
GP2,none,full,33,7.0899382070e-01,3.0002373250e-03,7.2651885240e-03,7.0724426240e-01,3.5719055760e-03,7.5981641950e-03,-1.749558e-03,5.716683e-04,3.329757e-04
GP2,none,full,34,7.0899874600e-01,3.0014487080e-03,7.2656379450e-03,7.0724582760e-01,3.5423821290e-03,7.5937511960e-03,-1.752918e-03,5.409334e-04,3.281133e-04
GP2,none,full,35,7.0900352870e-01,3.0026118810e-03,7.2661398410e-03,7.0724625970e-01,3.5159419250e-03,7.5894378720e-03,-1.757269e-03,5.133300e-04,3.232980e-04
GP2,none,full,36,7.0900814060e-01,3.0037134920e-03,7.2666827500e-03,7.0724564770e-01,3.4928115670e-03,7.5854104690e-03,-1.762493e-03,4.890981e-04,3.187277e-04
GP2,none,full,37,7.0901256480e-01,3.0047424180e-03,7.2672564610e-03,7.0724416860e-01,3.4728628120e-03,7.5817918100e-03,-1.768396e-03,4.681204e-04,3.145353e-04
GP2,none,full,38,7.0901679550e-01,3.0056938420e-03,7.2678550440e-03,7.0724200260e-01,3.4557610260e-03,7.5786324140e-03,-1.774793e-03,4.500672e-04,3.107774e-04
GP2,none,full,39,7.0902083660e-01,3.0065712010e-03,7.2684781530e-03,7.0723928870e-01,3.4411125260e-03,7.5759265540e-03,-1.781548e-03,4.345413e-04,3.074484e-04
GP2,none,full,40,7.0902469850e-01,3.0073858680e-03,7.2691305220e-03,7.0723612890e-01,3.4285420910e-03,7.5736338200e-03,-1.788570e-03,4.211562e-04,3.045033e-04
GP2,none,full,41,7.0902839390e-01,3.0081550380e-03,7.2698198270e-03,7.0723254490e-01,3.4177674030e-03,7.5717025780e-03,-1.795849e-03,4.096124e-04,3.018828e-04
GP2,none,full,42,7.0903193720e-01,3.0088976190e-03,7.2705538050e-03,7.0722847340e-01,3.4086228960e-03,7.5700769440e-03,-1.803464e-03,3.997253e-04,2.995231e-04
GP2,none,full,43,7.0903534200e-01,3.0096327960e-03,7.2713379130e-03,7.0722378490e-01,3.4010374130e-03,7.5687011980e-03,-1.811557e-03,3.914046e-04,2.973633e-04
GP2,none,full,44,7.0903861900e-01,3.0103773840e-03,7.2721746780e-03,7.0721828250e-01,3.3950141240e-03,7.5675018980e-03,-1.820337e-03,3.846367e-04,2.953272e-04
GP2,none,full,45,7.0904177580e-01,3.0111412890e-03,7.2730636380e-03,7.0721178930e-01,3.3905134610e-03,7.5663963650e-03,-1.829987e-03,3.793722e-04,2.933327e-04
GP2,none,full,46,7.0904481730e-01,3.0119254140e-03,7.2740017470e-03,7.0720416380e-01,3.3875246100e-03,7.5653005570e-03,-1.840654e-03,3.755992e-04,2.912988e-04
GP2,none,full,47,7.0904774550e-01,3.0127328080e-03,7.2749841330e-03,7.0719533650e-01,3.3860012900e-03,7.5641350020e-03,-1.852409e-03,3.732685e-04,2.891509e-04
GP2,none,full,48,7.0905056190e-01,3.0135635930e-03,7.2760053340e-03,7.0718532280e-01,3.3858346240e-03,7.5628384220e-03,-1.865239e-03,3.722710e-04,2.868331e-04
GP2,none,full,49,7.0905327030e-01,3.0144109190e-03,7.2770605390e-03,7.0717424350e-01,3.3868393690e-03,7.5613756480e-03,-1.879027e-03,3.724284e-04,2.843151e-04
GP2,none,full,50,7.0905587630e-01,3.0152640590e-03,7.2781460740e-03,7.0716235060e-01,3.3887477850e-03,7.5597351580e-03,-1.893526e-03,3.734837e-04,2.815891e-04
GP2,none,full,51,7.0905838740e-01,3.0161128170e-03,7.2792591880e-03,7.0715002420e-01,3.3912096720e-03,7.5579183860e-03,-1.908363e-03,3.750969e-04,2.786592e-04
GP2,none,full,52,7.0906081150e-01,3.0169493380e-03,7.2803976380e-03,7.0713772970e-01,3.3938263610e-03,7.5559319430e-03,-1.923082e-03,3.768770e-04,2.755343e-04
GP2,none,latest,2,7.0900224240e-01,3.0572187540e-03,7.2228417010e-03,6.9891075090e-01,1.1228765790e-02,9.5946594610e-03,-1.009149e-02,8.171547e-03,2.371818e-03
GP2,none,latest,3,7.0890963260e-01,2.9775012930e-03,7.2431265100e-03,7.0205770030e-01,9.5801387220e-03,8.8715299010e-03,-6.851932e-03,6.602637e-03,1.628403e-03
GP2,none,latest,4,7.0887367800e-01,2.9255660480e-03,7.2507185020e-03,7.0515743460e-01,7.5941710360e-03,8.2089178960e-03,-3.716243e-03,4.668605e-03,9.581994e-04
GP2,none,latest,5,7.0887371100e-01,2.9137362710e-03,7.2532041350e-03,7.0719982600e-01,6.1334865470e-03,7.7442755350e-03,-1.673885e-03,3.219750e-03,4.910714e-04
GP2,none,latest,6,7.0888417370e-01,2.9243727130e-03,7.2548047050e-03,7.0822117330e-01,5.3143231460e-03,7.4869979110e-03,-6.630004e-04,2.389950e-03,2.321932e-04
GP2,none,latest,7,7.0889062790e-01,2.9393406760e-03,7.2565288090e-03,7.0856593600e-01,4.9395308450e-03,7.3871314340e-03,-3.246919e-04,2.000190e-03,1.306026e-04
GP2,none,latest,8,7.0889081250e-01,2.9506844110e-03,7.2583326310e-03,7.0855189690e-01,4.7834218450e-03,7.3774921760e-03,-3.389156e-04,1.832737e-03,1.191595e-04
GP2,none,latest,9,7.0888859600e-01,2.9576015890e-03,7.2598594080e-03,7.0838481940e-01,4.7078030870e-03,7.4058454800e-03,-5.037766e-04,1.750201e-03,1.459861e-04
GP2,none,latest,10,7.0888827950e-01,2.9613664240e-03,7.2606991590e-03,7.0817408340e-01,4.6585018040e-03,7.4438472540e-03,-7.141961e-04,1.697135e-03,1.831481e-04
GP2,none,latest,11,7.0889198070e-01,2.9630463280e-03,7.2606672050e-03,7.0796981070e-01,4.6206443890e-03,7.4812509850e-03,-9.221700e-04,1.657598e-03,2.205838e-04
GP2,none,latest,12,7.0889949820e-01,2.9634030470e-03,7.2599221650e-03,7.0779101720e-01,4.5866945470e-03,7.5166209210e-03,-1.108481e-03,1.623291e-03,2.566988e-04
GP2,none,latest,13,7.0890926680e-01,2.9632290260e-03,7.2588501520e-03,7.0764049150e-01,4.5499349440e-03,7.5505930260e-03,-1.268775e-03,1.586706e-03,2.917429e-04
GP2,none,latest,14,7.0891939600e-01,2.9632892330e-03,7.2578485190e-03,7.0751241800e-01,4.5089659600e-03,7.5830116450e-03,-1.406978e-03,1.545677e-03,3.251631e-04
GP2,none,latest,15,7.0892836650e-01,2.9640469480e-03,7.2571748180e-03,7.0739750990e-01,4.4684410210e-03,7.6129576390e-03,-1.530857e-03,1.504394e-03,3.557828e-04
GP2,none,latest,16,7.0893533350e-01,2.9655626690e-03,7.2569176540e-03,7.0728720920e-01,4.4346831520e-03,7.6397717610e-03,-1.648124e-03,1.469120e-03,3.828541e-04
GP2,none,latest,17,7.0894012530e-01,2.9676354770e-03,7.2570518770e-03,7.0717640810e-01,4.4102461270e-03,7.6635115110e-03,-1.763717e-03,1.442611e-03,4.064596e-04
GP2,none,latest,18,7.0894307210e-01,2.9700149230e-03,7.2575063720e-03,7.0706435630e-01,4.3931857180e-03,7.6847746010e-03,-1.878716e-03,1.423171e-03,4.272682e-04
GP2,none,latest,19,7.0894477180e-01,2.9725323050e-03,7.2582010140e-03,7.0695338660e-01,4.3793772970e-03,7.7042114670e-03,-1.991385e-03,1.406845e-03,4.460105e-04
GP2,none,latest,20,7.0894587500e-01,2.9751138630e-03,7.2590533730e-03,7.0684718110e-01,4.3648815500e-03,7.7220608290e-03,-2.098694e-03,1.389768e-03,4.630075e-04
GP2,none,latest,21,7.0894693500e-01,2.9777309430e-03,7.2599759380e-03,7.0674951650e-01,4.3472938850e-03,7.7381123520e-03,-2.197418e-03,1.369563e-03,4.781364e-04
GP2,none,latest,22,7.0894833780e-01,2.9803520120e-03,7.2608805570e-03,7.0666345630e-01,4.3255378650e-03,7.7519826850e-03,-2.284881e-03,1.345186e-03,4.911021e-04
GP2,none,latest,23,7.0895029770e-01,2.9829260970e-03,7.2616916750e-03,7.0659094640e-01,4.2995612160e-03,7.7633490360e-03,-2.359351e-03,1.316635e-03,5.016574e-04
GP2,none,latest,24,7.0895289470e-01,2.9853918100e-03,7.2623625780e-03,7.0653302190e-01,4.2698415550e-03,7.7722769480e-03,-2.419873e-03,1.284450e-03,5.099144e-04
GP2,none,latest,25,7.0895611780e-01,2.9876940030e-03,7.2628815140e-03,7.0648892200e-01,4.2367368820e-03,7.7784719170e-03,-2.467196e-03,1.249043e-03,5.155904e-04
GP2,none,latest,26,7.0895990080e-01,2.9897971410e-03,7.2632658940e-03,7.0645751330e-01,4.2002582820e-03,7.7821742700e-03,-2.502388e-03,1.210461e-03,5.189084e-04
GP2,none,latest,27,7.0896414810e-01,2.9916917620e-03,7.2635506770e-03,7.0643706840e-01,4.1602329250e-03,7.7837734020e-03,-2.527080e-03,1.168541e-03,5.202227e-04
GP2,none,latest,28,7.0896875290e-01,2.9933933300e-03,7.2637772400e-03,7.0642528170e-01,4.1165215550e-03,7.7835484180e-03,-2.543471e-03,1.123128e-03,5.197712e-04
GP2,none,latest,29,7.0897360920e-01,2.9949349820e-03,7.2639856590e-03,7.0641966460e-01,4.0693916650e-03,7.7817327610e-03,-2.553945e-03,1.074457e-03,5.177471e-04
GP2,none,latest,30,7.0897862100e-01,2.9963573850e-03,7.2642101230e-03,7.0641785790e-01,4.0198566110e-03,7.7785594640e-03,-2.560763e-03,1.023499e-03,5.143493e-04
GP2,none,latest,31,7.0898370500e-01,2.9976987920e-03,7.2644763800e-03,7.0641785560e-01,3.9692120530e-03,7.7742292920e-03,-2.565849e-03,9.715133e-04,5.097529e-04
GP2,none,latest,32,7.0898879100e-01,2.9989874080e-03,7.2648004620e-03,7.0641815220e-01,3.9189368360e-03,7.7689378370e-03,-2.570639e-03,9.199494e-04,5.041374e-04
GP2,none,latest,33,7.0899382070e-01,3.0002373250e-03,7.2651885240e-03,7.0641784920e-01,3.8704598720e-03,7.7629942740e-03,-2.575972e-03,8.702225e-04,4.978058e-04
GP2,none,latest,34,7.0899874600e-01,3.0014487080e-03,7.2656379450e-03,7.0641642570e-01,3.8253005830e-03,7.7567655110e-03,-2.582320e-03,8.238519e-04,4.911276e-04
GP2,none,latest,35,7.0900352870e-01,3.0026118810e-03,7.2661398410e-03,7.0641361030e-01,3.7845922980e-03,7.7505793340e-03,-2.589918e-03,7.819804e-04,4.844395e-04
GP2,none,latest,36,7.0900814060e-01,3.0037134920e-03,7.2666827500e-03,7.0640939040e-01,3.7487823340e-03,7.7446836310e-03,-2.598750e-03,7.450688e-04,4.780009e-04
GP2,none,latest,37,7.0901256480e-01,3.0047424180e-03,7.2672564610e-03,7.0640394870e-01,3.7177275670e-03,7.7392588360e-03,-2.608616e-03,7.129851e-04,4.720024e-04
GP2,none,latest,38,7.0901679550e-01,3.0056938420e-03,7.2678550440e-03,7.0639753030e-01,3.6909525200e-03,7.7344075240e-03,-2.619265e-03,6.852587e-04,4.665525e-04
GP2,none,latest,39,7.0902083660e-01,3.0065712010e-03,7.2684781530e-03,7.0639032350e-01,3.6679127020e-03,7.7301512820e-03,-2.630513e-03,6.613415e-04,4.616731e-04
GP2,none,latest,40,7.0902469850e-01,3.0073858680e-03,7.2691305220e-03,7.0638244180e-01,3.6480720120e-03,7.7264651720e-03,-2.642257e-03,6.406861e-04,4.573347e-04
GP2,none,latest,41,7.0902839390e-01,3.0081550380e-03,7.2698198270e-03,7.0637389280e-01,3.6310108260e-03,7.7232899490e-03,-2.654501e-03,6.228558e-04,4.534701e-04
GP2,none,latest,42,7.0903193720e-01,3.0088976190e-03,7.2705538050e-03,7.0636459610e-01,3.6164243650e-03,7.7205387630e-03,-2.667341e-03,6.075267e-04,4.499850e-04
GP2,none,latest,43,7.0903534200e-01,3.0096327960e-03,7.2713379130e-03,7.0635438620e-01,3.6041493530e-03,7.7181147840e-03,-2.680956e-03,5.945166e-04,4.467769e-04
GP2,none,latest,44,7.0903861900e-01,3.0103773840e-03,7.2721746780e-03,7.0634302310e-01,3.5940872990e-03,7.7159161030e-03,-2.695596e-03,5.837099e-04,4.437414e-04
GP2,none,latest,45,7.0904177580e-01,3.0111412890e-03,7.2730636380e-03,7.0633022360e-01,3.5863798210e-03,7.7138265930e-03,-2.711552e-03,5.752385e-04,4.407630e-04
GP2,none,latest,46,7.0904481730e-01,3.0119254140e-03,7.2740017470e-03,7.0631578710e-01,3.5810485870e-03,7.7117368950e-03,-2.729030e-03,5.691232e-04,4.377351e-04
GP2,none,latest,47,7.0904774550e-01,3.0127328080e-03,7.2749841330e-03,7.0629961490e-01,3.5780052500e-03,7.7095331060e-03,-2.748131e-03,5.652724e-04,4.345490e-04
GP2,none,latest,48,7.0905056190e-01,3.0135635930e-03,7.2760053340e-03,7.0628173700e-01,3.5770897210e-03,7.7071149030e-03,-2.768825e-03,5.635261e-04,4.311096e-04
GP2,none,latest,49,7.0905327030e-01,3.0144109190e-03,7.2770605390e-03,7.0626242620e-01,3.5779748500e-03,7.7044107780e-03,-2.790844e-03,5.635639e-04,4.273502e-04
GP2,none,latest,50,7.0905587630e-01,3.0152640590e-03,7.2781460740e-03,7.0624215830e-01,3.5801798630e-03,7.7013875250e-03,-2.813718e-03,5.649158e-04,4.232415e-04
GP2,none,latest,51,7.0905838740e-01,3.0161128170e-03,7.2792591880e-03,7.0622152700e-01,3.5831772300e-03,7.6980490120e-03,-2.836860e-03,5.670644e-04,4.187898e-04
GP2,none,latest,52,7.0906081150e-01,3.0169493380e-03,7.2803976380e-03,7.0620120610e-01,3.5863856990e-03,7.6944064540e-03,-2.859605e-03,5.694364e-04,4.140088e-04
GP2,none,older,2,7.0900224240e-01,3.0572187540e-03,7.2228417010e-03,7.1154121450e-01,1.0024646660e-03,6.6230499250e-03,2.538972e-03,-2.054754e-03,-5.997918e-04
GP2,none,older,3,7.0890963260e-01,2.9775012930e-03,7.2431265100e-03,7.1129951240e-01,7.9628047050e-04,6.6918374630e-03,2.389880e-03,-2.181221e-03,-5.512890e-04
GP2,none,older,4,7.0887367800e-01,2.9255660480e-03,7.2507185020e-03,7.1045702700e-01,1.1879585830e-03,6.8839321230e-03,1.583349e-03,-1.737607e-03,-3.667864e-04
GP2,none,older,5,7.0887371100e-01,2.9137362710e-03,7.2532041350e-03,7.0974770580e-01,1.6494768330e-03,7.0455864740e-03,8.739948e-04,-1.264259e-03,-2.076177e-04
GP2,none,older,6,7.0888417370e-01,2.9243727130e-03,7.2548047050e-03,7.0932894400e-01,1.9932467340e-03,7.1468391910e-03,4.447703e-04,-9.311260e-04,-1.079655e-04
GP2,none,older,7,7.0889062790e-01,2.9393406760e-03,7.2565288090e-03,7.0914727230e-01,2.1970067980e-03,7.1960467240e-03,2.566444e-04,-7.423339e-04,-6.048208e-05
GP2,none,older,8,7.0889081250e-01,2.9506844110e-03,7.2583326310e-03,7.0911060260e-01,2.3021013850e-03,7.2112739150e-03,2.197901e-04,-6.485830e-04,-4.705872e-05
GP2,none,older,9,7.0888859600e-01,2.9576015890e-03,7.2598594080e-03,7.0914770300e-01,2.3542467540e-03,7.2084631280e-03,2.591070e-04,-6.033548e-04,-5.139628e-05
GP2,none,older,10,7.0888827950e-01,2.9613664240e-03,7.2606991590e-03,7.0921589010e-01,2.3818438380e-03,7.1977838890e-03,3.276106e-04,-5.795226e-04,-6.291527e-05
GP2,none,older,11,7.0889198070e-01,2.9630463280e-03,7.2606672050e-03,7.0929237490e-01,2.3984310340e-03,7.1843187210e-03,4.003942e-04,-5.646153e-04,-7.634848e-05
GP2,none,older,12,7.0889949820e-01,2.9634030470e-03,7.2599221650e-03,7.0936567620e-01,2.4108910480e-03,7.1702138030e-03,4.661780e-04,-5.525120e-04,-8.970836e-05
GP2,none,older,13,7.0890926680e-01,2.9632290260e-03,7.2588501520e-03,7.0943095840e-01,2.4238407660e-03,7.1566197180e-03,5.216916e-04,-5.393883e-04,-1.022304e-04
GP2,none,older,14,7.0891939600e-01,2.9632892330e-03,7.2578485190e-03,7.0948742770e-01,2.4392610050e-03,7.1442890020e-03,5.680317e-04,-5.240282e-04,-1.135595e-04
GP2,none,older,15,7.0892836650e-01,2.9640469480e-03,7.2571748180e-03,7.0953653290e-01,2.4561595990e-03,7.1336255070e-03,6.081664e-04,-5.078873e-04,-1.235493e-04
GP2,none,older,16,7.0893533350e-01,2.9655626690e-03,7.2569176540e-03,7.0958062560e-01,2.4721046380e-03,7.1247433490e-03,6.452921e-04,-4.934580e-04,-1.321743e-04
GP2,none,older,17,7.0894012530e-01,2.9676354770e-03,7.2570518770e-03,7.0962181320e-01,2.4852263860e-03,7.1175242160e-03,6.816879e-04,-4.824091e-04,-1.395277e-04
GP2,none,older,18,7.0894307210e-01,2.9700149230e-03,7.2575063720e-03,7.0966124790e-01,2.4952888880e-03,7.1116643960e-03,7.181758e-04,-4.747260e-04,-1.458420e-04
GP2,none,older,19,7.0894477180e-01,2.9725323050e-03,7.2582010140e-03,7.0969908570e-01,2.5034255430e-03,7.1068180900e-03,7.543139e-04,-4.691068e-04,-1.513829e-04
GP2,none,older,20,7.0894587500e-01,2.9751138630e-03,7.2590533730e-03,7.0973484320e-01,2.5114054890e-03,7.1027406900e-03,7.889682e-04,-4.637084e-04,-1.563127e-04
GP2,none,older,21,7.0894693500e-01,2.9777309430e-03,7.2599759380e-03,7.0976782950e-01,2.5206625900e-03,7.0993399260e-03,8.208945e-04,-4.570684e-04,-1.606360e-04
GP2,none,older,22,7.0894833780e-01,2.9803520120e-03,7.2608805570e-03,7.0979747170e-01,2.5317206350e-03,7.0966362040e-03,8.491339e-04,-4.486314e-04,-1.642444e-04
GP2,none,older,23,7.0895029770e-01,2.9829260970e-03,7.2616916750e-03,7.0982335630e-01,2.5444829780e-03,7.0946419390e-03,8.730586e-04,-4.384431e-04,-1.670497e-04
GP2,none,older,24,7.0895289470e-01,2.9853918100e-03,7.2623625780e-03,7.0984530180e-01,2.5585565570e-03,7.0933263440e-03,8.924071e-04,-4.268353e-04,-1.690362e-04
GP2,none,older,25,7.0895611780e-01,2.9876940030e-03,7.2628815140e-03,7.0986340610e-01,2.5735320320e-03,7.0926481550e-03,9.072883e-04,-4.141620e-04,-1.702334e-04
GP2,none,older,26,7.0895990080e-01,2.9897971410e-03,7.2632658940e-03,7.0987798000e-01,2.5891388850e-03,7.0925412900e-03,9.180792e-04,-4.006583e-04,-1.707246e-04
GP2,none,older,27,7.0896414810e-01,2.9916917620e-03,7.2635506770e-03,7.0988950000e-01,2.6053166530e-03,7.0929465710e-03,9.253519e-04,-3.863751e-04,-1.706041e-04
GP2,none,older,28,7.0896875290e-01,2.9933933300e-03,7.2637772400e-03,7.0989857030e-01,2.6221513170e-03,7.0938396690e-03,9.298174e-04,-3.712420e-04,-1.699376e-04
GP2,none,older,29,7.0897360920e-01,2.9949349820e-03,7.2639856590e-03,7.0990584830e-01,2.6397280430e-03,7.0952217660e-03,9.322391e-04,-3.552069e-04,-1.687639e-04
GP2,none,older,30,7.0897862100e-01,2.9963573850e-03,7.2642101230e-03,7.0991199220e-01,2.6579722430e-03,7.0970849190e-03,9.333712e-04,-3.383851e-04,-1.671252e-04
GP2,none,older,31,7.0898370500e-01,2.9976987920e-03,7.2644763800e-03,7.0991755280e-01,2.6766422400e-03,7.0994000060e-03,9.338478e-04,-3.210566e-04,-1.650764e-04
GP2,none,older,32,7.0898879100e-01,2.9989874080e-03,7.2648004620e-03,7.0992295780e-01,2.6953026690e-03,7.1021146910e-03,9.341668e-04,-3.036847e-04,-1.626858e-04
GP2,none,older,33,7.0899382070e-01,3.0002373250e-03,7.2651885240e-03,7.0992848490e-01,2.7134489660e-03,7.1051437060e-03,9.346642e-04,-2.867884e-04,-1.600448e-04
GP2,none,older,34,7.0899874600e-01,3.0014487080e-03,7.2656379450e-03,7.0993427370e-01,2.7305874210e-03,7.1083714960e-03,9.355277e-04,-2.708613e-04,-1.572664e-04
GP2,none,older,35,7.0900352870e-01,3.0026118810e-03,7.2661398410e-03,7.0994035510e-01,2.7463107200e-03,7.1116699470e-03,9.368264e-04,-2.563012e-04,-1.544699e-04
GP2,none,older,36,7.0900814060e-01,3.0037134920e-03,7.2666827500e-03,7.0994668540e-01,2.7603698060e-03,7.1149201520e-03,9.385448e-04,-2.433437e-04,-1.517626e-04
GP2,none,older,37,7.0901256480e-01,3.0047424180e-03,7.2672564610e-03,7.0995317710e-01,2.7727028800e-03,7.1180296320e-03,9.406123e-04,-2.320395e-04,-1.492268e-04
GP2,none,older,38,7.0901679550e-01,3.0056938420e-03,7.2678550440e-03,7.0995972430e-01,2.7834091600e-03,7.1209428060e-03,9.429288e-04,-2.222847e-04,-1.469122e-04
GP2,none,older,39,7.0902083660e-01,3.0065712010e-03,7.2684781530e-03,7.0996626280e-01,2.7926540450e-03,7.1236389070e-03,9.454262e-04,-2.139172e-04,-1.448392e-04
GP2,none,older,40,7.0902469850e-01,3.0073858680e-03,7.2691305220e-03,7.0997276650e-01,2.8006291120e-03,7.1261226210e-03,9.480680e-04,-2.067568e-04,-1.430079e-04
GP2,none,older,41,7.0902839390e-01,3.0081550380e-03,7.2698198270e-03,7.0997925150e-01,2.8075193670e-03,7.1284201980e-03,9.508576e-04,-2.006357e-04,-1.413996e-04
GP2,none,older,42,7.0903193720e-01,3.0088976190e-03,7.2705538050e-03,7.0998576860e-01,2.8134627800e-03,7.1305699370e-03,9.538314e-04,-1.954348e-04,-1.399839e-04
GP2,none,older,43,7.0903534200e-01,3.0096327960e-03,7.2713379130e-03,7.0999239340e-01,2.8185508470e-03,7.1326130790e-03,9.570514e-04,-1.910819e-04,-1.387248e-04
GP2,none,older,44,7.0903861900e-01,3.0103773840e-03,7.2721746780e-03,7.0999921200e-01,2.8228366540e-03,7.1345866080e-03,9.605930e-04,-1.875407e-04,-1.375881e-04
GP2,none,older,45,7.0904177580e-01,3.0111412890e-03,7.2730636380e-03,7.1000631510e-01,2.8263459470e-03,7.1365274690e-03,9.645393e-04,-1.847953e-04,-1.365362e-04
GP2,none,older,46,7.0904481730e-01,3.0119254140e-03,7.2740017470e-03,7.1001378630e-01,2.8290870120e-03,7.1384751420e-03,9.689690e-04,-1.828384e-04,-1.355266e-04
GP2,none,older,47,7.0904774550e-01,3.0127328080e-03,7.2749841330e-03,7.1002168030e-01,2.8310729810e-03,7.1404694570e-03,9.739348e-04,-1.816598e-04,-1.345147e-04
GP2,none,older,48,7.0905056190e-01,3.0135635930e-03,7.2760053340e-03,7.1003000480e-01,2.8323455230e-03,7.1425457350e-03,9.794429e-04,-1.812181e-04,-1.334596e-04
GP2,none,older,49,7.0905327030e-01,3.0144109190e-03,7.2770605390e-03,7.1003871550e-01,2.8329843490e-03,7.1447298210e-03,9.854452e-04,-1.814266e-04,-1.323307e-04
GP2,none,older,50,7.0905587630e-01,3.0152640590e-03,7.2781460740e-03,7.1004771160e-01,2.8331251910e-03,7.1470378640e-03,9.918353e-04,-1.821389e-04,-1.311082e-04
GP2,none,older,51,7.0905838740e-01,3.0161128170e-03,7.2792591880e-03,7.1005683240e-01,2.8329488920e-03,7.1494758430e-03,9.984450e-04,-1.831639e-04,-1.297833e-04
GP2,none,older,52,7.0906081150e-01,3.0169493380e-03,7.2803976380e-03,7.1006588040e-01,2.8326316440e-03,7.1520385050e-03,1.005069e-03,-1.843177e-04,-1.283591e-04
GP3,none,full,2,7.0900224240e-01,3.0572187540e-03,7.2228417010e-03,7.0189541300e-01,8.5271302190e-03,8.8952867350e-03,-7.106829e-03,5.469911e-03,1.672445e-03
GP3,none,full,3,7.0890963260e-01,2.9775012930e-03,7.2431265100e-03,7.0480331600e-01,6.4343800810e-03,8.2120796980e-03,-4.106317e-03,3.456879e-03,9.689532e-04
GP3,none,full,4,7.0887367800e-01,2.9255660480e-03,7.2507185020e-03,7.0695595790e-01,4.7035865990e-03,7.7553824480e-03,-1.917720e-03,1.778021e-03,5.046639e-04
GP3,none,full,5,7.0887371100e-01,2.9137362710e-03,7.2532041350e-03,7.0816843050e-01,3.6013743810e-03,7.5190937930e-03,-7.052805e-04,6.876381e-04,2.658897e-04
GP3,none,full,6,7.0888417370e-01,2.9243727130e-03,7.2548047050e-03,7.0863593030e-01,3.0442846070e-03,7.4289856860e-03,-2.482434e-04,1.199119e-04,1.741810e-04
GP3,none,full,7,7.0889062790e-01,2.9393406760e-03,7.2565288090e-03,7.0865146540e-01,2.8334784480e-03,7.4146634890e-03,-2.391625e-04,-1.058622e-04,1.581347e-04
GP3,none,full,8,7.0889081250e-01,2.9506844110e-03,7.2583326310e-03,7.0846163230e-01,2.7916213830e-03,7.4340020670e-03,-4.291802e-04,-1.590630e-04,1.756694e-04
GP3,none,full,9,7.0888859600e-01,2.9576015890e-03,7.2598594080e-03,7.0821906290e-01,2.8094362940e-03,7.4667822870e-03,-6.695331e-04,-1.481653e-04,2.069229e-04
GP3,none,full,10,7.0888827950e-01,2.9613664240e-03,7.2606991590e-03,7.0799323240e-01,2.8394660370e-03,7.5035323900e-03,-8.950471e-04,-1.219004e-04,2.428332e-04
GP3,none,full,11,7.0889198070e-01,2.9630463280e-03,7.2606672050e-03,7.0780341570e-01,2.8698045200e-03,7.5396204380e-03,-1.088565e-03,-9.324181e-05,2.789532e-04
GP3,none,full,12,7.0889949820e-01,2.9634030470e-03,7.2599221650e-03,7.0764727910e-01,2.9003948870e-03,7.5728834600e-03,-1.252219e-03,-6.300816e-05,3.129613e-04
GP3,none,full,13,7.0890926680e-01,2.9632290260e-03,7.2588501520e-03,7.0751682650e-01,2.9314147280e-03,7.6024914540e-03,-1.392440e-03,-3.181430e-05,3.436413e-04
GP3,none,full,14,7.0891939600e-01,2.9632892330e-03,7.2578485190e-03,7.0740485900e-01,2.9614852450e-03,7.6283758660e-03,-1.514537e-03,-1.803988e-06,3.705273e-04
GP3,none,full,15,7.0892836650e-01,2.9640469480e-03,7.2571748180e-03,7.0730624280e-01,2.9891256320e-03,7.6506868940e-03,-1.622124e-03,2.507868e-05,3.935121e-04
GP3,none,full,16,7.0893533350e-01,2.9655626690e-03,7.2569176540e-03,7.0721785340e-01,3.0134849880e-03,7.6695235710e-03,-1.717480e-03,4.792232e-05,4.126059e-04
GP3,none,full,17,7.0894012530e-01,2.9676354770e-03,7.2570518770e-03,7.0713856260e-01,3.0337382620e-03,7.6851331420e-03,-1.801563e-03,6.610279e-05,4.280813e-04
GP3,none,full,18,7.0894307210e-01,2.9700149230e-03,7.2575063720e-03,7.0706877990e-01,3.0483983070e-03,7.6979286600e-03,-1.874292e-03,7.838338e-05,4.404223e-04
GP3,none,full,19,7.0894477180e-01,2.9725323050e-03,7.2582010140e-03,7.0700957840e-01,3.0555909360e-03,7.7083425630e-03,-1.935193e-03,8.305863e-05,4.501415e-04
GP3,none,full,20,7.0894587500e-01,2.9751138630e-03,7.2590533730e-03,7.0696169750e-01,3.0539596880e-03,7.7166144130e-03,-1.984177e-03,7.884582e-05,4.575610e-04
GP3,none,full,21,7.0894693500e-01,2.9777309430e-03,7.2599759380e-03,7.0692510320e-01,3.0436350270e-03,7.7228511140e-03,-2.021832e-03,6.590408e-05,4.628752e-04
GP3,none,full,22,7.0894833780e-01,2.9803520120e-03,7.2608805570e-03,7.0689900350e-01,3.0263878130e-03,7.7271535530e-03,-2.049334e-03,4.603580e-05,4.662730e-04
GP3,none,full,23,7.0895029770e-01,2.9829260970e-03,7.2616916750e-03,7.0688201910e-01,3.0052988840e-03,7.7297246490e-03,-2.068279e-03,2.237279e-05,4.680330e-04
GP3,none,full,24,7.0895289470e-01,2.9853918100e-03,7.2623625780e-03,7.0687256630e-01,2.9834654180e-03,7.7308859640e-03,-2.080328e-03,-1.926392e-06,4.685234e-04
GP3,none,full,25,7.0895611780e-01,2.9876940030e-03,7.2628815140e-03,7.0686907660e-01,2.9630544460e-03,7.7310074130e-03,-2.087041e-03,-2.463956e-05,4.681259e-04
GP3,none,full,26,7.0895990080e-01,2.9897971410e-03,7.2632658940e-03,7.0687001900e-01,2.9454098410e-03,7.7304325710e-03,-2.089882e-03,-4.438730e-05,4.671667e-04
GP3,none,full,27,7.0896414810e-01,2.9916917620e-03,7.2635506770e-03,7.0687387890e-01,2.9309732460e-03,7.7293925070e-03,-2.090269e-03,-6.071852e-05,4.658418e-04
GP3,none,full,28,7.0896875290e-01,2.9933933300e-03,7.2637772400e-03,7.0687924510e-01,2.9194971500e-03,7.7280170230e-03,-2.089508e-03,-7.389618e-05,4.642398e-04
GP3,none,full,29,7.0897360920e-01,2.9949349820e-03,7.2639856590e-03,7.0688486790e-01,2.9104576420e-03,7.7263900780e-03,-2.088741e-03,-8.447734e-05,4.624044e-04
GP3,none,full,30,7.0897862100e-01,2.9963573850e-03,7.2642101230e-03,7.0688969760e-01,2.9034683210e-03,7.7246064110e-03,-2.088923e-03,-9.288906e-05,4.603963e-04
GP3,none,full,31,7.0898370500e-01,2.9976987920e-03,7.2644763800e-03,7.0689292250e-01,2.8984518760e-03,7.7227966300e-03,-2.090782e-03,-9.924692e-05,4.583202e-04
GP3,none,full,32,7.0898879100e-01,2.9989874080e-03,7.2648004620e-03,7.0689402050e-01,2.8955680380e-03,7.7211178020e-03,-2.094770e-03,-1.034194e-04,4.563173e-04
GP3,none,full,33,7.0899382070e-01,3.0002373250e-03,7.2651885240e-03,7.0689273900e-01,2.8950234230e-03,7.7197266110e-03,-2.101082e-03,-1.052139e-04,4.545381e-04
GP3,none,full,34,7.0899874600e-01,3.0014487080e-03,7.2656379450e-03,7.0688907130e-01,2.8969303430e-03,7.7187450650e-03,-2.109675e-03,-1.045184e-04,4.531071e-04
GP3,none,full,35,7.0900352870e-01,3.0026118810e-03,7.2661398410e-03,7.0688320070e-01,2.9012384890e-03,7.7182460610e-03,-2.120328e-03,-1.013734e-04,4.521062e-04
GP3,none,full,36,7.0900814060e-01,3.0037134920e-03,7.2666827500e-03,7.0687542090e-01,2.9076167430e-03,7.7182353510e-03,-2.132720e-03,-9.609675e-05,4.515526e-04
GP3,none,full,37,7.0901256480e-01,3.0047424180e-03,7.2672564610e-03,7.0686607780e-01,2.9155188780e-03,7.7186612040e-03,-2.146487e-03,-8.922354e-05,4.514047e-04
GP3,none,full,38,7.0901679550e-01,3.0056938420e-03,7.2678550440e-03,7.0685550480e-01,2.9243441900e-03,7.7194249840e-03,-2.161291e-03,-8.134965e-05,4.515699e-04
GP3,none,full,39,7.0902083660e-01,3.0065712010e-03,7.2684781530e-03,7.0684398690e-01,2.9335857800e-03,7.7204052670e-03,-2.176850e-03,-7.298542e-05,4.519271e-04
GP3,none,full,40,7.0902469850e-01,3.0073858680e-03,7.2691305220e-03,7.0683176800e-01,2.9428917930e-03,7.7214833680e-03,-2.192931e-03,-6.449408e-05,4.523528e-04
GP3,none,full,41,7.0902839390e-01,3.0081550380e-03,7.2698198270e-03,7.0681903130e-01,2.9520885230e-03,7.7225611840e-03,-2.209363e-03,-5.606652e-05,4.527414e-04
GP3,none,full,42,7.0903193720e-01,3.0088976190e-03,7.2705538050e-03,7.0680590800e-01,2.9611601410e-03,7.7235600010e-03,-2.226029e-03,-4.773748e-05,4.530062e-04
GP3,none,full,43,7.0903534200e-01,3.0096327960e-03,7.2713379130e-03,7.0679250160e-01,2.9701373970e-03,7.7244117070e-03,-2.242840e-03,-3.949540e-05,4.530738e-04
GP3,none,full,44,7.0903861900e-01,3.0103773840e-03,7.2721746780e-03,7.0677889730e-01,2.9791071690e-03,7.7250606220e-03,-2.259722e-03,-3.127021e-05,4.528859e-04
GP3,none,full,45,7.0904177580e-01,3.0111412890e-03,7.2730636380e-03,7.0676519160e-01,2.9880819430e-03,7.7254376860e-03,-2.276584e-03,-2.305935e-05,4.523740e-04
GP3,none,full,46,7.0904481730e-01,3.0119254140e-03,7.2740017470e-03,7.0675152200e-01,2.9970571420e-03,7.7254771500e-03,-2.293295e-03,-1.486827e-05,4.514754e-04
GP3,none,full,47,7.0904774550e-01,3.0127328080e-03,7.2749841330e-03,7.0673808760e-01,3.0059390330e-03,7.7251204770e-03,-2.309658e-03,-6.793775e-06,4.501363e-04
GP3,none,full,48,7.0905056190e-01,3.0135635930e-03,7.2760053340e-03,7.0672512780e-01,3.0145495040e-03,7.7243225010e-03,-2.325434e-03,9.859110e-07,4.483172e-04
GP3,none,full,49,7.0905327030e-01,3.0144109190e-03,7.2770605390e-03,7.0671291260e-01,3.0226530390e-03,7.7230562860e-03,-2.340358e-03,8.242120e-06,4.459957e-04
GP3,none,full,50,7.0905587630e-01,3.0152640590e-03,7.2781460740e-03,7.0670175920e-01,3.0299724980e-03,7.7213117420e-03,-2.354117e-03,1.470844e-05,4.431657e-04
GP3,none,full,51,7.0905838740e-01,3.0161128170e-03,7.2792591880e-03,7.0669203150e-01,3.0362058670e-03,7.7190916340e-03,-2.366356e-03,2.009305e-05,4.398324e-04
GP3,none,full,52,7.0906081150e-01,3.0169493380e-03,7.2803976380e-03,7.0668409260e-01,3.0410762380e-03,7.7164078470e-03,-2.376719e-03,2.412690e-05,4.360102e-04
GP3,none,latest,2,7.0900224240e-01,3.0572187540e-03,7.2228417010e-03,6.9953152950e-01,1.0347991660e-02,9.4405014150e-03,-9.470713e-03,7.290773e-03,2.217660e-03
GP3,none,latest,3,7.0890963260e-01,2.9775012930e-03,7.2431265100e-03,7.0267185610e-01,8.1889197020e-03,8.7187187120e-03,-6.237776e-03,5.211418e-03,1.475592e-03
GP3,none,latest,4,7.0887367800e-01,2.9255660480e-03,7.2507185020e-03,7.0564179740e-01,5.8640894480e-03,8.1038372340e-03,-3.231881e-03,2.938523e-03,8.531187e-04
GP3,none,latest,5,7.0887371100e-01,2.9137362710e-03,7.2532041350e-03,7.0752026380e-01,4.2015286710e-03,7.7299654490e-03,-1.353447e-03,1.287792e-03,4.767613e-04
GP3,none,latest,6,7.0888417370e-01,2.9243727130e-03,7.2548047050e-03,7.0835035860e-01,3.2774888630e-03,7.5565418830e-03,-5.338151e-04,3.531161e-04,3.017372e-04
GP3,none,latest,7,7.0889062790e-01,2.9393406760e-03,7.2565288090e-03,7.0848606280e-01,2.8779167360e-03,7.5065877060e-03,-4.045651e-04,-6.142394e-05,2.500589e-04
GP3,none,latest,8,7.0889081250e-01,2.9506844110e-03,7.2583326310e-03,7.0827676730e-01,2.7599904100e-03,7.5207028820e-03,-6.140452e-04,-1.906940e-04,2.623703e-04
GP3,none,latest,9,7.0888859600e-01,2.9576015890e-03,7.2598594080e-03,7.0795369260e-01,2.7568165090e-03,7.5628106630e-03,-9.349034e-04,-2.007851e-04,3.029513e-04
GP3,none,latest,10,7.0888827950e-01,2.9613664240e-03,7.2606991590e-03,7.0763150810e-01,2.7868513710e-03,7.6139939010e-03,-1.256771e-03,-1.745151e-04,3.532947e-04
GP3,none,latest,11,7.0889198070e-01,2.9630463280e-03,7.2606672050e-03,7.0734972670e-01,2.8243389790e-03,7.6653746050e-03,-1.542254e-03,-1.387073e-04,4.047074e-04
GP3,none,latest,12,7.0889949820e-01,2.9634030470e-03,7.2599221650e-03,7.0711230440e-01,2.8657740860e-03,7.7136064980e-03,-1.787194e-03,-9.762896e-05,4.536843e-04
GP3,none,latest,13,7.0890926680e-01,2.9632290260e-03,7.2588501520e-03,7.0691150850e-01,2.9098447030e-03,7.7576090800e-03,-1.997758e-03,-5.338432e-05,4.987589e-04
GP3,none,latest,14,7.0891939600e-01,2.9632892330e-03,7.2578485190e-03,7.0673825980e-01,2.9535587190e-03,7.7968935600e-03,-2.181136e-03,-9.730514e-06,5.390450e-04
GP3,none,latest,15,7.0892836650e-01,2.9640469480e-03,7.2571748180e-03,7.0658549800e-01,2.9940555530e-03,7.8310805060e-03,-2.342868e-03,3.000861e-05,5.739057e-04
GP3,none,latest,16,7.0893533350e-01,2.9655626690e-03,7.2569176540e-03,7.0644875260e-01,3.0298631750e-03,7.8600967690e-03,-2.486581e-03,6.430051e-05,6.031791e-04
GP3,none,latest,17,7.0894012530e-01,2.9676354770e-03,7.2570518770e-03,7.0632637450e-01,3.0595734040e-03,7.8843491410e-03,-2.613751e-03,9.193793e-05,6.272973e-04
GP3,none,latest,18,7.0894307210e-01,2.9700149230e-03,7.2575063720e-03,7.0621868380e-01,3.0809857960e-03,7.9043777340e-03,-2.724388e-03,1.109709e-04,6.468714e-04
GP3,none,latest,19,7.0894477180e-01,2.9725323050e-03,7.2582010140e-03,7.0612678420e-01,3.0917708880e-03,7.9207644770e-03,-2.817988e-03,1.192386e-04,6.625635e-04
GP3,none,latest,20,7.0894587500e-01,2.9751138630e-03,7.2590533730e-03,7.0605143090e-01,3.0903071650e-03,7.9338977510e-03,-2.894444e-03,1.151933e-04,6.748444e-04
GP3,none,latest,21,7.0894693500e-01,2.9777309430e-03,7.2599759380e-03,7.0599249280e-01,3.0766873140e-03,7.9439525770e-03,-2.954442e-03,9.895637e-05,6.839766e-04
GP3,none,latest,22,7.0894833780e-01,2.9803520120e-03,7.2608805570e-03,7.0594884260e-01,3.0529194610e-03,7.9511099880e-03,-2.999495e-03,7.256745e-05,6.902294e-04
GP3,none,latest,23,7.0895029770e-01,2.9829260970e-03,7.2616916750e-03,7.0591865080e-01,3.0226342110e-03,7.9556935430e-03,-3.031647e-03,3.970811e-05,6.940019e-04
GP3,none,latest,24,7.0895289470e-01,2.9853918100e-03,7.2623625780e-03,7.0589987310e-01,2.9900665670e-03,7.9582581190e-03,-3.053022e-03,4.674757e-06,6.958955e-04
GP3,none,latest,25,7.0895611780e-01,2.9876940030e-03,7.2628815140e-03,7.0589020430e-01,2.9589343070e-03,7.9592818950e-03,-3.065913e-03,-2.875970e-05,6.964004e-04
GP3,none,latest,26,7.0895990080e-01,2.9897971410e-03,7.2632658940e-03,7.0588706570e-01,2.9314298830e-03,7.9589841420e-03,-3.072835e-03,-5.836726e-05,6.957182e-04
GP3,none,latest,27,7.0896414810e-01,2.9916917620e-03,7.2635506770e-03,7.0588840640e-01,2.9083382600e-03,7.9578294820e-03,-3.075742e-03,-8.335350e-05,6.942788e-04
GP3,none,latest,28,7.0896875290e-01,2.9933933300e-03,7.2637772400e-03,7.0589222680e-01,2.8895538680e-03,7.9561579460e-03,-3.076526e-03,-1.038395e-04,6.923807e-04
GP3,none,latest,29,7.0897360920e-01,2.9949349820e-03,7.2639856590e-03,7.0589658180e-01,2.8745072260e-03,7.9541298930e-03,-3.077027e-03,-1.204278e-04,6.901442e-04
GP3,none,latest,30,7.0897862100e-01,2.9963573850e-03,7.2642101230e-03,7.0589981770e-01,2.8628797280e-03,7.9518982020e-03,-3.078803e-03,-1.334777e-04,6.876881e-04
GP3,none,latest,31,7.0898370500e-01,2.9976987920e-03,7.2644763800e-03,7.0590075900e-01,2.8545344070e-03,7.9496510850e-03,-3.082946e-03,-1.431644e-04,6.851747e-04
GP3,none,latest,32,7.0898879100e-01,2.9989874080e-03,7.2648004620e-03,7.0589867590e-01,2.8495208880e-03,7.9475525950e-03,-3.090115e-03,-1.494665e-04,6.827521e-04
GP3,none,latest,33,7.0899382070e-01,3.0002373250e-03,7.2651885240e-03,7.0589325070e-01,2.8478338820e-03,7.9457553900e-03,-3.100570e-03,-1.524034e-04,6.805669e-04
GP3,none,latest,34,7.0899874600e-01,3.0014487080e-03,7.2656379450e-03,7.0588448620e-01,2.8497337820e-03,7.9444791020e-03,-3.114260e-03,-1.517149e-04,6.788412e-04
GP3,none,latest,35,7.0900352870e-01,3.0026118810e-03,7.2661398410e-03,7.0587257570e-01,2.8552576780e-03,7.9438524750e-03,-3.130953e-03,-1.473542e-04,6.777126e-04
GP3,none,latest,36,7.0900814060e-01,3.0037134920e-03,7.2666827500e-03,7.0585787430e-01,2.8639893090e-03,7.9438776590e-03,-3.150266e-03,-1.397242e-04,6.771949e-04
GP3,none,latest,37,7.0901256480e-01,3.0047424180e-03,7.2672564610e-03,7.0584083980e-01,2.8751279390e-03,7.9444720640e-03,-3.171725e-03,-1.296145e-04,6.772156e-04
GP3,none,latest,38,7.0901679550e-01,3.0056938420e-03,7.2678550440e-03,7.0582195480e-01,2.8877616320e-03,7.9455059460e-03,-3.194841e-03,-1.179322e-04,6.776509e-04
GP3,none,latest,39,7.0902083660e-01,3.0065712010e-03,7.2684781530e-03,7.0580163650e-01,2.9010972140e-03,7.9468235560e-03,-3.219200e-03,-1.054740e-04,6.783454e-04
GP3,none,latest,40,7.0902469850e-01,3.0073858680e-03,7.2691305220e-03,7.0578020000e-01,2.9145943480e-03,7.9482640480e-03,-3.244499e-03,-9.279152e-05,6.791335e-04
GP3,none,latest,41,7.0902839390e-01,3.0081550380e-03,7.2698198270e-03,7.0575788990e-01,2.9279376240e-03,7.9496835520e-03,-3.270504e-03,-8.021741e-05,6.798637e-04
GP3,none,latest,42,7.0903193720e-01,3.0088976190e-03,7.2705538050e-03,7.0573491380e-01,2.9410415220e-03,7.9509536990e-03,-3.297023e-03,-6.785610e-05,6.803999e-04
GP3,none,latest,43,7.0903534200e-01,3.0096327960e-03,7.2713379130e-03,7.0571145770e-01,2.9539494060e-03,7.9519650330e-03,-3.323884e-03,-5.568339e-05,6.806271e-04
GP3,none,latest,44,7.0903861900e-01,3.0103773840e-03,7.2721746780e-03,7.0568768320e-01,2.9667951490e-03,7.9526284830e-03,-3.350936e-03,-4.358223e-05,6.804538e-04
GP3,none,latest,45,7.0904177580e-01,3.0111412890e-03,7.2730636380e-03,7.0566376790e-01,2.9796586560e-03,7.9528581230e-03,-3.378008e-03,-3.148263e-05,6.797945e-04
GP3,none,latest,46,7.0904481730e-01,3.0119254140e-03,7.2740017470e-03,7.0563991990e-01,2.9926323340e-03,7.9525591370e-03,-3.404897e-03,-1.929308e-05,6.785574e-04
GP3,none,latest,47,7.0904774550e-01,3.0127328080e-03,7.2749841330e-03,7.0561643570e-01,3.0056036260e-03,7.9516512510e-03,-3.431310e-03,-7.129182e-06,6.766671e-04
GP3,none,latest,48,7.0905056190e-01,3.0135635930e-03,7.2760053340e-03,7.0559372000e-01,3.0182522580e-03,7.9500545430e-03,-3.456842e-03,4.688665e-06,6.740492e-04
GP3,none,latest,49,7.0905327030e-01,3.0144109190e-03,7.2770605390e-03,7.0557226710e-01,3.0301790000e-03,7.9477058510e-03,-3.481003e-03,1.576808e-05,6.706453e-04
GP3,none,latest,50,7.0905587630e-01,3.0152640590e-03,7.2781460740e-03,7.0555265870e-01,3.0409100010e-03,7.9445768840e-03,-3.503218e-03,2.564594e-05,6.664308e-04
GP3,none,latest,51,7.0905838740e-01,3.0161128170e-03,7.2792591880e-03,7.0553549520e-01,3.0499735860e-03,7.9406743200e-03,-3.522892e-03,3.386077e-05,6.614151e-04
GP3,none,latest,52,7.0906081150e-01,3.0169493380e-03,7.2803976380e-03,7.0552127550e-01,3.0569559170e-03,7.9360261340e-03,-3.539536e-03,4.000658e-05,6.556285e-04
GP3,none,older,2,7.0900224240e-01,3.0572187540e-03,7.2228417010e-03,7.1138927050e-01,1.2254466200e-03,6.6651191260e-03,2.387028e-03,-1.831772e-03,-5.577226e-04
GP3,none,older,3,7.0890963260e-01,2.9775012930e-03,7.2431265100e-03,7.1111060770e-01,1.2022559620e-03,6.7441919000e-03,2.200975e-03,-1.775245e-03,-4.989346e-04
GP3,none,older,4,7.0887367800e-01,2.9255660480e-03,7.2507185020e-03,7.1029024880e-01,1.7230357760e-03,6.9263241330e-03,1.416571e-03,-1.202530e-03,-3.243944e-04
GP3,none,older,5,7.0887371100e-01,2.9137362710e-03,7.2532041350e-03,7.0962693020e-01,2.2665810690e-03,7.0626411650e-03,7.532192e-04,-6.471552e-04,-1.905630e-04
GP3,none,older,6,7.0888417370e-01,2.9243727130e-03,7.2548047050e-03,7.0926675190e-01,2.6572299610e-03,7.1364042030e-03,3.825782e-04,-2.671428e-04,-1.184005e-04
GP3,none,older,7,7.0889062790e-01,2.9393406760e-03,7.2565288090e-03,7.0915098860e-01,2.8795492510e-03,7.1658745340e-03,2.603607e-04,-5.979142e-05,-9.065428e-05
GP3,none,older,8,7.0889081250e-01,2.9506844110e-03,7.2583326310e-03,7.0917898610e-01,2.9802319320e-03,7.1700205670e-03,2.881736e-04,2.954752e-05,-8.831206e-05
GP3,none,older,9,7.0888859600e-01,2.9576015890e-03,7.2598594080e-03,7.0927105810e-01,3.0131243450e-03,7.1609168850e-03,3.824621e-04,5.552276e-05,-9.894252e-05
GP3,none,older,10,7.0888827950e-01,2.9613664240e-03,7.2606991590e-03,7.0938089350e-01,3.0156428240e-03,7.1453095520e-03,4.926140e-04,5.427640e-05,-1.153896e-04
GP3,none,older,11,7.0889198070e-01,2.9630463280e-03,7.2606672050e-03,7.0948735710e-01,3.0067208800e-03,7.1270376450e-03,5.953764e-04,4.367455e-05,-1.336296e-04
GP3,none,older,12,7.0889949820e-01,2.9634030470e-03,7.2599221650e-03,7.0958309570e-01,2.9938247150e-03,7.1084462610e-03,6.835975e-04,3.042167e-05,-1.514759e-04
GP3,none,older,13,7.0890926680e-01,2.9632290260e-03,7.2588501520e-03,7.0966680270e-01,2.9802238280e-03,7.0910755490e-03,7.575359e-04,1.699480e-05,-1.677746e-04
GP3,none,older,14,7.0891939600e-01,2.9632892330e-03,7.2578485190e-03,7.0973945800e-01,2.9677022320e-03,7.0759179940e-03,8.200620e-04,4.412999e-06,-1.819305e-04
GP3,none,older,15,7.0892836650e-01,2.9640469480e-03,7.2571748180e-03,7.0980248020e-01,2.9571458720e-03,7.0633842390e-03,8.741137e-04,-6.901076e-06,-1.937906e-04
GP3,none,older,16,7.0893533350e-01,2.9655626690e-03,7.2569176540e-03,7.0985709220e-01,2.9486697700e-03,7.0534043950e-03,9.217587e-04,-1.689290e-05,-2.035133e-04
GP3,none,older,17,7.0894012530e-01,2.9676354770e-03,7.2570518770e-03,7.0990418610e-01,2.9422111590e-03,7.0457204350e-03,9.640608e-04,-2.542432e-05,-2.113314e-04
GP3,none,older,18,7.0894307210e-01,2.9700149230e-03,7.2575063720e-03,7.0994427200e-01,2.9380511560e-03,7.0399944200e-03,1.001200e-03,-3.196377e-05,-2.175120e-04
GP3,none,older,19,7.0894477180e-01,2.9725323050e-03,7.2582010140e-03,7.0997762300e-01,2.9368989080e-03,7.0358860830e-03,1.032851e-03,-3.563340e-05,-2.223149e-04
GP3,none,older,20,7.0894587500e-01,2.9751138630e-03,7.2590533730e-03,7.1000454070e-01,2.9396594670e-03,7.0331256610e-03,1.058666e-03,-3.545440e-05,-2.259277e-04
GP3,none,older,21,7.0894693500e-01,2.9777309430e-03,7.2599759380e-03,7.1002553780e-01,2.9467961020e-03,7.0315146070e-03,1.078603e-03,-3.093484e-05,-2.284613e-04
GP3,none,older,22,7.0894833780e-01,2.9803520120e-03,7.2608805570e-03,7.1004142730e-01,2.9577612850e-03,7.0309058570e-03,1.093089e-03,-2.259073e-05,-2.299747e-04
GP3,none,older,23,7.0895029770e-01,2.9829260970e-03,7.2616916750e-03,7.1005314010e-01,2.9713324470e-03,7.0311183510e-03,1.102842e-03,-1.159365e-05,-2.305733e-04
GP3,none,older,24,7.0895289470e-01,2.9853918100e-03,7.2623625780e-03,7.1006159660e-01,2.9859993480e-03,7.0319246820e-03,1.108702e-03,6.075380e-07,-2.304379e-04
GP3,none,older,25,7.0895611780e-01,2.9876940030e-03,7.2628815140e-03,7.1006767960e-01,3.0003584600e-03,7.0331169130e-03,1.111562e-03,1.266446e-05,-2.297646e-04
GP3,none,older,26,7.0895990080e-01,2.9897971410e-03,7.2632658940e-03,7.1007215200e-01,3.0133967890e-03,7.0345114410e-03,1.112251e-03,2.359965e-05,-2.287545e-04
GP3,none,older,27,7.0896414810e-01,2.9916917620e-03,7.2635506770e-03,7.1007567630e-01,3.0246319320e-03,7.0359866550e-03,1.111528e-03,3.294017e-05,-2.275640e-04
GP3,none,older,28,7.0896875290e-01,2.9933933300e-03,7.2637772400e-03,7.1007884530e-01,3.0340381230e-03,7.0375026270e-03,1.110092e-03,4.064479e-05,-2.262746e-04
GP3,none,older,29,7.0897360920e-01,2.9949349820e-03,7.2639856590e-03,7.1008219120e-01,3.0418322670e-03,7.0390710760e-03,1.108582e-03,4.689729e-05,-2.249146e-04
GP3,none,older,30,7.0897862100e-01,2.9963573850e-03,7.2642101230e-03,7.1008615020e-01,3.0482471660e-03,7.0407114010e-03,1.107529e-03,5.188978e-05,-2.234987e-04
GP3,none,older,31,7.0898370500e-01,2.9976987920e-03,7.2644763800e-03,7.1009100820e-01,3.0534254160e-03,7.0424202010e-03,1.107303e-03,5.572662e-05,-2.220562e-04
GP3,none,older,32,7.0898879100e-01,2.9989874080e-03,7.2648004620e-03,7.1009691000e-01,3.0574059450e-03,7.0441632450e-03,1.108119e-03,5.841854e-05,-2.206372e-04
GP3,none,older,33,7.0899382070e-01,3.0002373250e-03,7.2651885240e-03,7.1010388360e-01,3.0601582740e-03,7.0458863840e-03,1.110063e-03,5.992095e-05,-2.193021e-04
GP3,none,older,34,7.0899874600e-01,3.0014487080e-03,7.2656379450e-03,7.1011186530e-01,3.0616329850e-03,7.0475243460e-03,1.113119e-03,6.018428e-05,-2.181136e-04
GP3,none,older,35,7.0900352870e-01,3.0026118810e-03,7.2661398410e-03,7.1012072650e-01,3.0618258430e-03,7.0490164900e-03,1.117198e-03,5.921396e-05,-2.171234e-04
GP3,none,older,36,7.0900814060e-01,3.0037134920e-03,7.2666827500e-03,7.1013030330e-01,3.0608286170e-03,7.0503230340e-03,1.122163e-03,5.711512e-05,-2.163597e-04
GP3,none,older,37,7.0901256480e-01,3.0047424180e-03,7.2672564610e-03,7.1014041910e-01,3.0588380870e-03,7.0514342730e-03,1.127854e-03,5.409567e-05,-2.158222e-04
GP3,none,older,38,7.0901679550e-01,3.0056938420e-03,7.2678550440e-03,7.1015090690e-01,3.0561114040e-03,7.0523696880e-03,1.134111e-03,5.041756e-05,-2.154854e-04
GP3,none,older,39,7.0902083660e-01,3.0065712010e-03,7.2684781530e-03,7.1016163150e-01,3.0529011620e-03,7.0531700080e-03,1.140795e-03,4.632996e-05,-2.153081e-04
GP3,none,older,40,7.0902469850e-01,3.0073858680e-03,7.2691305220e-03,7.1017250750e-01,3.0494216960e-03,7.0538924350e-03,1.147809e-03,4.203583e-05,-2.152381e-04
GP3,none,older,41,7.0902839390e-01,3.0081550380e-03,7.2698198270e-03,7.1018347250e-01,3.0458188470e-03,7.0545902040e-03,1.155079e-03,3.766381e-05,-2.152296e-04
GP3,none,older,42,7.0903193720e-01,3.0088976190e-03,7.2705538050e-03,7.1019448400e-01,3.0421749390e-03,7.0553159680e-03,1.162547e-03,3.327732e-05,-2.152378e-04
GP3,none,older,43,7.0903534200e-01,3.0096327960e-03,7.2713379130e-03,7.1020551230e-01,3.0385210850e-03,7.0561201290e-03,1.170170e-03,2.888829e-05,-2.152178e-04
GP3,none,older,44,7.0903861900e-01,3.0103773840e-03,7.2721746780e-03,7.1021652290e-01,3.0348601580e-03,7.0570435820e-03,1.177904e-03,2.448277e-05,-2.151311e-04
GP3,none,older,45,7.0904177580e-01,3.0111412890e-03,7.2730636380e-03,7.1022746820e-01,3.0311870550e-03,7.0581193780e-03,1.185692e-03,2.004577e-05,-2.149443e-04
GP3,none,older,46,7.0904481730e-01,3.0119254140e-03,7.2740017470e-03,7.1023828500e-01,3.0275101720e-03,7.0593787550e-03,1.193468e-03,1.558476e-05,-2.146230e-04
GP3,none,older,47,7.0904774550e-01,3.0127328080e-03,7.2749841330e-03,7.1024888560e-01,3.0238712420e-03,7.0608527060e-03,1.201140e-03,1.113843e-05,-2.141314e-04
GP3,none,older,48,7.0905056190e-01,3.0135635930e-03,7.2760053340e-03,7.1025914980e-01,3.0203492790e-03,7.0625684940e-03,1.208588e-03,6.785686e-06,-2.134368e-04
GP3,none,older,49,7.0905327030e-01,3.0144109190e-03,7.2770605390e-03,7.1026893330e-01,3.0170482800e-03,7.0645468310e-03,1.215663e-03,2.637361e-06,-2.125137e-04
GP3,none,older,50,7.0905587630e-01,3.0152640590e-03,7.2781460740e-03,7.1027807860e-01,3.0140989130e-03,7.0668014230e-03,1.222202e-03,-1.165146e-06,-2.113447e-04
GP3,none,older,51,7.0905838740e-01,3.0161128170e-03,7.2792591880e-03,7.1028641530e-01,3.0116538190e-03,7.0693382930e-03,1.228028e-03,-4.458998e-06,-2.099209e-04
GP3,none,older,52,7.0906081150e-01,3.0169493380e-03,7.2803976380e-03,7.1029377630e-01,3.0098537630e-03,7.0721515530e-03,1.232965e-03,-7.095575e-06,-2.082461e-04
NN1G,Global,full,2,7.0900224240e-01,3.0572187540e-03,7.2228417010e-03,7.1479466900e-01,1.4303539480e-02,7.3578385240e-03,5.792427e-03,1.124632e-02,1.349968e-04
NN1G,Global,full,3,7.0890963260e-01,2.9775012930e-03,7.2431265100e-03,7.2825800230e-01,1.3914705210e-02,5.8520210590e-03,1.934837e-02,1.093720e-02,-1.391105e-03
NN1G,Global,full,4,7.0887367800e-01,2.9255660480e-03,7.2507185020e-03,7.3505744490e-01,1.1885544440e-02,5.3546973070e-03,2.618377e-02,8.959978e-03,-1.896021e-03
NN1G,Global,full,5,7.0887371100e-01,2.9137362710e-03,7.2532041350e-03,7.3588862470e-01,1.0406360610e-02,5.4723879280e-03,2.701491e-02,7.492624e-03,-1.780816e-03
NN1G,Global,full,6,7.0888417370e-01,2.9243727130e-03,7.2548047050e-03,7.3288426300e-01,9.5280548900e-03,5.8524536520e-03,2.400009e-02,6.603682e-03,-1.402351e-03
NN1G,Global,full,7,7.0889062790e-01,2.9393406760e-03,7.2565288090e-03,7.2806828280e-01,8.5317299490e-03,6.3245781830e-03,1.917765e-02,5.592389e-03,-9.319506e-04
NN1G,Global,full,8,7.0889081250e-01,2.9506844110e-03,7.2583326310e-03,7.2292747910e-01,7.0134396430e-03,6.8364099960e-03,1.403667e-02,4.062755e-03,-4.219226e-04
NN1G,Global,full,9,7.0888859600e-01,2.9576015890e-03,7.2598594080e-03,7.1836243350e-01,5.1580849390e-03,7.3412987760e-03,9.473837e-03,2.200483e-03,8.143937e-05
NN1G,Global,full,10,7.0888827950e-01,2.9613664240e-03,7.2606991590e-03,7.1477605440e-01,3.4889399160e-03,7.7549991420e-03,5.887775e-03,5.275735e-04,4.943000e-04
NN1G,Global,full,11,7.0889198070e-01,2.9630463280e-03,7.2606672050e-03,7.1222621110e-01,2.4708889900e-03,7.9952521030e-03,3.334230e-03,-4.921573e-04,7.345849e-04
NN1G,Global,full,12,7.0889949820e-01,2.9634030470e-03,7.2599221650e-03,7.1058320220e-01,2.2623890980e-03,8.0345738590e-03,1.683704e-03,-7.010139e-04,7.746517e-04
NN1G,Global,full,13,7.0890926680e-01,2.9632290260e-03,7.2588501520e-03,7.0964097300e-01,2.6895424210e-03,7.9130872970e-03,7.317062e-04,-2.736866e-04,6.542371e-04
NN1G,Global,full,14,7.0891939600e-01,2.9632892330e-03,7.2578485190e-03,7.0917785180e-01,3.3877585120e-03,7.7098717190e-03,2.584558e-04,4.244693e-04,4.520232e-04
NN1G,Global,full,15,7.0892836650e-01,2.9640469480e-03,7.2571748180e-03,7.0898979320e-01,3.9887663950e-03,7.5042891700e-03,6.142670e-05,1.024719e-03,2.471144e-04
NN1G,Global,full,16,7.0893533350e-01,2.9655626690e-03,7.2569176540e-03,7.0891233550e-01,4.2566114420e-03,7.3513341170e-03,-2.299800e-05,1.291049e-03,9.441646e-05
NN1G,Global,full,17,7.0894012530e-01,2.9676354770e-03,7.2570518770e-03,7.0883444930e-01,4.1338347450e-03,7.2756348400e-03,-1.056760e-04,1.166199e-03,1.858296e-05
NN1G,Global,full,18,7.0894307210e-01,2.9700149230e-03,7.2575063720e-03,7.0870220300e-01,3.7079524880e-03,7.2779390130e-03,-2.408691e-04,7.379376e-04,2.043264e-05
NN1G,Global,full,19,7.0894477180e-01,2.9725323050e-03,7.2582010140e-03,7.0850969210e-01,3.1367711990e-03,7.3444504910e-03,-4.350797e-04,1.642389e-04,8.624948e-05
NN1G,Global,full,20,7.0894587500e-01,2.9751138630e-03,7.2590533730e-03,7.0828098050e-01,2.5761079020e-03,7.4538624830e-03,-6.648945e-04,-3.990060e-04,1.948091e-04
NN1G,Global,full,21,7.0894693500e-01,2.9777309430e-03,7.2599759380e-03,7.0805020870e-01,2.1355882170e-03,7.5822551000e-03,-8.967263e-04,-8.421427e-04,3.222792e-04
NN1G,Global,full,22,7.0894833780e-01,2.9803520120e-03,7.2608805570e-03,7.0784722830e-01,1.8666267160e-03,7.7070127690e-03,-1.101109e-03,-1.113725e-03,4.461322e-04
NN1G,Global,full,23,7.0895029770e-01,2.9829260970e-03,7.2616916750e-03,7.0769013620e-01,1.7726731810e-03,7.8109678080e-03,-1.260161e-03,-1.210253e-03,5.492761e-04
NN1G,Global,full,24,7.0895289470e-01,2.9853918100e-03,7.2623625780e-03,7.0758539660e-01,1.8296991690e-03,7.8855359500e-03,-1.367498e-03,-1.155693e-03,6.231734e-04
NN1G,Global,full,25,7.0895611780e-01,2.9876940030e-03,7.2628815140e-03,7.0753232080e-01,2.0052826570e-03,7.9314766980e-03,-1.423797e-03,-9.824113e-04,6.685952e-04
NN1G,Global,full,26,7.0895990080e-01,2.9897971410e-03,7.2632658940e-03,7.0752809870e-01,2.2693936290e-03,7.9568658920e-03,-1.431802e-03,-7.204035e-04,6.936000e-04
NN1G,Global,full,27,7.0896414810e-01,2.9916917620e-03,7.2635506770e-03,7.0757064590e-01,2.5979028440e-03,7.9730537540e-03,-1.393502e-03,-3.937889e-04,7.095031e-04
NN1G,Global,full,28,7.0896875290e-01,2.9933933300e-03,7.2637772400e-03,7.0765891530e-01,2.9717550030e-03,7.9902063000e-03,-1.309838e-03,-2.163833e-05,7.264291e-04
NN1G,Global,full,29,7.0897360920e-01,2.9949349820e-03,7.2639856590e-03,7.0779211520e-01,3.3738042620e-03,8.0139094680e-03,-1.181494e-03,3.788693e-04,7.499238e-04
NN1G,Global,full,30,7.0897862100e-01,2.9963573850e-03,7.2642101230e-03,7.0796833490e-01,3.7864229230e-03,8.0438985540e-03,-1.010286e-03,7.900655e-04,7.796884e-04
NN1G,Global,full,31,7.0898370500e-01,2.9976987920e-03,7.2644763800e-03,7.0818379650e-01,4.1902312050e-03,8.0748718700e-03,-7.999085e-04,1.192532e-03,8.103955e-04
NN1G,Global,full,32,7.0898879100e-01,2.9989874080e-03,7.2648004620e-03,7.0843281880e-01,4.5640283040e-03,8.0987022050e-03,-5.559722e-04,1.565041e-03,8.339017e-04
NN1G,Global,full,33,7.0899382070e-01,3.0002373250e-03,7.2651885240e-03,7.0870817900e-01,4.8857890890e-03,8.1070913540e-03,-2.856417e-04,1.885552e-03,8.419028e-04
NN1G,Global,full,34,7.0899874600e-01,3.0014487080e-03,7.2656379450e-03,7.0900196440e-01,5.1342530550e-03,8.0936638670e-03,3.218400e-06,2.132804e-03,8.280259e-04
NN1G,Global,full,35,7.0900352870e-01,3.0026118810e-03,7.2661398410e-03,7.0930603110e-01,5.2912754580e-03,8.0551729980e-03,3.025024e-04,2.288664e-03,7.890332e-04
NN1G,Global,full,36,7.0900814060e-01,3.0037134920e-03,7.2666827500e-03,7.0961215540e-01,5.3445095890e-03,7.9916360230e-03,6.040148e-04,2.340796e-03,7.249533e-04
NN1G,Global,full,37,7.0901256480e-01,3.0047424180e-03,7.2672564610e-03,7.0991207780e-01,5.2898644190e-03,7.9056368450e-03,8.995130e-04,2.285122e-03,6.383804e-04
NN1G,Global,full,38,7.0901679550e-01,3.0056938420e-03,7.2678550440e-03,7.1019734520e-01,5.1329136840e-03,7.8012658490e-03,1.180550e-03,2.127220e-03,5.334108e-04
NN1G,Global,full,39,7.0902083660e-01,3.0065712010e-03,7.2684781530e-03,7.1045922310e-01,4.8886254130e-03,7.6830761700e-03,1.438386e-03,1.882054e-03,4.145980e-04
NN1G,Global,full,40,7.0902469850e-01,3.0073858680e-03,7.2691305220e-03,7.1068882630e-01,4.5794068570e-03,7.5553377630e-03,1.664128e-03,1.572021e-03,2.862072e-04
NN1G,Global,full,41,7.0902839390e-01,3.0081550380e-03,7.2698198270e-03,7.1087741850e-01,4.2319352010e-03,7.4217124010e-03,1.849025e-03,1.223780e-03,1.518926e-04
NN1G,Global,full,42,7.0903193720e-01,3.0088976190e-03,7.2705538050e-03,7.1101684270e-01,3.8732680500e-03,7.2852875430e-03,1.984905e-03,8.643704e-04,1.473374e-05
NN1G,Global,full,43,7.0903534200e-01,3.0096327960e-03,7.2713379130e-03,7.1110009590e-01,3.5270770620e-03,7.1487912830e-03,2.064754e-03,5.174443e-04,-1.225466e-04
NN1G,Global,full,44,7.0903861900e-01,3.0103773840e-03,7.2721746780e-03,7.1112177430e-01,3.2107983000e-03,7.0148538070e-03,2.083155e-03,2.004209e-04,-2.573209e-04
NN1G,Global,full,45,7.0904177580e-01,3.0111412890e-03,7.2730636380e-03,7.1107835880e-01,2.9341024530e-03,6.8861605560e-03,2.036583e-03,-7.703884e-05,-3.869031e-04
NN1G,Global,full,46,7.0904481730e-01,3.0119254140e-03,7.2740017470e-03,7.1096817720e-01,2.6990619040e-03,6.7655336850e-03,1.923360e-03,-3.128635e-04,-5.084681e-04
NN1G,Global,full,47,7.0904774550e-01,3.0127328080e-03,7.2749841330e-03,7.1079116740e-01,2.5016047640e-03,6.6558764590e-03,1.743422e-03,-5.111280e-04,-6.191077e-04
NN1G,Global,full,48,7.0905056190e-01,3.0135635930e-03,7.2760053340e-03,7.1054854610e-01,2.3337744740e-03,6.5600265070e-03,1.497984e-03,-6.797891e-04,-7.159788e-04
NN1G,Global,full,49,7.0905327030e-01,3.0144109190e-03,7.2770605390e-03,7.1024245110e-01,2.1863629400e-03,6.4805737400e-03,1.189181e-03,-8.280480e-04,-7.964868e-04
NN1G,Global,full,50,7.0905587630e-01,3.0152640590e-03,7.2781460740e-03,7.0987560380e-01,2.0512310520e-03,6.4196847310e-03,8.197275e-04,-9.640330e-04,-8.584613e-04
NN1G,Global,full,51,7.0905838740e-01,3.0161128170e-03,7.2792591880e-03,7.0945111910e-01,1.9229822480e-03,6.3789405690e-03,3.927317e-04,-1.093131e-03,-9.003186e-04
NN1G,Global,full,52,7.0906081150e-01,3.0169493380e-03,7.2803976380e-03,7.0897237800e-01,1.7998067810e-03,6.3592230030e-03,-8.843350e-05,-1.217143e-03,-9.211746e-04
NN1G,Global,latest,2,7.0900224240e-01,3.0572187540e-03,7.2228417010e-03,7.1672283660e-01,1.8075403540e-02,7.4025632560e-03,7.720594e-03,1.501818e-02,1.797216e-04
NN1G,Global,latest,3,7.0890963260e-01,2.9775012930e-03,7.2431265100e-03,7.3536057910e-01,1.8850206290e-02,5.4095233110e-03,2.645095e-02,1.587270e-02,-1.833603e-03
NN1G,Global,latest,4,7.0887367800e-01,2.9255660480e-03,7.2507185020e-03,7.4617461920e-01,1.6535909400e-02,4.5834859980e-03,3.730094e-02,1.361034e-02,-2.667233e-03
NN1G,Global,latest,5,7.0887371100e-01,2.9137362710e-03,7.2532041350e-03,7.4862808610e-01,1.4442136470e-02,4.6316668430e-03,3.975438e-02,1.152840e-02,-2.621537e-03
NN1G,Global,latest,6,7.0888417370e-01,2.9243727130e-03,7.2548047050e-03,7.4516338180e-01,1.3046113600e-02,5.1119477660e-03,3.627921e-02,1.012174e-02,-2.142857e-03
NN1G,Global,latest,7,7.0889062790e-01,2.9393406760e-03,7.2565288090e-03,7.3859186240e-01,1.1553882780e-02,5.7698627980e-03,2.970123e-02,8.614542e-03,-1.486666e-03
NN1G,Global,latest,8,7.0889081250e-01,2.9506844110e-03,7.2583326310e-03,7.3116032080e-01,9.3934333180e-03,6.5103028190e-03,2.226951e-02,6.442749e-03,-7.480298e-04
NN1G,Global,latest,9,7.0888859600e-01,2.9576015890e-03,7.2598594080e-03,7.2431853480e-01,6.7291872580e-03,7.2570567400e-03,1.542994e-02,3.771586e-03,-2.802668e-06
NN1G,Global,latest,10,7.0888827950e-01,2.9613664240e-03,7.2606991590e-03,7.1878045160e-01,4.2375939980e-03,7.8868764170e-03,9.892172e-03,1.276228e-03,6.261773e-04
NN1G,Global,latest,11,7.0889198070e-01,2.9630463280e-03,7.2606672050e-03,7.1472734070e-01,2.5928169580e-03,8.2781518250e-03,5.835360e-03,-3.702294e-04,1.017485e-03
NN1G,Global,latest,12,7.0889949820e-01,2.9634030470e-03,7.2599221650e-03,7.1203165090e-01,2.0864366800e-03,8.3819525630e-03,3.132153e-03,-8.769664e-04,1.122030e-03
NN1G,Global,latest,13,7.0890926680e-01,2.9632290260e-03,7.2588501520e-03,7.1042106490e-01,2.5432199760e-03,8.2429945600e-03,1.511798e-03,-4.200090e-04,9.841444e-04
NN1G,Global,latest,14,7.0891939600e-01,2.9632892330e-03,7.2578485190e-03,7.0957824950e-01,3.4787758690e-03,7.9681376650e-03,6.588535e-04,5.154866e-04,7.102891e-04
NN1G,Global,latest,15,7.0892836650e-01,2.9640469480e-03,7.2571748180e-03,7.0920005500e-01,4.3595235220e-03,7.6719564760e-03,2.716885e-04,1.395477e-03,4.147817e-04
NN1G,Global,latest,16,7.0893533350e-01,2.9655626690e-03,7.2569176540e-03,7.0903336600e-01,4.8133715170e-03,7.4386872120e-03,9.803250e-05,1.847809e-03,1.817696e-04
NN1G,Global,latest,17,7.0894012530e-01,2.9676354770e-03,7.2570518770e-03,7.0890012000e-01,4.7161619020e-03,7.3108443810e-03,-4.000530e-05,1.748526e-03,5.379250e-05
NN1G,Global,latest,18,7.0894307210e-01,2.9700149230e-03,7.2575063720e-03,7.0870559800e-01,4.1605866740e-03,7.2958835190e-03,-2.374741e-04,1.190572e-03,3.837715e-05
NN1G,Global,latest,19,7.0894477180e-01,2.9725323050e-03,7.2582010140e-03,7.0842848950e-01,3.3575108180e-03,7.3781028800e-03,-5.162823e-04,3.849785e-04,1.199019e-04
NN1G,Global,latest,20,7.0894587500e-01,2.9751138630e-03,7.2590533730e-03,7.0809586600e-01,2.5322444730e-03,7.5287910740e-03,-8.500090e-04,-4.428694e-04,2.697377e-04
NN1G,Global,latest,21,7.0894693500e-01,2.9777309430e-03,7.2599759380e-03,7.0775408750e-01,1.8543663180e-03,7.7134191680e-03,-1.192847e-03,-1.123365e-03,4.534432e-04
NN1G,Global,latest,22,7.0894833780e-01,2.9803520120e-03,7.2608805570e-03,7.0744651720e-01,1.4127976210e-03,7.8982854910e-03,-1.501821e-03,-1.567554e-03,6.374049e-04
NN1G,Global,latest,23,7.0895029770e-01,2.9829260970e-03,7.2616916750e-03,7.0720196350e-01,1.2255752620e-03,8.0567122210e-03,-1.748334e-03,-1.757351e-03,7.950205e-04
NN1G,Global,latest,24,7.0895289470e-01,2.9853918100e-03,7.2623625780e-03,7.0703301730e-01,1.2664148010e-03,8.1739757200e-03,-1.919877e-03,-1.718977e-03,9.116131e-04
NN1G,Global,latest,25,7.0895611780e-01,2.9876940030e-03,7.2628815140e-03,7.0694110070e-01,1.4913594810e-03,8.2490280250e-03,-2.015017e-03,-1.496335e-03,9.861465e-04
NN1G,Global,latest,26,7.0895990080e-01,2.9897971410e-03,7.2632658940e-03,7.0692282690e-01,1.8570927230e-03,8.2921371120e-03,-2.037074e-03,-1.132704e-03,1.028871e-03
NN1G,Global,latest,27,7.0896414810e-01,2.9916917620e-03,7.2635506770e-03,7.0697425310e-01,2.3272201150e-03,8.3190835620e-03,-1.989895e-03,-6.644716e-04,1.055533e-03
NN1G,Global,latest,28,7.0896875290e-01,2.9933933300e-03,7.2637772400e-03,7.0709322850e-01,2.8716565930e-03,8.3451654870e-03,-1.875524e-03,-1.217367e-04,1.081388e-03
NN1G,Global,latest,29,7.0897360920e-01,2.9949349820e-03,7.2639856590e-03,7.0727849580e-01,3.4637088800e-03,8.3796799830e-03,-1.695113e-03,4.687739e-04,1.115694e-03
NN1G,Global,latest,30,7.0897862100e-01,2.9963573850e-03,7.2642101230e-03,7.0752725800e-01,4.0769231880e-03,8.4235545480e-03,-1.451363e-03,1.080566e-03,1.159344e-03
NN1G,Global,latest,31,7.0898370500e-01,2.9976987920e-03,7.2644763800e-03,7.0783410940e-01,4.6823934140e-03,8.4700647210e-03,-1.149596e-03,1.684695e-03,1.205588e-03
NN1G,Global,latest,32,7.0898879100e-01,2.9989874080e-03,7.2648004620e-03,7.0819155840e-01,5.2485903810e-03,8.5077877260e-03,-7.972326e-04,2.249603e-03,1.242987e-03
NN1G,Global,latest,33,7.0899382070e-01,3.0002373250e-03,7.2651885240e-03,7.0858983050e-01,5.7426017820e-03,8.5244106660e-03,-4.039902e-04,2.742364e-03,1.259222e-03
NN1G,Global,latest,34,7.0899874600e-01,3.0014487080e-03,7.2656379450e-03,7.0901772560e-01,6.1325663200e-03,8.5099659970e-03,1.897960e-05,3.131118e-03,1.244328e-03
NN1G,Global,latest,35,7.0900352870e-01,3.0026118810e-03,7.2661398410e-03,7.0946339880e-01,6.3906285070e-03,8.4589133730e-03,4.598701e-04,3.388017e-03,1.192774e-03
NN1G,Global,latest,36,7.0900814060e-01,3.0037134920e-03,7.2666827500e-03,7.0991493080e-01,6.4967341200e-03,8.3704197470e-03,9.067902e-04,3.493021e-03,1.103737e-03
NN1G,Global,latest,37,7.0901256480e-01,3.0047424180e-03,7.2672564610e-03,7.1035986840e-01,6.4427043240e-03,8.2476620460e-03,1.347304e-03,3.437962e-03,9.804056e-04
NN1G,Global,latest,38,7.0901679550e-01,3.0056938420e-03,7.2678550440e-03,7.1078532220e-01,6.2344800340e-03,8.0963166660e-03,1.768527e-03,3.228786e-03,8.284616e-04
NN1G,Global,latest,39,7.0902083660e-01,3.0065712010e-03,7.2684781530e-03,7.1117804320e-01,5.8920408780e-03,7.9230074820e-03,2.157207e-03,2.885470e-03,6.545293e-04
NN1G,Global,latest,40,7.0902469850e-01,3.0073858680e-03,7.2691305220e-03,7.1152453640e-01,5.4469937580e-03,7.7341661910e-03,2.499838e-03,2.439608e-03,4.650357e-04
NN1G,Global,latest,41,7.0902839390e-01,3.0081550380e-03,7.2698198270e-03,7.1181165940e-01,4.9379438500e-03,7.5354121560e-03,2.783265e-03,1.929789e-03,2.655923e-04
NN1G,Global,latest,42,7.0903193720e-01,3.0088976190e-03,7.2705538050e-03,7.1202705800e-01,4.4050237970e-03,7.3315463030e-03,2.995121e-03,1.396126e-03,6.099250e-05
NN1G,Global,latest,43,7.0903534200e-01,3.0096327960e-03,7.2713379130e-03,7.1216000740e-01,3.8843089300e-03,7.1268069080e-03,3.124665e-03,8.746761e-04,-1.445310e-04
NN1G,Global,latest,44,7.0903861900e-01,3.0103773840e-03,7.2721746780e-03,7.1220221890e-01,3.4032290670e-03,6.9251957760e-03,3.163600e-03,3.928517e-04,-3.469789e-04
NN1G,Global,latest,45,7.0904177580e-01,3.0111412890e-03,7.2730636380e-03,7.1214817710e-01,2.9781172880e-03,6.7307525410e-03,3.106401e-03,-3.302400e-05,-5.423111e-04
NN1G,Global,latest,46,7.0904481730e-01,3.0119254140e-03,7.2740017470e-03,7.1199500940e-01,2.6140498110e-03,6.5476942490e-03,2.950192e-03,-3.978756e-04,-7.263075e-04
NN1G,Global,latest,47,7.0904774550e-01,3.0127328080e-03,7.2749841330e-03,7.1174225040e-01,2.3066267810e-03,6.3803357570e-03,2.694505e-03,-7.061060e-04,-8.946484e-04
NN1G,Global,latest,48,7.0905056190e-01,3.0135635930e-03,7.2760053340e-03,7.1139139350e-01,2.0452312270e-03,6.2329325290e-03,2.340832e-03,-9.683324e-04,-1.043073e-03
NN1G,Global,latest,49,7.0905327030e-01,3.0144109190e-03,7.2770605390e-03,7.1094536460e-01,1.8167568210e-03,6.1094043490e-03,1.892094e-03,-1.197654e-03,-1.167656e-03
NN1G,Global,latest,50,7.0905587630e-01,3.0152640590e-03,7.2781460740e-03,7.1040808900e-01,1.6090971720e-03,6.0130642760e-03,1.352213e-03,-1.406167e-03,-1.265082e-03
NN1G,Global,latest,51,7.0905838740e-01,3.0161128170e-03,7.2792591880e-03,7.0978408700e-01,1.4137083540e-03,5.9463967620e-03,7.256996e-04,-1.602404e-03,-1.332862e-03
NN1G,Global,latest,52,7.0906081150e-01,3.0169493380e-03,7.2803976380e-03,7.0907831080e-01,1.2270204290e-03,5.9108787850e-03,1.749930e-05,-1.789929e-03,-1.369519e-03
NN1G,Global,older,2,7.0900224240e-01,3.0572187540e-03,7.2228417010e-03,7.0716058310e-01,-5.7209518990e-04,7.1705908170e-03,-1.841659e-03,-3.629314e-03,-5.225088e-05
NN1G,Global,older,3,7.0890963260e-01,2.9775012930e-03,7.2431265100e-03,7.0199606480e-01,-1.7461423440e-03,7.6881477670e-03,-6.913568e-03,-4.723644e-03,4.450213e-04
NN1G,Global,older,4,7.0887367800e-01,2.9255660480e-03,7.2507185020e-03,6.9799898160e-01,-1.5513081500e-03,8.0255544460e-03,-1.087470e-02,-4.476874e-03,7.748359e-04
NN1G,Global,older,5,7.0887371100e-01,2.9137362710e-03,7.2532041350e-03,6.9638625730e-01,-1.0426288330e-03,8.0944259360e-03,-1.248745e-02,-3.956365e-03,8.412218e-04
NN1G,Global,older,6,7.0888417370e-01,2.9243727130e-03,7.2548047050e-03,6.9685441180e-01,-5.9137001580e-04,7.9917233080e-03,-1.202976e-02,-3.515743e-03,7.369186e-04
NN1G,Global,older,7,7.0889062790e-01,2.9393406760e-03,7.2565288090e-03,6.9862362460e-01,-9.2749607150e-05,7.8031981950e-03,-1.026700e-02,-3.032090e-03,5.466694e-04
NN1G,Global,older,8,7.0889081250e-01,2.9506844110e-03,7.2583326310e-03,7.0093491740e-01,6.1059398720e-04,7.5712604560e-03,-7.955895e-03,-2.340090e-03,3.129278e-04
NN1G,Global,older,9,7.0888859600e-01,2.9576015890e-03,7.2598594080e-03,7.0323256750e-01,1.4936264950e-03,7.3252186500e-03,-5.656029e-03,-1.463975e-03,6.535924e-05
NN1G,Global,older,10,7.0888827950e-01,2.9613664240e-03,7.2606991590e-03,7.0519634050e-01,2.3627248940e-03,7.1036111740e-03,-3.691939e-03,-5.986415e-04,-1.570880e-04
NN1G,Global,older,11,7.0889198070e-01,2.9630463280e-03,7.2606672050e-03,7.0670069800e-01,2.9956281080e-03,6.9479580890e-03,-2.191283e-03,3.258178e-05,-3.127091e-04
NN1G,Global,older,12,7.0889949820e-01,2.9634030470e-03,7.2599221650e-03,7.0774804580e-01,3.2709082080e-03,6.8824874010e-03,-1.151452e-03,3.075052e-04,-3.774348e-04
NN1G,Global,older,13,7.0890926680e-01,2.9632290260e-03,7.2588501520e-03,7.0840876060e-01,3.2135933420e-03,6.9025531800e-03,-5.005062e-04,2.503643e-04,-3.562970e-04
NN1G,Global,older,14,7.0891939600e-01,2.9632892330e-03,7.2578485190e-03,7.0878014450e-01,2.9581922390e-03,6.9798227510e-03,-1.392515e-04,-5.096994e-06,-2.780258e-04
NN1G,Global,older,15,7.0892836650e-01,2.9640469480e-03,7.2571748180e-03,7.0896243830e-01,2.6726769580e-03,7.0775260680e-03,3.407180e-05,-2.913700e-04,-1.796487e-04
NN1G,Global,older,16,7.0893533350e-01,2.9655626690e-03,7.2569176540e-03,7.0904419270e-01,2.4889692090e-03,7.1642866550e-03,1.088592e-04,-4.765935e-04,-9.263100e-05
NN1G,Global,older,17,7.0894012530e-01,2.9676354770e-03,7.2570518770e-03,7.0909297010e-01,2.4673073520e-03,7.2209818890e-03,1.528448e-04,-5.003281e-04,-3.606999e-05
NN1G,Global,older,18,7.0894307210e-01,2.9700149230e-03,7.2575063720e-03,7.0915051870e-01,2.5976485300e-03,7.2408674650e-03,2.074466e-04,-3.723664e-04,-1.663891e-05
NN1G,Global,older,19,7.0894477180e-01,2.9725323050e-03,7.2582010140e-03,7.0923351660e-01,2.8247732380e-03,7.2264624570e-03,2.887448e-04,-1.477591e-04,-3.173856e-05
NN1G,Global,older,20,7.0894587500e-01,2.9751138630e-03,7.2590533730e-03,7.0933949020e-01,3.0799993870e-03,7.1859759000e-03,3.936152e-04,1.048855e-04,-7.307747e-05
NN1G,Global,older,21,7.0894693500e-01,2.9777309430e-03,7.2599759380e-03,7.0945536780e-01,3.3057920530e-03,7.1303526680e-03,5.084328e-04,3.280611e-04,-1.296233e-04
NN1G,Global,older,22,7.0894833780e-01,2.9803520120e-03,7.2608805570e-03,7.0956593360e-01,3.4675399170e-03,7.0708768380e-03,6.175958e-04,4.871879e-04,-1.900037e-04
NN1G,Global,older,23,7.0895029770e-01,2.9829260970e-03,7.2616916750e-03,7.0965925370e-01,3.5533055700e-03,7.0169983320e-03,7.089560e-04,5.703795e-04,-2.446933e-04
NN1G,Global,older,24,7.0895289470e-01,2.9853918100e-03,7.2623625780e-03,7.0972862830e-01,3.5665440080e-03,6.9747050900e-03,7.757336e-04,5.811522e-04,-2.876575e-04
NN1G,Global,older,25,7.0895611780e-01,2.9876940030e-03,7.2628815140e-03,7.0977189100e-01,3.5180258240e-03,6.9457581010e-03,8.157732e-04,5.303318e-04,-3.171234e-04
NN1G,Global,older,26,7.0895990080e-01,2.9897971410e-03,7.2632658940e-03,7.0978950830e-01,3.4199412610e-03,6.9280953410e-03,8.296075e-04,4.301441e-04,-3.351706e-04
NN1G,Global,older,27,7.0896414810e-01,2.9916917620e-03,7.2635506770e-03,7.0978285110e-01,3.2831350080e-03,6.9172991810e-03,8.187030e-04,2.914432e-04,-3.462515e-04
NN1G,Global,older,28,7.0896875290e-01,2.9933933300e-03,7.2637772400e-03,7.0975324170e-01,3.1168722990e-03,6.9085467720e-03,7.844888e-04,1.234790e-04,-3.552305e-04
NN1G,Global,older,29,7.0897360920e-01,2.9949349820e-03,7.2639856590e-03,7.0970171450e-01,2.9298010040e-03,6.8983454060e-03,7.281053e-04,-6.513398e-05,-3.656403e-04
NN1G,Global,older,30,7.0897862100e-01,2.9963573850e-03,7.2642101230e-03,7.0962932850e-01,2.7309981330e-03,6.8856079130e-03,6.507075e-04,-2.653593e-04,-3.786022e-04
NN1G,Global,older,31,7.0898370500e-01,2.9976987920e-03,7.2644763800e-03,7.0953751070e-01,2.5305755990e-03,6.8717500460e-03,5.538057e-04,-4.671232e-04,-3.927263e-04
NN1G,Global,older,32,7.0898879100e-01,2.9989874080e-03,7.2648004620e-03,7.0942843030e-01,2.3395991530e-03,6.8599549740e-03,4.396393e-04,-6.593883e-04,-4.048455e-04
NN1G,Global,older,33,7.0899382070e-01,3.0002373250e-03,7.2651885240e-03,7.0930499440e-01,2.1695351740e-03,6.8540456620e-03,3.111737e-04,-8.307022e-04,-4.111429e-04
NN1G,Global,older,34,7.0899874600e-01,3.0014487080e-03,7.2656379450e-03,7.0917069040e-01,2.0313751360e-03,6.8573840070e-03,1.719444e-04,-9.700736e-04,-4.082539e-04
NN1G,Global,older,35,7.0900352870e-01,3.0026118810e-03,7.2661398410e-03,7.0902924900e-01,1.9346893020e-03,6.8721472370e-03,2.572030e-05,-1.067923e-03,-3.939926e-04
NN1G,Global,older,36,7.0900814060e-01,3.0037134920e-03,7.2666827500e-03,7.0888448190e-01,1.8864780580e-03,6.8990486750e-03,-1.236587e-04,-1.117235e-03,-3.676341e-04
NN1G,Global,older,37,7.0901256480e-01,3.0047424180e-03,7.2672564610e-03,7.0874028570e-01,1.8901247810e-03,6.9374617960e-03,-2.722791e-04,-1.114618e-03,-3.297947e-04
NN1G,Global,older,38,7.0901679550e-01,3.0056938420e-03,7.2678550440e-03,7.0860067720e-01,1.9447198830e-03,6.9858208150e-03,-4.161183e-04,-1.060974e-03,-2.820342e-04
NN1G,Global,older,39,7.0902083660e-01,3.0065712010e-03,7.2684781530e-03,7.0846987480e-01,2.0449032440e-03,7.0420947990e-03,-5.509618e-04,-9.616680e-04,-2.263834e-04
NN1G,Global,older,40,7.0902469850e-01,3.0073858680e-03,7.2691305220e-03,7.0835229160e-01,2.1814416200e-03,7.1041894030e-03,-6.724069e-04,-8.259442e-04,-1.649411e-04
NN1G,Global,older,41,7.0902839390e-01,3.0081550380e-03,7.2698198270e-03,7.0825237830e-01,2.3425121270e-03,7.1701939490e-03,-7.760156e-04,-6.656429e-04,-9.962588e-05
NN1G,Global,older,42,7.0903193720e-01,3.0088976190e-03,7.2705538050e-03,7.0817443540e-01,2.5153716510e-03,7.2384677340e-03,-8.575018e-04,-4.935260e-04,-3.208607e-05
NN1G,Global,older,43,7.0903534200e-01,3.0096327960e-03,7.2713379130e-03,7.0812231500e-01,2.6880705930e-03,7.3075797070e-03,-9.130270e-04,-3.215622e-04,3.624179e-05
NN1G,Global,older,44,7.0903861900e-01,3.0103773840e-03,7.2721746780e-03,7.0809920430e-01,2.8509561310e-03,7.3761858050e-03,-9.394147e-04,-1.594213e-04,1.040111e-04
NN1G,Global,older,45,7.0904177580e-01,3.0111412890e-03,7.2730636380e-03,7.0810743860e-01,2.9976265350e-03,7.4429299650e-03,-9.343372e-04,-1.351475e-05,1.698663e-04
NN1G,Global,older,46,7.0904481730e-01,3.0119254140e-03,7.2740017470e-03,7.0814844830e-01,3.1252140060e-03,7.5063966070e-03,-8.963690e-04,1.132886e-04,2.323949e-04
NN1G,Global,older,47,7.0904774550e-01,3.0127328080e-03,7.2749841330e-03,7.0822279180e-01,3.2340400860e-03,7.5651254100e-03,-8.249537e-04,2.213073e-04,2.901413e-04
NN1G,Global,older,48,7.0905056190e-01,3.0135635930e-03,7.2760053340e-03,7.0833028420e-01,3.3267770570e-03,7.6176683790e-03,-7.202777e-04,3.132135e-04,3.416630e-04
NN1G,Global,older,49,7.0905327030e-01,3.0144109190e-03,7.2770605390e-03,7.0847015750e-01,3.4073298390e-03,7.6626691130e-03,-5.831128e-04,3.929189e-04,3.856086e-04
NN1G,Global,older,50,7.0905587630e-01,3.0152640590e-03,7.2781460740e-03,7.0864122140e-01,3.4796681650e-03,7.6989525630e-03,-4.146549e-04,4.644041e-04,4.208065e-04
NN1G,Global,older,51,7.0905838740e-01,3.0161128170e-03,7.2792591880e-03,7.0884200480e-01,3.5469065030e-03,7.7256065130e-03,-2.163826e-04,5.307937e-04,4.463473e-04
NN1G,Global,older,52,7.0906081150e-01,3.0169493380e-03,7.2803976380e-03,7.0907083630e-01,3.6107003790e-03,7.7420451930e-03,1.002480e-05,5.937510e-04,4.616476e-04
NN2G,Global,full,2,7.0900224240e-01,3.0572187540e-03,7.2228417010e-03,7.0211873660e-01,8.1632248240e-03,9.1027757890e-03,-6.883506e-03,5.106006e-03,1.879934e-03
NN2G,Global,full,3,7.0890963260e-01,2.9775012930e-03,7.2431265100e-03,7.0510272440e-01,5.8223128910e-03,8.4249878620e-03,-3.806908e-03,2.844812e-03,1.181861e-03
NN2G,Global,full,4,7.0887367800e-01,2.9255660480e-03,7.2507185020e-03,7.0718871030e-01,4.0154369260e-03,7.8599798930e-03,-1.684968e-03,1.089871e-03,6.092614e-04
NN2G,Global,full,5,7.0887371100e-01,2.9137362710e-03,7.2532041350e-03,7.0830051330e-01,2.9500098370e-03,7.5400742090e-03,-5.731977e-04,3.627357e-05,2.868701e-04
NN2G,Global,full,6,7.0888417370e-01,2.9243727130e-03,7.2548047050e-03,7.0868487820e-01,2.4775972840e-03,7.4355451170e-03,-1.992955e-04,-4.467754e-04,1.807404e-04
NN2G,Global,full,7,7.0889062790e-01,2.9393406760e-03,7.2565288090e-03,7.0863082880e-01,2.3585287660e-03,7.4490350620e-03,-2.597991e-04,-5.808119e-04,1.925063e-04
NN2G,Global,full,8,7.0889081250e-01,2.9506844110e-03,7.2583326310e-03,7.0837300970e-01,2.4003430230e-03,7.4996674640e-03,-5.178028e-04,-5.503414e-04,2.413348e-04
NN2G,Global,full,9,7.0888859600e-01,2.9576015890e-03,7.2598594080e-03,7.0807095790e-01,2.4843936350e-03,7.5493404250e-03,-8.176381e-04,-4.732080e-04,2.894810e-04
NN2G,Global,full,10,7.0888827950e-01,2.9613664240e-03,7.2606991590e-03,7.0781238430e-01,2.5490317330e-03,7.5896067710e-03,-1.075895e-03,-4.123347e-04,3.289076e-04
NN2G,Global,full,11,7.0889198070e-01,2.9630463280e-03,7.2606672050e-03,7.0762769720e-01,2.5725057840e-03,7.6220760290e-03,-1.264284e-03,-3.905405e-04,3.614088e-04
NN2G,Global,full,12,7.0889949820e-01,2.9634030470e-03,7.2599221650e-03,7.0751025840e-01,2.5591598810e-03,7.6478105670e-03,-1.389240e-03,-4.042432e-04,3.878884e-04
NN2G,Global,full,13,7.0890926680e-01,2.9632290260e-03,7.2588501520e-03,7.0743616840e-01,2.5264931000e-03,7.6659696840e-03,-1.473098e-03,-4.367359e-04,4.071195e-04
NN2G,Global,full,14,7.0891939600e-01,2.9632892330e-03,7.2578485190e-03,7.0738041590e-01,2.4932328690e-03,7.6767615610e-03,-1.538980e-03,-4.700564e-04,4.189130e-04
NN2G,Global,full,15,7.0892836650e-01,2.9640469480e-03,7.2571748180e-03,7.0732502490e-01,2.4719302620e-03,7.6826740810e-03,-1.603342e-03,-4.921167e-04,4.254993e-04
NN2G,Global,full,16,7.0893533350e-01,2.9655626690e-03,7.2569176540e-03,7.0726080090e-01,2.4671967890e-03,7.6874182520e-03,-1.674533e-03,-4.983659e-04,4.305006e-04
NN2G,Global,full,17,7.0894012530e-01,2.9676354770e-03,7.2570518770e-03,7.0718625780e-01,2.4779625460e-03,7.6944219350e-03,-1.753867e-03,-4.896729e-04,4.373701e-04
NN2G,Global,full,18,7.0894307210e-01,2.9700149230e-03,7.2575063720e-03,7.0710495470e-01,2.5002968020e-03,7.7055798610e-03,-1.838117e-03,-4.697181e-04,4.480735e-04
NN2G,Global,full,19,7.0894477180e-01,2.9725323050e-03,7.2582010140e-03,7.0702271000e-01,2.5294103670e-03,7.7208029430e-03,-1.922062e-03,-4.431219e-04,4.626019e-04
NN2G,Global,full,20,7.0894587500e-01,2.9751138630e-03,7.2590533730e-03,7.0694536720e-01,2.5606268870e-03,7.7383726420e-03,-2.000508e-03,-4.144870e-04,4.793193e-04
NN2G,Global,full,21,7.0894693500e-01,2.9777309430e-03,7.2599759380e-03,7.0687751480e-01,2.5899184790e-03,7.7558541850e-03,-2.069420e-03,-3.878125e-04,4.958782e-04
NN2G,Global,full,22,7.0894833780e-01,2.9803520120e-03,7.2608805570e-03,7.0682201920e-01,2.6142995020e-03,7.7710455540e-03,-2.126319e-03,-3.660525e-04,5.101650e-04
NN2G,Global,full,23,7.0895029770e-01,2.9829260970e-03,7.2616916750e-03,7.0678002160e-01,2.6322428890e-03,7.7825832650e-03,-2.170276e-03,-3.506832e-04,5.208916e-04
NN2G,Global,full,24,7.0895289470e-01,2.9853918100e-03,7.2623625780e-03,7.0675136170e-01,2.6431821910e-03,7.7900863390e-03,-2.201533e-03,-3.422096e-04,5.277238e-04
NN2G,Global,full,25,7.0895611780e-01,2.9876940030e-03,7.2628815140e-03,7.0673493680e-01,2.6472563160e-03,7.7939568120e-03,-2.221181e-03,-3.404377e-04,5.310753e-04
NN2G,Global,full,26,7.0895990080e-01,2.9897971410e-03,7.2632658940e-03,7.0672892220e-01,2.6454481930e-03,7.7950055910e-03,-2.230979e-03,-3.443489e-04,5.317397e-04
NN2G,Global,full,27,7.0896414810e-01,2.9916917620e-03,7.2635506770e-03,7.0673107010e-01,2.6389700240e-03,7.7940678570e-03,-2.233078e-03,-3.527217e-04,5.305172e-04
NN2G,Global,full,28,7.0896875290e-01,2.9933933300e-03,7.2637772400e-03,7.0673896970e-01,2.6290002980e-03,7.7917994290e-03,-2.229783e-03,-3.643930e-04,5.280222e-04
NN2G,Global,full,29,7.0897360920e-01,2.9949349820e-03,7.2639856590e-03,7.0675026380e-01,2.6167495180e-03,7.7886389390e-03,-2.223345e-03,-3.781855e-04,5.246533e-04
NN2G,Global,full,30,7.0897862100e-01,2.9963573850e-03,7.2642101230e-03,7.0676282020e-01,2.6036519910e-03,7.7848865890e-03,-2.215801e-03,-3.927054e-04,5.206765e-04
NN2G,Global,full,31,7.0898370500e-01,2.9976987920e-03,7.2644763800e-03,7.0677483700e-01,2.5914494330e-03,7.7808131010e-03,-2.208868e-03,-4.062494e-04,5.163367e-04
NN2G,Global,full,32,7.0898879100e-01,2.9989874080e-03,7.2648004620e-03,7.0678484250e-01,2.5819722830e-03,7.7767316050e-03,-2.203949e-03,-4.170151e-04,5.119311e-04
NN2G,Global,full,33,7.0899382070e-01,3.0002373250e-03,7.2651885240e-03,7.0679164810e-01,2.5768159950e-03,7.7730131670e-03,-2.202173e-03,-4.234213e-04,5.078246e-04
NN2G,Global,full,34,7.0899874600e-01,3.0014487080e-03,7.2656379450e-03,7.0679430770e-01,2.5769872520e-03,7.7700511020e-03,-2.204438e-03,-4.244615e-04,5.044132e-04
NN2G,Global,full,35,7.0900352870e-01,3.0026118810e-03,7.2661398410e-03,7.0679205620e-01,2.5828016350e-03,7.7681986540e-03,-2.211473e-03,-4.198102e-04,5.020588e-04
NN2G,Global,full,36,7.0900814060e-01,3.0037134920e-03,7.2666827500e-03,7.0678436510e-01,2.5936637540e-03,7.7677279020e-03,-2.223775e-03,-4.100497e-04,5.010452e-04
NN2G,Global,full,37,7.0901256480e-01,3.0047424180e-03,7.2672564610e-03,7.0677097580e-01,2.6082356680e-03,7.7687942550e-03,-2.241589e-03,-3.965068e-04,5.015378e-04
NN2G,Global,full,38,7.0901679550e-01,3.0056938420e-03,7.2678550440e-03,7.0675192130e-01,2.6248370970e-03,7.7714171430e-03,-2.264874e-03,-3.808567e-04,5.035621e-04
NN2G,Global,full,39,7.0902083660e-01,3.0065712010e-03,7.2684781530e-03,7.0672755610e-01,2.6418495170e-03,7.7754753380e-03,-2.293280e-03,-3.647217e-04,5.069972e-04
NN2G,Global,full,40,7.0902469850e-01,3.0073858680e-03,7.2691305220e-03,7.0669851640e-01,2.6580666480e-03,7.7807257330e-03,-2.326182e-03,-3.493192e-04,5.115952e-04
NN2G,Global,full,41,7.0902839390e-01,3.0081550380e-03,7.2698198270e-03,7.0666567960e-01,2.6728729360e-03,7.7868197850e-03,-2.362714e-03,-3.352821e-04,5.170000e-04
NN2G,Global,full,42,7.0903193720e-01,3.0088976190e-03,7.2705538050e-03,7.0663014160e-01,2.6861852870e-03,7.7933210940e-03,-2.401796e-03,-3.227123e-04,5.227673e-04
NN2G,Global,full,43,7.0903534200e-01,3.0096327960e-03,7.2713379130e-03,7.0659313340e-01,2.6983968360e-03,7.7997527570e-03,-2.442209e-03,-3.112360e-04,5.284148e-04
NN2G,Global,full,44,7.0903861900e-01,3.0103773840e-03,7.2721746780e-03,7.0655598410e-01,2.7101732960e-03,7.8056298340e-03,-2.482635e-03,-3.002041e-04,5.334552e-04
NN2G,Global,full,45,7.0904177580e-01,3.0111412890e-03,7.2730636380e-03,7.0652002900e-01,2.7222684870e-03,7.8105205120e-03,-2.521747e-03,-2.888728e-04,5.374569e-04
NN2G,Global,full,46,7.0904481730e-01,3.0119254140e-03,7.2740017470e-03,7.0648652510e-01,2.7353726590e-03,7.8140938940e-03,-2.558292e-03,-2.765528e-04,5.400921e-04
NN2G,Global,full,47,7.0904774550e-01,3.0127328080e-03,7.2749841330e-03,7.0645658610e-01,2.7499143420e-03,7.8161313960e-03,-2.591159e-03,-2.628185e-04,5.411473e-04
NN2G,Global,full,48,7.0905056190e-01,3.0135635930e-03,7.2760053340e-03,7.0643111420e-01,2.7659758700e-03,7.8165249730e-03,-2.619448e-03,-2.475877e-04,5.405196e-04
NN2G,Global,full,49,7.0905327030e-01,3.0144109190e-03,7.2770605390e-03,7.0641077120e-01,2.7832847820e-03,7.8152601140e-03,-2.642499e-03,-2.311261e-04,5.381996e-04
NN2G,Global,full,50,7.0905587630e-01,3.0152640590e-03,7.2781460740e-03,7.0639597120e-01,2.8012630160e-03,7.8123967150e-03,-2.659905e-03,-2.140010e-04,5.342506e-04
NN2G,Global,full,51,7.0905838740e-01,3.0161128170e-03,7.2792591880e-03,7.0638685340e-01,2.8191473990e-03,7.8080529190e-03,-2.671534e-03,-1.969654e-04,5.287937e-04
NN2G,Global,full,52,7.0906081150e-01,3.0169493380e-03,7.2803976380e-03,7.0638326910e-01,2.8361388640e-03,7.8023898390e-03,-2.677542e-03,-1.808105e-04,5.219922e-04
NN2G,Global,latest,2,7.0900224240e-01,3.0572187540e-03,7.2228417010e-03,6.9983511940e-01,9.8657182280e-03,9.7218281570e-03,-9.167123e-03,6.808499e-03,2.498986e-03
NN2G,Global,latest,3,7.0890963260e-01,2.9775012930e-03,7.2431265100e-03,7.0310084070e-01,7.3315518590e-03,9.0302935930e-03,-5.808792e-03,4.354051e-03,1.787167e-03
NN2G,Global,latest,4,7.0887367800e-01,2.9255660480e-03,7.2507185020e-03,7.0599611430e-01,4.8643581430e-03,8.2781313120e-03,-2.877564e-03,1.938792e-03,1.027413e-03
NN2G,Global,latest,5,7.0887371100e-01,2.9137362710e-03,7.2532041350e-03,7.0773453900e-01,3.2308260300e-03,7.7803508250e-03,-1.139172e-03,3.170898e-04,5.271467e-04
NN2G,Global,latest,6,7.0888417370e-01,2.9243727130e-03,7.2548047050e-03,7.0844206130e-01,2.4172505590e-03,7.5744820940e-03,-4.421124e-04,-5.071222e-04,3.196774e-04
NN2G,Global,latest,7,7.0889062790e-01,2.9393406760e-03,7.2565288090e-03,7.0847399620e-01,2.1482103610e-03,7.5564927690e-03,-4.166317e-04,-7.911303e-04,2.999640e-04
NN2G,Global,latest,8,7.0889081250e-01,2.9506844110e-03,7.2583326310e-03,7.0816333050e-01,2.1550395840e-03,7.6140915300e-03,-7.274820e-04,-7.956448e-04,3.557589e-04
NN2G,Global,latest,9,7.0888859600e-01,2.9576015890e-03,7.2598594080e-03,7.0774924840e-01,2.2534901610e-03,7.6827108870e-03,-1.139348e-03,-7.041114e-04,4.228515e-04
NN2G,Global,latest,10,7.0888827950e-01,2.9613664240e-03,7.2606991590e-03,7.0737231170e-01,2.3405436970e-03,7.7420429000e-03,-1.515968e-03,-6.208227e-04,4.813437e-04
NN2G,Global,latest,11,7.0889198070e-01,2.9630463280e-03,7.2606672050e-03,7.0708942770e-01,2.3758445580e-03,7.7904712250e-03,-1.802553e-03,-5.872018e-04,5.298040e-04
NN2G,Global,latest,12,7.0889949820e-01,2.9634030470e-03,7.2599221650e-03,7.0690054200e-01,2.3602771440e-03,7.8289715960e-03,-1.998956e-03,-6.031259e-04,5.690494e-04
NN2G,Global,latest,13,7.0890926680e-01,2.9632290260e-03,7.2588501520e-03,7.0677732150e-01,2.3157317820e-03,7.8571044430e-03,-2.131945e-03,-6.474972e-04,5.982543e-04
NN2G,Global,latest,14,7.0891939600e-01,2.9632892330e-03,7.2578485190e-03,7.0668566220e-01,2.2675382190e-03,7.8749962460e-03,-2.233734e-03,-6.957510e-04,6.171477e-04
NN2G,Global,latest,15,7.0892836650e-01,2.9640469480e-03,7.2571748180e-03,7.0659886370e-01,2.2337770520e-03,7.8854156570e-03,-2.329503e-03,-7.302699e-04,6.282408e-04
NN2G,Global,latest,16,7.0893533350e-01,2.9655626690e-03,7.2569176540e-03,7.0650211790e-01,2.2224535520e-03,7.8933403860e-03,-2.433216e-03,-7.431091e-04,6.364227e-04
NN2G,Global,latest,17,7.0894012530e-01,2.9676354770e-03,7.2570518770e-03,7.0639170410e-01,2.2332942760e-03,7.9038308050e-03,-2.548421e-03,-7.343412e-04,6.467789e-04
NN2G,Global,latest,18,7.0894307210e-01,2.9700149230e-03,7.2575063720e-03,7.0627137640e-01,2.2615772240e-03,7.9199744830e-03,-2.671696e-03,-7.084377e-04,6.624681e-04
NN2G,Global,latest,19,7.0894477180e-01,2.9725323050e-03,7.2582010140e-03,7.0614861070e-01,2.3012187950e-03,7.9420350160e-03,-2.796161e-03,-6.713135e-04,6.838340e-04
NN2G,Global,latest,20,7.0894587500e-01,2.9751138630e-03,7.2590533730e-03,7.0603143020e-01,2.3458630670e-03,7.9677504450e-03,-2.914445e-03,-6.292508e-04,7.086971e-04
NN2G,Global,latest,21,7.0894693500e-01,2.9777309430e-03,7.2599759380e-03,7.0592665780e-01,2.3894123000e-03,7.9937358780e-03,-3.020277e-03,-5.883186e-04,7.337599e-04
NN2G,Global,latest,22,7.0894833780e-01,2.9803520120e-03,7.2608805570e-03,7.0583904210e-01,2.4267157510e-03,8.0168335660e-03,-3.109296e-03,-5.536363e-04,7.559530e-04
NN2G,Global,latest,23,7.0895029770e-01,2.9829260970e-03,7.2616916750e-03,7.0577090960e-01,2.4544538730e-03,8.0349486130e-03,-3.179388e-03,-5.284722e-04,7.732569e-04
NN2G,Global,latest,24,7.0895289470e-01,2.9853918100e-03,7.2623625780e-03,7.0572260800e-01,2.4714362410e-03,8.0474236140e-03,-3.230287e-03,-5.139556e-04,7.850610e-04
NN2G,Global,latest,25,7.0895611780e-01,2.9876940030e-03,7.2628815140e-03,7.0569256130e-01,2.4780800180e-03,8.0544986030e-03,-3.263556e-03,-5.096140e-04,7.916171e-04
NN2G,Global,latest,26,7.0895990080e-01,2.9897971410e-03,7.2632658940e-03,7.0567802970e-01,2.4757339340e-03,8.0570609870e-03,-3.281871e-03,-5.140632e-04,7.937951e-04
NN2G,Global,latest,27,7.0896414810e-01,2.9916917620e-03,7.2635506770e-03,7.0567593970e-01,2.4661187850e-03,8.0564085120e-03,-3.288208e-03,-5.255730e-04,7.928578e-04
NN2G,Global,latest,28,7.0896875290e-01,2.9933933300e-03,7.2637772400e-03,7.0568288680e-01,2.4510202820e-03,8.0536418730e-03,-3.285866e-03,-5.423730e-04,7.898646e-04
NN2G,Global,latest,29,7.0897360920e-01,2.9949349820e-03,7.2639856590e-03,7.0569534640e-01,2.4324492500e-03,8.0494842970e-03,-3.278263e-03,-5.624857e-04,7.854986e-04
NN2G,Global,latest,30,7.0897862100e-01,2.9963573850e-03,7.2642101230e-03,7.0571002350e-01,2.4125802970e-03,8.0443722240e-03,-3.268597e-03,-5.837771e-04,7.801621e-04
NN2G,Global,latest,31,7.0898370500e-01,2.9976987920e-03,7.2644763800e-03,7.0572418240e-01,2.3938159670e-03,8.0387014650e-03,-3.259523e-03,-6.038828e-04,7.742251e-04
NN2G,Global,latest,32,7.0898879100e-01,2.9989874080e-03,7.2648004620e-03,7.0573560300e-01,2.3787381930e-03,8.0329321850e-03,-3.253188e-03,-6.202492e-04,7.681317e-04
NN2G,Global,latest,33,7.0899382070e-01,3.0002373250e-03,7.2651885240e-03,7.0574247850e-01,2.3696743500e-03,8.0275922120e-03,-3.251342e-03,-6.305630e-04,7.624037e-04
NN2G,Global,latest,34,7.0899874600e-01,3.0014487080e-03,7.2656379450e-03,7.0574333450e-01,2.3684654090e-03,8.0232850510e-03,-3.255411e-03,-6.329833e-04,7.576471e-04
NN2G,Global,latest,35,7.0900352870e-01,3.0026118810e-03,7.2661398410e-03,7.0573699880e-01,2.3757212430e-03,8.0205251640e-03,-3.266530e-03,-6.268906e-04,7.543853e-04
NN2G,Global,latest,36,7.0900814060e-01,3.0037134920e-03,7.2666827500e-03,7.0572268140e-01,2.3906568020e-03,8.0197106230e-03,-3.285459e-03,-6.130567e-04,7.530279e-04
NN2G,Global,latest,37,7.0901256480e-01,3.0047424180e-03,7.2672564610e-03,7.0570000610e-01,2.4114033350e-03,8.0210909740e-03,-3.312559e-03,-5.933391e-04,7.538345e-04
NN2G,Global,latest,38,7.0901679550e-01,3.0056938420e-03,7.2678550440e-03,7.0566899000e-01,2.4355315500e-03,8.0247190450e-03,-3.347805e-03,-5.701623e-04,7.568640e-04
NN2G,Global,latest,39,7.0902083660e-01,3.0065712010e-03,7.2684781530e-03,7.0563006620e-01,2.4606288210e-03,8.0304407680e-03,-3.390770e-03,-5.459424e-04,7.619626e-04
NN2G,Global,latest,40,7.0902469850e-01,3.0073858680e-03,7.2691305220e-03,7.0558408120e-01,2.4848063960e-03,8.0379088760e-03,-3.440617e-03,-5.225795e-04,7.687784e-04
NN2G,Global,latest,41,7.0902839390e-01,3.0081550380e-03,7.2698198270e-03,7.0553229750e-01,2.5069625930e-03,8.0466220650e-03,-3.496096e-03,-5.011924e-04,7.768022e-04
NN2G,Global,latest,42,7.0903193720e-01,3.0088976190e-03,7.2705538050e-03,7.0547632420e-01,2.5268302920e-03,8.0559517580e-03,-3.555613e-03,-4.820673e-04,7.853980e-04
NN2G,Global,latest,43,7.0903534200e-01,3.0096327960e-03,7.2713379130e-03,7.0541797120e-01,2.5448952950e-03,8.0652011090e-03,-3.617371e-03,-4.647375e-04,7.938632e-04
NN2G,Global,latest,44,7.0903861900e-01,3.0103773840e-03,7.2721746780e-03,7.0535915920e-01,2.5621754060e-03,8.0736787660e-03,-3.679460e-03,-4.482020e-04,8.015041e-04
NN2G,Global,latest,45,7.0904177580e-01,3.0111412890e-03,7.2730636380e-03,7.0530185210e-01,2.5798025790e-03,8.0807553860e-03,-3.739924e-03,-4.313387e-04,8.076917e-04
NN2G,Global,latest,46,7.0904481730e-01,3.0119254140e-03,7.2740017470e-03,7.0524792620e-01,2.5989277340e-03,8.0859207050e-03,-3.796891e-03,-4.129977e-04,8.119190e-04
NN2G,Global,latest,47,7.0904774550e-01,3.0127328080e-03,7.2749841330e-03,7.0519912530e-01,2.6201731030e-03,8.0888171960e-03,-3.848620e-03,-3.925597e-04,8.138331e-04
NN2G,Global,latest,48,7.0905056190e-01,3.0135635930e-03,7.2760053340e-03,7.0515696410e-01,2.6435928670e-03,8.0892342040e-03,-3.893598e-03,-3.699707e-04,8.132289e-04
NN2G,Global,latest,49,7.0905327030e-01,3.0144109190e-03,7.2770605390e-03,7.0512256900e-01,2.6688105680e-03,8.0871151380e-03,-3.930701e-03,-3.456004e-04,8.100546e-04
NN2G,Global,latest,50,7.0905587630e-01,3.0152640590e-03,7.2781460740e-03,7.0509666070e-01,2.6950164130e-03,8.0825301930e-03,-3.959216e-03,-3.202476e-04,8.043841e-04
NN2G,Global,latest,51,7.0905838740e-01,3.0161128170e-03,7.2792591880e-03,7.0507945000e-01,2.7211655480e-03,8.0756624870e-03,-3.978937e-03,-2.949473e-04,7.964033e-04
NN2G,Global,latest,52,7.0906081150e-01,3.0169493380e-03,7.2803976380e-03,7.0507072350e-01,2.7461098090e-03,8.0667549930e-03,-3.990088e-03,-2.708395e-04,7.863574e-04
NN2G,Global,older,2,7.0900224240e-01,3.0572187540e-03,7.2228417010e-03,7.1131478280e-01,1.3475882660e-03,6.5955157500e-03,2.312540e-03,-1.709630e-03,-6.273260e-04
NN2G,Global,older,3,7.0890963260e-01,2.9775012930e-03,7.2431265100e-03,7.1098518800e-01,1.4475251480e-03,6.6488772800e-03,2.075555e-03,-1.529976e-03,-5.942492e-04
NN2G,Global,older,4,7.0887367800e-01,2.9255660480e-03,7.2507185020e-03,7.1017017300e-01,2.0349148280e-03,6.8589398900e-03,1.296495e-03,-8.906512e-04,-3.917786e-04
NN2G,Global,older,5,7.0887371100e-01,2.9137362710e-03,7.2532041350e-03,7.0954266070e-01,2.5880059210e-03,7.0331609570e-03,6.689497e-04,-3.257303e-04,-2.200432e-04
NN2G,Global,older,6,7.0888417370e-01,2.9243727130e-03,7.2548047050e-03,7.0922249640e-01,2.9533583270e-03,7.1246752190e-03,3.383227e-04,2.898561e-05,-1.301295e-04
NN2G,Global,older,7,7.0889062790e-01,2.9393406760e-03,7.2565288090e-03,7.0914354410e-01,3.1370511590e-03,7.1508715830e-03,2.529162e-04,1.977105e-04,-1.056572e-04
NN2G,Global,older,8,7.0889081250e-01,2.9506844110e-03,7.2583326310e-03,7.0920670420e-01,3.1977923690e-03,7.1435433710e-03,3.158917e-04,2.471080e-04,-1.147893e-04
NN2G,Global,older,9,7.0888859600e-01,2.9576015890e-03,7.2598594080e-03,7.0933063740e-01,3.1958000800e-03,7.1251703970e-03,4.420414e-04,2.381985e-04,-1.346890e-04
NN2G,Global,older,10,7.0888827950e-01,2.9613664240e-03,7.2606991590e-03,7.0946239360e-01,3.1747864110e-03,7.1055203090e-03,5.741141e-04,2.134200e-04,-1.551788e-04
NN2G,Global,older,11,7.0889198070e-01,2.9630463280e-03,7.2606672050e-03,7.0957479710e-01,3.1592292380e-03,7.0871649720e-03,6.828164e-04,1.961829e-04,-1.735022e-04
NN2G,Global,older,12,7.0889949820e-01,2.9634030470e-03,7.2599221650e-03,7.0965994810e-01,3.1576364640e-03,7.0709708150e-03,7.604499e-04,1.942334e-04,-1.889514e-04
NN2G,Global,older,13,7.0890926680e-01,2.9632290260e-03,7.2588501520e-03,7.0972162020e-01,3.1683829270e-03,7.0580844180e-03,8.123534e-04,2.051539e-04,-2.007657e-04
NN2G,Global,older,14,7.0891939600e-01,2.9632892330e-03,7.2578485190e-03,7.0976830710e-01,3.1850668980e-03,7.0493786080e-03,8.489111e-04,2.217777e-04,-2.084699e-04
NN2G,Global,older,15,7.0892836650e-01,2.9640469480e-03,7.2571748180e-03,7.0980821540e-01,3.2009250770e-03,7.0445238860e-03,8.798489e-04,2.368781e-04,-2.126509e-04
NN2G,Global,older,16,7.0893533350e-01,2.9655626690e-03,7.2569176540e-03,7.0984676230e-01,3.2114222910e-03,7.0419880630e-03,9.114288e-04,2.458596e-04,-2.149296e-04
NN2G,Global,older,17,7.0894012530e-01,2.9676354770e-03,7.2570518770e-03,7.0988634240e-01,3.2149029970e-03,7.0398853680e-03,9.462171e-04,2.472675e-04,-2.171665e-04
NN2G,Global,older,18,7.0894307210e-01,2.9700149230e-03,7.2575063720e-03,7.0992703740e-01,3.2119052720e-03,7.0367769140e-03,9.839653e-04,2.418903e-04,-2.207295e-04
NN2G,Global,older,19,7.0894477180e-01,2.9725323050e-03,7.2582010140e-03,7.0996754290e-01,3.2042536060e-03,7.0320901040e-03,1.022771e-03,2.317213e-04,-2.261109e-04
NN2G,Global,older,20,7.0894587500e-01,2.9751138630e-03,7.2590533730e-03,7.1000606130e-01,3.1943189140e-03,7.0261209000e-03,1.060186e-03,2.192051e-04,-2.329325e-04
NN2G,Global,older,21,7.0894693500e-01,2.9777309430e-03,7.2599759380e-03,7.1004093710e-01,3.1843274060e-03,7.0197049260e-03,1.094002e-03,2.065965e-04,-2.402710e-04
NN2G,Global,older,22,7.0894833780e-01,2.9803520120e-03,7.2608805570e-03,7.1007104970e-01,3.1757766160e-03,7.0138267040e-03,1.122712e-03,1.954246e-04,-2.470539e-04
NN2G,Global,older,23,7.0895029770e-01,2.9829260970e-03,7.2616916750e-03,7.1009579820e-01,3.1696994060e-03,7.0092274230e-03,1.145501e-03,1.867733e-04,-2.524643e-04
NN2G,Global,older,24,7.0895289470e-01,2.9853918100e-03,7.2623625780e-03,7.1011508080e-01,3.1666259270e-03,7.0062635500e-03,1.162186e-03,1.812341e-04,-2.560990e-04
NN2G,Global,older,25,7.0895611780e-01,2.9876940030e-03,7.2628815140e-03,7.1012919530e-01,3.1666163550e-03,7.0049049950e-03,1.173077e-03,1.789224e-04,-2.579765e-04
NN2G,Global,older,26,7.0895990080e-01,2.9897971410e-03,7.2632658940e-03,7.1013874720e-01,3.1694149060e-03,7.0048702830e-03,1.178846e-03,1.796178e-04,-2.583956e-04
NN2G,Global,older,27,7.0896414810e-01,2.9916917620e-03,7.2635506770e-03,7.1014458640e-01,3.1745860320e-03,7.0058096580e-03,1.180438e-03,1.828943e-04,-2.577410e-04
NN2G,Global,older,28,7.0896875290e-01,2.9933933300e-03,7.2637772400e-03,7.1014771090e-01,3.1815912130e-03,7.0074285770e-03,1.178958e-03,1.881979e-04,-2.563487e-04
NN2G,Global,older,29,7.0897360920e-01,2.9949349820e-03,7.2639856590e-03,7.1014916640e-01,3.1897922460e-03,7.0095253000e-03,1.175557e-03,1.948573e-04,-2.544604e-04
NN2G,Global,older,30,7.0897862100e-01,2.9963573850e-03,7.2642101230e-03,7.1014990260e-01,3.1984520730e-03,7.0119754660e-03,1.171282e-03,2.020947e-04,-2.522347e-04
NN2G,Global,older,31,7.0898370500e-01,2.9976987920e-03,7.2644763800e-03,7.1015073040e-01,3.2067749360e-03,7.0146771590e-03,1.167025e-03,2.090761e-04,-2.497992e-04
NN2G,Global,older,32,7.0898879100e-01,2.9989874080e-03,7.2648004620e-03,7.1015232150e-01,3.2139363520e-03,7.0175135590e-03,1.163530e-03,2.149489e-04,-2.472869e-04
NN2G,Global,older,33,7.0899382070e-01,3.0002373250e-03,7.2651885240e-03,7.1015520490e-01,3.2191531390e-03,7.0203314520e-03,1.161384e-03,2.189158e-04,-2.448571e-04
NN2G,Global,older,34,7.0899874600e-01,3.0014487080e-03,7.2656379450e-03,7.1015979330e-01,3.2218374620e-03,7.0229471710e-03,1.161047e-03,2.203888e-04,-2.426908e-04
NN2G,Global,older,35,7.0900352870e-01,3.0026118810e-03,7.2661398410e-03,7.1016640690e-01,3.2217359920e-03,7.0251720700e-03,1.162878e-03,2.191241e-04,-2.409678e-04
NN2G,Global,older,36,7.0900814060e-01,3.0037134920e-03,7.2666827500e-03,7.1017528130e-01,3.2189901270e-03,7.0268406180e-03,1.167141e-03,2.152766e-04,-2.398421e-04
NN2G,Global,older,37,7.0901256480e-01,3.0047424180e-03,7.2672564610e-03,7.1018655240e-01,3.2140971090e-03,7.0278350590e-03,1.173988e-03,2.093547e-04,-2.394214e-04
NN2G,Global,older,38,7.0901679550e-01,3.0056938420e-03,7.2678550440e-03,7.1020025400e-01,3.2077660890e-03,7.0280980120e-03,1.183459e-03,2.020722e-04,-2.397570e-04
NN2G,Global,older,39,7.0902083660e-01,3.0065712010e-03,7.2684781530e-03,7.1021631470e-01,3.2007397980e-03,7.0276387510e-03,1.195478e-03,1.941686e-04,-2.408394e-04
NN2G,Global,older,40,7.0902469850e-01,3.0073858680e-03,7.2691305220e-03,7.1023454760e-01,3.1936675020e-03,7.0265445830e-03,1.209849e-03,1.862816e-04,-2.425859e-04
NN2G,Global,older,41,7.0902839390e-01,3.0081550380e-03,7.2698198270e-03,7.1025462710e-01,3.1869913600e-03,7.0249617040e-03,1.226233e-03,1.788363e-04,-2.448581e-04
NN2G,Global,older,42,7.0903193720e-01,3.0088976190e-03,7.2705538050e-03,7.1027610980e-01,3.1808996360e-03,7.0230912460e-03,1.244173e-03,1.720020e-04,-2.474626e-04
NN2G,Global,older,43,7.0903534200e-01,3.0096327960e-03,7.2713379130e-03,7.1029845710e-01,3.1753392910e-03,7.0211683940e-03,1.263115e-03,1.657065e-04,-2.501695e-04
NN2G,Global,older,44,7.0903861900e-01,3.0103773840e-03,7.2721746780e-03,7.1032105720e-01,3.1700792550e-03,7.0194322860e-03,1.282438e-03,1.597019e-04,-2.527424e-04
NN2G,Global,older,45,7.0904177580e-01,3.0111412890e-03,7.2730636380e-03,7.1034326120e-01,3.1647974840e-03,7.0181037890e-03,1.301485e-03,1.536562e-04,-2.549598e-04
NN2G,Global,older,46,7.0904481730e-01,3.0119254140e-03,7.2740017470e-03,7.1036442380e-01,3.1591813650e-03,7.0173705180e-03,1.319606e-03,1.472560e-04,-2.566312e-04
NN2G,Global,older,47,7.0904774550e-01,3.0127328080e-03,7.2749841330e-03,7.1038394410e-01,3.1530072240e-03,7.0173738570e-03,1.336199e-03,1.402744e-04,-2.576103e-04
NN2G,Global,older,48,7.0905056190e-01,3.0135635930e-03,7.2760053340e-03,7.1040130600e-01,3.1461793790e-03,7.0181994030e-03,1.350744e-03,1.326158e-04,-2.578059e-04
NN2G,Global,older,49,7.0905327030e-01,3.0144109190e-03,7.2770605390e-03,7.1041610470e-01,3.1387532360e-03,7.0198811590e-03,1.362834e-03,1.243423e-04,-2.571794e-04
NN2G,Global,older,50,7.0905587630e-01,3.0152640590e-03,7.2781460740e-03,7.1042807060e-01,3.1309337740e-03,7.0224116180e-03,1.372194e-03,1.156697e-04,-2.557345e-04
NN2G,Global,older,51,7.0905838740e-01,3.0161128170e-03,7.2792591880e-03,7.1043709220e-01,3.1230322310e-03,7.0257480080e-03,1.378705e-03,1.069194e-04,-2.535112e-04
NN2G,Global,older,52,7.0906081150e-01,3.0169493380e-03,7.2803976380e-03,7.1044320390e-01,3.1154078940e-03,7.0298169480e-03,1.382392e-03,9.845856e-05,-2.505807e-04
NN3G,Global,full,2,7.0900224240e-01,3.0572187540e-03,7.2228417010e-03,7.0205430040e-01,8.4761110930e-03,8.9814681130e-03,-6.947942e-03,5.418892e-03,1.758626e-03
NN3G,Global,full,3,7.0890963260e-01,2.9775012930e-03,7.2431265100e-03,7.0512508310e-01,6.3303800530e-03,8.3544526950e-03,-3.784549e-03,3.352879e-03,1.111326e-03
NN3G,Global,full,4,7.0887367800e-01,2.9255660480e-03,7.2507185020e-03,7.0728963440e-01,4.6094937380e-03,7.8561893440e-03,-1.584044e-03,1.683928e-03,6.054708e-04
NN3G,Global,full,5,7.0887371100e-01,2.9137362710e-03,7.2532041350e-03,7.0844371750e-01,3.5429463930e-03,7.5460479780e-03,-4.299935e-04,6.292101e-04,2.928438e-04
NN3G,Global,full,6,7.0888417370e-01,2.9243727130e-03,7.2548047050e-03,7.0886428630e-01,3.0030556870e-03,7.4064189980e-03,-1.988740e-05,7.868297e-05,1.516143e-04
NN3G,Global,full,7,7.0889062790e-01,2.9393406760e-03,7.2565288090e-03,7.0885381030e-01,2.7806673730e-03,7.3724079750e-03,-3.681760e-05,-1.586733e-04,1.158792e-04
NN3G,Global,full,8,7.0889081250e-01,2.9506844110e-03,7.2583326310e-03,7.0864077530e-01,2.7179219290e-03,7.3892032010e-03,-2.500372e-04,-2.327625e-04,1.308706e-04
NN3G,Global,full,9,7.0888859600e-01,2.9576015890e-03,7.2598594080e-03,7.0836920340e-01,2.7270593760e-03,7.4290524440e-03,-5.193926e-04,-2.305422e-04,1.691930e-04
NN3G,Global,full,10,7.0888827950e-01,2.9613664240e-03,7.2606991590e-03,7.0811125120e-01,2.7652129330e-03,7.4794132630e-03,-7.770283e-04,-1.961535e-04,2.187141e-04
NN3G,Global,full,11,7.0889198070e-01,2.9630463280e-03,7.2606672050e-03,7.0789029750e-01,2.8105448980e-03,7.5315943870e-03,-1.001683e-03,-1.525014e-04,2.709272e-04
NN3G,Global,full,12,7.0889949820e-01,2.9634030470e-03,7.2599221650e-03,7.0770504660e-01,2.8521555760e-03,7.5782442930e-03,-1.194452e-03,-1.112475e-04,3.183221e-04
NN3G,Global,full,13,7.0890926680e-01,2.9632290260e-03,7.2588501520e-03,7.0754680130e-01,2.8869487660e-03,7.6152749840e-03,-1.362465e-03,-7.628026e-05,3.564248e-04
NN3G,Global,full,14,7.0891939600e-01,2.9632892330e-03,7.2578485190e-03,7.0740762030e-01,2.9166901530e-03,7.6425545150e-03,-1.511776e-03,-4.659908e-05,3.847060e-04
NN3G,Global,full,15,7.0892836650e-01,2.9640469480e-03,7.2571748180e-03,7.0728217360e-01,2.9438705550e-03,7.6625301680e-03,-1.646193e-03,-2.017639e-05,4.053553e-04
NN3G,Global,full,16,7.0893533350e-01,2.9655626690e-03,7.2569176540e-03,7.0716767830e-01,2.9689692470e-03,7.6783312410e-03,-1.767655e-03,3.406578e-06,4.214136e-04
NN3G,Global,full,17,7.0894012530e-01,2.9676354770e-03,7.2570518770e-03,7.0706345720e-01,2.9903965280e-03,7.6926241490e-03,-1.876668e-03,2.276105e-05,4.355723e-04
NN3G,Global,full,18,7.0894307210e-01,2.9700149230e-03,7.2575063720e-03,7.0697032770e-01,3.0061493420e-03,7.7070352130e-03,-1.972744e-03,3.613442e-05,4.495288e-04
NN3G,Global,full,19,7.0894477180e-01,2.9725323050e-03,7.2582010140e-03,7.0688973390e-01,3.0151345490e-03,7.7219597700e-03,-2.055038e-03,4.260224e-05,4.637588e-04
NN3G,Global,full,20,7.0894587500e-01,2.9751138630e-03,7.2590533730e-03,7.0682291300e-01,3.0173732530e-03,7.7366904790e-03,-2.122962e-03,4.225939e-05,4.776371e-04
NN3G,Global,full,21,7.0894693500e-01,2.9777309430e-03,7.2599759380e-03,7.0677043140e-01,3.0136054720e-03,7.7498633180e-03,-2.176504e-03,3.587453e-05,4.898874e-04
NN3G,Global,full,22,7.0894833780e-01,2.9803520120e-03,7.2608805570e-03,7.0673216320e-01,3.0048831040e-03,7.7600991240e-03,-2.216175e-03,2.453109e-05,4.992186e-04
NN3G,Global,full,23,7.0895029770e-01,2.9829260970e-03,7.2616916750e-03,7.0670740120e-01,2.9925622830e-03,7.7665237510e-03,-2.242896e-03,9.636186e-06,5.048321e-04
NN3G,Global,full,24,7.0895289470e-01,2.9853918100e-03,7.2623625780e-03,7.0669502310e-01,2.9780894650e-03,7.7690166210e-03,-2.257872e-03,-7.302345e-06,5.066540e-04
NN3G,Global,full,25,7.0895611780e-01,2.9876940030e-03,7.2628815140e-03,7.0669354080e-01,2.9627574900e-03,7.7681279270e-03,-2.262577e-03,-2.493651e-05,5.052464e-04
NN3G,Global,full,26,7.0895990080e-01,2.9897971410e-03,7.2632658940e-03,7.0670102170e-01,2.9478742120e-03,7.7648038590e-03,-2.258879e-03,-4.192293e-05,5.015380e-04
NN3G,Global,full,27,7.0896414810e-01,2.9916917620e-03,7.2635506770e-03,7.0671509520e-01,2.9344109940e-03,7.7600362870e-03,-2.249053e-03,-5.728077e-05,4.964856e-04
NN3G,Global,full,28,7.0896875290e-01,2.9933933300e-03,7.2637772400e-03,7.0673314530e-01,2.9228077790e-03,7.7546558650e-03,-2.235608e-03,-7.058555e-05,4.908786e-04
NN3G,Global,full,29,7.0897360920e-01,2.9949349820e-03,7.2639856590e-03,7.0675260000e-01,2.9131203080e-03,7.7492727490e-03,-2.221009e-03,-8.181467e-05,4.852871e-04
NN3G,Global,full,30,7.0897862100e-01,2.9963573850e-03,7.2642101230e-03,7.0677120290e-01,2.9053589590e-03,7.7443164830e-03,-2.207418e-03,-9.099843e-05,4.801064e-04
NN3G,Global,full,31,7.0898370500e-01,2.9976987920e-03,7.2644763800e-03,7.0678722540e-01,2.8997105400e-03,7.7400939830e-03,-2.196480e-03,-9.798825e-05,4.756176e-04
NN3G,Global,full,32,7.0898879100e-01,2.9989874080e-03,7.2648004620e-03,7.0679957880e-01,2.8965128070e-03,7.7368161060e-03,-2.189212e-03,-1.024746e-04,4.720156e-04
NN3G,Global,full,33,7.0899382070e-01,3.0002373250e-03,7.2651885240e-03,7.0680777080e-01,2.8960304710e-03,7.7345974790e-03,-2.186050e-03,-1.042069e-04,4.694090e-04
NN3G,Global,full,34,7.0899874600e-01,3.0014487080e-03,7.2656379450e-03,7.0681176450e-01,2.8983163540e-03,7.7334448640e-03,-2.186981e-03,-1.031324e-04,4.678069e-04
NN3G,Global,full,35,7.0900352870e-01,3.0026118810e-03,7.2661398410e-03,7.0681184580e-01,2.9030622010e-03,7.7332712030e-03,-2.191683e-03,-9.954968e-05,4.671314e-04
NN3G,Global,full,36,7.0900814060e-01,3.0037134920e-03,7.2666827500e-03,7.0680849620e-01,2.9095729810e-03,7.7339154540e-03,-2.199644e-03,-9.414051e-05,4.672327e-04
NN3G,Global,full,37,7.0901256480e-01,3.0047424180e-03,7.2672564610e-03,7.0680228100e-01,2.9169473180e-03,7.7351766880e-03,-2.210284e-03,-8.779510e-05,4.679202e-04
NN3G,Global,full,38,7.0901679550e-01,3.0056938420e-03,7.2678550440e-03,7.0679375990e-01,2.9243697300e-03,7.7368450040e-03,-2.223036e-03,-8.132411e-05,4.689900e-04
NN3G,Global,full,39,7.0902083660e-01,3.0065712010e-03,7.2684781530e-03,7.0678343200e-01,2.9313332100e-03,7.7387245520e-03,-2.237405e-03,-7.523799e-05,4.702464e-04
NN3G,Global,full,40,7.0902469850e-01,3.0073858680e-03,7.2691305220e-03,7.0677171680e-01,2.9377106000e-03,7.7406434310e-03,-2.252982e-03,-6.967527e-05,4.715129e-04
NN3G,Global,full,41,7.0902839390e-01,3.0081550380e-03,7.2698198270e-03,7.0675891990e-01,2.9437391040e-03,7.7424556340e-03,-2.269474e-03,-6.441593e-05,4.726358e-04
NN3G,Global,full,42,7.0903193720e-01,3.0088976190e-03,7.2705538050e-03,7.0674527010e-01,2.9498496770e-03,7.7440263380e-03,-2.286667e-03,-5.904794e-05,4.734725e-04
NN3G,Global,full,43,7.0903534200e-01,3.0096327960e-03,7.2713379130e-03,7.0673094810e-01,2.9564802300e-03,7.7452312260e-03,-2.304394e-03,-5.315257e-05,4.738933e-04
NN3G,Global,full,44,7.0903861900e-01,3.0103773840e-03,7.2721746780e-03,7.0671613260e-01,2.9639668590e-03,7.7459659250e-03,-2.322486e-03,-4.641052e-05,4.737912e-04
NN3G,Global,full,45,7.0904177580e-01,3.0111412890e-03,7.2730636380e-03,7.0670106890e-01,2.9723519990e-03,7.7461301900e-03,-2.340707e-03,-3.878929e-05,4.730666e-04
NN3G,Global,full,46,7.0904481730e-01,3.0119254140e-03,7.2740017470e-03,7.0668605990e-01,2.9815030220e-03,7.7456683610e-03,-2.358757e-03,-3.042239e-05,4.716666e-04
NN3G,Global,full,47,7.0904774550e-01,3.0127328080e-03,7.2749841330e-03,7.0667147810e-01,2.9910827420e-03,7.7445676900e-03,-2.376267e-03,-2.165007e-05,4.695836e-04
NN3G,Global,full,48,7.0905056190e-01,3.0135635930e-03,7.2760053340e-03,7.0665774520e-01,3.0006124010e-03,7.7428533960e-03,-2.392817e-03,-1.295119e-05,4.668481e-04
NN3G,Global,full,49,7.0905327030e-01,3.0144109190e-03,7.2770605390e-03,7.0664531130e-01,3.0095549420e-03,7.7405781500e-03,-2.407959e-03,-4.855977e-06,4.635176e-04
NN3G,Global,full,50,7.0905587630e-01,3.0152640590e-03,7.2781460740e-03,7.0663464580e-01,3.0173843400e-03,7.7378076470e-03,-2.421230e-03,2.120281e-06,4.596616e-04
NN3G,Global,full,51,7.0905838740e-01,3.0161128170e-03,7.2792591880e-03,7.0662620190e-01,3.0236489930e-03,7.7346066820e-03,-2.432186e-03,7.536176e-06,4.553475e-04
NN3G,Global,full,52,7.0906081150e-01,3.0169493380e-03,7.2803976380e-03,7.0662035440e-01,3.0280353850e-03,7.7310296450e-03,-2.440457e-03,1.108605e-05,4.506320e-04
NN3G,Global,latest,2,7.0900224240e-01,3.0572187540e-03,7.2228417010e-03,6.9975531050e-01,1.0283668880e-02,9.5641141950e-03,-9.246932e-03,7.226450e-03,2.341272e-03
NN3G,Global,latest,3,7.0890963260e-01,2.9775012930e-03,7.2431265100e-03,7.0313209220e-01,8.0465854010e-03,8.9277766450e-03,-5.777540e-03,5.069084e-03,1.684650e-03
NN3G,Global,latest,4,7.0887367800e-01,2.9255660480e-03,7.2507185020e-03,7.0613720670e-01,5.7249477340e-03,8.2632000510e-03,-2.736471e-03,2.799382e-03,1.012482e-03
NN3G,Global,latest,5,7.0887371100e-01,2.9137362710e-03,7.2532041350e-03,7.0794359700e-01,4.1074362310e-03,7.7866921360e-03,-9.301140e-04,1.193700e-03,5.334880e-04
NN3G,Global,latest,6,7.0888417370e-01,2.9243727130e-03,7.2548047050e-03,7.0870625320e-01,3.2085323320e-03,7.5375648120e-03,-1.779205e-04,2.841596e-04,2.827601e-04
NN3G,Global,latest,7,7.0889062790e-01,2.9393406760e-03,7.2565288090e-03,7.0880045890e-01,2.7964284930e-03,7.4531737330e-03,-9.016900e-05,-1.429122e-04,1.966449e-04
NN3G,Global,latest,8,7.0889081250e-01,2.9506844110e-03,7.2583326310e-03,7.0855417170e-01,2.6518286360e-03,7.4593265650e-03,-3.366408e-04,-2.988558e-04,2.009939e-04
NN3G,Global,latest,9,7.0888859600e-01,2.9576015890e-03,7.2598594080e-03,7.0818649670e-01,2.6366301680e-03,7.5091149130e-03,-7.020993e-04,-3.209714e-04,2.492555e-04
NN3G,Global,latest,10,7.0888827950e-01,2.9613664240e-03,7.2606991590e-03,7.0781538040e-01,2.6769469150e-03,7.5786149700e-03,-1.072899e-03,-2.844195e-04,3.179158e-04
NN3G,Global,latest,11,7.0889198070e-01,2.9630463280e-03,7.2606672050e-03,7.0748621090e-01,2.7351810520e-03,7.6529662470e-03,-1.405770e-03,-2.278653e-04,3.922990e-04
NN3G,Global,latest,12,7.0889949820e-01,2.9634030470e-03,7.2599221650e-03,7.0720477480e-01,2.7928431580e-03,7.7212965160e-03,-1.694723e-03,-1.705599e-04,4.613744e-04
NN3G,Global,latest,13,7.0890926680e-01,2.9632290260e-03,7.2588501520e-03,7.0696231280e-01,2.8434758960e-03,7.7773779170e-03,-1.946954e-03,-1.197531e-04,5.185278e-04
NN3G,Global,latest,14,7.0891939600e-01,2.9632892330e-03,7.2578485190e-03,7.0674850320e-01,2.8878008500e-03,7.8201161100e-03,-2.170893e-03,-7.548838e-05,5.622676e-04
NN3G,Global,latest,15,7.0892836650e-01,2.9640469480e-03,7.2571748180e-03,7.0655571180e-01,2.9280971290e-03,7.8520159300e-03,-2.372655e-03,-3.594982e-05,5.948411e-04
NN3G,Global,latest,16,7.0893533350e-01,2.9655626690e-03,7.2569176540e-03,7.0637984300e-01,2.9649116860e-03,7.8771234080e-03,-2.555491e-03,-6.509830e-07,6.202058e-04
NN3G,Global,latest,17,7.0894012530e-01,2.9676354770e-03,7.2570518770e-03,7.0621984060e-01,2.9962497260e-03,7.8993460590e-03,-2.720285e-03,2.861425e-05,6.422942e-04
NN3G,Global,latest,18,7.0894307210e-01,2.9700149230e-03,7.2575063720e-03,7.0607684660e-01,3.0191392190e-03,7.9213150440e-03,-2.866225e-03,4.912430e-05,6.638087e-04
NN3G,Global,latest,19,7.0894477180e-01,2.9725323050e-03,7.2582010140e-03,7.0595270090e-01,3.0322827040e-03,7.9438326030e-03,-2.992071e-03,5.975040e-05,6.856316e-04
NN3G,Global,latest,20,7.0894587500e-01,2.9751138630e-03,7.2590533730e-03,7.0584889370e-01,3.0360103400e-03,7.9660254060e-03,-3.096981e-03,6.089648e-05,7.069720e-04
NN3G,Global,latest,21,7.0894693500e-01,2.9777309430e-03,7.2599759380e-03,7.0576618790e-01,3.0313844680e-03,7.9860590150e-03,-3.180747e-03,5.365352e-05,7.260831e-04
NN3G,Global,latest,22,7.0894833780e-01,2.9803520120e-03,7.2608805570e-03,7.0570444510e-01,3.0194817200e-03,8.0019848310e-03,-3.243893e-03,3.912971e-05,7.411043e-04
NN3G,Global,latest,23,7.0895029770e-01,2.9829260970e-03,7.2616916750e-03,7.0566270080e-01,3.0017360380e-03,8.0124820030e-03,-3.287597e-03,1.880994e-05,7.507903e-04
NN3G,Global,latest,24,7.0895289470e-01,2.9853918100e-03,7.2623625780e-03,7.0563949250e-01,2.9801867690e-03,8.0173308020e-03,-3.313402e-03,-5.205041e-06,7.549682e-04
NN3G,Global,latest,25,7.0895611780e-01,2.9876940030e-03,7.2628815140e-03,7.0563269070e-01,2.9569874510e-03,8.0171893400e-03,-3.323427e-03,-3.070655e-05,7.543078e-04
NN3G,Global,latest,26,7.0895990080e-01,2.9897971410e-03,7.2632658940e-03,7.0563916340e-01,2.9340868570e-03,8.0130814900e-03,-3.320737e-03,-5.571028e-05,7.498156e-04
NN3G,Global,latest,27,7.0896414810e-01,2.9916917620e-03,7.2635506770e-03,7.0565558650e-01,2.9128805980e-03,8.0065416290e-03,-3.308562e-03,-7.881116e-05,7.429910e-04
NN3G,Global,latest,28,7.0896875290e-01,2.9933933300e-03,7.2637772400e-03,7.0567822620e-01,2.8940991130e-03,7.9989509070e-03,-3.290527e-03,-9.929422e-05,7.351737e-04
NN3G,Global,latest,29,7.0897360920e-01,2.9949349820e-03,7.2639856590e-03,7.0570321480e-01,2.8781213950e-03,7.9912966080e-03,-3.270394e-03,-1.168136e-04,7.273109e-04
NN3G,Global,latest,30,7.0897862100e-01,2.9963573850e-03,7.2642101230e-03,7.0572703880e-01,2.8652509530e-03,7.9842154600e-03,-3.251582e-03,-1.311064e-04,7.200053e-04
NN3G,Global,latest,31,7.0898370500e-01,2.9976987920e-03,7.2644763800e-03,7.0574712870e-01,2.8557666500e-03,7.9781752400e-03,-3.236576e-03,-1.419321e-04,7.136989e-04
NN3G,Global,latest,32,7.0898879100e-01,2.9989874080e-03,7.2648004620e-03,7.0576191620e-01,2.8501059130e-03,7.9734937740e-03,-3.226875e-03,-1.488815e-04,7.086933e-04
NN3G,Global,latest,33,7.0899382070e-01,3.0002373250e-03,7.2651885240e-03,7.0577065420e-01,2.8484509280e-03,7.9703078610e-03,-3.223167e-03,-1.517864e-04,7.051193e-04
NN3G,Global,latest,34,7.0899874600e-01,3.0014487080e-03,7.2656379450e-03,7.0577325690e-01,2.8509818940e-03,7.9686651350e-03,-3.225489e-03,-1.504668e-04,7.030272e-04
NN3G,Global,latest,35,7.0900352870e-01,3.0026118810e-03,7.2661398410e-03,7.0577007510e-01,2.8573288770e-03,7.9684428060e-03,-3.233454e-03,-1.452830e-04,7.023030e-04
NN3G,Global,latest,36,7.0900814060e-01,3.0037134920e-03,7.2666827500e-03,7.0576175890e-01,2.8664959230e-03,7.9693942140e-03,-3.246382e-03,-1.372176e-04,7.027115e-04
NN3G,Global,latest,37,7.0901256480e-01,3.0047424180e-03,7.2672564610e-03,7.0574913310e-01,2.8771483760e-03,7.9712249960e-03,-3.263432e-03,-1.275940e-04,7.039685e-04
NN3G,Global,latest,38,7.0901679550e-01,3.0056938420e-03,7.2678550440e-03,7.0573303730e-01,2.8880297140e-03,7.9736416300e-03,-3.283758e-03,-1.176641e-04,7.057866e-04
NN3G,Global,latest,39,7.0902083660e-01,3.0065712010e-03,7.2684781530e-03,7.0571422320e-01,2.8983028510e-03,7.9763697840e-03,-3.306613e-03,-1.082684e-04,7.078916e-04
NN3G,Global,latest,40,7.0902469850e-01,3.0073858680e-03,7.2691305220e-03,7.0569328280e-01,2.9077191950e-03,7.9791539170e-03,-3.331416e-03,-9.966667e-05,7.100234e-04
NN3G,Global,latest,41,7.0902839390e-01,3.0081550380e-03,7.2698198270e-03,7.0567065880e-01,2.9165536150e-03,7.9817582480e-03,-3.357735e-03,-9.160142e-05,7.119384e-04
NN3G,Global,latest,42,7.0903193720e-01,3.0088976190e-03,7.2705538050e-03,7.0564671110e-01,2.9253815460e-03,7.9839653090e-03,-3.385226e-03,-8.351607e-05,7.134115e-04
NN3G,Global,latest,43,7.0903534200e-01,3.0096327960e-03,7.2713379130e-03,7.0562175700e-01,2.9348275020e-03,7.9855803780e-03,-3.413585e-03,-7.480529e-05,7.142425e-04
NN3G,Global,latest,44,7.0903861900e-01,3.0103773840e-03,7.2721746780e-03,7.0559610960e-01,2.9453908880e-03,7.9864401090e-03,-3.442509e-03,-6.498650e-05,7.142654e-04
NN3G,Global,latest,45,7.0904177580e-01,3.0111412890e-03,7.2730636380e-03,7.0557013040e-01,2.9572416870e-03,7.9864168530e-03,-3.471645e-03,-5.389960e-05,7.133532e-04
NN3G,Global,latest,46,7.0904481730e-01,3.0119254140e-03,7.2740017470e-03,7.0554425100e-01,2.9703314260e-03,7.9854216830e-03,-3.500566e-03,-4.159399e-05,7.114199e-04
NN3G,Global,latest,47,7.0904774550e-01,3.0127328080e-03,7.2749841330e-03,7.0551902530e-01,2.9842102610e-03,7.9834339000e-03,-3.528720e-03,-2.852255e-05,7.084498e-04
NN3G,Global,latest,48,7.0905056190e-01,3.0135635930e-03,7.2760053340e-03,7.0549513440e-01,2.9981198720e-03,7.9804763840e-03,-3.555428e-03,-1.544372e-05,7.044711e-04
NN3G,Global,latest,49,7.0905327030e-01,3.0144109190e-03,7.2770605390e-03,7.0547333100e-01,3.0112227780e-03,7.9766088230e-03,-3.579939e-03,-3.188141e-06,6.995483e-04
NN3G,Global,latest,50,7.0905587630e-01,3.0152640590e-03,7.2781460740e-03,7.0545440480e-01,3.0226735300e-03,7.9719157750e-03,-3.601472e-03,7.409471e-06,6.937697e-04
NN3G,Global,latest,51,7.0905838740e-01,3.0161128170e-03,7.2792591880e-03,7.0543905800e-01,3.0317729770e-03,7.9664983200e-03,-3.619329e-03,1.566016e-05,6.872391e-04
NN3G,Global,latest,52,7.0906081150e-01,3.0169493380e-03,7.2803976380e-03,7.0542780820e-01,3.0380513820e-03,7.9604564710e-03,-3.633003e-03,2.110204e-05,6.800588e-04
NN3G,Global,older,2,7.0900224240e-01,3.0572187540e-03,7.2228417010e-03,7.1133800090e-01,1.2462081280e-03,6.6371434090e-03,2.335759e-03,-1.811011e-03,-5.856983e-04
NN3G,Global,older,3,7.0890963260e-01,2.9775012930e-03,7.2431265100e-03,7.1099006550e-01,1.2459339730e-03,6.6891750940e-03,2.080433e-03,-1.731567e-03,-5.539514e-04
NN3G,Global,older,4,7.0887367800e-01,2.9255660480e-03,7.2507185020e-03,7.1014119750e-01,1.7692235570e-03,6.8753878610e-03,1.267520e-03,-1.156342e-03,-3.753306e-04
NN3G,Global,older,5,7.0887371100e-01,2.9137362710e-03,7.2532041350e-03,7.0948571640e-01,2.3007785800e-03,7.0370269940e-03,6.120054e-04,-6.129577e-04,-2.161771e-04
NN3G,Global,older,6,7.0888417370e-01,2.9243727130e-03,7.2548047050e-03,7.0914302020e-01,2.6817502830e-03,7.1360326420e-03,2.588465e-04,-2.426224e-04,-1.187721e-04
NN3G,Global,older,7,7.0889062790e-01,2.9393406760e-03,7.2565288090e-03,7.0904193690e-01,2.9053934940e-03,7.1810062490e-03,1.513090e-04,-3.394718e-05,-7.552256e-05
NN3G,Global,older,8,7.0889081250e-01,2.9506844110e-03,7.2583326310e-03,7.0908323510e-01,3.0143893550e-03,7.1914456400e-03,1.924226e-04,6.370494e-05,-6.688699e-05
NN3G,Global,older,9,7.0888859600e-01,2.9576015890e-03,7.2598594080e-03,7.0919029910e-01,3.0534036380e-03,7.1821197650e-03,3.017031e-04,9.580205e-05,-7.773964e-05
NN3G,Global,older,10,7.0888827950e-01,2.9613664240e-03,7.2606991590e-03,7.0931658390e-01,3.0548765090e-03,7.1617475020e-03,4.283044e-04,9.351008e-05,-9.895166e-05
NN3G,Global,older,11,7.0889198070e-01,2.9630463280e-03,7.2606672050e-03,7.0943935070e-01,3.0395485400e-03,7.1363105800e-03,5.473700e-04,7.650221e-05,-1.243566e-04
NN3G,Global,older,12,7.0889949820e-01,2.9634030470e-03,7.2599221650e-03,7.0955033970e-01,3.0198933170e-03,7.1107211020e-03,6.508415e-04,5.649027e-05,-1.492011e-04
NN3G,Global,older,13,7.0890926680e-01,2.9632290260e-03,7.2588501520e-03,7.0964823130e-01,3.0024118720e-03,7.0885360920e-03,7.389645e-04,3.918285e-05,-1.703141e-04
NN3G,Global,older,14,7.0891939600e-01,2.9632892330e-03,7.2578485190e-03,7.0973430460e-01,2.9890296080e-03,7.0714401770e-03,8.149086e-04,2.574038e-05,-1.864083e-04
NN3G,Global,older,15,7.0892836650e-01,2.9640469480e-03,7.2571748180e-03,7.0981023120e-01,2.9790600040e-03,7.0592706680e-03,8.818647e-04,1.501306e-05,-1.979041e-04
NN3G,Global,older,16,7.0893533350e-01,2.9655626690e-03,7.2569176540e-03,7.0987730380e-01,2.9712322750e-03,7.0506732590e-03,9.419703e-04,5.669606e-06,-2.062444e-04
NN3G,Global,older,17,7.0894012530e-01,2.9676354770e-03,7.2570518770e-03,7.0993639480e-01,2.9650250650e-03,7.0440792430e-03,9.962695e-04,-2.610412e-06,-2.129726e-04
NN3G,Global,older,18,7.0894307210e-01,2.9700149230e-03,7.2575063720e-03,7.0998796900e-01,2.9607387930e-03,7.0382813670e-03,1.044897e-03,-9.276130e-06,-2.192250e-04
NN3G,Global,older,19,7.0894477180e-01,2.9725323050e-03,7.2582010140e-03,7.1003220960e-01,2.9589085870e-03,7.0326711870e-03,1.087438e-03,-1.362372e-05,-2.255298e-04
NN3G,Global,older,20,7.0894587500e-01,2.9751138630e-03,7.2590533730e-03,7.1006921040e-01,2.9600242000e-03,7.0272302500e-03,1.123335e-03,-1.508966e-05,-2.318231e-04
NN3G,Global,older,21,7.0894693500e-01,2.9777309430e-03,7.2599759380e-03,7.1009914650e-01,2.9642789950e-03,7.0223468090e-03,1.152211e-03,-1.345195e-05,-2.376291e-04
NN3G,Global,older,22,7.0894833780e-01,2.9803520120e-03,7.2608805570e-03,7.1012242770e-01,2.9713177730e-03,7.0185862300e-03,1.174090e-03,-9.034239e-06,-2.422943e-04
NN3G,Global,older,23,7.0895029770e-01,2.9829260970e-03,7.2616916750e-03,7.1013956480e-01,2.9805537270e-03,7.0163713200e-03,1.189267e-03,-2.372370e-06,-2.453204e-04
NN3G,Global,older,24,7.0895289470e-01,2.9853918100e-03,7.2623625780e-03,7.1015113850e-01,2.9912583470e-03,7.0158371570e-03,1.198244e-03,5.866537e-06,-2.465254e-04
NN3G,Global,older,25,7.0895611780e-01,2.9876940030e-03,7.2628815140e-03,7.1015786240e-01,3.0026015160e-03,7.0168408960e-03,1.201745e-03,1.490751e-05,-2.460406e-04
NN3G,Global,older,26,7.0895990080e-01,2.9897971410e-03,7.2632658940e-03,7.1016057010e-01,3.0137668070e-03,7.0190301120e-03,1.200669e-03,2.396967e-05,-2.442358e-04
NN3G,Global,older,27,7.0896414810e-01,2.9916917620e-03,7.2635506770e-03,7.1016023750e-01,3.0241193860e-03,7.0219714160e-03,1.196089e-03,3.242762e-05,-2.415793e-04
NN3G,Global,older,28,7.0896875290e-01,2.9933933300e-03,7.2637772400e-03,7.1015798620e-01,3.0333015320e-03,7.0252797070e-03,1.189233e-03,3.990820e-05,-2.384975e-04
NN3G,Global,older,29,7.0897360920e-01,2.9949349820e-03,7.2639856590e-03,7.1015497650e-01,3.0411950430e-03,7.0286713890e-03,1.181367e-03,4.626006e-05,-2.353143e-04
NN3G,Global,older,30,7.0897862100e-01,2.9963573850e-03,7.2642101230e-03,7.1015226130e-01,3.0477956800e-03,7.0319531910e-03,1.173640e-03,5.143830e-05,-2.322569e-04
NN3G,Global,older,31,7.0898370500e-01,2.9976987920e-03,7.2644763800e-03,7.1015063770e-01,3.0531215120e-03,7.0349881660e-03,1.166933e-03,5.542272e-05,-2.294882e-04
NN3G,Global,older,32,7.0898879100e-01,2.9989874080e-03,7.2648004620e-03,7.1015060910e-01,3.0571498560e-03,7.0376814290e-03,1.161818e-03,5.816245e-05,-2.271190e-04
NN3G,Global,older,33,7.0899382070e-01,3.0002373250e-03,7.2651885240e-03,7.1015240760e-01,3.0598281470e-03,7.0399709880e-03,1.158587e-03,5.959082e-05,-2.252175e-04
NN3G,Global,older,34,7.0899874600e-01,3.0014487080e-03,7.2656379450e-03,7.1015604690e-01,3.0611324130e-03,7.0418266810e-03,1.157301e-03,5.968370e-05,-2.238113e-04
NN3G,Global,older,35,7.0900352870e-01,3.0026118810e-03,7.2661398410e-03,7.1016138990e-01,3.0611430590e-03,7.0432554020e-03,1.157861e-03,5.853118e-05,-2.228844e-04
NN3G,Global,older,36,7.0900814060e-01,3.0037134920e-03,7.2666827500e-03,7.1016821360e-01,3.0600838580e-03,7.0442999550e-03,1.160073e-03,5.637037e-05,-2.223828e-04
NN3G,Global,older,37,7.0901256480e-01,3.0047424180e-03,7.2672564610e-03,7.1017625270e-01,3.0582951030e-03,7.0450300190e-03,1.163688e-03,5.355268e-05,-2.222264e-04
NN3G,Global,older,38,7.0901679550e-01,3.0056938420e-03,7.2678550440e-03,7.1018523550e-01,3.0561464220e-03,7.0455295880e-03,1.168440e-03,5.045258e-05,-2.223255e-04
NN3G,Global,older,39,7.0902083660e-01,3.0065712010e-03,7.2684781530e-03,7.1019493650e-01,3.0539109520e-03,7.0458820500e-03,1.174100e-03,4.733975e-05,-2.225961e-04
NN3G,Global,older,40,7.0902469850e-01,3.0073858680e-03,7.2691305220e-03,7.1020518930e-01,3.0517334050e-03,7.0461741710e-03,1.180491e-03,4.434754e-05,-2.229564e-04
NN3G,Global,older,41,7.0902839390e-01,3.0081550380e-03,7.2698198270e-03,7.1021586460e-01,3.0496128300e-03,7.0464829040e-03,1.187471e-03,4.145779e-05,-2.233369e-04
NN3G,Global,older,42,7.0903193720e-01,3.0088976190e-03,7.2705538050e-03,7.1022687170e-01,3.0474343870e-03,7.0468868320e-03,1.194934e-03,3.853677e-05,-2.236670e-04
NN3G,Global,older,43,7.0903534200e-01,3.0096327960e-03,7.2713379130e-03,7.1023813910e-01,3.0450362670e-03,7.0474620800e-03,1.202797e-03,3.540347e-05,-2.238758e-04
NN3G,Global,older,44,7.0903861900e-01,3.0103773840e-03,7.2721746780e-03,7.1024958480e-01,3.0422801430e-03,7.0482725940e-03,1.210966e-03,3.190276e-05,-2.239021e-04
NN3G,Global,older,45,7.0904177580e-01,3.0111412890e-03,7.2730636380e-03,7.1026110220e-01,3.0390969780e-03,7.0493676110e-03,1.219326e-03,2.795569e-05,-2.236960e-04
NN3G,Global,older,46,7.0904481730e-01,3.0119254140e-03,7.2740017470e-03,7.1027255040e-01,3.0355110600e-03,7.0507820680e-03,1.227733e-03,2.358565e-05,-2.232197e-04
NN3G,Global,older,47,7.0904774550e-01,3.0127328080e-03,7.2749841330e-03,7.1028374520e-01,3.0316578250e-03,7.0525368120e-03,1.236000e-03,1.892502e-05,-2.224473e-04
NN3G,Global,older,48,7.0905056190e-01,3.0135635930e-03,7.2760053340e-03,7.1029446490e-01,3.0277511460e-03,7.0546340630e-03,1.243903e-03,1.418755e-05,-2.213713e-04
NN3G,Global,older,49,7.0905327030e-01,3.0144109190e-03,7.2770605390e-03,7.1030446940e-01,3.0240413500e-03,7.0570585340e-03,1.251199e-03,9.630431e-06,-2.200020e-04
NN3G,Global,older,50,7.0905587630e-01,3.0152640590e-03,7.2781460740e-03,7.1031351960e-01,3.0207753670e-03,7.0597848120e-03,1.257643e-03,5.511308e-06,-2.183613e-04
NN3G,Global,older,51,7.0905838740e-01,3.0161128170e-03,7.2792591880e-03,7.1032138930e-01,3.0182082400e-03,7.0627867480e-03,1.263002e-03,2.095423e-06,-2.164724e-04
NN3G,Global,older,52,7.0906081150e-01,3.0169493380e-03,7.2803976380e-03,7.1032789370e-01,3.0165154690e-03,7.0660353880e-03,1.267082e-03,-4.338690e-07,-2.143622e-04
BAR2G,Global,full,2,7.0900224240e-01,3.0572187540e-03,7.2228417010e-03,7.0171724100e-01,9.3535447440e-03,8.8966176830e-03,-7.285001e-03,6.296326e-03,1.673776e-03
BAR2G,Global,full,3,7.0890963260e-01,2.9775012930e-03,7.2431265100e-03,7.0458606920e-01,7.8673444690e-03,8.2281866820e-03,-4.323563e-03,4.889843e-03,9.850602e-04
BAR2G,Global,full,4,7.0887367800e-01,2.9255660480e-03,7.2507185020e-03,7.0680381690e-01,6.4313841980e-03,7.7570389600e-03,-2.069861e-03,3.505818e-03,5.063205e-04
BAR2G,Global,full,5,7.0887371100e-01,2.9137362710e-03,7.2532041350e-03,7.0814439050e-01,5.4083431660e-03,7.4747012850e-03,-7.293205e-04,2.494607e-03,2.214972e-04
BAR2G,Global,full,6,7.0888417370e-01,2.9243727130e-03,7.2548047050e-03,7.0877691520e-01,4.8131111390e-03,7.3294469870e-03,-1.072585e-04,1.888738e-03,7.464228e-05
BAR2G,Global,full,7,7.0889062790e-01,2.9393406760e-03,7.2565288090e-03,7.0896936450e-01,4.5144019820e-03,7.2699490830e-03,7.873660e-05,1.575061e-03,1.342027e-05
BAR2G,Global,full,8,7.0889081250e-01,2.9506844110e-03,7.2583326310e-03,7.0893955000e-01,4.3775721950e-03,7.2605329050e-03,4.873750e-05,1.426888e-03,2.200274e-06
BAR2G,Global,full,9,7.0888859600e-01,2.9576015890e-03,7.2598594080e-03,7.0881357470e-01,4.3197123680e-03,7.2784974370e-03,-7.502130e-05,1.362111e-03,1.863803e-05
BAR2G,Global,full,10,7.0888827950e-01,2.9613664240e-03,7.2606991590e-03,7.0864651350e-01,4.3047719840e-03,7.3099173270e-03,-2.417660e-04,1.343406e-03,4.921817e-05
BAR2G,Global,full,11,7.0889198070e-01,2.9630463280e-03,7.2606672050e-03,7.0845908780e-01,4.3166536440e-03,7.3470457620e-03,-4.328929e-04,1.353607e-03,8.637856e-05
BAR2G,Global,full,12,7.0889949820e-01,2.9634030470e-03,7.2599221650e-03,7.0826398540e-01,4.3408871540e-03,7.3866660100e-03,-6.355128e-04,1.377484e-03,1.267438e-04
BAR2G,Global,full,13,7.0890926680e-01,2.9632290260e-03,7.2588501520e-03,7.0807433380e-01,4.3626025070e-03,7.4274449080e-03,-8.349330e-04,1.399373e-03,1.685948e-04
BAR2G,Global,full,14,7.0891939600e-01,2.9632892330e-03,7.2578485190e-03,7.0790180500e-01,4.3714706030e-03,7.4675133050e-03,-1.017591e-03,1.408181e-03,2.096648e-04
BAR2G,Global,full,15,7.0892836650e-01,2.9640469480e-03,7.2571748180e-03,7.0775365070e-01,4.3644610360e-03,7.5041652680e-03,-1.174716e-03,1.400414e-03,2.469904e-04
BAR2G,Global,full,16,7.0893533350e-01,2.9655626690e-03,7.2569176540e-03,7.0763199380e-01,4.3443559030e-03,7.5348289550e-03,-1.303340e-03,1.378793e-03,2.779113e-04
BAR2G,Global,full,17,7.0894012530e-01,2.9676354770e-03,7.2570518770e-03,7.0753533590e-01,4.3162850510e-03,7.5582800820e-03,-1.404789e-03,1.348650e-03,3.012282e-04
BAR2G,Global,full,18,7.0894307210e-01,2.9700149230e-03,7.2575063720e-03,7.0746034390e-01,4.2850024210e-03,7.5748481880e-03,-1.482728e-03,1.314987e-03,3.173418e-04
BAR2G,Global,full,19,7.0894477180e-01,2.9725323050e-03,7.2582010140e-03,7.0740318220e-01,4.2539607390e-03,7.5858568290e-03,-1.541590e-03,1.281428e-03,3.276558e-04
BAR2G,Global,full,20,7.0894587500e-01,2.9751138630e-03,7.2590533730e-03,7.0736021530e-01,4.2251119450e-03,7.5927849200e-03,-1.585660e-03,1.249998e-03,3.337315e-04
BAR2G,Global,full,21,7.0894693500e-01,2.9777309430e-03,7.2599759380e-03,7.0732847570e-01,4.1990526480e-03,7.5967784030e-03,-1.618459e-03,1.221322e-03,3.368025e-04
BAR2G,Global,full,22,7.0894833780e-01,2.9803520120e-03,7.2608805570e-03,7.0730584920e-01,4.1753430930e-03,7.5985479440e-03,-1.642489e-03,1.194991e-03,3.376674e-04
BAR2G,Global,full,23,7.0895029770e-01,2.9829260970e-03,7.2616916750e-03,7.0729104610e-01,4.1529607220e-03,7.5985337950e-03,-1.659252e-03,1.170035e-03,3.368421e-04
BAR2G,Global,full,24,7.0895289470e-01,2.9853918100e-03,7.2623625780e-03,7.0728325230e-01,4.1308661270e-03,7.5971158750e-03,-1.669642e-03,1.145474e-03,3.347533e-04
BAR2G,Global,full,25,7.0895611780e-01,2.9876940030e-03,7.2628815140e-03,7.0728181850e-01,4.1078879810e-03,7.5946849370e-03,-1.674299e-03,1.120194e-03,3.318034e-04
BAR2G,Global,full,26,7.0895990080e-01,2.9897971410e-03,7.2632658940e-03,7.0728581730e-01,4.0833163860e-03,7.5916441240e-03,-1.674084e-03,1.093519e-03,3.283782e-04
BAR2G,Global,full,27,7.0896414810e-01,2.9916917620e-03,7.2635506770e-03,7.0729384340e-01,4.0569598160e-03,7.5883314510e-03,-1.670305e-03,1.065268e-03,3.247808e-04
BAR2G,Global,full,28,7.0896875290e-01,2.9933933300e-03,7.2637772400e-03,7.0730411540e-01,4.0289013060e-03,7.5849825580e-03,-1.664638e-03,1.035508e-03,3.212053e-04
BAR2G,Global,full,29,7.0897360920e-01,2.9949349820e-03,7.2639856590e-03,7.0731480530e-01,3.9993143290e-03,7.5817349320e-03,-1.658804e-03,1.004379e-03,3.177493e-04
BAR2G,Global,full,30,7.0897862100e-01,2.9963573850e-03,7.2642101230e-03,7.0732431930e-01,3.9684425170e-03,7.5786510770e-03,-1.654302e-03,9.720851e-04,3.144410e-04
BAR2G,Global,full,31,7.0898370500e-01,2.9976987920e-03,7.2644763800e-03,7.0733151960e-01,3.9366139360e-03,7.5757417430e-03,-1.652185e-03,9.389151e-04,3.112654e-04
BAR2G,Global,full,32,7.0898879100e-01,2.9989874080e-03,7.2648004620e-03,7.0733588450e-01,3.9042761290e-03,7.5729887290e-03,-1.652907e-03,9.052887e-04,3.081883e-04
BAR2G,Global,full,33,7.0899382070e-01,3.0002373250e-03,7.2651885240e-03,7.0733756130e-01,3.8719515260e-03,7.5703624950e-03,-1.656259e-03,8.717142e-04,3.051740e-04
BAR2G,Global,full,34,7.0899874600e-01,3.0014487080e-03,7.2656379450e-03,7.0733726320e-01,3.8401360170e-03,7.5678188780e-03,-1.661483e-03,8.386873e-04,3.021809e-04
BAR2G,Global,full,35,7.0900352870e-01,3.0026118810e-03,7.2661398410e-03,7.0733607270e-01,3.8093333980e-03,7.5653002040e-03,-1.667456e-03,8.067215e-04,2.991604e-04
BAR2G,Global,full,36,7.0900814060e-01,3.0037134920e-03,7.2666827500e-03,7.0733523740e-01,3.7799976390e-03,7.5627317460e-03,-1.672903e-03,7.762841e-04,2.960490e-04
BAR2G,Global,full,37,7.0901256480e-01,3.0047424180e-03,7.2672564610e-03,7.0733593860e-01,3.7525021920e-03,7.5600159010e-03,-1.676626e-03,7.477598e-04,2.927594e-04
BAR2G,Global,full,38,7.0901679550e-01,3.0056938420e-03,7.2678550440e-03,7.0733908750e-01,3.7271540570e-03,7.5570444970e-03,-1.677708e-03,7.214602e-04,2.891895e-04
BAR2G,Global,full,39,7.0902083660e-01,3.0065712010e-03,7.2684781530e-03,7.0734520620e-01,3.7041844780e-03,7.5537300810e-03,-1.675630e-03,6.976133e-04,2.852519e-04
BAR2G,Global,full,40,7.0902469850e-01,3.0073858680e-03,7.2691305220e-03,7.0735438800e-01,3.6837348860e-03,7.5500389770e-03,-1.670311e-03,6.763490e-04,2.809085e-04
BAR2G,Global,full,41,7.0902839390e-01,3.0081550380e-03,7.2698198270e-03,7.0736632830e-01,3.6658282890e-03,7.5460053690e-03,-1.662066e-03,6.576733e-04,2.761855e-04
BAR2G,Global,full,42,7.0903193720e-01,3.0088976190e-03,7.2705538050e-03,7.0738037810e-01,3.6503772870e-03,7.5417296890e-03,-1.651559e-03,6.414797e-04,2.711759e-04
BAR2G,Global,full,43,7.0903534200e-01,3.0096327960e-03,7.2713379130e-03,7.0739563720e-01,3.6372228420e-03,7.5373577820e-03,-1.639705e-03,6.275900e-04,2.660199e-04
BAR2G,Global,full,44,7.0903861900e-01,3.0103773840e-03,7.2721746780e-03,7.0741107520e-01,3.6261226430e-03,7.5330526420e-03,-1.627544e-03,6.157453e-04,2.608780e-04
BAR2G,Global,full,45,7.0904177580e-01,3.0111412890e-03,7.2730636380e-03,7.0742563930e-01,3.6168004450e-03,7.5289542550e-03,-1.616137e-03,6.056592e-04,2.558906e-04
BAR2G,Global,full,46,7.0904481730e-01,3.0119254140e-03,7.2740017470e-03,7.0743837930e-01,3.6089620050e-03,7.5251633160e-03,-1.606438e-03,5.970366e-04,2.511616e-04
BAR2G,Global,full,47,7.0904774550e-01,3.0127328080e-03,7.2749841330e-03,7.0744857280e-01,3.6023619660e-03,7.5217416800e-03,-1.599173e-03,5.896292e-04,2.467575e-04
BAR2G,Global,full,48,7.0905056190e-01,3.0135635930e-03,7.2760053340e-03,7.0745580970e-01,3.5967983900e-03,7.5187103990e-03,-1.594752e-03,5.832348e-04,2.427051e-04
BAR2G,Global,full,49,7.0905327030e-01,3.0144109190e-03,7.2770605390e-03,7.0745999010e-01,3.5921164400e-03,7.5160648370e-03,-1.593280e-03,5.777055e-04,2.390043e-04
BAR2G,Global,full,50,7.0905587630e-01,3.0152640590e-03,7.2781460740e-03,7.0746128700e-01,3.5882158740e-03,7.5137901580e-03,-1.594589e-03,5.729518e-04,2.356441e-04
BAR2G,Global,full,51,7.0905838740e-01,3.0161128170e-03,7.2792591880e-03,7.0746011310e-01,3.5850350720e-03,7.5118634730e-03,-1.598274e-03,5.689223e-04,2.326043e-04
BAR2G,Global,full,52,7.0906081150e-01,3.0169493380e-03,7.2803976380e-03,7.0745706490e-01,3.5825131380e-03,7.5102461570e-03,-1.603747e-03,5.655638e-04,2.298485e-04
BAR2G,Global,latest,2,7.0900224240e-01,3.0572187540e-03,7.2228417010e-03,6.9929308280e-01,1.1447452760e-02,9.4391385590e-03,-9.709160e-03,8.390234e-03,2.216297e-03
BAR2G,Global,latest,3,7.0890963260e-01,2.9775012930e-03,7.2431265100e-03,7.0236712310e-01,1.0188999640e-02,8.7384062710e-03,-6.542509e-03,7.211498e-03,1.495280e-03
BAR2G,Global,latest,4,7.0887367800e-01,2.9255660480e-03,7.2507185020e-03,7.0541285710e-01,8.3548548710e-03,8.1043782110e-03,-3.460821e-03,5.429289e-03,8.536597e-04
BAR2G,Global,latest,5,7.0887371100e-01,2.9137362710e-03,7.2532041350e-03,7.0746651670e-01,6.8623313210e-03,7.6679773190e-03,-1.407194e-03,3.948595e-03,4.147732e-04
BAR2G,Global,latest,6,7.0888417370e-01,2.9243727130e-03,7.2548047050e-03,7.0853319930e-01,5.9168990940e-03,7.4169017680e-03,-3.509744e-04,2.992526e-03,1.620971e-04
BAR2G,Global,latest,7,7.0889062790e-01,2.9393406760e-03,7.2565288090e-03,7.0892813510e-01,5.4062260980e-03,7.2994311250e-03,3.750720e-05,2.466885e-03,4.290232e-05
BAR2G,Global,latest,8,7.0889081250e-01,2.9506844110e-03,7.2583326310e-03,7.0895837200e-01,5.1547597300e-03,7.2676720720e-03,6.755950e-05,2.204075e-03,9.339441e-06
BAR2G,Global,latest,9,7.0888859600e-01,2.9576015890e-03,7.2598594080e-03,7.0881617330e-01,5.0387772150e-03,7.2842657290e-03,-7.242270e-05,2.081176e-03,2.440632e-05
BAR2G,Global,latest,10,7.0888827950e-01,2.9613664240e-03,7.2606991590e-03,7.0859309610e-01,4.9976566650e-03,7.3247047450e-03,-2.951834e-04,2.036290e-03,6.400559e-05
BAR2G,Global,latest,11,7.0889198070e-01,2.9630463280e-03,7.2606672050e-03,7.0832823970e-01,5.0025789220e-03,7.3759295330e-03,-5.637410e-04,2.039533e-03,1.152623e-04
BAR2G,Global,latest,12,7.0889949820e-01,2.9634030470e-03,7.2599221650e-03,7.0804453640e-01,5.0307579030e-03,7.4325475330e-03,-8.549618e-04,2.067355e-03,1.726254e-04
BAR2G,Global,latest,13,7.0890926680e-01,2.9632290260e-03,7.2588501520e-03,7.0776300950e-01,5.0595647580e-03,7.4921253050e-03,-1.146257e-03,2.096336e-03,2.332752e-04
BAR2G,Global,latest,14,7.0891939600e-01,2.9632892330e-03,7.2578485190e-03,7.0750206460e-01,5.0723915100e-03,7.5516525280e-03,-1.417331e-03,2.109102e-03,2.938040e-04
BAR2G,Global,latest,15,7.0892836650e-01,2.9640469480e-03,7.2571748180e-03,7.0727402660e-01,5.0630465530e-03,7.6068773060e-03,-1.654340e-03,2.099000e-03,3.497025e-04
BAR2G,Global,latest,16,7.0893533350e-01,2.9655626690e-03,7.2569176540e-03,7.0708400680e-01,5.0342795880e-03,7.6538616030e-03,-1.851327e-03,2.068717e-03,3.969439e-04
BAR2G,Global,latest,17,7.0894012530e-01,2.9676354770e-03,7.2570518770e-03,7.0693131890e-01,4.9928336200e-03,7.6905757960e-03,-2.008806e-03,2.025198e-03,4.335239e-04
BAR2G,Global,latest,18,7.0894307210e-01,2.9700149230e-03,7.2575063720e-03,7.0681185670e-01,4.9455008900e-03,7.7172320670e-03,-2.131215e-03,1.975486e-03,4.597257e-04
BAR2G,Global,latest,19,7.0894477180e-01,2.9725323050e-03,7.2582010140e-03,7.0672019410e-01,4.8978158270e-03,7.7354690610e-03,-2.224578e-03,1.925284e-03,4.772680e-04
BAR2G,Global,latest,20,7.0894587500e-01,2.9751138630e-03,7.2590533730e-03,7.0665078050e-01,4.8533864280e-03,7.7473328030e-03,-2.295094e-03,1.878273e-03,4.882794e-04
BAR2G,Global,latest,21,7.0894693500e-01,2.9777309430e-03,7.2599759380e-03,7.0659888030e-01,4.8135610790e-03,7.7545049650e-03,-2.348055e-03,1.835830e-03,4.945290e-04
BAR2G,Global,latest,22,7.0894833780e-01,2.9803520120e-03,7.2608805570e-03,7.0656099030e-01,4.7778772950e-03,7.7580929950e-03,-2.387348e-03,1.797525e-03,4.972124e-04
BAR2G,Global,latest,23,7.0895029770e-01,2.9829260970e-03,7.2616916750e-03,7.0653489560e-01,4.7445532610e-03,7.7588492870e-03,-2.415402e-03,1.761627e-03,4.971576e-04
BAR2G,Global,latest,24,7.0895289470e-01,2.9853918100e-03,7.2623625780e-03,7.0651944440e-01,4.7114689890e-03,7.7575476260e-03,-2.433450e-03,1.726077e-03,4.951850e-04
BAR2G,Global,latest,25,7.0895611780e-01,2.9876940030e-03,7.2628815140e-03,7.0651325190e-01,4.6770160540e-03,7.7546154200e-03,-2.442866e-03,1.689322e-03,4.917339e-04
BAR2G,Global,latest,26,7.0895990080e-01,2.9897971410e-03,7.2632658940e-03,7.0651471990e-01,4.6402326990e-03,7.7505271060e-03,-2.445181e-03,1.650436e-03,4.872612e-04
BAR2G,Global,latest,27,7.0896414810e-01,2.9916917620e-03,7.2635506770e-03,7.0652204930e-01,4.6006474600e-03,7.7459119160e-03,-2.442099e-03,1.608956e-03,4.823612e-04
BAR2G,Global,latest,28,7.0896875290e-01,2.9933933300e-03,7.2637772400e-03,7.0653290320e-01,4.5582071980e-03,7.7412264330e-03,-2.435850e-03,1.564814e-03,4.774492e-04
BAR2G,Global,latest,29,7.0897360920e-01,2.9949349820e-03,7.2639856590e-03,7.0654467970e-01,4.5132263840e-03,7.7367194070e-03,-2.428929e-03,1.518291e-03,4.727337e-04
BAR2G,Global,latest,30,7.0897862100e-01,2.9963573850e-03,7.2642101230e-03,7.0655497700e-01,4.4663021500e-03,7.7324841410e-03,-2.423644e-03,1.469945e-03,4.682740e-04
BAR2G,Global,latest,31,7.0898370500e-01,2.9976987920e-03,7.2644763800e-03,7.0656198530e-01,4.4182480990e-03,7.7285205130e-03,-2.421720e-03,1.420549e-03,4.640441e-04
BAR2G,Global,latest,32,7.0898879100e-01,2.9989874080e-03,7.2648004620e-03,7.0656484620e-01,4.3696294660e-03,7.7247695620e-03,-2.423945e-03,1.370642e-03,4.599691e-04
BAR2G,Global,latest,33,7.0899382070e-01,3.0002373250e-03,7.2651885240e-03,7.0656368010e-01,4.3209198450e-03,7.7211430470e-03,-2.430141e-03,1.320683e-03,4.559545e-04
BAR2G,Global,latest,34,7.0899874600e-01,3.0014487080e-03,7.2656379450e-03,7.0655954680e-01,4.2727633590e-03,7.7176414640e-03,-2.439199e-03,1.271315e-03,4.520035e-04
BAR2G,Global,latest,35,7.0900352870e-01,3.0026118810e-03,7.2661398410e-03,7.0655400170e-01,4.2260515360e-03,7.7141862230e-03,-2.449527e-03,1.223440e-03,4.480464e-04
BAR2G,Global,latest,36,7.0900814060e-01,3.0037134920e-03,7.2666827500e-03,7.0654881710e-01,4.1815397090e-03,7.7106234240e-03,-2.459323e-03,1.177826e-03,4.439407e-04
BAR2G,Global,latest,37,7.0901256480e-01,3.0047424180e-03,7.2672564610e-03,7.0654571300e-01,4.1397849330e-03,7.7067711950e-03,-2.466852e-03,1.135043e-03,4.395147e-04
BAR2G,Global,latest,38,7.0901679550e-01,3.0056938420e-03,7.2678550440e-03,7.0654613510e-01,4.1011502160e-03,7.7024607080e-03,-2.470660e-03,1.095456e-03,4.346057e-04
BAR2G,Global,latest,39,7.0902083660e-01,3.0065712010e-03,7.2684781530e-03,7.0655100850e-01,4.0659082620e-03,7.6975644920e-03,-2.469828e-03,1.059337e-03,4.290863e-04
BAR2G,Global,latest,40,7.0902469850e-01,3.0073858680e-03,7.2691305220e-03,7.0656060240e-01,4.0342670070e-03,7.6920250990e-03,-2.464096e-03,1.026881e-03,4.228946e-04
BAR2G,Global,latest,41,7.0902839390e-01,3.0081550380e-03,7.2698198270e-03,7.0657452630e-01,4.0063310590e-03,7.6858848490e-03,-2.453868e-03,9.981760e-04,4.160650e-04
BAR2G,Global,latest,42,7.0903193720e-01,3.0088976190e-03,7.2705538050e-03,7.0659185360e-01,3.9820362900e-03,7.6792843070e-03,-2.440084e-03,9.731387e-04,4.087305e-04
BAR2G,Global,latest,43,7.0903534200e-01,3.0096327960e-03,7.2713379130e-03,7.0661128350e-01,3.9611396030e-03,7.6724318560e-03,-2.424058e-03,9.515068e-04,4.010939e-04
BAR2G,Global,latest,44,7.0903861900e-01,3.0103773840e-03,7.2721746780e-03,7.0663129680e-01,3.9432684460e-03,7.6655627770e-03,-2.407322e-03,9.328911e-04,3.933881e-04
BAR2G,Global,latest,45,7.0904177580e-01,3.0111412890e-03,7.2730636380e-03,7.0665031430e-01,3.9281310840e-03,7.6589020320e-03,-2.391462e-03,9.169898e-04,3.858384e-04
BAR2G,Global,latest,46,7.0904481730e-01,3.0119254140e-03,7.2740017470e-03,7.0666689890e-01,3.9153330340e-03,7.6526203190e-03,-2.377918e-03,9.034076e-04,3.786186e-04
BAR2G,Global,latest,47,7.0904774550e-01,3.0127328080e-03,7.2749841330e-03,7.0667994080e-01,3.9044703350e-03,7.6468330650e-03,-2.367805e-03,8.917375e-04,3.718489e-04
BAR2G,Global,latest,48,7.0905056190e-01,3.0135635930e-03,7.2760053340e-03,7.0668873120e-01,3.8952488060e-03,7.6415952410e-03,-2.361831e-03,8.816852e-04,3.655899e-04
BAR2G,Global,latest,49,7.0905327030e-01,3.0144109190e-03,7.2770605390e-03,7.0669302610e-01,3.8874563570e-03,7.6369211910e-03,-2.360244e-03,8.730454e-04,3.598607e-04
BAR2G,Global,latest,50,7.0905587630e-01,3.0152640590e-03,7.2781460740e-03,7.0669308560e-01,3.8808836030e-03,7.6327944770e-03,-2.362791e-03,8.656195e-04,3.546484e-04
BAR2G,Global,latest,51,7.0905838740e-01,3.0161128170e-03,7.2792591880e-03,7.0668951110e-01,3.8753958830e-03,7.6291790670e-03,-2.368876e-03,8.592831e-04,3.499199e-04
BAR2G,Global,latest,52,7.0906081150e-01,3.0169493380e-03,7.2803976380e-03,7.0668317710e-01,3.8709043120e-03,7.6260153150e-03,-2.377634e-03,8.539550e-04,3.456177e-04
BAR2G,Global,older,2,7.0900224240e-01,3.0572187540e-03,7.2228417010e-03,7.1144862140e-01,9.5079114900e-04,6.6636968040e-03,2.446379e-03,-2.106428e-03,-5.591449e-04
BAR2G,Global,older,3,7.0890963260e-01,2.9775012930e-03,7.2431265100e-03,7.1120253730e-01,6.3335986030e-04,6.7364481130e-03,2.292905e-03,-2.344141e-03,-5.066784e-04
BAR2G,Global,older,4,7.0887367800e-01,2.9255660480e-03,7.2507185020e-03,7.1037151780e-01,9.5595568240e-04,6.9210810570e-03,1.497840e-03,-1.969610e-03,-3.296374e-04
BAR2G,Global,older,5,7.0887371100e-01,2.9137362710e-03,7.2532041350e-03,7.0966247080e-01,1.4058565150e-03,7.0736815400e-03,7.887598e-04,-1.507880e-03,-1.795226e-04
BAR2G,Global,older,6,7.0888417370e-01,2.9243727130e-03,7.2548047050e-03,7.0923277600e-01,1.7777927390e-03,7.1715397770e-03,3.486023e-04,-1.146580e-03,-8.326493e-05
BAR2G,Global,older,7,7.0889062790e-01,2.9393406760e-03,7.2565288090e-03,7.0903552670e-01,2.0231490140e-03,7.2244187250e-03,1.448988e-04,-9.161917e-04,-3.211008e-05
BAR2G,Global,older,8,7.0889081250e-01,2.9506844110e-03,7.2583326310e-03,7.0898343380e-01,2.1631907440e-03,7.2460799680e-03,9.262130e-05,-7.874937e-04,-1.225266e-05
BAR2G,Global,older,9,7.0888859600e-01,2.9576015890e-03,7.2598594080e-03,7.0901016090e-01,2.2346942690e-03,7.2477078910e-03,1.215649e-04,-7.229073e-04,-1.215152e-05
BAR2G,Global,older,10,7.0888827950e-01,2.9613664240e-03,7.2606991590e-03,7.0907874120e-01,2.2656252980e-03,7.2373488340e-03,1.904617e-04,-6.957411e-04,-2.335032e-05
BAR2G,Global,older,11,7.0889198070e-01,2.9630463280e-03,7.2606672050e-03,7.0917063640e-01,2.2729465960e-03,7.2203815980e-03,2.786557e-04,-6.900997e-04,-4.028561e-05
BAR2G,Global,older,12,7.0889949820e-01,2.9634030470e-03,7.2599221650e-03,7.0927431700e-01,2.2682526330e-03,7.2000686600e-03,3.748188e-04,-6.951504e-04,-5.985350e-05
BAR2G,Global,older,13,7.0890926680e-01,2.9632290260e-03,7.2588501520e-03,7.0938024000e-01,2.2610101760e-03,7.1785512480e-03,4.709732e-04,-7.022188e-04,-8.029890e-05
BAR2G,Global,older,14,7.0891939600e-01,2.9632892330e-03,7.2578485190e-03,7.0948025280e-01,2.2581629700e-03,7.1575016060e-03,5.608568e-04,-7.051263e-04,-1.003469e-04
BAR2G,Global,older,15,7.0892836650e-01,2.9640469480e-03,7.2571748180e-03,7.0956857090e-01,2.2627043040e-03,7.1383508500e-03,6.402044e-04,-7.013426e-04,-1.188240e-04
BAR2G,Global,older,16,7.0893533350e-01,2.9655626690e-03,7.2569176540e-03,7.0964238080e-01,2.2741725430e-03,7.1222609660e-03,7.070473e-04,-6.913901e-04,-1.346567e-04
BAR2G,Global,older,17,7.0894012530e-01,2.9676354770e-03,7.2570518770e-03,7.0970146140e-01,2.2903121740e-03,7.1098942700e-03,7.613361e-04,-6.773233e-04,-1.471576e-04
BAR2G,Global,older,18,7.0894307210e-01,2.9700149230e-03,7.2575063720e-03,7.0974730110e-01,2.3086249410e-03,7.1012951840e-03,8.042290e-04,-6.613900e-04,-1.562112e-04
BAR2G,Global,older,19,7.0894477180e-01,2.9725323050e-03,7.2582010140e-03,7.0978209870e-01,2.3272639100e-03,7.0959900570e-03,8.373269e-04,-6.452684e-04,-1.622110e-04
BAR2G,Global,older,20,7.0894587500e-01,2.9751138630e-03,7.2590533730e-03,7.0980814080e-01,2.3452799190e-03,7.0932668330e-03,8.622658e-04,-6.298339e-04,-1.657865e-04
BAR2G,Global,older,21,7.0894693500e-01,2.9777309430e-03,7.2599759380e-03,7.0982747770e-01,2.3624747580e-03,7.0924532010e-03,8.805427e-04,-6.152562e-04,-1.675227e-04
BAR2G,Global,older,22,7.0894833780e-01,2.9803520120e-03,7.2608805570e-03,7.0984174680e-01,2.3789759340e-03,7.0930172890e-03,8.934090e-04,-6.013761e-04,-1.678633e-04
BAR2G,Global,older,23,7.0895029770e-01,2.9829260970e-03,7.2616916750e-03,7.0985211140e-01,2.3950383880e-03,7.0945528690e-03,9.018137e-04,-5.878877e-04,-1.671388e-04
BAR2G,Global,older,24,7.0895289470e-01,2.9853918100e-03,7.2623625780e-03,7.0985933940e-01,2.4109618200e-03,7.0967359550e-03,9.064447e-04,-5.744300e-04,-1.656266e-04
BAR2G,Global,older,25,7.0895611780e-01,2.9876940030e-03,7.2628815140e-03,7.0986399600e-01,2.4269701660e-03,7.0992933570e-03,9.078782e-04,-5.607238e-04,-1.635882e-04
BAR2G,Global,older,26,7.0895990080e-01,2.9897971410e-03,7.2632658940e-03,7.0986666420e-01,2.4431910060e-03,7.1020309340e-03,9.067634e-04,-5.466061e-04,-1.612350e-04
BAR2G,Global,older,27,7.0896414810e-01,2.9916917620e-03,7.2635506770e-03,7.0986795900e-01,2.4596621740e-03,7.1047813720e-03,9.038109e-04,-5.320296e-04,-1.587693e-04
BAR2G,Global,older,28,7.0896875290e-01,2.9933933300e-03,7.2637772400e-03,7.0986858190e-01,2.4763890870e-03,7.1074398320e-03,8.998290e-04,-5.170042e-04,-1.563374e-04
BAR2G,Global,older,29,7.0897360920e-01,2.9949349820e-03,7.2639856590e-03,7.0986928280e-01,2.4934130880e-03,7.1099756770e-03,8.956736e-04,-5.015219e-04,-1.540100e-04
BAR2G,Global,older,30,7.0897862100e-01,2.9963573850e-03,7.2642101230e-03,7.0987074130e-01,2.5107778620e-03,7.1124097090e-03,8.921203e-04,-4.855795e-04,-1.518004e-04
BAR2G,Global,older,31,7.0898370500e-01,2.9976987920e-03,7.2644763800e-03,7.0987346270e-01,2.5284599430e-03,7.1147736860e-03,8.897577e-04,-4.692388e-04,-1.497027e-04
BAR2G,Global,older,32,7.0898879100e-01,2.9989874080e-03,7.2648004620e-03,7.0987764330e-01,2.5463634450e-03,7.1171000590e-03,8.888523e-04,-4.526240e-04,-1.477004e-04
BAR2G,Global,older,33,7.0899382070e-01,3.0002373250e-03,7.2651885240e-03,7.0988318760e-01,2.5643144470e-03,7.1194188290e-03,8.893669e-04,-4.359229e-04,-1.457697e-04
BAR2G,Global,older,34,7.0899874600e-01,3.0014487080e-03,7.2656379450e-03,7.0988973440e-01,2.5820974870e-03,7.1217512060e-03,8.909884e-04,-4.193512e-04,-1.438867e-04
BAR2G,Global,older,35,7.0900352870e-01,3.0026118810e-03,7.2661398410e-03,7.0989672670e-01,2.5994658840e-03,7.1241137070e-03,8.931980e-04,-4.031460e-04,-1.420261e-04
BAR2G,Global,older,36,7.0900814060e-01,3.0037134920e-03,7.2666827500e-03,7.0990351650e-01,2.6161587200e-03,7.1265283420e-03,8.953759e-04,-3.875548e-04,-1.401544e-04
BAR2G,Global,older,37,7.0901256480e-01,3.0047424180e-03,7.2672564610e-03,7.0990947980e-01,2.6319324040e-03,7.1290272910e-03,8.969150e-04,-3.728100e-04,-1.382292e-04
BAR2G,Global,older,38,7.0901679550e-01,3.0056938420e-03,7.2678550440e-03,7.0991410290e-01,2.6465946880e-03,7.1316511690e-03,8.973074e-04,-3.590992e-04,-1.362039e-04
BAR2G,Global,older,39,7.0902083660e-01,3.0065712010e-03,7.2684781530e-03,7.0991705840e-01,2.6599960600e-03,7.1344370890e-03,8.962218e-04,-3.465751e-04,-1.340411e-04
BAR2G,Global,older,40,7.0902469850e-01,3.0073858680e-03,7.2691305220e-03,7.0991825410e-01,2.6720403430e-03,7.1374112690e-03,8.935556e-04,-3.353455e-04,-1.317193e-04
BAR2G,Global,older,41,7.0902839390e-01,3.0081550380e-03,7.2698198270e-03,7.0991779480e-01,2.6827018720e-03,7.1405693460e-03,8.894009e-04,-3.254532e-04,-1.292505e-04
BAR2G,Global,older,42,7.0903193720e-01,3.0088976190e-03,7.2705538050e-03,7.0991596660e-01,2.6920124200e-03,7.1438856490e-03,8.840294e-04,-3.168852e-04,-1.266682e-04
BAR2G,Global,older,43,7.0903534200e-01,3.0096327960e-03,7.2713379130e-03,7.0991318180e-01,2.7000620430e-03,7.1473102900e-03,8.778398e-04,-3.095708e-04,-1.240276e-04
BAR2G,Global,older,44,7.0903861900e-01,3.0103773840e-03,7.2721746780e-03,7.0990992050e-01,2.7069886270e-03,7.1507738140e-03,8.713015e-04,-3.033888e-04,-1.214009e-04
BAR2G,Global,older,45,7.0904177580e-01,3.0111412890e-03,7.2730636380e-03,7.0990668350e-01,2.7129499620e-03,7.1542049620e-03,8.649077e-04,-2.981913e-04,-1.188587e-04
BAR2G,Global,older,46,7.0904481730e-01,3.0119254140e-03,7.2740017470e-03,7.0990394510e-01,2.7181000950e-03,7.1575461900e-03,8.591278e-04,-2.938253e-04,-1.164556e-04
BAR2G,Global,older,47,7.0904774550e-01,3.0127328080e-03,7.2749841330e-03,7.0990210050e-01,2.7225652200e-03,7.1607574180e-03,8.543550e-04,-2.901676e-04,-1.142267e-04
BAR2G,Global,older,48,7.0905056190e-01,3.0135635930e-03,7.2760053340e-03,7.0990142410e-01,2.7264455850e-03,7.1638165600e-03,8.508622e-04,-2.871180e-04,-1.121888e-04
BAR2G,Global,older,49,7.0905327030e-01,3.0144109190e-03,7.2770605390e-03,7.0990204650e-01,2.7298137160e-03,7.1667180970e-03,8.487762e-04,-2.845972e-04,-1.103424e-04
BAR2G,Global,older,50,7.0905587630e-01,3.0152640590e-03,7.2781460740e-03,7.0990395360e-01,2.7327510680e-03,7.1694689690e-03,8.480773e-04,-2.825130e-04,-1.086771e-04
BAR2G,Global,older,51,7.0905838740e-01,3.0161128170e-03,7.2792591880e-03,7.0990700250e-01,2.7353288420e-03,7.1720809260e-03,8.486151e-04,-2.807840e-04,-1.071783e-04
BAR2G,Global,older,52,7.0906081150e-01,3.0169493380e-03,7.2803976380e-03,7.0991094190e-01,2.7375993030e-03,7.1745693240e-03,8.501304e-04,-2.793500e-04,-1.058283e-04
BAR3G,Global,full,2,7.0900224240e-01,3.0572187540e-03,7.2228417010e-03,7.0179796160e-01,8.4969175530e-03,8.9509483290e-03,-7.204281e-03,5.439699e-03,1.728107e-03
BAR3G,Global,full,3,7.0890963260e-01,2.9775012930e-03,7.2431265100e-03,7.0464980210e-01,6.4263544600e-03,8.2863856820e-03,-4.259831e-03,3.448853e-03,1.043259e-03
BAR3G,Global,full,4,7.0887367800e-01,2.9255660480e-03,7.2507185020e-03,7.0679619460e-01,4.7319502250e-03,7.8148443780e-03,-2.077483e-03,1.806384e-03,5.641259e-04
BAR3G,Global,full,5,7.0887371100e-01,2.9137362710e-03,7.2532041350e-03,7.0803977860e-01,3.6489791950e-03,7.5524629810e-03,-8.339324e-04,7.352429e-04,2.992588e-04
BAR3G,Global,full,6,7.0888417370e-01,2.9243727130e-03,7.2548047050e-03,7.0855518830e-01,3.0963722240e-03,7.4414636230e-03,-3.289854e-04,1.719995e-04,1.866589e-04
BAR3G,Global,full,7,7.0889062790e-01,2.9393406760e-03,7.2565288090e-03,7.0861934330e-01,2.8858218760e-03,7.4166652270e-03,-2.712846e-04,-5.351880e-05,1.601364e-04
BAR3G,Global,full,8,7.0889081250e-01,2.9506844110e-03,7.2583326310e-03,7.0846835530e-01,2.8452057960e-03,7.4325163100e-03,-4.224572e-04,-1.054786e-04,1.741837e-04
BAR3G,Global,full,9,7.0888859600e-01,2.9576015890e-03,7.2598594080e-03,7.0825128650e-01,2.8649403930e-03,7.4638632080e-03,-6.373095e-04,-9.266120e-05,2.040038e-04
BAR3G,Global,full,10,7.0888827950e-01,2.9613664240e-03,7.2606991590e-03,7.0804022590e-01,2.8955204170e-03,7.4991479600e-03,-8.480536e-04,-6.584601e-05,2.384488e-04
BAR3G,Global,full,11,7.0889198070e-01,2.9630463280e-03,7.2606672050e-03,7.0785938800e-01,2.9239400120e-03,7.5340639600e-03,-1.032593e-03,-3.910632e-05,2.733968e-04
BAR3G,Global,full,12,7.0889949820e-01,2.9634030470e-03,7.2599221650e-03,7.0770998660e-01,2.9506009340e-03,7.5670290220e-03,-1.189512e-03,-1.280211e-05,3.071069e-04
BAR3G,Global,full,13,7.0890926680e-01,2.9632290260e-03,7.2588501520e-03,7.0758535030e-01,2.9772041490e-03,7.5971468120e-03,-1.323916e-03,1.397512e-05,3.382967e-04
BAR3G,Global,full,14,7.0891939600e-01,2.9632892330e-03,7.2578485190e-03,7.0747799160e-01,3.0039383030e-03,7.6237083400e-03,-1.441404e-03,4.064907e-05,3.658598e-04
BAR3G,Global,full,15,7.0892836650e-01,2.9640469480e-03,7.2571748180e-03,7.0738209540e-01,3.0302620300e-03,7.6462394920e-03,-1.546271e-03,6.621508e-05,3.890647e-04
BAR3G,Global,full,16,7.0893533350e-01,2.9655626690e-03,7.2569176540e-03,7.0729425470e-01,3.0552830090e-03,7.6646581500e-03,-1.641079e-03,8.972034e-05,4.077405e-04
BAR3G,Global,full,17,7.0894012530e-01,2.9676354770e-03,7.2570518770e-03,7.0721360520e-01,3.0773734110e-03,7.6794240680e-03,-1.726520e-03,1.097379e-04,4.223722e-04
BAR3G,Global,full,18,7.0894307210e-01,2.9700149230e-03,7.2575063720e-03,7.0714116320e-01,3.0940116910e-03,7.6913382060e-03,-1.801909e-03,1.239968e-04,4.338318e-04
BAR3G,Global,full,19,7.0894477180e-01,2.9725323050e-03,7.2582010140e-03,7.0707864890e-01,3.1024700240e-03,7.7011750750e-03,-1.866123e-03,1.299377e-04,4.429741e-04
BAR3G,Global,full,20,7.0894587500e-01,2.9751138630e-03,7.2590533730e-03,7.0702734200e-01,3.1009689410e-03,7.7093712920e-03,-1.918533e-03,1.258551e-04,4.503179e-04
BAR3G,Global,full,21,7.0894693500e-01,2.9777309430e-03,7.2599759380e-03,7.0698753170e-01,3.0896380020e-03,7.7160311250e-03,-1.959403e-03,1.119071e-04,4.560552e-04
BAR3G,Global,full,22,7.0894833780e-01,2.9803520120e-03,7.2608805570e-03,7.0695855050e-01,3.0705190310e-03,7.7210973510e-03,-1.989787e-03,9.016702e-05,4.602168e-04
BAR3G,Global,full,23,7.0895029770e-01,2.9829260970e-03,7.2616916750e-03,7.0693901920e-01,3.0470661420e-03,7.7245555190e-03,-2.011278e-03,6.414005e-05,4.628638e-04
BAR3G,Global,full,24,7.0895289470e-01,2.9853918100e-03,7.2623625780e-03,7.0692733160e-01,3.0226863770e-03,7.7265383270e-03,-2.025563e-03,3.729457e-05,4.641757e-04
BAR3G,Global,full,25,7.0895611780e-01,2.9876940030e-03,7.2628815140e-03,7.0692192720e-01,2.9997473840e-03,7.7273097690e-03,-2.034191e-03,1.205338e-05,4.644283e-04
BAR3G,Global,full,26,7.0895990080e-01,2.9897971410e-03,7.2632658940e-03,7.0692129040e-01,2.9796652490e-03,7.7271912940e-03,-2.038610e-03,-1.013189e-05,4.639254e-04
BAR3G,Global,full,27,7.0896414810e-01,2.9916917620e-03,7.2635506770e-03,7.0692395100e-01,2.9628672910e-03,7.7264589570e-03,-2.040197e-03,-2.882447e-05,4.629083e-04
BAR3G,Global,full,28,7.0896875290e-01,2.9933933300e-03,7.2637772400e-03,7.0692852050e-01,2.9490645000e-03,7.7253084100e-03,-2.040232e-03,-4.432883e-05,4.615312e-04
BAR3G,Global,full,29,7.0897360920e-01,2.9949349820e-03,7.2639856590e-03,7.0693372050e-01,2.9377183340e-03,7.7238755070e-03,-2.039889e-03,-5.721665e-05,4.598898e-04
BAR3G,Global,full,30,7.0897862100e-01,2.9963573850e-03,7.2642101230e-03,7.0693843920e-01,2.9284617560e-03,7.7222783520e-03,-2.040182e-03,-6.789563e-05,4.580682e-04
BAR3G,Global,full,31,7.0898370500e-01,2.9976987920e-03,7.2644763800e-03,7.0694178500e-01,2.9212654450e-03,7.7206416960e-03,-2.041920e-03,-7.643335e-05,4.561653e-04
BAR3G,Global,full,32,7.0898879100e-01,2.9989874080e-03,7.2648004620e-03,7.0694315080e-01,2.9163607780e-03,7.7191002260e-03,-2.045640e-03,-8.262663e-05,4.542998e-04
BAR3G,Global,full,33,7.0899382070e-01,3.0002373250e-03,7.2651885240e-03,7.0694221180e-01,2.9140171690e-03,7.7177861920e-03,-2.051609e-03,-8.622016e-05,4.525977e-04
BAR3G,Global,full,34,7.0899874600e-01,3.0014487080e-03,7.2656379450e-03,7.0693890240e-01,2.9144048610e-03,7.7168056250e-03,-2.059844e-03,-8.704385e-05,4.511677e-04
BAR3G,Global,full,35,7.0900352870e-01,3.0026118810e-03,7.2661398410e-03,7.0693336700e-01,2.9174581010e-03,7.7162267630e-03,-2.070162e-03,-8.515378e-05,4.500869e-04
BAR3G,Global,full,36,7.0900814060e-01,3.0037134920e-03,7.2666827500e-03,7.0692586890e-01,2.9228010750e-03,7.7160614780e-03,-2.082272e-03,-8.091242e-05,4.493787e-04
BAR3G,Global,full,37,7.0901256480e-01,3.0047424180e-03,7.2672564610e-03,7.0691672370e-01,2.9298388270e-03,7.7162742860e-03,-2.095841e-03,-7.490359e-05,4.490178e-04
BAR3G,Global,full,38,7.0901679550e-01,3.0056938420e-03,7.2678550440e-03,7.0690623420e-01,2.9379195730e-03,7.7167903810e-03,-2.110561e-03,-6.777427e-05,4.489353e-04
BAR3G,Global,full,39,7.0902083660e-01,3.0065712010e-03,7.2684781530e-03,7.0689465660e-01,2.9464853350e-03,7.7175178480e-03,-2.126180e-03,-6.008587e-05,4.490397e-04
BAR3G,Global,full,40,7.0902469850e-01,3.0073858680e-03,7.2691305220e-03,7.0688221680e-01,2.9551442810e-03,7.7183696180e-03,-2.142482e-03,-5.224159e-05,4.492391e-04
BAR3G,Global,full,41,7.0902839390e-01,3.0081550380e-03,7.2698198270e-03,7.0686910690e-01,2.9636926810e-03,7.7192747810e-03,-2.159287e-03,-4.446236e-05,4.494550e-04
BAR3G,Global,full,42,7.0903193720e-01,3.0088976190e-03,7.2705538050e-03,7.0685547110e-01,2.9720916940e-03,7.7201757950e-03,-2.176466e-03,-3.680593e-05,4.496220e-04
BAR3G,Global,full,43,7.0903534200e-01,3.0096327960e-03,7.2713379130e-03,7.0684143780e-01,2.9803481820e-03,7.7210131130e-03,-2.193904e-03,-2.928461e-05,4.496752e-04
BAR3G,Global,full,44,7.0903861900e-01,3.0103773840e-03,7.2721746780e-03,7.0682711770e-01,2.9885297520e-03,7.7217254700e-03,-2.211501e-03,-2.184763e-05,4.495508e-04
BAR3G,Global,full,45,7.0904177580e-01,3.0111412890e-03,7.2730636380e-03,7.0681262790e-01,2.9966367720e-03,7.7222255070e-03,-2.229148e-03,-1.450452e-05,4.491619e-04
BAR3G,Global,full,46,7.0904481730e-01,3.0119254140e-03,7.2740017470e-03,7.0679812430e-01,3.0046616240e-03,7.7224273560e-03,-2.246693e-03,-7.263790e-06,4.484256e-04
BAR3G,Global,full,47,7.0904774550e-01,3.0127328080e-03,7.2749841330e-03,7.0678383610e-01,3.0125083100e-03,7.7222475020e-03,-2.263909e-03,-2.244980e-07,4.472634e-04
BAR3G,Global,full,48,7.0905056190e-01,3.0135635930e-03,7.2760053340e-03,7.0677003450e-01,3.0200046490e-03,7.7216195030e-03,-2.280527e-03,6.441056e-06,4.456142e-04
BAR3G,Global,full,49,7.0905327030e-01,3.0144109190e-03,7.2770605390e-03,7.0675701350e-01,3.0269364220e-03,7.7205045120e-03,-2.296257e-03,1.252550e-05,4.434440e-04
BAR3G,Global,full,50,7.0905587630e-01,3.0152640590e-03,7.2781460740e-03,7.0674510420e-01,3.0330638860e-03,7.7188910630e-03,-2.310772e-03,1.779983e-05,4.407450e-04
BAR3G,Global,full,51,7.0905838740e-01,3.0161128170e-03,7.2792591880e-03,7.0673467410e-01,3.0381327960e-03,7.7167871890e-03,-2.323713e-03,2.201998e-05,4.375280e-04
BAR3G,Global,full,52,7.0906081150e-01,3.0169493380e-03,7.2803976380e-03,7.0672608240e-01,3.0419171650e-03,7.7142135760e-03,-2.334729e-03,2.496783e-05,4.338159e-04
BAR3G,Global,latest,2,7.0900224240e-01,3.0572187540e-03,7.2228417010e-03,6.9939983400e-01,1.0306506820e-02,9.5135293900e-03,-9.602408e-03,7.249288e-03,2.290688e-03
BAR3G,Global,latest,3,7.0890963260e-01,2.9775012930e-03,7.2431265100e-03,7.0245384310e-01,8.1735042140e-03,8.8224141190e-03,-6.455789e-03,5.196003e-03,1.579288e-03
BAR3G,Global,latest,4,7.0887367800e-01,2.9255660480e-03,7.2507185020e-03,7.0540583970e-01,5.8994488140e-03,8.1921091470e-03,-3.467838e-03,2.973883e-03,9.413906e-04
BAR3G,Global,latest,5,7.0887371100e-01,2.9137362710e-03,7.2532041350e-03,7.0732243790e-01,4.2674193140e-03,7.7836620850e-03,-1.551273e-03,1.353683e-03,5.304580e-04
BAR3G,Global,latest,6,7.0888417370e-01,2.9243727130e-03,7.2548047050e-03,7.0821904830e-01,3.3526962760e-03,7.5797477490e-03,-6.651254e-04,4.283236e-04,3.249430e-04
BAR3G,Global,latest,7,7.0889062790e-01,2.9393406760e-03,7.2565288090e-03,7.0842567120e-01,2.9547703000e-03,7.5125110400e-03,-4.649567e-04,1.542962e-05,2.559822e-04
BAR3G,Global,latest,8,7.0889081250e-01,2.9506844110e-03,7.2583326310e-03,7.0827564190e-01,2.8391761130e-03,7.5197798390e-03,-6.151706e-04,-1.115083e-04,2.614472e-04
BAR3G,Global,latest,9,7.0888859600e-01,2.9576015890e-03,7.2598594080e-03,7.0799331760e-01,2.8391010090e-03,7.5588801180e-03,-8.952784e-04,-1.185006e-04,2.990207e-04
BAR3G,Global,latest,10,7.0888827950e-01,2.9613664240e-03,7.2606991590e-03,7.0769590380e-01,2.8703861240e-03,7.6076288180e-03,-1.192376e-03,-9.098030e-05,3.469297e-04
BAR3G,Global,latest,11,7.0889198070e-01,2.9630463280e-03,7.2606672050e-03,7.0742943360e-01,2.9055994690e-03,7.6571505550e-03,-1.462547e-03,-5.744686e-05,3.964833e-04
BAR3G,Global,latest,12,7.0889949820e-01,2.9634030470e-03,7.2599221650e-03,7.0720327720e-01,2.9416293650e-03,7.7048228070e-03,-1.696221e-03,-2.177368e-05,4.449006e-04
BAR3G,Global,latest,13,7.0890926680e-01,2.9632290260e-03,7.2588501520e-03,7.0701187200e-01,2.9792942240e-03,7.7494197070e-03,-1.897395e-03,1.606520e-05,4.905696e-04
BAR3G,Global,latest,14,7.0891939600e-01,2.9632892330e-03,7.2578485190e-03,7.0684600400e-01,3.0179232010e-03,7.7896047250e-03,-2.073392e-03,5.463397e-05,5.317562e-04
BAR3G,Global,latest,15,7.0892836650e-01,2.9640469480e-03,7.2571748180e-03,7.0669776750e-01,3.0561095280e-03,7.8241418260e-03,-2.230599e-03,9.206258e-05,5.669670e-04
BAR3G,Global,latest,16,7.0893533350e-01,2.9655626690e-03,7.2569176540e-03,7.0656235330e-01,3.0924854770e-03,7.8526274380e-03,-2.372980e-03,1.269228e-04,5.957098e-04
BAR3G,Global,latest,17,7.0894012530e-01,2.9676354770e-03,7.2570518770e-03,7.0643844290e-01,3.1246440040e-03,7.8757006060e-03,-2.501682e-03,1.570085e-04,6.186487e-04
BAR3G,Global,latest,18,7.0894307210e-01,2.9700149230e-03,7.2575063720e-03,7.0632720200e-01,3.1489033270e-03,7.8944330750e-03,-2.615870e-03,1.788884e-04,6.369267e-04
BAR3G,Global,latest,19,7.0894477180e-01,2.9725323050e-03,7.2582010140e-03,7.0623068930e-01,3.1616653380e-03,7.9099150600e-03,-2.714083e-03,1.891330e-04,6.517140e-04
BAR3G,Global,latest,20,7.0894587500e-01,2.9751138630e-03,7.2590533730e-03,7.0615045510e-01,3.1606417040e-03,7.9228392020e-03,-2.795420e-03,1.855278e-04,6.637858e-04
BAR3G,Global,latest,21,7.0894693500e-01,2.9777309430e-03,7.2599759380e-03,7.0608686000e-01,3.1458280220e-03,7.9334067450e-03,-2.860075e-03,1.680971e-04,6.734308e-04
BAR3G,Global,latest,22,7.0894833780e-01,2.9803520120e-03,7.2608805570e-03,7.0603897580e-01,3.1195479420e-03,7.9415992880e-03,-2.909362e-03,1.391959e-04,6.807187e-04
BAR3G,Global,latest,23,7.0895029770e-01,2.9829260970e-03,7.2616916750e-03,7.0600499820e-01,3.0859225430e-03,7.9474344740e-03,-2.945299e-03,1.029964e-04,6.857428e-04
BAR3G,Global,latest,24,7.0895289470e-01,2.9853918100e-03,7.2623625780e-03,7.0598284470e-01,3.0496940670e-03,7.9511848700e-03,-2.970050e-03,6.430226e-05,6.888223e-04
BAR3G,Global,latest,25,7.0895611780e-01,2.9876940030e-03,7.2628815140e-03,7.0597027750e-01,3.0148356700e-03,7.9531977760e-03,-2.985840e-03,2.714167e-05,6.903163e-04
BAR3G,Global,latest,26,7.0895990080e-01,2.9897971410e-03,7.2632658940e-03,7.0596474720e-01,2.9836683930e-03,7.9536276900e-03,-2.995154e-03,-6.128748e-06,6.903618e-04
BAR3G,Global,latest,27,7.0896414810e-01,2.9916917620e-03,7.2635506770e-03,7.0596425800e-01,2.9569879850e-03,7.9529791270e-03,-2.999890e-03,-3.470378e-05,6.894284e-04
BAR3G,Global,latest,28,7.0896875290e-01,2.9933933300e-03,7.2637772400e-03,7.0596684650e-01,2.9346418040e-03,7.9516767940e-03,-3.001906e-03,-5.875153e-05,6.878996e-04
BAR3G,Global,latest,29,7.0897360920e-01,2.9949349820e-03,7.2639856590e-03,7.0597053630e-01,2.9160560760e-03,7.9499548340e-03,-3.003073e-03,-7.887891e-05,6.859692e-04
BAR3G,Global,latest,30,7.0897862100e-01,2.9963573850e-03,7.2642101230e-03,7.0597357280e-01,2.9009419440e-03,7.9480043680e-03,-3.005048e-03,-9.541544e-05,6.837942e-04
BAR3G,Global,latest,31,7.0898370500e-01,2.9976987920e-03,7.2644763800e-03,7.0597463980e-01,2.8892616040e-03,7.9460158640e-03,-3.009065e-03,-1.084372e-04,6.815395e-04
BAR3G,Global,latest,32,7.0898879100e-01,2.9989874080e-03,7.2648004620e-03,7.0597288820e-01,2.8811729050e-03,7.9441278100e-03,-3.015903e-03,-1.178145e-04,6.793273e-04
BAR3G,Global,latest,33,7.0899382070e-01,3.0002373250e-03,7.2651885240e-03,7.0596789660e-01,2.8767568600e-03,7.9424615780e-03,-3.025924e-03,-1.234805e-04,6.772731e-04
BAR3G,Global,latest,34,7.0899874600e-01,3.0014487080e-03,7.2656379450e-03,7.0595959180e-01,2.8763212490e-03,7.9412090570e-03,-3.039154e-03,-1.251275e-04,6.755711e-04
BAR3G,Global,latest,35,7.0900352870e-01,3.0026118810e-03,7.2661398410e-03,7.0594812480e-01,2.8799125210e-03,7.9404930980e-03,-3.055404e-03,-1.226994e-04,6.743533e-04
BAR3G,Global,latest,36,7.0900814060e-01,3.0037134920e-03,7.2666827500e-03,7.0593380030e-01,2.8870740820e-03,7.9403233390e-03,-3.074340e-03,-1.166394e-04,6.736406e-04
BAR3G,Global,latest,37,7.0901256480e-01,3.0047424180e-03,7.2672564610e-03,7.0591702530e-01,2.8969186900e-03,7.9406322610e-03,-3.095539e-03,-1.078237e-04,6.733758e-04
BAR3G,Global,latest,38,7.0901679550e-01,3.0056938420e-03,7.2678550440e-03,7.0589822730e-01,2.9084343200e-03,7.9413202100e-03,-3.118568e-03,-9.725952e-05,6.734652e-04
BAR3G,Global,latest,39,7.0902083660e-01,3.0065712010e-03,7.2684781530e-03,7.0587779020e-01,2.9207484110e-03,7.9422723490e-03,-3.143046e-03,-8.582279e-05,6.737942e-04
BAR3G,Global,latest,40,7.0902469850e-01,3.0073858680e-03,7.2691305220e-03,7.0585601850e-01,2.9332643400e-03,7.9433768020e-03,-3.168680e-03,-7.412153e-05,6.742463e-04
BAR3G,Global,latest,41,7.0902839390e-01,3.0081550380e-03,7.2698198270e-03,7.0583316790e-01,2.9456283160e-03,7.9445323540e-03,-3.195226e-03,-6.252672e-05,6.747125e-04
BAR3G,Global,latest,42,7.0903193720e-01,3.0088976190e-03,7.2705538050e-03,7.0580945890e-01,2.9577157420e-03,7.9456419620e-03,-3.222478e-03,-5.118188e-05,6.750882e-04
BAR3G,Global,latest,43,7.0903534200e-01,3.0096327960e-03,7.2713379130e-03,7.0578510060e-01,2.9695399640e-03,7.9466105160e-03,-3.250241e-03,-4.009283e-05,6.752726e-04
BAR3G,Global,latest,44,7.0903861900e-01,3.0103773840e-03,7.2721746780e-03,7.0576028270e-01,2.9812034900e-03,7.9473444040e-03,-3.278336e-03,-2.917389e-05,6.751697e-04
BAR3G,Global,latest,45,7.0904177580e-01,3.0111412890e-03,7.2730636380e-03,7.0573521370e-01,2.9927810260e-03,7.9477365030e-03,-3.306562e-03,-1.836026e-05,6.746729e-04
BAR3G,Global,latest,46,7.0904481730e-01,3.0119254140e-03,7.2740017470e-03,7.0571013830e-01,3.0043400750e-03,7.9476608170e-03,-3.334679e-03,-7.585339e-06,6.736591e-04
BAR3G,Global,latest,47,7.0904774550e-01,3.0127328080e-03,7.2749841330e-03,7.0568539540e-01,3.0157544820e-03,7.9470037340e-03,-3.362350e-03,3.021674e-06,6.720196e-04
BAR3G,Global,latest,48,7.0905056190e-01,3.0135635930e-03,7.2760053340e-03,7.0566142120e-01,3.0267179530e-03,7.9456574870e-03,-3.389141e-03,1.315436e-05,6.696522e-04
BAR3G,Global,latest,49,7.0905327030e-01,3.0144109190e-03,7.2770605390e-03,7.0563873770e-01,3.0368763820e-03,7.9435405460e-03,-3.414533e-03,2.246546e-05,6.664800e-04
BAR3G,Global,latest,50,7.0905587630e-01,3.0152640590e-03,7.2781460740e-03,7.0561794280e-01,3.0458291590e-03,7.9406223650e-03,-3.437933e-03,3.056510e-05,6.624763e-04
BAR3G,Global,latest,51,7.0905838740e-01,3.0161128170e-03,7.2792591880e-03,7.0559965070e-01,3.0531615930e-03,7.9369090210e-03,-3.458737e-03,3.704878e-05,6.576498e-04
BAR3G,Global,latest,52,7.0906081150e-01,3.0169493380e-03,7.2803976380e-03,7.0558436830e-01,3.0585235770e-03,7.9324425670e-03,-3.476443e-03,4.157424e-05,6.520449e-04
BAR3G,Global,older,2,7.0900224240e-01,3.0572187540e-03,7.2228417010e-03,7.1142073930e-01,1.2342249650e-03,6.6459189430e-03,2.418497e-03,-1.822994e-03,-5.769228e-04
BAR3G,Global,older,3,7.0890963260e-01,2.9775012930e-03,7.2431265100e-03,7.1117080200e-01,1.2070522510e-03,6.7119365650e-03,2.261169e-03,-1.770449e-03,-5.311899e-04
BAR3G,Global,older,4,7.0887367800e-01,2.9255660480e-03,7.2507185020e-03,7.1036284450e-01,1.7147951100e-03,6.8949754940e-03,1.489166e-03,-1.210771e-03,-3.557430e-04
BAR3G,Global,older,5,7.0887371100e-01,2.9137362710e-03,7.2532041350e-03,7.0969421990e-01,2.2476281520e-03,7.0406775210e-03,8.205089e-04,-6.661081e-04,-2.125266e-04
BAR3G,Global,older,6,7.0888417370e-01,2.9243727130e-03,7.2548047050e-03,7.0931679240e-01,2.6331378110e-03,7.1246382810e-03,4.326187e-04,-2.912349e-04,-1.301664e-04
BAR3G,Global,older,7,7.0889062790e-01,2.9393406760e-03,7.2565288090e-03,7.0917906440e-01,2.8537071630e-03,7.1609210180e-03,2.884365e-04,-8.563351e-05,-9.560779e-05
BAR3G,Global,older,8,7.0889081250e-01,2.9506844110e-03,7.2583326310e-03,7.0918654280e-01,2.9535974770e-03,7.1684678100e-03,2.957303e-04,2.913066e-06,-8.986482e-05
BAR3G,Global,older,9,7.0888859600e-01,2.9576015890e-03,7.2598594080e-03,7.0926294480e-01,2.9858689850e-03,7.1610447960e-03,3.743488e-04,2.826740e-05,-9.881461e-05
BAR3G,Global,older,10,7.0888827950e-01,2.9613664240e-03,7.2606991590e-03,7.0936234030e-01,2.9881945390e-03,7.1466207380e-03,4.740608e-04,2.682811e-05,-1.140784e-04
BAR3G,Global,older,11,7.0889198070e-01,2.9630463280e-03,7.2606672050e-03,7.0946211420e-01,2.9799327810e-03,7.1292630380e-03,5.701335e-04,1.688645e-05,-1.314042e-04
BAR3G,Global,older,12,7.0889949820e-01,2.9634030470e-03,7.2599221650e-03,7.0955321120e-01,2.9685551010e-03,7.1111351490e-03,6.537130e-04,5.152054e-06,-1.487870e-04
BAR3G,Global,older,13,7.0890926680e-01,2.9632290260e-03,7.2588501520e-03,7.0963333770e-01,2.9568889520e-03,7.0937531380e-03,7.240709e-04,-6.340074e-06,-1.650970e-04
BAR3G,Global,older,14,7.0891939600e-01,2.9632892330e-03,7.2578485190e-03,7.0970325550e-01,2.9460593690e-03,7.0783441230e-03,7.838595e-04,-1.722986e-05,-1.795044e-04
BAR3G,Global,older,15,7.0892836650e-01,2.9640469480e-03,7.2571748180e-03,7.0976451470e-01,2.9364597960e-03,7.0656234330e-03,8.361482e-04,-2.758715e-05,-1.915514e-04
BAR3G,Global,older,16,7.0893533350e-01,2.9655626690e-03,7.2569176540e-03,7.0981844380e-01,2.9280520610e-03,7.0556990800e-03,8.831103e-04,-3.751061e-05,-2.012186e-04
BAR3G,Global,older,17,7.0894012530e-01,2.9676354770e-03,7.2570518770e-03,7.0986585560e-01,2.9209747240e-03,7.0483074250e-03,9.257303e-04,-4.666075e-05,-2.087445e-04
BAR3G,Global,older,18,7.0894307210e-01,2.9700149230e-03,7.2575063720e-03,7.0990702070e-01,2.9159275740e-03,7.0429806840e-03,9.639486e-04,-5.408735e-05,-2.145257e-04
BAR3G,Global,older,19,7.0894477180e-01,2.9725323050e-03,7.2582010140e-03,7.0994190670e-01,2.9140284220e-03,7.0392110300e-03,9.971349e-04,-5.850388e-05,-2.189900e-04
BAR3G,Global,older,20,7.0894587500e-01,2.9751138630e-03,7.2590533730e-03,7.0997053740e-01,2.9164644900e-03,7.0366008230e-03,1.024662e-03,-5.864937e-05,-2.224526e-04
BAR3G,Global,older,21,7.0894693500e-01,2.9777309430e-03,7.2599759380e-03,7.0999322210e-01,2.9238105420e-03,7.0349021300e-03,1.046287e-03,-5.392040e-05,-2.250738e-04
BAR3G,Global,older,22,7.0894833780e-01,2.9803520120e-03,7.2608805570e-03,7.1001067250e-01,2.9354665210e-03,7.0340026070e-03,1.062335e-03,-4.488549e-05,-2.268780e-04
BAR3G,Global,older,23,7.0895029770e-01,2.9829260970e-03,7.2616916750e-03,7.1002378920e-01,2.9500708550e-03,7.0338080900e-03,1.073492e-03,-3.285524e-05,-2.278836e-04
BAR3G,Global,older,24,7.0895289470e-01,2.9853918100e-03,7.2623625780e-03,7.1003349770e-01,2.9659506900e-03,7.0341882380e-03,1.080603e-03,-1.944112e-05,-2.281743e-04
BAR3G,Global,older,25,7.0895611780e-01,2.9876940030e-03,7.2628815140e-03,7.1004067630e-01,2.9815707880e-03,7.0350017220e-03,1.084558e-03,-6.123215e-06,-2.278798e-04
BAR3G,Global,older,26,7.0895990080e-01,2.9897971410e-03,7.2632658940e-03,7.1004609000e-01,2.9958490240e-03,7.0361053550e-03,1.086189e-03,6.051883e-06,-2.271605e-04
BAR3G,Global,older,27,7.0896414810e-01,2.9916917620e-03,7.2635506770e-03,7.1005038120e-01,3.0082836430e-03,7.0373745450e-03,1.086233e-03,1.659188e-05,-2.261761e-04
BAR3G,Global,older,28,7.0896875290e-01,2.9933933300e-03,7.2637772400e-03,7.1005412390e-01,3.0188545890e-03,7.0387420960e-03,1.085371e-03,2.546126e-05,-2.250351e-04
BAR3G,Global,older,29,7.0897360920e-01,2.9949349820e-03,7.2639856590e-03,7.1005783920e-01,3.0277898770e-03,7.0401931220e-03,1.084230e-03,3.285490e-05,-2.237925e-04
BAR3G,Global,older,30,7.0897862100e-01,2.9963573850e-03,7.2642101230e-03,7.1006198210e-01,3.0353296880e-03,7.0417299310e-03,1.083361e-03,3.897230e-05,-2.224802e-04
BAR3G,Global,older,31,7.0898370500e-01,2.9976987920e-03,7.2644763800e-03,7.1006687310e-01,3.0416008310e-03,7.0433449220e-03,1.083168e-03,4.390204e-05,-2.211315e-04
BAR3G,Global,older,32,7.0898879100e-01,2.9989874080e-03,7.2648004620e-03,7.1007269950e-01,3.0466116970e-03,7.0450106680e-03,1.083908e-03,4.762429e-05,-2.197898e-04
BAR3G,Global,older,33,7.0899382070e-01,3.0002373250e-03,7.2651885240e-03,7.1007953020e-01,3.0503024030e-03,7.0466837770e-03,1.085709e-03,5.006508e-05,-2.185047e-04
BAR3G,Global,older,34,7.0899874600e-01,3.0014487080e-03,7.2656379450e-03,7.1008733360e-01,3.0526023370e-03,7.0483084580e-03,1.088588e-03,5.115363e-05,-2.173295e-04
BAR3G,Global,older,35,7.0900352870e-01,3.0026118810e-03,7.2661398410e-03,7.1009600610e-01,3.0534991310e-03,7.0498289320e-03,1.092477e-03,5.088725e-05,-2.163109e-04
BAR3G,Global,older,36,7.0900814060e-01,3.0037134920e-03,7.2666827500e-03,7.1010540490e-01,3.0530907570e-03,7.0512044350e-03,1.097264e-03,4.937726e-05,-2.154783e-04
BAR3G,Global,older,37,7.0901256480e-01,3.0047424180e-03,7.2672564610e-03,7.1011537320e-01,3.0515911170e-03,7.0524186760e-03,1.102808e-03,4.684870e-05,-2.148378e-04
BAR3G,Global,older,38,7.0901679550e-01,3.0056938420e-03,7.2678550440e-03,7.1012576260e-01,3.0492804930e-03,7.0534798260e-03,1.108967e-03,4.358665e-05,-2.143752e-04
BAR3G,Global,older,39,7.0902083660e-01,3.0065712010e-03,7.2684781530e-03,7.1013645580e-01,3.0464319570e-03,7.0544135730e-03,1.115619e-03,3.986076e-05,-2.140646e-04
BAR3G,Global,older,40,7.0902469850e-01,3.0073858680e-03,7.2691305220e-03,7.1014737430e-01,3.0432857410e-03,7.0552626940e-03,1.122676e-03,3.589987e-05,-2.138678e-04
BAR3G,Global,older,41,7.0902839390e-01,3.0081550380e-03,7.2698198270e-03,7.1015845900e-01,3.0400067880e-03,7.0560663040e-03,1.130065e-03,3.185175e-05,-2.137535e-04
BAR3G,Global,older,42,7.0903193720e-01,3.0088976190e-03,7.2705538050e-03,7.1016966400e-01,3.0366931340e-03,7.0568649560e-03,1.137727e-03,2.779551e-05,-2.136888e-04
BAR3G,Global,older,43,7.0903534200e-01,3.0096327960e-03,7.2713379130e-03,7.1018095170e-01,3.0333891390e-03,7.0577023460e-03,1.145610e-03,2.375634e-05,-2.136356e-04
BAR3G,Global,older,44,7.0903861900e-01,3.0103773840e-03,7.2721746780e-03,7.1019227710e-01,3.0301086070e-03,7.0586193180e-03,1.153658e-03,1.973122e-05,-2.135554e-04
BAR3G,Global,older,45,7.0904177580e-01,3.0111412890e-03,7.2730636380e-03,7.1020358040e-01,3.0268544390e-03,7.0596545600e-03,1.161805e-03,1.571315e-05,-2.134091e-04
BAR3G,Global,older,46,7.0904481730e-01,3.0119254140e-03,7.2740017470e-03,7.1021478590e-01,3.0236397230e-03,7.0608487690e-03,1.169969e-03,1.171431e-05,-2.131530e-04
BAR3G,Global,older,47,7.0904774550e-01,3.0127328080e-03,7.2749841330e-03,7.1022579450e-01,3.0205047470e-03,7.0622438600e-03,1.178049e-03,7.771939e-06,-2.127403e-04
BAR3G,Global,older,48,7.0905056190e-01,3.0135635930e-03,7.2760053340e-03,7.1023647470e-01,3.0175228470e-03,7.0638774900e-03,1.185913e-03,3.959254e-06,-2.121278e-04
BAR3G,Global,older,49,7.0905327030e-01,3.0144109190e-03,7.2770605390e-03,7.1024667170e-01,3.0147897000e-03,7.0657778140e-03,1.193401e-03,3.787810e-07,-2.112827e-04
BAR3G,Global,older,50,7.0905587630e-01,3.0152640590e-03,7.2781460740e-03,7.1025621850e-01,3.0124161900e-03,7.0679617360e-03,1.200342e-03,-2.847869e-06,-2.101843e-04
BAR3G,Global,older,51,7.0905838740e-01,3.0161128170e-03,7.2792591880e-03,7.1026493770e-01,3.0105393020e-03,7.0704349920e-03,1.206550e-03,-5.573515e-06,-2.088242e-04
BAR3G,Global,older,52,7.0906081150e-01,3.0169493380e-03,7.2803976380e-03,7.1027266110e-01,3.0092786250e-03,7.0731886790e-03,1.211850e-03,-7.670713e-06,-2.072090e-04
